Sample Number,DateTime GMT,Latitude,Longitude,Altitude_mASL,NumSats,GPSLevel,RC Connected,Fix,OffsetSeconds,DateTime UTC
2267971584,<nil>,<nil>,<nil>,<nil>,<nil>,<nil>,<nil>,<nil>,453,<nil>
1431392089,<nil>,<nil>,<nil>,<nil>,<nil>,<nil>,<nil>,<nil>,286,<nil>
4230270432,<nil>,<nil>,<nil>,<nil>,<nil>,<nil>,<nil>,<nil>,846,<nil>
2300988965,<nil>,<nil>,<nil>,<nil>,<nil>,<nil>,<nil>,<nil>,460,<nil>
148590424,<nil>,<nil>,<nil>,<nil>,<nil>,<nil>,<nil>,<nil>,29,<nil>
2498907981,<nil>,<nil>,<nil>,<nil>,<nil>,<nil>,<nil>,<nil>,499,<nil>
901599077,<nil>,<nil>,<nil>,<nil>,<nil>,<nil>,<nil>,<nil>,180,<nil>
3488042841,<nil>,<nil>,<nil>,<nil>,<nil>,<nil>,<nil>,<nil>,697,<nil>
2429232997,<nil>,<nil>,<nil>,<nil>,<nil>,<nil>,<nil>,<nil>,485,<nil>
93063377,<nil>,<nil>,<nil>,<nil>,<nil>,<nil>,<nil>,<nil>,18,<nil>
3083730941,<nil>,<nil>,<nil>,<nil>,<nil>,<nil>,<nil>,<nil>,616,<nil>
543772493,<nil>,<nil>,<nil>,<nil>,<nil>,<nil>,<nil>,<nil>,108,<nil>
3597619020,<nil>,<nil>,<nil>,<nil>,<nil>,<nil>,<nil>,<nil>,719,<nil>
2242006872,<nil>,<nil>,<nil>,<nil>,<nil>,<nil>,<nil>,<nil>,448,<nil>
307646297,<nil>,<nil>,<nil>,<nil>,<nil>,<nil>,<nil>,<nil>,61,<nil>
2642300749,<nil>,<nil>,<nil>,<nil>,<nil>,<nil>,<nil>,<nil>,528,<nil>
700206937,<nil>,<nil>,<nil>,<nil>,<nil>,<nil>,<nil>,<nil>,140,<nil>
3369009149,<nil>,<nil>,<nil>,<nil>,<nil>,<nil>,<nil>,<nil>,673,<nil>
1382109017,<nil>,<nil>,<nil>,<nil>,<nil>,<nil>,<nil>,<nil>,276,<nil>
255199232,<nil>,<nil>,<nil>,<nil>,<nil>,<nil>,<nil>,<nil>,51,<nil>
2503102297,<nil>,<nil>,<nil>,<nil>,<nil>,<nil>,<nil>,<nil>,500,<nil>
539053901,<nil>,<nil>,<nil>,<nil>,<nil>,<nil>,<nil>,<nil>,107,<nil>
3003404108,<nil>,<nil>,<nil>,<nil>,<nil>,<nil>,<nil>,<nil>,600,<nil>
1220366157,<nil>,<nil>,<nil>,<nil>,<nil>,<nil>,<nil>,<nil>,244,<nil>
3978973004,<nil>,<nil>,<nil>,<nil>,<nil>,<nil>,<nil>,<nil>,795,<nil>
2337886029,<nil>,<nil>,<nil>,<nil>,<nil>,<nil>,<nil>,<nil>,467,<nil>
592858980,<nil>,<nil>,<nil>,<nil>,<nil>,<nil>,<nil>,<nil>,118,<nil>
3000520524,<nil>,<nil>,<nil>,<nil>,<nil>,<nil>,<nil>,<nil>,600,<nil>
1007505253,<nil>,<nil>,<nil>,<nil>,<nil>,<nil>,<nil>,<nil>,201,<nil>
3534311244,<nil>,<nil>,<nil>,<nil>,<nil>,<nil>,<nil>,<nil>,706,<nil>
1603161933,<nil>,<nil>,<nil>,<nil>,<nil>,<nil>,<nil>,<nil>,320,<nil>
6770538,<nil>,<nil>,<nil>,<nil>,<nil>,<nil>,<nil>,<nil>,1,<nil>
2850639692,<nil>,<nil>,<nil>,<nil>,<nil>,<nil>,<nil>,<nil>,570,<nil>
1074548569,<nil>,<nil>,<nil>,<nil>,<nil>,<nil>,<nil>,<nil>,214,<nil>
4136587134,<nil>,<nil>,<nil>,<nil>,<nil>,<nil>,<nil>,<nil>,827,<nil>
1686196057,<nil>,<nil>,<nil>,<nil>,<nil>,<nil>,<nil>,<nil>,337,<nil>
494732279,<nil>,<nil>,<nil>,<nil>,<nil>,<nil>,<nil>,<nil>,98,<nil>
2932559704,<nil>,<nil>,<nil>,<nil>,<nil>,<nil>,<nil>,<nil>,586,<nil>
841502541,<nil>,<nil>,<nil>,<nil>,<nil>,<nil>,<nil>,<nil>,168,<nil>
3679211365,<nil>,<nil>,<nil>,<nil>,<nil>,<nil>,<nil>,<nil>,735,<nil>
2240302948,<nil>,<nil>,<nil>,<nil>,<nil>,<nil>,<nil>,<nil>,448,<nil>
299061118,<nil>,<nil>,<nil>,<nil>,<nil>,<nil>,<nil>,<nil>,59,<nil>
2435075929,<nil>,<nil>,<nil>,<nil>,<nil>,<nil>,<nil>,<nil>,487,<nil>
740839244,<nil>,<nil>,<nil>,<nil>,<nil>,<nil>,<nil>,<nil>,148,<nil>
3533786968,<nil>,<nil>,<nil>,<nil>,<nil>,<nil>,<nil>,<nil>,706,<nil>
1735282509,<nil>,<nil>,<nil>,<nil>,<nil>,<nil>,<nil>,<nil>,347,<nil>
742084429,<nil>,<nil>,<nil>,<nil>,<nil>,<nil>,<nil>,<nil>,148,<nil>
3231469389,<nil>,<nil>,<nil>,<nil>,<nil>,<nil>,<nil>,<nil>,646,<nil>
983060301,<nil>,<nil>,<nil>,<nil>,<nil>,<nil>,<nil>,<nil>,196,<nil>
3618852685,<nil>,<nil>,<nil>,<nil>,<nil>,<nil>,<nil>,<nil>,723,<nil>
1947029336,<nil>,<nil>,<nil>,<nil>,<nil>,<nil>,<nil>,<nil>,389,<nil>
151998285,<nil>,<nil>,<nil>,<nil>,<nil>,<nil>,<nil>,<nil>,30,<nil>
3608563545,<nil>,<nil>,<nil>,<nil>,<nil>,<nil>,<nil>,<nil>,721,<nil>
1937198925,<nil>,<nil>,<nil>,<nil>,<nil>,<nil>,<nil>,<nil>,387,<nil>
253906764,<nil>,<nil>,<nil>,<nil>,<nil>,<nil>,<nil>,<nil>,50,<nil>
2039762777,<nil>,<nil>,<nil>,<nil>,<nil>,<nil>,<nil>,<nil>,407,<nil>
1103308648,<nil>,<nil>,<nil>,<nil>,<nil>,<nil>,<nil>,<nil>,220,<nil>
3577696088,<nil>,<nil>,<nil>,<nil>,<nil>,<nil>,<nil>,<nil>,715,<nil>
2719305548,<nil>,<nil>,<nil>,<nil>,<nil>,<nil>,<nil>,<nil>,543,<nil>
913395532,<nil>,<nil>,<nil>,<nil>,<nil>,<nil>,<nil>,<nil>,182,<nil>
2823114584,<nil>,<nil>,<nil>,<nil>,<nil>,<nil>,<nil>,<nil>,564,<nil>
1152601932,<nil>,<nil>,<nil>,<nil>,<nil>,<nil>,<nil>,<nil>,230,<nil>
3816640345,<nil>,<nil>,<nil>,<nil>,<nil>,<nil>,<nil>,<nil>,763,<nil>
3467530072,<nil>,<nil>,<nil>,<nil>,<nil>,<nil>,<nil>,<nil>,693,<nil>
436424525,<nil>,<nil>,<nil>,<nil>,<nil>,<nil>,<nil>,<nil>,87,<nil>
3956559693,<nil>,<nil>,<nil>,<nil>,<nil>,<nil>,<nil>,<nil>,791,<nil>
2580303704,<nil>,<nil>,<nil>,<nil>,<nil>,<nil>,<nil>,<nil>,516,<nil>
2940882765,<nil>,<nil>,<nil>,<nil>,<nil>,<nil>,<nil>,<nil>,588,<nil>
1847807820,<nil>,<nil>,<nil>,<nil>,<nil>,<nil>,<nil>,<nil>,369,<nil>
518868825,<nil>,<nil>,<nil>,<nil>,<nil>,<nil>,<nil>,<nil>,103,<nil>
4250423128,<nil>,<nil>,<nil>,<nil>,<nil>,<nil>,<nil>,<nil>,850,<nil>
2739425112,<nil>,<nil>,<nil>,<nil>,<nil>,<nil>,<nil>,<nil>,547,<nil>
1365575696,<nil>,<nil>,<nil>,<nil>,<nil>,<nil>,<nil>,<nil>,273,<nil>
3711848280,<nil>,<nil>,<nil>,<nil>,<nil>,<nil>,<nil>,<nil>,742,<nil>
2062765901,<nil>,<nil>,<nil>,<nil>,<nil>,<nil>,<nil>,<nil>,412,<nil>
653591529,<nil>,<nil>,<nil>,<nil>,<nil>,<nil>,<nil>,<nil>,130,<nil>
2540851045,<nil>,<nil>,<nil>,<nil>,<nil>,<nil>,<nil>,<nil>,508,<nil>
510807897,<nil>,<nil>,<nil>,<nil>,<nil>,<nil>,<nil>,<nil>,102,<nil>
2986757965,<nil>,<nil>,<nil>,<nil>,<nil>,<nil>,<nil>,<nil>,597,<nil>
1327648589,<nil>,<nil>,<nil>,<nil>,<nil>,<nil>,<nil>,<nil>,265,<nil>
97931096,<nil>,<nil>,<nil>,<nil>,<nil>,<nil>,<nil>,<nil>,19,<nil>
2314293081,<nil>,<nil>,<nil>,<nil>,<nil>,<nil>,<nil>,<nil>,462,<nil>
496127821,<nil>,<nil>,<nil>,<nil>,<nil>,<nil>,<nil>,<nil>,99,<nil>
3120385880,<nil>,<nil>,<nil>,<nil>,<nil>,<nil>,<nil>,<nil>,624,<nil>
882855757,<nil>,<nil>,<nil>,<nil>,<nil>,<nil>,<nil>,<nil>,176,<nil>
3641724748,<nil>,<nil>,<nil>,<nil>,<nil>,<nil>,<nil>,<nil>,728,<nil>
1722437465,<nil>,<nil>,<nil>,<nil>,<nil>,<nil>,<nil>,<nil>,344,<nil>
630411096,<nil>,<nil>,<nil>,<nil>,<nil>,<nil>,<nil>,<nil>,126,<nil>
3295071712,<nil>,<nil>,<nil>,<nil>,<nil>,<nil>,<nil>,<nil>,659,<nil>
1271006896,<nil>,<nil>,<nil>,<nil>,<nil>,<nil>,<nil>,<nil>,254,<nil>
3196735308,<nil>,<nil>,<nil>,<nil>,<nil>,<nil>,<nil>,<nil>,639,<nil>
1557811021,<nil>,<nil>,<nil>,<nil>,<nil>,<nil>,<nil>,<nil>,311,<nil>
4256780133,<nil>,<nil>,<nil>,<nil>,<nil>,<nil>,<nil>,<nil>,851,<nil>
2817675096,<nil>,<nil>,<nil>,<nil>,<nil>,<nil>,<nil>,<nil>,563,<nil>
884100953,<nil>,<nil>,<nil>,<nil>,<nil>,<nil>,<nil>,<nil>,176,<nil>
3357757300,<nil>,<nil>,<nil>,<nil>,<nil>,<nil>,<nil>,<nil>,671,<nil>
1129008985,<nil>,<nil>,<nil>,<nil>,<nil>,<nil>,<nil>,<nil>,225,<nil>
3887353688,<nil>,<nil>,<nil>,<nil>,<nil>,<nil>,<nil>,<nil>,777,<nil>
2519355224,<nil>,<nil>,<nil>,<nil>,<nil>,<nil>,<nil>,<nil>,503,<nil>
977537024,<nil>,<nil>,<nil>,<nil>,<nil>,<nil>,<nil>,<nil>,195,<nil>
3067957069,<nil>,<nil>,<nil>,<nil>,<nil>,<nil>,<nil>,<nil>,613,<nil>
1101746008,<nil>,<nil>,<nil>,<nil>,<nil>,<nil>,<nil>,<nil>,220,<nil>
3441119064,<nil>,<nil>,<nil>,<nil>,<nil>,<nil>,<nil>,<nil>,688,<nil>
1782730584,<nil>,<nil>,<nil>,<nil>,<nil>,<nil>,<nil>,<nil>,356,<nil>
189681508,<nil>,<nil>,<nil>,<nil>,<nil>,<nil>,<nil>,<nil>,37,<nil>
2533707620,<nil>,<nil>,<nil>,<nil>,<nil>,<nil>,<nil>,<nil>,506,<nil>
681135961,<nil>,<nil>,<nil>,<nil>,<nil>,<nil>,<nil>,<nil>,136,<nil>
3652931428,<nil>,<nil>,<nil>,<nil>,<nil>,<nil>,<nil>,<nil>,730,<nil>
1716783312,<nil>,<nil>,<nil>,<nil>,<nil>,<nil>,<nil>,<nil>,343,<nil>
3997781849,<nil>,<nil>,<nil>,<nil>,<nil>,<nil>,<nil>,<nil>,799,<nil>
2091077477,<nil>,<nil>,<nil>,<nil>,<nil>,<nil>,<nil>,<nil>,418,<nil>
787697484,<nil>,<nil>,<nil>,<nil>,<nil>,<nil>,<nil>,<nil>,157,<nil>
3210432357,<nil>,<nil>,<nil>,<nil>,<nil>,<nil>,<nil>,<nil>,642,<nil>
1505972057,<nil>,<nil>,<nil>,<nil>,<nil>,<nil>,<nil>,<nil>,301,<nil>
3971239768,<nil>,<nil>,<nil>,<nil>,<nil>,<nil>,<nil>,<nil>,794,<nil>
2151960396,<nil>,<nil>,<nil>,<nil>,<nil>,<nil>,<nil>,<nil>,430,<nil>
4233318233,<nil>,<nil>,<nil>,<nil>,<nil>,<nil>,<nil>,<nil>,846,<nil>
2992394072,<nil>,<nil>,<nil>,<nil>,<nil>,<nil>,<nil>,<nil>,598,<nil>
902123341,<nil>,<nil>,<nil>,<nil>,<nil>,<nil>,<nil>,<nil>,180,<nil>
3828830029,<nil>,<nil>,<nil>,<nil>,<nil>,<nil>,<nil>,<nil>,765,<nil>
2452227049,<nil>,<nil>,<nil>,<nil>,<nil>,<nil>,<nil>,<nil>,490,<nil>
287836256,<nil>,<nil>,<nil>,<nil>,<nil>,<nil>,<nil>,<nil>,57,<nil>
2766866448,<nil>,<nil>,<nil>,<nil>,<nil>,<nil>,<nil>,<nil>,553,<nil>
1031098200,<nil>,<nil>,<nil>,<nil>,<nil>,<nil>,<nil>,<nil>,206,<nil>
3238612813,<nil>,<nil>,<nil>,<nil>,<nil>,<nil>,<nil>,<nil>,647,<nil>
1998868300,<nil>,<nil>,<nil>,<nil>,<nil>,<nil>,<nil>,<nil>,399,<nil>
222383961,<nil>,<nil>,<nil>,<nil>,<nil>,<nil>,<nil>,<nil>,44,<nil>
1967083341,<nil>,<nil>,<nil>,<nil>,<nil>,<nil>,<nil>,<nil>,393,<nil>
23875417,<nil>,<nil>,<nil>,<nil>,<nil>,<nil>,<nil>,<nil>,4,<nil>
2795654989,<nil>,<nil>,<nil>,<nil>,<nil>,<nil>,<nil>,<nil>,559,<nil>
1565871960,<nil>,<nil>,<nil>,<nil>,<nil>,<nil>,<nil>,<nil>,313,<nil>
4039397196,<nil>,<nil>,<nil>,<nil>,<nil>,<nil>,<nil>,<nil>,807,<nil>
2235977548,<nil>,<nil>,<nil>,<nil>,<nil>,<nil>,<nil>,<nil>,447,<nil>
827248096,<nil>,<nil>,<nil>,<nil>,<nil>,<nil>,<nil>,<nil>,165,<nil>
2958821595,<nil>,<nil>,<nil>,<nil>,<nil>,<nil>,<nil>,<nil>,591,<nil>
667504460,<nil>,<nil>,<nil>,<nil>,<nil>,<nil>,<nil>,<nil>,133,<nil>
3605155672,<nil>,<nil>,<nil>,<nil>,<nil>,<nil>,<nil>,<nil>,721,<nil>
1663389517,<nil>,<nil>,<nil>,<nil>,<nil>,<nil>,<nil>,<nil>,332,<nil>
289492824,<nil>,<nil>,<nil>,<nil>,<nil>,<nil>,<nil>,<nil>,57,<nil>
3235448832,<nil>,<nil>,<nil>,<nil>,<nil>,<nil>,<nil>,<nil>,647,<nil>
700403545,<nil>,<nil>,<nil>,<nil>,<nil>,<nil>,<nil>,<nil>,140,<nil>
3042398041,<nil>,<nil>,<nil>,<nil>,<nil>,<nil>,<nil>,<nil>,608,<nil>
1448280165,<nil>,<nil>,<nil>,<nil>,<nil>,<nil>,<nil>,<nil>,289,<nil>
3721613145,<nil>,<nil>,<nil>,<nil>,<nil>,<nil>,<nil>,<nil>,744,<nil>
2193641293,<nil>,<nil>,<nil>,<nil>,<nil>,<nil>,<nil>,<nil>,438,<nil>
526667608,<nil>,<nil>,<nil>,<nil>,<nil>,<nil>,<nil>,<nil>,105,<nil>
2855882572,<nil>,<nil>,<nil>,<nil>,<nil>,<nil>,<nil>,<nil>,571,<nil>
1438666277,<nil>,<nil>,<nil>,<nil>,<nil>,<nil>,<nil>,<nil>,287,<nil>
3800715274,<nil>,<nil>,<nil>,<nil>,<nil>,<nil>,<nil>,<nil>,760,<nil>
1884507992,<nil>,<nil>,<nil>,<nil>,<nil>,<nil>,<nil>,<nil>,376,<nil>
4092677965,<nil>,<nil>,<nil>,<nil>,<nil>,<nil>,<nil>,<nil>,818,<nil>
2717994840,<nil>,<nil>,<nil>,<nil>,<nil>,<nil>,<nil>,<nil>,543,<nil>
1064324941,<nil>,<nil>,<nil>,<nil>,<nil>,<nil>,<nil>,<nil>,212,<nil>
2832748377,<nil>,<nil>,<nil>,<nil>,<nil>,<nil>,<nil>,<nil>,566,<nil>
1432768332,<nil>,<nil>,<nil>,<nil>,<nil>,<nil>,<nil>,<nil>,286,<nil>
3206500173,<nil>,<nil>,<nil>,<nil>,<nil>,<nil>,<nil>,<nil>,641,<nil>
2302609408,<nil>,<nil>,<nil>,<nil>,<nil>,<nil>,<nil>,<nil>,460,<nil>
25120600,<nil>,<nil>,<nil>,<nil>,<nil>,<nil>,<nil>,<nil>,5,<nil>
2670874445,<nil>,<nil>,<nil>,<nil>,<nil>,<nil>,<nil>,<nil>,534,<nil>
1231487082,<nil>,<nil>,<nil>,<nil>,<nil>,<nil>,<nil>,<nil>,246,<nil>
3436138340,<nil>,<nil>,<nil>,<nil>,<nil>,<nil>,<nil>,<nil>,687,<nil>
1455771492,<nil>,<nil>,<nil>,<nil>,<nil>,<nil>,<nil>,<nil>,291,<nil>
4073455613,<nil>,<nil>,<nil>,<nil>,<nil>,<nil>,<nil>,<nil>,814,<nil>
2494910284,<nil>,<nil>,<nil>,<nil>,<nil>,<nil>,<nil>,<nil>,498,<nil>
620908388,<nil>,<nil>,<nil>,<nil>,<nil>,<nil>,<nil>,<nil>,124,<nil>
3054587725,<nil>,<nil>,<nil>,<nil>,<nil>,<nil>,<nil>,<nil>,610,<nil>
1371295564,<nil>,<nil>,<nil>,<nil>,<nil>,<nil>,<nil>,<nil>,274,<nil>
3711979340,<nil>,<nil>,<nil>,<nil>,<nil>,<nil>,<nil>,<nil>,742,<nil>
2052280140,<nil>,<nil>,<nil>,<nil>,<nil>,<nil>,<nil>,<nil>,410,<nil>
175525732,<nil>,<nil>,<nil>,<nil>,<nil>,<nil>,<nil>,<nil>,35,<nil>
2733723468,<nil>,<nil>,<nil>,<nil>,<nil>,<nil>,<nil>,<nil>,546,<nil>
1230524248,<nil>,<nil>,<nil>,<nil>,<nil>,<nil>,<nil>,<nil>,246,<nil>
3580514125,<nil>,<nil>,<nil>,<nil>,<nil>,<nil>,<nil>,<nil>,716,<nil>
1702365392,<nil>,<nil>,<nil>,<nil>,<nil>,<nil>,<nil>,<nil>,340,<nil>
3677310797,<nil>,<nil>,<nil>,<nil>,<nil>,<nil>,<nil>,<nil>,735,<nil>
2016956237,<nil>,<nil>,<nil>,<nil>,<nil>,<nil>,<nil>,<nil>,403,<nil>
198791000,<nil>,<nil>,<nil>,<nil>,<nil>,<nil>,<nil>,<nil>,39,<nil>
2841661261,<nil>,<nil>,<nil>,<nil>,<nil>,<nil>,<nil>,<nil>,568,<nil>
1469927256,<nil>,<nil>,<nil>,<nil>,<nil>,<nil>,<nil>,<nil>,293,<nil>
4153233438,<nil>,<nil>,<nil>,<nil>,<nil>,<nil>,<nil>,<nil>,830,<nil>
1944324192,<nil>,<nil>,<nil>,<nil>,<nil>,<nil>,<nil>,<nil>,388,<nil>
226185536,<nil>,<nil>,<nil>,<nil>,<nil>,<nil>,<nil>,<nil>,45,<nil>
2253213517,<nil>,<nil>,<nil>,<nil>,<nil>,<nil>,<nil>,<nil>,450,<nil>
446385997,<nil>,<nil>,<nil>,<nil>,<nil>,<nil>,<nil>,<nil>,89,<nil>
3501150028,<nil>,<nil>,<nil>,<nil>,<nil>,<nil>,<nil>,<nil>,700,<nil>
1421430605,<nil>,<nil>,<nil>,<nil>,<nil>,<nil>,<nil>,<nil>,284,<nil>
4057288525,<nil>,<nil>,<nil>,<nil>,<nil>,<nil>,<nil>,<nil>,811,<nil>
2227326796,<nil>,<nil>,<nil>,<nil>,<nil>,<nil>,<nil>,<nil>,445,<nil>
137187160,<nil>,<nil>,<nil>,<nil>,<nil>,<nil>,<nil>,<nil>,27,<nil>
3072067584,<nil>,<nil>,<nil>,<nil>,<nil>,<nil>,<nil>,<nil>,614,<nil>
966152024,<nil>,<nil>,<nil>,<nil>,<nil>,<nil>,<nil>,<nil>,193,<nil>
3611447117,<nil>,<nil>,<nil>,<nil>,<nil>,<nil>,<nil>,<nil>,722,<nil>
1800818509,<nil>,<nil>,<nil>,<nil>,<nil>,<nil>,<nil>,<nil>,360,<nil>
4224798591,<nil>,<nil>,<nil>,<nil>,<nil>,<nil>,<nil>,<nil>,844,<nil>
2056146777,<nil>,<nil>,<nil>,<nil>,<nil>,<nil>,<nil>,<nil>,411,<nil>
372723544,<nil>,<nil>,<nil>,<nil>,<nil>,<nil>,<nil>,<nil>,74,<nil>
3154988888,<nil>,<nil>,<nil>,<nil>,<nil>,<nil>,<nil>,<nil>,630,<nil>
1073303385,<nil>,<nil>,<nil>,<nil>,<nil>,<nil>,<nil>,<nil>,214,<nil>
3825815372,<nil>,<nil>,<nil>,<nil>,<nil>,<nil>,<nil>,<nil>,765,<nil>
2313375564,<nil>,<nil>,<nil>,<nil>,<nil>,<nil>,<nil>,<nil>,462,<nil>
395333157,<nil>,<nil>,<nil>,<nil>,<nil>,<nil>,<nil>,<nil>,79,<nil>
2416529240,<nil>,<nil>,<nil>,<nil>,<nil>,<nil>,<nil>,<nil>,483,<nil>
774262617,<nil>,<nil>,<nil>,<nil>,<nil>,<nil>,<nil>,<nil>,154,<nil>
3380236108,<nil>,<nil>,<nil>,<nil>,<nil>,<nil>,<nil>,<nil>,676,<nil>
1461735257,<nil>,<nil>,<nil>,<nil>,<nil>,<nil>,<nil>,<nil>,292,<nil>
91377497,<nil>,<nil>,<nil>,<nil>,<nil>,<nil>,<nil>,<nil>,18,<nil>
2420985716,<nil>,<nil>,<nil>,<nil>,<nil>,<nil>,<nil>,<nil>,484,<nil>
29052749,<nil>,<nil>,<nil>,<nil>,<nil>,<nil>,<nil>,<nil>,5,<nil>
2871283557,<nil>,<nil>,<nil>,<nil>,<nil>,<nil>,<nil>,<nil>,574,<nil>
981946188,<nil>,<nil>,<nil>,<nil>,<nil>,<nil>,<nil>,<nil>,196,<nil>
3637202765,<nil>,<nil>,<nil>,<nil>,<nil>,<nil>,<nil>,<nil>,727,<nil>
2038976356,<nil>,<nil>,<nil>,<nil>,<nil>,<nil>,<nil>,<nil>,407,<nil>
309940056,<nil>,<nil>,<nil>,<nil>,<nil>,<nil>,<nil>,<nil>,61,<nil>
2820016347,<nil>,<nil>,<nil>,<nil>,<nil>,<nil>,<nil>,<nil>,564,<nil>
864684032,<nil>,<nil>,<nil>,<nil>,<nil>,<nil>,<nil>,<nil>,172,<nil>
2911915865,<nil>,<nil>,<nil>,<nil>,<nil>,<nil>,<nil>,<nil>,582,<nil>
1386696525,<nil>,<nil>,<nil>,<nil>,<nil>,<nil>,<nil>,<nil>,277,<nil>
12144472,<nil>,<nil>,<nil>,<nil>,<nil>,<nil>,<nil>,<nil>,2,<nil>
2632535884,<nil>,<nil>,<nil>,<nil>,<nil>,<nil>,<nil>,<nil>,526,<nil>
421482329,<nil>,<nil>,<nil>,<nil>,<nil>,<nil>,<nil>,<nil>,84,<nil>
2728218444,<nil>,<nil>,<nil>,<nil>,<nil>,<nil>,<nil>,<nil>,545,<nil>
661213017,<nil>,<nil>,<nil>,<nil>,<nil>,<nil>,<nil>,<nil>,132,<nil>
3485355876,<nil>,<nil>,<nil>,<nil>,<nil>,<nil>,<nil>,<nil>,697,<nil>
1760644952,<nil>,<nil>,<nil>,<nil>,<nil>,<nil>,<nil>,<nil>,352,<nil>
3964751693,<nil>,<nil>,<nil>,<nil>,<nil>,<nil>,<nil>,<nil>,792,<nil>
3085830304,<nil>,<nil>,<nil>,<nil>,<nil>,<nil>,<nil>,<nil>,617,<nil>
721178495,<nil>,<nil>,<nil>,<nil>,<nil>,<nil>,<nil>,<nil>,144,<nil>
2999603033,<nil>,<nil>,<nil>,<nil>,<nil>,<nil>,<nil>,<nil>,599,<nil>
1607028568,<nil>,<nil>,<nil>,<nil>,<nil>,<nil>,<nil>,<nil>,321,<nil>
3680063321,<nil>,<nil>,<nil>,<nil>,<nil>,<nil>,<nil>,<nil>,736,<nil>
2291748696,<nil>,<nil>,<nil>,<nil>,<nil>,<nil>,<nil>,<nil>,458,<nil>
775769944,<nil>,<nil>,<nil>,<nil>,<nil>,<nil>,<nil>,<nil>,155,<nil>
3120320344,<nil>,<nil>,<nil>,<nil>,<nil>,<nil>,<nil>,<nil>,624,<nil>
1146947247,<nil>,<nil>,<nil>,<nil>,<nil>,<nil>,<nil>,<nil>,229,<nil>
3506851672,<nil>,<nil>,<nil>,<nil>,<nil>,<nil>,<nil>,<nil>,701,<nil>
1684623180,<nil>,<nil>,<nil>,<nil>,<nil>,<nil>,<nil>,<nil>,336,<nil>
4058861401,<nil>,<nil>,<nil>,<nil>,<nil>,<nil>,<nil>,<nil>,811,<nil>
2368556876,<nil>,<nil>,<nil>,<nil>,<nil>,<nil>,<nil>,<nil>,473,<nil>
738807641,<nil>,<nil>,<nil>,<nil>,<nil>,<nil>,<nil>,<nil>,147,<nil>
2936885081,<nil>,<nil>,<nil>,<nil>,<nil>,<nil>,<nil>,<nil>,587,<nil>
959795032,<nil>,<nil>,<nil>,<nil>,<nil>,<nil>,<nil>,<nil>,191,<nil>
3470741337,<nil>,<nil>,<nil>,<nil>,<nil>,<nil>,<nil>,<nil>,694,<nil>
2103052304,<nil>,<nil>,<nil>,<nil>,<nil>,<nil>,<nil>,<nil>,420,<nil>
151932761,<nil>,<nil>,<nil>,<nil>,<nil>,<nil>,<nil>,<nil>,30,<nil>
2493992793,<nil>,<nil>,<nil>,<nil>,<nil>,<nil>,<nil>,<nil>,498,<nil>
956911448,<nil>,<nil>,<nil>,<nil>,<nil>,<nil>,<nil>,<nil>,191,<nil>
3306817577,<nil>,<nil>,<nil>,<nil>,<nil>,<nil>,<nil>,<nil>,661,<nil>
1343508312,<nil>,<nil>,<nil>,<nil>,<nil>,<nil>,<nil>,<nil>,268,<nil>
4258090828,<nil>,<nil>,<nil>,<nil>,<nil>,<nil>,<nil>,<nil>,851,<nil>
2035896141,<nil>,<nil>,<nil>,<nil>,<nil>,<nil>,<nil>,<nil>,407,<nil>
849283088,<nil>,<nil>,<nil>,<nil>,<nil>,<nil>,<nil>,<nil>,169,<nil>
3011137357,<nil>,<nil>,<nil>,<nil>,<nil>,<nil>,<nil>,<nil>,602,<nil>
1057443661,<nil>,<nil>,<nil>,<nil>,<nil>,<nil>,<nil>,<nil>,211,<nil>
3522449228,<nil>,<nil>,<nil>,<nil>,<nil>,<nil>,<nil>,<nil>,704,<nil>
1602899801,<nil>,<nil>,<nil>,<nil>,<nil>,<nil>,<nil>,<nil>,320,<nil>
4280176485,<nil>,<nil>,<nil>,<nil>,<nil>,<nil>,<nil>,<nil>,856,<nil>
2419740493,<nil>,<nil>,<nil>,<nil>,<nil>,<nil>,<nil>,<nil>,483,<nil>
760434509,<nil>,<nil>,<nil>,<nil>,<nil>,<nil>,<nil>,<nil>,152,<nil>
3856271360,<nil>,<nil>,<nil>,<nil>,<nil>,<nil>,<nil>,<nil>,771,<nil>
1511477118,<nil>,<nil>,<nil>,<nil>,<nil>,<nil>,<nil>,<nil>,302,<nil>
3840364389,<nil>,<nil>,<nil>,<nil>,<nil>,<nil>,<nil>,<nil>,768,<nil>
1887784804,<nil>,<nil>,<nil>,<nil>,<nil>,<nil>,<nil>,<nil>,377,<nil>
449597272,<nil>,<nil>,<nil>,<nil>,<nil>,<nil>,<nil>,<nil>,89,<nil>
2652589901,<nil>,<nil>,<nil>,<nil>,<nil>,<nil>,<nil>,<nil>,530,<nil>
1279414104,<nil>,<nil>,<nil>,<nil>,<nil>,<nil>,<nil>,<nil>,255,<nil>
3620360024,<nil>,<nil>,<nil>,<nil>,<nil>,<nil>,<nil>,<nil>,724,<nil>
1726809764,<nil>,<nil>,<nil>,<nil>,<nil>,<nil>,<nil>,<nil>,345,<nil>
4154281816,<nil>,<nil>,<nil>,<nil>,<nil>,<nil>,<nil>,<nil>,830,<nil>
1915768653,<nil>,<nil>,<nil>,<nil>,<nil>,<nil>,<nil>,<nil>,383,<nil>
823414604,<nil>,<nil>,<nil>,<nil>,<nil>,<nil>,<nil>,<nil>,164,<nil>
3163377484,<nil>,<nil>,<nil>,<nil>,<nil>,<nil>,<nil>,<nil>,632,<nil>
1669615437,<nil>,<nil>,<nil>,<nil>,<nil>,<nil>,<nil>,<nil>,333,<nil>
3868020557,<nil>,<nil>,<nil>,<nil>,<nil>,<nil>,<nil>,<nil>,773,<nil>
1631145817,<nil>,<nil>,<nil>,<nil>,<nil>,<nil>,<nil>,<nil>,326,<nil>
107040589,<nil>,<nil>,<nil>,<nil>,<nil>,<nil>,<nil>,<nil>,21,<nil>
2501988197,<nil>,<nil>,<nil>,<nil>,<nil>,<nil>,<nil>,<nil>,500,<nil>
1055936332,<nil>,<nil>,<nil>,<nil>,<nil>,<nil>,<nil>,<nil>,211,<nil>
3421261645,<nil>,<nil>,<nil>,<nil>,<nil>,<nil>,<nil>,<nil>,684,<nil>
2228289617,<nil>,<nil>,<nil>,<nil>,<nil>,<nil>,<nil>,<nil>,445,<nil>
4041166692,<nil>,<nil>,<nil>,<nil>,<nil>,<nil>,<nil>,<nil>,808,<nil>
2513457472,<nil>,<nil>,<nil>,<nil>,<nil>,<nil>,<nil>,<nil>,502,<nil>
465522508,<nil>,<nil>,<nil>,<nil>,<nil>,<nil>,<nil>,<nil>,93,<nil>
2976272205,<nil>,<nil>,<nil>,<nil>,<nil>,<nil>,<nil>,<nil>,595,<nil>
1618872320,<nil>,<nil>,<nil>,<nil>,<nil>,<nil>,<nil>,<nil>,323,<nil>
4222111564,<nil>,<nil>,<nil>,<nil>,<nil>,<nil>,<nil>,<nil>,844,<nil>
2135904088,<nil>,<nil>,<nil>,<nil>,<nil>,<nil>,<nil>,<nil>,427,<nil>
169561932,<nil>,<nil>,<nil>,<nil>,<nil>,<nil>,<nil>,<nil>,33,<nil>
2521517912,<nil>,<nil>,<nil>,<nil>,<nil>,<nil>,<nil>,<nil>,504,<nil>
732188505,<nil>,<nil>,<nil>,<nil>,<nil>,<nil>,<nil>,<nil>,146,<nil>
3349958488,<nil>,<nil>,<nil>,<nil>,<nil>,<nil>,<nil>,<nil>,669,<nil>
1555124045,<nil>,<nil>,<nil>,<nil>,<nil>,<nil>,<nil>,<nil>,311,<nil>
403842920,<nil>,<nil>,<nil>,<nil>,<nil>,<nil>,<nil>,<nil>,80,<nil>
2304593790,<nil>,<nil>,<nil>,<nil>,<nil>,<nil>,<nil>,<nil>,460,<nil>
282087245,<nil>,<nil>,<nil>,<nil>,<nil>,<nil>,<nil>,<nil>,56,<nil>
2972450813,<nil>,<nil>,<nil>,<nil>,<nil>,<nil>,<nil>,<nil>,594,<nil>
975064921,<nil>,<nil>,<nil>,<nil>,<nil>,<nil>,<nil>,<nil>,195,<nil>
3458551641,<nil>,<nil>,<nil>,<nil>,<nil>,<nil>,<nil>,<nil>,691,<nil>
2365607768,<nil>,<nil>,<nil>,<nil>,<nil>,<nil>,<nil>,<nil>,473,<nil>
402476876,<nil>,<nil>,<nil>,<nil>,<nil>,<nil>,<nil>,<nil>,80,<nil>
2312392536,<nil>,<nil>,<nil>,<nil>,<nil>,<nil>,<nil>,<nil>,462,<nil>
789598028,<nil>,<nil>,<nil>,<nil>,<nil>,<nil>,<nil>,<nil>,157,<nil>
2722254681,<nil>,<nil>,<nil>,<nil>,<nil>,<nil>,<nil>,<nil>,544,<nil>
1353404249,<nil>,<nil>,<nil>,<nil>,<nil>,<nil>,<nil>,<nil>,270,<nil>
4263202648,<nil>,<nil>,<nil>,<nil>,<nil>,<nil>,<nil>,<nil>,852,<nil>
2711160968,<nil>,<nil>,<nil>,<nil>,<nil>,<nil>,<nil>,<nil>,542,<nil>
378359641,<nil>,<nil>,<nil>,<nil>,<nil>,<nil>,<nil>,<nil>,75,<nil>
2277330777,<nil>,<nil>,<nil>,<nil>,<nil>,<nil>,<nil>,<nil>,455,<nil>
766267225,<nil>,<nil>,<nil>,<nil>,<nil>,<nil>,<nil>,<nil>,153,<nil>
3672985432,<nil>,<nil>,<nil>,<nil>,<nil>,<nil>,<nil>,<nil>,734,<nil>
1446465369,<nil>,<nil>,<nil>,<nil>,<nil>,<nil>,<nil>,<nil>,289,<nil>
67129165,<nil>,<nil>,<nil>,<nil>,<nil>,<nil>,<nil>,<nil>,13,<nil>
3024290792,<nil>,<nil>,<nil>,<nil>,<nil>,<nil>,<nil>,<nil>,604,<nil>
851839072,<nil>,<nil>,<nil>,<nil>,<nil>,<nil>,<nil>,<nil>,170,<nil>
3312650256,<nil>,<nil>,<nil>,<nil>,<nil>,<nil>,<nil>,<nil>,662,<nil>
1416580952,<nil>,<nil>,<nil>,<nil>,<nil>,<nil>,<nil>,<nil>,283,<nil>
3625930573,<nil>,<nil>,<nil>,<nil>,<nil>,<nil>,<nil>,<nil>,725,<nil>
2237550412,<nil>,<nil>,<nil>,<nil>,<nil>,<nil>,<nil>,<nil>,447,<nil>
608391001,<nil>,<nil>,<nil>,<nil>,<nil>,<nil>,<nil>,<nil>,121,<nil>
2930134872,<nil>,<nil>,<nil>,<nil>,<nil>,<nil>,<nil>,<nil>,586,<nil>
681725784,<nil>,<nil>,<nil>,<nil>,<nil>,<nil>,<nil>,<nil>,136,<nil>
3169734488,<nil>,<nil>,<nil>,<nil>,<nil>,<nil>,<nil>,<nil>,633,<nil>
1526812505,<nil>,<nil>,<nil>,<nil>,<nil>,<nil>,<nil>,<nil>,305,<nil>
3869921113,<nil>,<nil>,<nil>,<nil>,<nil>,<nil>,<nil>,<nil>,773,<nil>
2472955724,<nil>,<nil>,<nil>,<nil>,<nil>,<nil>,<nil>,<nil>,494,<nil>
258101081,<nil>,<nil>,<nil>,<nil>,<nil>,<nil>,<nil>,<nil>,51,<nil>
3030208333,<nil>,<nil>,<nil>,<nil>,<nil>,<nil>,<nil>,<nil>,606,<nil>
1064718168,<nil>,<nil>,<nil>,<nil>,<nil>,<nil>,<nil>,<nil>,212,<nil>
3393933132,<nil>,<nil>,<nil>,<nil>,<nil>,<nil>,<nil>,<nil>,678,<nil>
1929054208,<nil>,<nil>,<nil>,<nil>,<nil>,<nil>,<nil>,<nil>,385,<nil>
4086779736,<nil>,<nil>,<nil>,<nil>,<nil>,<nil>,<nil>,<nil>,817,<nil>
2582662989,<nil>,<nil>,<nil>,<nil>,<nil>,<nil>,<nil>,<nil>,516,<nil>
686706533,<nil>,<nil>,<nil>,<nil>,<nil>,<nil>,<nil>,<nil>,137,<nil>
3051817169,<nil>,<nil>,<nil>,<nil>,<nil>,<nil>,<nil>,<nil>,610,<nil>
735727449,<nil>,<nil>,<nil>,<nil>,<nil>,<nil>,<nil>,<nil>,147,<nil>
3481751372,<nil>,<nil>,<nil>,<nil>,<nil>,<nil>,<nil>,<nil>,696,<nil>
1969573708,<nil>,<nil>,<nil>,<nil>,<nil>,<nil>,<nil>,<nil>,393,<nil>
3903278937,<nil>,<nil>,<nil>,<nil>,<nil>,<nil>,<nil>,<nil>,780,<nil>
2388807513,<nil>,<nil>,<nil>,<nil>,<nil>,<nil>,<nil>,<nil>,477,<nil>
1264648204,<nil>,<nil>,<nil>,<nil>,<nil>,<nil>,<nil>,<nil>,252,<nil>
3339767264,<nil>,<nil>,<nil>,<nil>,<nil>,<nil>,<nil>,<nil>,667,<nil>
971198297,<nil>,<nil>,<nil>,<nil>,<nil>,<nil>,<nil>,<nil>,194,<nil>
3862253388,<nil>,<nil>,<nil>,<nil>,<nil>,<nil>,<nil>,<nil>,772,<nil>
1492602701,<nil>,<nil>,<nil>,<nil>,<nil>,<nil>,<nil>,<nil>,298,<nil>
556926976,<nil>,<nil>,<nil>,<nil>,<nil>,<nil>,<nil>,<nil>,111,<nil>
2896449368,<nil>,<nil>,<nil>,<nil>,<nil>,<nil>,<nil>,<nil>,579,<nil>
785731404,<nil>,<nil>,<nil>,<nil>,<nil>,<nil>,<nil>,<nil>,157,<nil>
2995521577,<nil>,<nil>,<nil>,<nil>,<nil>,<nil>,<nil>,<nil>,599,<nil>
1023954764,<nil>,<nil>,<nil>,<nil>,<nil>,<nil>,<nil>,<nil>,204,<nil>
3658501964,<nil>,<nil>,<nil>,<nil>,<nil>,<nil>,<nil>,<nil>,731,<nil>
1593134937,<nil>,<nil>,<nil>,<nil>,<nil>,<nil>,<nil>,<nil>,318,<nil>
74927961,<nil>,<nil>,<nil>,<nil>,<nil>,<nil>,<nil>,<nil>,14,<nil>
2984202072,<nil>,<nil>,<nil>,<nil>,<nil>,<nil>,<nil>,<nil>,596,<nil>
1033129816,<nil>,<nil>,<nil>,<nil>,<nil>,<nil>,<nil>,<nil>,206,<nil>
3218671712,<nil>,<nil>,<nil>,<nil>,<nil>,<nil>,<nil>,<nil>,643,<nil>
1408651084,<nil>,<nil>,<nil>,<nil>,<nil>,<nil>,<nil>,<nil>,281,<nil>
3329183565,<nil>,<nil>,<nil>,<nil>,<nil>,<nil>,<nil>,<nil>,665,<nil>
2236960588,<nil>,<nil>,<nil>,<nil>,<nil>,<nil>,<nil>,<nil>,447,<nil>
293359448,<nil>,<nil>,<nil>,<nil>,<nil>,<nil>,<nil>,<nil>,58,<nil>
2936098637,<nil>,<nil>,<nil>,<nil>,<nil>,<nil>,<nil>,<nil>,587,<nil>
838291277,<nil>,<nil>,<nil>,<nil>,<nil>,<nil>,<nil>,<nil>,167,<nil>
3315683160,<nil>,<nil>,<nil>,<nil>,<nil>,<nil>,<nil>,<nil>,663,<nil>
1089949529,<nil>,<nil>,<nil>,<nil>,<nil>,<nil>,<nil>,<nil>,217,<nil>
3433647961,<nil>,<nil>,<nil>,<nil>,<nil>,<nil>,<nil>,<nil>,686,<nil>
1821069162,<nil>,<nil>,<nil>,<nil>,<nil>,<nil>,<nil>,<nil>,364,<nil>
517623628,<nil>,<nil>,<nil>,<nil>,<nil>,<nil>,<nil>,<nil>,103,<nil>
3270311952,<nil>,<nil>,<nil>,<nil>,<nil>,<nil>,<nil>,<nil>,654,<nil>
927878989,<nil>,<nil>,<nil>,<nil>,<nil>,<nil>,<nil>,<nil>,185,<nil>
3392360268,<nil>,<nil>,<nil>,<nil>,<nil>,<nil>,<nil>,<nil>,678,<nil>
883576665,<nil>,<nil>,<nil>,<nil>,<nil>,<nil>,<nil>,<nil>,176,<nil>
4239067136,<nil>,<nil>,<nil>,<nil>,<nil>,<nil>,<nil>,<nil>,847,<nil>
2274971480,<nil>,<nil>,<nil>,<nil>,<nil>,<nil>,<nil>,<nil>,454,<nil>
40324941,<nil>,<nil>,<nil>,<nil>,<nil>,<nil>,<nil>,<nil>,8,<nil>
2965458765,<nil>,<nil>,<nil>,<nil>,<nil>,<nil>,<nil>,<nil>,593,<nil>
1012551541,<nil>,<nil>,<nil>,<nil>,<nil>,<nil>,<nil>,<nil>,202,<nil>
3074576217,<nil>,<nil>,<nil>,<nil>,<nil>,<nil>,<nil>,<nil>,614,<nil>
1266569049,<nil>,<nil>,<nil>,<nil>,<nil>,<nil>,<nil>,<nil>,253,<nil>
3867168588,<nil>,<nil>,<nil>,<nil>,<nil>,<nil>,<nil>,<nil>,773,<nil>
2082492237,<nil>,<nil>,<nil>,<nil>,<nil>,<nil>,<nil>,<nil>,416,<nil>
843468620,<nil>,<nil>,<nil>,<nil>,<nil>,<nil>,<nil>,<nil>,168,<nil>
3549299689,<nil>,<nil>,<nil>,<nil>,<nil>,<nil>,<nil>,<nil>,709,<nil>
1064306728,<nil>,<nil>,<nil>,<nil>,<nil>,<nil>,<nil>,<nil>,212,<nil>
3311751001,<nil>,<nil>,<nil>,<nil>,<nil>,<nil>,<nil>,<nil>,662,<nil>
1773162328,<nil>,<nil>,<nil>,<nil>,<nil>,<nil>,<nil>,<nil>,354,<nil>
4250619724,<nil>,<nil>,<nil>,<nil>,<nil>,<nil>,<nil>,<nil>,850,<nil>
2473545561,<nil>,<nil>,<nil>,<nil>,<nil>,<nil>,<nil>,<nil>,494,<nil>
649088856,<nil>,<nil>,<nil>,<nil>,<nil>,<nil>,<nil>,<nil>,129,<nil>
3284684632,<nil>,<nil>,<nil>,<nil>,<nil>,<nil>,<nil>,<nil>,656,<nil>
1483034149,<nil>,<nil>,<nil>,<nil>,<nil>,<nil>,<nil>,<nil>,296,<nil>
3799208356,<nil>,<nil>,<nil>,<nil>,<nil>,<nil>,<nil>,<nil>,759,<nil>
1734692697,<nil>,<nil>,<nil>,<nil>,<nil>,<nil>,<nil>,<nil>,346,<nil>
75255641,<nil>,<nil>,<nil>,<nil>,<nil>,<nil>,<nil>,<nil>,15,<nil>
2555858765,<nil>,<nil>,<nil>,<nil>,<nil>,<nil>,<nil>,<nil>,511,<nil>
893341517,<nil>,<nil>,<nil>,<nil>,<nil>,<nil>,<nil>,<nil>,178,<nil>
3542830937,<nil>,<nil>,<nil>,<nil>,<nil>,<nil>,<nil>,<nil>,708,<nil>
1554403148,<nil>,<nil>,<nil>,<nil>,<nil>,<nil>,<nil>,<nil>,310,<nil>
3783741273,<nil>,<nil>,<nil>,<nil>,<nil>,<nil>,<nil>,<nil>,756,<nil>
2235125580,<nil>,<nil>,<nil>,<nil>,<nil>,<nil>,<nil>,<nil>,447,<nil>
719736652,<nil>,<nil>,<nil>,<nil>,<nil>,<nil>,<nil>,<nil>,143,<nil>
2803912537,<nil>,<nil>,<nil>,<nil>,<nil>,<nil>,<nil>,<nil>,560,<nil>
1256804172,<nil>,<nil>,<nil>,<nil>,<nil>,<nil>,<nil>,<nil>,251,<nil>
3833923246,<nil>,<nil>,<nil>,<nil>,<nil>,<nil>,<nil>,<nil>,766,<nil>
1975519232,<nil>,<nil>,<nil>,<nil>,<nil>,<nil>,<nil>,<nil>,395,<nil>
4018360153,<nil>,<nil>,<nil>,<nil>,<nil>,<nil>,<nil>,<nil>,803,<nil>
2359381849,<nil>,<nil>,<nil>,<nil>,<nil>,<nil>,<nil>,<nil>,471,<nil>
1106988876,<nil>,<nil>,<nil>,<nil>,<nil>,<nil>,<nil>,<nil>,221,<nil>
3322236749,<nil>,<nil>,<nil>,<nil>,<nil>,<nil>,<nil>,<nil>,664,<nil>
1222070093,<nil>,<nil>,<nil>,<nil>,<nil>,<nil>,<nil>,<nil>,244,<nil>
3549253464,<nil>,<nil>,<nil>,<nil>,<nil>,<nil>,<nil>,<nil>,709,<nil>
1620004697,<nil>,<nil>,<nil>,<nil>,<nil>,<nil>,<nil>,<nil>,324,<nil>
4243083085,<nil>,<nil>,<nil>,<nil>,<nil>,<nil>,<nil>,<nil>,848,<nil>
2855423820,<nil>,<nil>,<nil>,<nil>,<nil>,<nil>,<nil>,<nil>,571,<nil>
1206275928,<nil>,<nil>,<nil>,<nil>,<nil>,<nil>,<nil>,<nil>,241,<nil>
3761655653,<nil>,<nil>,<nil>,<nil>,<nil>,<nil>,<nil>,<nil>,752,<nil>
1820068048,<nil>,<nil>,<nil>,<nil>,<nil>,<nil>,<nil>,<nil>,364,<nil>
3651751757,<nil>,<nil>,<nil>,<nil>,<nil>,<nil>,<nil>,<nil>,730,<nil>
2274447192,<nil>,<nil>,<nil>,<nil>,<nil>,<nil>,<nil>,<nil>,454,<nil>
614879064,<nil>,<nil>,<nil>,<nil>,<nil>,<nil>,<nil>,<nil>,122,<nil>
3317714789,<nil>,<nil>,<nil>,<nil>,<nil>,<nil>,<nil>,<nil>,663,<nil>
1579306828,<nil>,<nil>,<nil>,<nil>,<nil>,<nil>,<nil>,<nil>,315,<nil>
4214443852,<nil>,<nil>,<nil>,<nil>,<nil>,<nil>,<nil>,<nil>,842,<nil>
2348109834,<nil>,<nil>,<nil>,<nil>,<nil>,<nil>,<nil>,<nil>,469,<nil>
453136204,<nil>,<nil>,<nil>,<nil>,<nil>,<nil>,<nil>,<nil>,90,<nil>
2811645773,<nil>,<nil>,<nil>,<nil>,<nil>,<nil>,<nil>,<nil>,562,<nil>
998592344,<nil>,<nil>,<nil>,<nil>,<nil>,<nil>,<nil>,<nil>,199,<nil>
3768799052,<nil>,<nil>,<nil>,<nil>,<nil>,<nil>,<nil>,<nil>,753,<nil>
2039631716,<nil>,<nil>,<nil>,<nil>,<nil>,<nil>,<nil>,<nil>,407,<nil>
96292734,<nil>,<nil>,<nil>,<nil>,<nil>,<nil>,<nil>,<nil>,19,<nil>
2090094425,<nil>,<nil>,<nil>,<nil>,<nil>,<nil>,<nil>,<nil>,418,<nil>
553406296,<nil>,<nil>,<nil>,<nil>,<nil>,<nil>,<nil>,<nil>,110,<nil>
3324399436,<nil>,<nil>,<nil>,<nil>,<nil>,<nil>,<nil>,<nil>,664,<nil>
1547390809,<nil>,<nil>,<nil>,<nil>,<nil>,<nil>,<nil>,<nil>,309,<nil>
4164964184,<nil>,<nil>,<nil>,<nil>,<nil>,<nil>,<nil>,<nil>,832,<nil>
2063617880,<nil>,<nil>,<nil>,<nil>,<nil>,<nil>,<nil>,<nil>,412,<nil>
321717934,<nil>,<nil>,<nil>,<nil>,<nil>,<nil>,<nil>,<nil>,64,<nil>
2597015384,<nil>,<nil>,<nil>,<nil>,<nil>,<nil>,<nil>,<nil>,519,<nil>
933384024,<nil>,<nil>,<nil>,<nil>,<nil>,<nil>,<nil>,<nil>,186,<nil>
3433385805,<nil>,<nil>,<nil>,<nil>,<nil>,<nil>,<nil>,<nil>,686,<nil>
1956907024,<nil>,<nil>,<nil>,<nil>,<nil>,<nil>,<nil>,<nil>,391,<nil>
4119088973,<nil>,<nil>,<nil>,<nil>,<nil>,<nil>,<nil>,<nil>,823,<nil>
2175946585,<nil>,<nil>,<nil>,<nil>,<nil>,<nil>,<nil>,<nil>,435,<nil>
333795148,<nil>,<nil>,<nil>,<nil>,<nil>,<nil>,<nil>,<nil>,66,<nil>
2709213017,<nil>,<nil>,<nil>,<nil>,<nil>,<nil>,<nil>,<nil>,541,<nil>
1091456868,<nil>,<nil>,<nil>,<nil>,<nil>,<nil>,<nil>,<nil>,218,<nil>
3673640781,<nil>,<nil>,<nil>,<nil>,<nil>,<nil>,<nil>,<nil>,734,<nil>
1879592793,<nil>,<nil>,<nil>,<nil>,<nil>,<nil>,<nil>,<nil>,375,<nil>
342839128,<nil>,<nil>,<nil>,<nil>,<nil>,<nil>,<nil>,<nil>,68,<nil>
2653947944,<nil>,<nil>,<nil>,<nil>,<nil>,<nil>,<nil>,<nil>,530,<nil>
1065682960,<nil>,<nil>,<nil>,<nil>,<nil>,<nil>,<nil>,<nil>,213,<nil>
3497873228,<nil>,<nil>,<nil>,<nil>,<nil>,<nil>,<nil>,<nil>,699,<nil>
1126518605,<nil>,<nil>,<nil>,<nil>,<nil>,<nil>,<nil>,<nil>,225,<nil>
3915861849,<nil>,<nil>,<nil>,<nil>,<nil>,<nil>,<nil>,<nil>,783,<nil>
2530365272,<nil>,<nil>,<nil>,<nil>,<nil>,<nil>,<nil>,<nil>,506,<nil>
860966732,<nil>,<nil>,<nil>,<nil>,<nil>,<nil>,<nil>,<nil>,172,<nil>
3207090186,<nil>,<nil>,<nil>,<nil>,<nil>,<nil>,<nil>,<nil>,641,<nil>
1262178136,<nil>,<nil>,<nil>,<nil>,<nil>,<nil>,<nil>,<nil>,252,<nil>
3315486541,<nil>,<nil>,<nil>,<nil>,<nil>,<nil>,<nil>,<nil>,663,<nil>
2073710412,<nil>,<nil>,<nil>,<nil>,<nil>,<nil>,<nil>,<nil>,414,<nil>
4145696589,<nil>,<nil>,<nil>,<nil>,<nil>,<nil>,<nil>,<nil>,829,<nil>
2835763044,<nil>,<nil>,<nil>,<nil>,<nil>,<nil>,<nil>,<nil>,567,<nil>
826822477,<nil>,<nil>,<nil>,<nil>,<nil>,<nil>,<nil>,<nil>,165,<nil>
3019919181,<nil>,<nil>,<nil>,<nil>,<nil>,<nil>,<nil>,<nil>,603,<nil>
1228427097,<nil>,<nil>,<nil>,<nil>,<nil>,<nil>,<nil>,<nil>,245,<nil>
4264578892,<nil>,<nil>,<nil>,<nil>,<nil>,<nil>,<nil>,<nil>,852,<nil>
2048937817,<nil>,<nil>,<nil>,<nil>,<nil>,<nil>,<nil>,<nil>,409,<nil>
797855564,<nil>,<nil>,<nil>,<nil>,<nil>,<nil>,<nil>,<nil>,159,<nil>
3153022808,<nil>,<nil>,<nil>,<nil>,<nil>,<nil>,<nil>,<nil>,630,<nil>
1349977776,<nil>,<nil>,<nil>,<nil>,<nil>,<nil>,<nil>,<nil>,269,<nil>
3686682456,<nil>,<nil>,<nil>,<nil>,<nil>,<nil>,<nil>,<nil>,737,<nil>
1449480013,<nil>,<nil>,<nil>,<nil>,<nil>,<nil>,<nil>,<nil>,289,<nil>
220352344,<nil>,<nil>,<nil>,<nil>,<nil>,<nil>,<nil>,<nil>,44,<nil>
2709147480,<nil>,<nil>,<nil>,<nil>,<nil>,<nil>,<nil>,<nil>,541,<nil>
1301678216,<nil>,<nil>,<nil>,<nil>,<nil>,<nil>,<nil>,<nil>,260,<nil>
3412610905,<nil>,<nil>,<nil>,<nil>,<nil>,<nil>,<nil>,<nil>,682,<nil>
1152208717,<nil>,<nil>,<nil>,<nil>,<nil>,<nil>,<nil>,<nil>,230,<nil>
3844362084,<nil>,<nil>,<nil>,<nil>,<nil>,<nil>,<nil>,<nil>,768,<nil>
2116308824,<nil>,<nil>,<nil>,<nil>,<nil>,<nil>,<nil>,<nil>,423,<nil>
37048153,<nil>,<nil>,<nil>,<nil>,<nil>,<nil>,<nil>,<nil>,7,<nil>
3011989349,<nil>,<nil>,<nil>,<nil>,<nil>,<nil>,<nil>,<nil>,602,<nil>
1125666636,<nil>,<nil>,<nil>,<nil>,<nil>,<nil>,<nil>,<nil>,225,<nil>
3496216617,<nil>,<nil>,<nil>,<nil>,<nil>,<nil>,<nil>,<nil>,699,<nil>
1523535704,<nil>,<nil>,<nil>,<nil>,<nil>,<nil>,<nil>,<nil>,304,<nil>
4291186508,<nil>,<nil>,<nil>,<nil>,<nil>,<nil>,<nil>,<nil>,858,<nil>
2518634329,<nil>,<nil>,<nil>,<nil>,<nil>,<nil>,<nil>,<nil>,503,<nil>
839864152,<nil>,<nil>,<nil>,<nil>,<nil>,<nil>,<nil>,<nil>,167,<nil>
3202568025,<nil>,<nil>,<nil>,<nil>,<nil>,<nil>,<nil>,<nil>,640,<nil>
1250053977,<nil>,<nil>,<nil>,<nil>,<nil>,<nil>,<nil>,<nil>,250,<nil>
4009185112,<nil>,<nil>,<nil>,<nil>,<nil>,<nil>,<nil>,<nil>,801,<nil>
1772179277,<nil>,<nil>,<nil>,<nil>,<nil>,<nil>,<nil>,<nil>,354,<nil>
247811928,<nil>,<nil>,<nil>,<nil>,<nil>,<nil>,<nil>,<nil>,49,<nil>
3173666648,<nil>,<nil>,<nil>,<nil>,<nil>,<nil>,<nil>,<nil>,634,<nil>
1232031565,<nil>,<nil>,<nil>,<nil>,<nil>,<nil>,<nil>,<nil>,246,<nil>
4162978792,<nil>,<nil>,<nil>,<nil>,<nil>,<nil>,<nil>,<nil>,832,<nil>
1700089727,<nil>,<nil>,<nil>,<nil>,<nil>,<nil>,<nil>,<nil>,340,<nil>
148506624,<nil>,<nil>,<nil>,<nil>,<nil>,<nil>,<nil>,<nil>,29,<nil>
2325348349,<nil>,<nil>,<nil>,<nil>,<nil>,<nil>,<nil>,<nil>,465,<nil>
495800141,<nil>,<nil>,<nil>,<nil>,<nil>,<nil>,<nil>,<nil>,99,<nil>
3188412260,<nil>,<nil>,<nil>,<nil>,<nil>,<nil>,<nil>,<nil>,637,<nil>
1886736204,<nil>,<nil>,<nil>,<nil>,<nil>,<nil>,<nil>,<nil>,377,<nil>
3948171096,<nil>,<nil>,<nil>,<nil>,<nil>,<nil>,<nil>,<nil>,789,<nil>
1686654796,<nil>,<nil>,<nil>,<nil>,<nil>,<nil>,<nil>,<nil>,337,<nil>
174739276,<nil>,<nil>,<nil>,<nil>,<nil>,<nil>,<nil>,<nil>,34,<nil>
2255966041,<nil>,<nil>,<nil>,<nil>,<nil>,<nil>,<nil>,<nil>,451,<nil>
791039844,<nil>,<nil>,<nil>,<nil>,<nil>,<nil>,<nil>,<nil>,158,<nil>
3648671576,<nil>,<nil>,<nil>,<nil>,<nil>,<nil>,<nil>,<nil>,729,<nil>
2332755984,<nil>,<nil>,<nil>,<nil>,<nil>,<nil>,<nil>,<nil>,466,<nil>
4190195572,<nil>,<nil>,<nil>,<nil>,<nil>,<nil>,<nil>,<nil>,838,<nil>
2242072397,<nil>,<nil>,<nil>,<nil>,<nil>,<nil>,<nil>,<nil>,448,<nil>
515702813,<nil>,<nil>,<nil>,<nil>,<nil>,<nil>,<nil>,<nil>,103,<nil>
2775994189,<nil>,<nil>,<nil>,<nil>,<nil>,<nil>,<nil>,<nil>,555,<nil>
1416646489,<nil>,<nil>,<nil>,<nil>,<nil>,<nil>,<nil>,<nil>,283,<nil>
4167061324,<nil>,<nil>,<nil>,<nil>,<nil>,<nil>,<nil>,<nil>,833,<nil>
2068205388,<nil>,<nil>,<nil>,<nil>,<nil>,<nil>,<nil>,<nil>,413,<nil>
516378634,<nil>,<nil>,<nil>,<nil>,<nil>,<nil>,<nil>,<nil>,103,<nil>
2601865036,<nil>,<nil>,<nil>,<nil>,<nil>,<nil>,<nil>,<nil>,520,<nil>
824790873,<nil>,<nil>,<nil>,<nil>,<nil>,<nil>,<nil>,<nil>,164,<nil>
3364048740,<nil>,<nil>,<nil>,<nil>,<nil>,<nil>,<nil>,<nil>,672,<nil>
1928023896,<nil>,<nil>,<nil>,<nil>,<nil>,<nil>,<nil>,<nil>,385,<nil>
189615973,<nil>,<nil>,<nil>,<nil>,<nil>,<nil>,<nil>,<nil>,37,<nil>
2191347545,<nil>,<nil>,<nil>,<nil>,<nil>,<nil>,<nil>,<nil>,438,<nil>
78991181,<nil>,<nil>,<nil>,<nil>,<nil>,<nil>,<nil>,<nil>,15,<nil>
2578075481,<nil>,<nil>,<nil>,<nil>,<nil>,<nil>,<nil>,<nil>,515,<nil>
1326272332,<nil>,<nil>,<nil>,<nil>,<nil>,<nil>,<nil>,<nil>,265,<nil>
3968487256,<nil>,<nil>,<nil>,<nil>,<nil>,<nil>,<nil>,<nil>,793,<nil>
2037403481,<nil>,<nil>,<nil>,<nil>,<nil>,<nil>,<nil>,<nil>,407,<nil>
599656464,<nil>,<nil>,<nil>,<nil>,<nil>,<nil>,<nil>,<nil>,119,<nil>
2522482728,<nil>,<nil>,<nil>,<nil>,<nil>,<nil>,<nil>,<nil>,504,<nil>
954269741,<nil>,<nil>,<nil>,<nil>,<nil>,<nil>,<nil>,<nil>,190,<nil>
3074182988,<nil>,<nil>,<nil>,<nil>,<nil>,<nil>,<nil>,<nil>,614,<nil>
995708749,<nil>,<nil>,<nil>,<nil>,<nil>,<nil>,<nil>,<nil>,199,<nil>
3982446436,<nil>,<nil>,<nil>,<nil>,<nil>,<nil>,<nil>,<nil>,796,<nil>
2277855065,<nil>,<nil>,<nil>,<nil>,<nil>,<nil>,<nil>,<nil>,455,<nil>
176050009,<nil>,<nil>,<nil>,<nil>,<nil>,<nil>,<nil>,<nil>,35,<nil>
2924171084,<nil>,<nil>,<nil>,<nil>,<nil>,<nil>,<nil>,<nil>,584,<nil>
1130319704,<nil>,<nil>,<nil>,<nil>,<nil>,<nil>,<nil>,<nil>,226,<nil>
3535949668,<nil>,<nil>,<nil>,<nil>,<nil>,<nil>,<nil>,<nil>,707,<nil>
1798393676,<nil>,<nil>,<nil>,<nil>,<nil>,<nil>,<nil>,<nil>,359,<nil>
295128920,<nil>,<nil>,<nil>,<nil>,<nil>,<nil>,<nil>,<nil>,59,<nil>
2508476249,<nil>,<nil>,<nil>,<nil>,<nil>,<nil>,<nil>,<nil>,501,<nil>
764104574,<nil>,<nil>,<nil>,<nil>,<nil>,<nil>,<nil>,<nil>,152,<nil>
2889305933,<nil>,<nil>,<nil>,<nil>,<nil>,<nil>,<nil>,<nil>,577,<nil>
1205555020,<nil>,<nil>,<nil>,<nil>,<nil>,<nil>,<nil>,<nil>,241,<nil>
3705884504,<nil>,<nil>,<nil>,<nil>,<nil>,<nil>,<nil>,<nil>,741,<nil>
1906921293,<nil>,<nil>,<nil>,<nil>,<nil>,<nil>,<nil>,<nil>,381,<nil>
678121304,<nil>,<nil>,<nil>,<nil>,<nil>,<nil>,<nil>,<nil>,135,<nil>
2715111244,<nil>,<nil>,<nil>,<nil>,<nil>,<nil>,<nil>,<nil>,543,<nil>
1216153263,<nil>,<nil>,<nil>,<nil>,<nil>,<nil>,<nil>,<nil>,243,<nil>
3564261796,<nil>,<nil>,<nil>,<nil>,<nil>,<nil>,<nil>,<nil>,712,<nil>
1464225613,<nil>,<nil>,<nil>,<nil>,<nil>,<nil>,<nil>,<nil>,292,<nil>
4015411050,<nil>,<nil>,<nil>,<nil>,<nil>,<nil>,<nil>,<nil>,803,<nil>
2723303256,<nil>,<nil>,<nil>,<nil>,<nil>,<nil>,<nil>,<nil>,544,<nil>
641159001,<nil>,<nil>,<nil>,<nil>,<nil>,<nil>,<nil>,<nil>,128,<nil>
3280424793,<nil>,<nil>,<nil>,<nil>,<nil>,<nil>,<nil>,<nil>,656,<nil>
874139469,<nil>,<nil>,<nil>,<nil>,<nil>,<nil>,<nil>,<nil>,174,<nil>
3509276493,<nil>,<nil>,<nil>,<nil>,<nil>,<nil>,<nil>,<nil>,701,<nil>
1973243724,<nil>,<nil>,<nil>,<nil>,<nil>,<nil>,<nil>,<nil>,394,<nil>
4201795417,<nil>,<nil>,<nil>,<nil>,<nil>,<nil>,<nil>,<nil>,840,<nil>
3108589400,<nil>,<nil>,<nil>,<nil>,<nil>,<nil>,<nil>,<nil>,621,<nil>
1006128984,<nil>,<nil>,<nil>,<nil>,<nil>,<nil>,<nil>,<nil>,201,<nil>
3827173040,<nil>,<nil>,<nil>,<nil>,<nil>,<nil>,<nil>,<nil>,765,<nil>
1380798284,<nil>,<nil>,<nil>,<nil>,<nil>,<nil>,<nil>,<nil>,276,<nil>
3755757401,<nil>,<nil>,<nil>,<nil>,<nil>,<nil>,<nil>,<nil>,751,<nil>
2376879949,<nil>,<nil>,<nil>,<nil>,<nil>,<nil>,<nil>,<nil>,475,<nil>
697519948,<nil>,<nil>,<nil>,<nil>,<nil>,<nil>,<nil>,<nil>,139,<nil>
2925547353,<nil>,<nil>,<nil>,<nil>,<nil>,<nil>,<nil>,<nil>,585,<nil>
1118916441,<nil>,<nil>,<nil>,<nil>,<nil>,<nil>,<nil>,<nil>,223,<nil>
3730722648,<nil>,<nil>,<nil>,<nil>,<nil>,<nil>,<nil>,<nil>,746,<nil>
1504137049,<nil>,<nil>,<nil>,<nil>,<nil>,<nil>,<nil>,<nil>,300,<nil>
444278631,<nil>,<nil>,<nil>,<nil>,<nil>,<nil>,<nil>,<nil>,88,<nil>
2604355416,<nil>,<nil>,<nil>,<nil>,<nil>,<nil>,<nil>,<nil>,520,<nil>
954748749,<nil>,<nil>,<nil>,<nil>,<nil>,<nil>,<nil>,<nil>,190,<nil>
3915581456,<nil>,<nil>,<nil>,<nil>,<nil>,<nil>,<nil>,<nil>,783,<nil>
1569458385,<nil>,<nil>,<nil>,<nil>,<nil>,<nil>,<nil>,<nil>,313,<nil>
3549056857,<nil>,<nil>,<nil>,<nil>,<nil>,<nil>,<nil>,<nil>,709,<nil>
2294370124,<nil>,<nil>,<nil>,<nil>,<nil>,<nil>,<nil>,<nil>,458,<nil>
81284953,<nil>,<nil>,<nil>,<nil>,<nil>,<nil>,<nil>,<nil>,16,<nil>
3434874880,<nil>,<nil>,<nil>,<nil>,<nil>,<nil>,<nil>,<nil>,686,<nil>
1755795276,<nil>,<nil>,<nil>,<nil>,<nil>,<nil>,<nil>,<nil>,351,<nil>
4111355736,<nil>,<nil>,<nil>,<nil>,<nil>,<nil>,<nil>,<nil>,822,<nil>
1851608908,<nil>,<nil>,<nil>,<nil>,<nil>,<nil>,<nil>,<nil>,370,<nil>
4055322456,<nil>,<nil>,<nil>,<nil>,<nil>,<nil>,<nil>,<nil>,811,<nil>
2560905049,<nil>,<nil>,<nil>,<nil>,<nil>,<nil>,<nil>,<nil>,512,<nil>
660164452,<nil>,<nil>,<nil>,<nil>,<nil>,<nil>,<nil>,<nil>,132,<nil>
3236056909,<nil>,<nil>,<nil>,<nil>,<nil>,<nil>,<nil>,<nil>,647,<nil>
1730367321,<nil>,<nil>,<nil>,<nil>,<nil>,<nil>,<nil>,<nil>,346,<nil>
4131868542,<nil>,<nil>,<nil>,<nil>,<nil>,<nil>,<nil>,<nil>,826,<nil>
1669222221,<nil>,<nil>,<nil>,<nil>,<nil>,<nil>,<nil>,<nil>,333,<nil>
216813413,<nil>,<nil>,<nil>,<nil>,<nil>,<nil>,<nil>,<nil>,43,<nil>
3062189900,<nil>,<nil>,<nil>,<nil>,<nil>,<nil>,<nil>,<nil>,612,<nil>
980701005,<nil>,<nil>,<nil>,<nil>,<nil>,<nil>,<nil>,<nil>,196,<nil>
3743371084,<nil>,<nil>,<nil>,<nil>,<nil>,<nil>,<nil>,<nil>,748,<nil>
1949060952,<nil>,<nil>,<nil>,<nil>,<nil>,<nil>,<nil>,<nil>,389,<nil>
323112485,<nil>,<nil>,<nil>,<nil>,<nil>,<nil>,<nil>,<nil>,64,<nil>
2482392920,<nil>,<nil>,<nil>,<nil>,<nil>,<nil>,<nil>,<nil>,496,<nil>
828723021,<nil>,<nil>,<nil>,<nil>,<nil>,<nil>,<nil>,<nil>,165,<nil>
3234942821,<nil>,<nil>,<nil>,<nil>,<nil>,<nil>,<nil>,<nil>,646,<nil>
1380798297,<nil>,<nil>,<nil>,<nil>,<nil>,<nil>,<nil>,<nil>,276,<nil>
9457497,<nil>,<nil>,<nil>,<nil>,<nil>,<nil>,<nil>,<nil>,1,<nil>
2260422506,<nil>,<nil>,<nil>,<nil>,<nil>,<nil>,<nil>,<nil>,452,<nil>
4243214157,<nil>,<nil>,<nil>,<nil>,<nil>,<nil>,<nil>,<nil>,848,<nil>
2789756773,<nil>,<nil>,<nil>,<nil>,<nil>,<nil>,<nil>,<nil>,557,<nil>
1194872652,<nil>,<nil>,<nil>,<nil>,<nil>,<nil>,<nil>,<nil>,238,<nil>
3566620505,<nil>,<nil>,<nil>,<nil>,<nil>,<nil>,<nil>,<nil>,713,<nil>
2023051084,<nil>,<nil>,<nil>,<nil>,<nil>,<nil>,<nil>,<nil>,404,<nil>
227954520,<nil>,<nil>,<nil>,<nil>,<nil>,<nil>,<nil>,<nil>,45,<nil>
2831091376,<nil>,<nil>,<nil>,<nil>,<nil>,<nil>,<nil>,<nil>,566,<nil>
786958336,<nil>,<nil>,<nil>,<nil>,<nil>,<nil>,<nil>,<nil>,157,<nil>
2968407885,<nil>,<nil>,<nil>,<nil>,<nil>,<nil>,<nil>,<nil>,593,<nil>
1171738457,<nil>,<nil>,<nil>,<nil>,<nil>,<nil>,<nil>,<nil>,234,<nil>
4226109272,<nil>,<nil>,<nil>,<nil>,<nil>,<nil>,<nil>,<nil>,845,<nil>
1999589209,<nil>,<nil>,<nil>,<nil>,<nil>,<nil>,<nil>,<nil>,399,<nil>
192368473,<nil>,<nil>,<nil>,<nil>,<nil>,<nil>,<nil>,<nil>,38,<nil>
2510311256,<nil>,<nil>,<nil>,<nil>,<nil>,<nil>,<nil>,<nil>,502,<nil>
431247193,<nil>,<nil>,<nil>,<nil>,<nil>,<nil>,<nil>,<nil>,86,<nil>
3405664101,<nil>,<nil>,<nil>,<nil>,<nil>,<nil>,<nil>,<nil>,681,<nil>
1678593880,<nil>,<nil>,<nil>,<nil>,<nil>,<nil>,<nil>,<nil>,335,<nil>
3895938905,<nil>,<nil>,<nil>,<nil>,<nil>,<nil>,<nil>,<nil>,779,<nil>
2977892352,<nil>,<nil>,<nil>,<nil>,<nil>,<nil>,<nil>,<nil>,595,<nil>
640157905,<nil>,<nil>,<nil>,<nil>,<nil>,<nil>,<nil>,<nil>,128,<nil>
2962181988,<nil>,<nil>,<nil>,<nil>,<nil>,<nil>,<nil>,<nil>,592,<nil>
1514360652,<nil>,<nil>,<nil>,<nil>,<nil>,<nil>,<nil>,<nil>,302,<nil>
4013838168,<nil>,<nil>,<nil>,<nil>,<nil>,<nil>,<nil>,<nil>,802,<nil>
2130857829,<nil>,<nil>,<nil>,<nil>,<nil>,<nil>,<nil>,<nil>,426,<nil>
535646028,<nil>,<nil>,<nil>,<nil>,<nil>,<nil>,<nil>,<nil>,107,<nil>
3026931532,<nil>,<nil>,<nil>,<nil>,<nil>,<nil>,<nil>,<nil>,605,<nil>
832308900,<nil>,<nil>,<nil>,<nil>,<nil>,<nil>,<nil>,<nil>,166,<nil>
3118026572,<nil>,<nil>,<nil>,<nil>,<nil>,<nil>,<nil>,<nil>,623,<nil>
1039093581,<nil>,<nil>,<nil>,<nil>,<nil>,<nil>,<nil>,<nil>,207,<nil>
3832827737,<nil>,<nil>,<nil>,<nil>,<nil>,<nil>,<nil>,<nil>,766,<nil>
2139639628,<nil>,<nil>,<nil>,<nil>,<nil>,<nil>,<nil>,<nil>,427,<nil>
366432089,<nil>,<nil>,<nil>,<nil>,<nil>,<nil>,<nil>,<nil>,73,<nil>
2708426585,<nil>,<nil>,<nil>,<nil>,<nil>,<nil>,<nil>,<nil>,541,<nil>
731205464,<nil>,<nil>,<nil>,<nil>,<nil>,<nil>,<nil>,<nil>,146,<nil>
3242020697,<nil>,<nil>,<nil>,<nil>,<nil>,<nil>,<nil>,<nil>,648,<nil>
1625444196,<nil>,<nil>,<nil>,<nil>,<nil>,<nil>,<nil>,<nil>,325,<nil>
4070002521,<nil>,<nil>,<nil>,<nil>,<nil>,<nil>,<nil>,<nil>,814,<nil>
2544914253,<nil>,<nil>,<nil>,<nil>,<nil>,<nil>,<nil>,<nil>,508,<nil>
1450102240,<nil>,<nil>,<nil>,<nil>,<nil>,<nil>,<nil>,<nil>,290,<nil>
3186821160,<nil>,<nil>,<nil>,<nil>,<nil>,<nil>,<nil>,<nil>,637,<nil>
1594886160,<nil>,<nil>,<nil>,<nil>,<nil>,<nil>,<nil>,<nil>,318,<nil>
4040249176,<nil>,<nil>,<nil>,<nil>,<nil>,<nil>,<nil>,<nil>,808,<nil>
1806913357,<nil>,<nil>,<nil>,<nil>,<nil>,<nil>,<nil>,<nil>,361,<nil>
733218816,<nil>,<nil>,<nil>,<nil>,<nil>,<nil>,<nil>,<nil>,146,<nil>
3356249944,<nil>,<nil>,<nil>,<nil>,<nil>,<nil>,<nil>,<nil>,671,<nil>
828002125,<nil>,<nil>,<nil>,<nil>,<nil>,<nil>,<nil>,<nil>,165,<nil>
3452718936,<nil>,<nil>,<nil>,<nil>,<nil>,<nil>,<nil>,<nil>,690,<nil>
1361989453,<nil>,<nil>,<nil>,<nil>,<nil>,<nil>,<nil>,<nil>,272,<nil>
4139142989,<nil>,<nil>,<nil>,<nil>,<nil>,<nil>,<nil>,<nil>,827,<nil>
2753646412,<nil>,<nil>,<nil>,<nil>,<nil>,<nil>,<nil>,<nil>,550,<nil>
531255117,<nil>,<nil>,<nil>,<nil>,<nil>,<nil>,<nil>,<nil>,106,<nil>
3369095013,<nil>,<nil>,<nil>,<nil>,<nil>,<nil>,<nil>,<nil>,673,<nil>
1427459966,<nil>,<nil>,<nil>,<nil>,<nil>,<nil>,<nil>,<nil>,285,<nil>
3564130137,<nil>,<nil>,<nil>,<nil>,<nil>,<nil>,<nil>,<nil>,712,<nil>
2081226749,<nil>,<nil>,<nil>,<nil>,<nil>,<nil>,<nil>,<nil>,416,<nil>
357453644,<nil>,<nil>,<nil>,<nil>,<nil>,<nil>,<nil>,<nil>,71,<nil>
2570669901,<nil>,<nil>,<nil>,<nil>,<nil>,<nil>,<nil>,<nil>,514,<nil>
1050103640,<nil>,<nil>,<nil>,<nil>,<nil>,<nil>,<nil>,<nil>,210,<nil>
3390263128,<nil>,<nil>,<nil>,<nil>,<nil>,<nil>,<nil>,<nil>,678,<nil>
1640091103,<nil>,<nil>,<nil>,<nil>,<nil>,<nil>,<nil>,<nil>,328,<nil>
3924578136,<nil>,<nil>,<nil>,<nil>,<nil>,<nil>,<nil>,<nil>,784,<nil>
2408009560,<nil>,<nil>,<nil>,<nil>,<nil>,<nil>,<nil>,<nil>,481,<nil>
531320677,<nil>,<nil>,<nil>,<nil>,<nil>,<nil>,<nil>,<nil>,106,<nil>
3229241164,<nil>,<nil>,<nil>,<nil>,<nil>,<nil>,<nil>,<nil>,645,<nil>
1452035929,<nil>,<nil>,<nil>,<nil>,<nil>,<nil>,<nil>,<nil>,290,<nil>
3797831513,<nil>,<nil>,<nil>,<nil>,<nil>,<nil>,<nil>,<nil>,759,<nil>
1967411032,<nil>,<nil>,<nil>,<nil>,<nil>,<nil>,<nil>,<nil>,393,<nil>
4185804633,<nil>,<nil>,<nil>,<nil>,<nil>,<nil>,<nil>,<nil>,837,<nil>
2418954084,<nil>,<nil>,<nil>,<nil>,<nil>,<nil>,<nil>,<nil>,483,<nil>
974016332,<nil>,<nil>,<nil>,<nil>,<nil>,<nil>,<nil>,<nil>,194,<nil>
3205189465,<nil>,<nil>,<nil>,<nil>,<nil>,<nil>,<nil>,<nil>,641,<nil>
2036541285,<nil>,<nil>,<nil>,<nil>,<nil>,<nil>,<nil>,<nil>,407,<nil>
4018079785,<nil>,<nil>,<nil>,<nil>,<nil>,<nil>,<nil>,<nil>,803,<nil>
2378369024,<nil>,<nil>,<nil>,<nil>,<nil>,<nil>,<nil>,<nil>,475,<nil>
101928792,<nil>,<nil>,<nil>,<nil>,<nil>,<nil>,<nil>,<nil>,20,<nil>
2601668429,<nil>,<nil>,<nil>,<nil>,<nil>,<nil>,<nil>,<nil>,520,<nil>
1143099236,<nil>,<nil>,<nil>,<nil>,<nil>,<nil>,<nil>,<nil>,228,<nil>
3857796952,<nil>,<nil>,<nil>,<nil>,<nil>,<nil>,<nil>,<nil>,771,<nil>
1906200408,<nil>,<nil>,<nil>,<nil>,<nil>,<nil>,<nil>,<nil>,381,<nil>
4088483660,<nil>,<nil>,<nil>,<nil>,<nil>,<nil>,<nil>,<nil>,817,<nil>
2575912780,<nil>,<nil>,<nil>,<nil>,<nil>,<nil>,<nil>,<nil>,515,<nil>
699682660,<nil>,<nil>,<nil>,<nil>,<nil>,<nil>,<nil>,<nil>,139,<nil>
3256700748,<nil>,<nil>,<nil>,<nil>,<nil>,<nil>,<nil>,<nil>,651,<nil>
1337610073,<nil>,<nil>,<nil>,<nil>,<nil>,<nil>,<nil>,<nil>,267,<nil>
322185062,<nil>,<nil>,<nil>,<nil>,<nil>,<nil>,<nil>,<nil>,64,<nil>
2148880244,<nil>,<nil>,<nil>,<nil>,<nil>,<nil>,<nil>,<nil>,429,<nil>
259149668,<nil>,<nil>,<nil>,<nil>,<nil>,<nil>,<nil>,<nil>,51,<nil>
2926772221,<nil>,<nil>,<nil>,<nil>,<nil>,<nil>,<nil>,<nil>,585,<nil>
745557849,<nil>,<nil>,<nil>,<nil>,<nil>,<nil>,<nil>,<nil>,149,<nil>
3658501965,<nil>,<nil>,<nil>,<nil>,<nil>,<nil>,<nil>,<nil>,731,<nil>
2272284492,<nil>,<nil>,<nil>,<nil>,<nil>,<nil>,<nil>,<nil>,454,<nil>
185814872,<nil>,<nil>,<nil>,<nil>,<nil>,<nil>,<nil>,<nil>,37,<nil>
2771013157,<nil>,<nil>,<nil>,<nil>,<nil>,<nil>,<nil>,<nil>,554,<nil>
572018520,<nil>,<nil>,<nil>,<nil>,<nil>,<nil>,<nil>,<nil>,114,<nil>
2629390157,<nil>,<nil>,<nil>,<nil>,<nil>,<nil>,<nil>,<nil>,525,<nil>
1271943001,<nil>,<nil>,<nil>,<nil>,<nil>,<nil>,<nil>,<nil>,254,<nil>
4181020504,<nil>,<nil>,<nil>,<nil>,<nil>,<nil>,<nil>,<nil>,836,<nil>
2445758309,<nil>,<nil>,<nil>,<nil>,<nil>,<nil>,<nil>,<nil>,489,<nil>
444747609,<nil>,<nil>,<nil>,<nil>,<nil>,<nil>,<nil>,<nil>,88,<nil>
2195148633,<nil>,<nil>,<nil>,<nil>,<nil>,<nil>,<nil>,<nil>,439,<nil>
671895373,<nil>,<nil>,<nil>,<nil>,<nil>,<nil>,<nil>,<nil>,134,<nil>
3431944012,<nil>,<nil>,<nil>,<nil>,<nil>,<nil>,<nil>,<nil>,686,<nil>
1364676441,<nil>,<nil>,<nil>,<nil>,<nil>,<nil>,<nil>,<nil>,272,<nil>
4280241997,<nil>,<nil>,<nil>,<nil>,<nil>,<nil>,<nil>,<nil>,856,<nil>
2938504169,<nil>,<nil>,<nil>,<nil>,<nil>,<nil>,<nil>,<nil>,587,<nil>
711460516,<nil>,<nil>,<nil>,<nil>,<nil>,<nil>,<nil>,<nil>,142,<nil>
3239334308,<nil>,<nil>,<nil>,<nil>,<nil>,<nil>,<nil>,<nil>,647,<nil>
921849689,<nil>,<nil>,<nil>,<nil>,<nil>,<nil>,<nil>,<nil>,184,<nil>
3689434957,<nil>,<nil>,<nil>,<nil>,<nil>,<nil>,<nil>,<nil>,737,<nil>
2167754584,<nil>,<nil>,<nil>,<nil>,<nil>,<nil>,<nil>,<nil>,433,<nil>
379408217,<nil>,<nil>,<nil>,<nil>,<nil>,<nil>,<nil>,<nil>,75,<nil>
2983546700,<nil>,<nil>,<nil>,<nil>,<nil>,<nil>,<nil>,<nil>,596,<nil>
746868568,<nil>,<nil>,<nil>,<nil>,<nil>,<nil>,<nil>,<nil>,149,<nil>
3382005592,<nil>,<nil>,<nil>,<nil>,<nil>,<nil>,<nil>,<nil>,676,<nil>
1494830949,<nil>,<nil>,<nil>,<nil>,<nil>,<nil>,<nil>,<nil>,298,<nil>
4063579992,<nil>,<nil>,<nil>,<nil>,<nil>,<nil>,<nil>,<nil>,812,<nil>
2120437581,<nil>,<nil>,<nil>,<nil>,<nil>,<nil>,<nil>,<nil>,424,<nil>
661344100,<nil>,<nil>,<nil>,<nil>,<nil>,<nil>,<nil>,<nil>,132,<nil>
2942259061,<nil>,<nil>,<nil>,<nil>,<nil>,<nil>,<nil>,<nil>,588,<nil>
994660173,<nil>,<nil>,<nil>,<nil>,<nil>,<nil>,<nil>,<nil>,198,<nil>
3347533657,<nil>,<nil>,<nil>,<nil>,<nil>,<nil>,<nil>,<nil>,669,<nil>
1812090712,<nil>,<nil>,<nil>,<nil>,<nil>,<nil>,<nil>,<nil>,362,<nil>
11554637,<nil>,<nil>,<nil>,<nil>,<nil>,<nil>,<nil>,<nil>,2,<nil>
3078246232,<nil>,<nil>,<nil>,<nil>,<nil>,<nil>,<nil>,<nil>,615,<nil>
1126977368,<nil>,<nil>,<nil>,<nil>,<nil>,<nil>,<nil>,<nil>,225,<nil>
3026997080,<nil>,<nil>,<nil>,<nil>,<nil>,<nil>,<nil>,<nil>,605,<nil>
1502367564,<nil>,<nil>,<nil>,<nil>,<nil>,<nil>,<nil>,<nil>,300,<nil>
3862712141,<nil>,<nil>,<nil>,<nil>,<nil>,<nil>,<nil>,<nil>,772,<nil>
2182958924,<nil>,<nil>,<nil>,<nil>,<nil>,<nil>,<nil>,<nil>,436,<nil>
681725784,<nil>,<nil>,<nil>,<nil>,<nil>,<nil>,<nil>,<nil>,136,<nil>
3041283929,<nil>,<nil>,<nil>,<nil>,<nil>,<nil>,<nil>,<nil>,608,<nil>
1147162474,<nil>,<nil>,<nil>,<nil>,<nil>,<nil>,<nil>,<nil>,229,<nil>
3274657613,<nil>,<nil>,<nil>,<nil>,<nil>,<nil>,<nil>,<nil>,654,<nil>
1674530661,<nil>,<nil>,<nil>,<nil>,<nil>,<nil>,<nil>,<nil>,334,<nil>
4238298968,<nil>,<nil>,<nil>,<nil>,<nil>,<nil>,<nil>,<nil>,847,<nil>
2439401293,<nil>,<nil>,<nil>,<nil>,<nil>,<nil>,<nil>,<nil>,487,<nil>
1055149900,<nil>,<nil>,<nil>,<nil>,<nil>,<nil>,<nil>,<nil>,211,<nil>
3761252212,<nil>,<nil>,<nil>,<nil>,<nil>,<nil>,<nil>,<nil>,752,<nil>
1287587880,<nil>,<nil>,<nil>,<nil>,<nil>,<nil>,<nil>,<nil>,257,<nil>
3569897317,<nil>,<nil>,<nil>,<nil>,<nil>,<nil>,<nil>,<nil>,713,<nil>
1839222616,<nil>,<nil>,<nil>,<nil>,<nil>,<nil>,<nil>,<nil>,367,<nil>
312692556,<nil>,<nil>,<nil>,<nil>,<nil>,<nil>,<nil>,<nil>,62,<nil>
2685292377,<nil>,<nil>,<nil>,<nil>,<nil>,<nil>,<nil>,<nil>,537,<nil>
782126949,<nil>,<nil>,<nil>,<nil>,<nil>,<nil>,<nil>,<nil>,156,<nil>
3189133132,<nil>,<nil>,<nil>,<nil>,<nil>,<nil>,<nil>,<nil>,637,<nil>
1474431072,<nil>,<nil>,<nil>,<nil>,<nil>,<nil>,<nil>,<nil>,294,<nil>
3508359012,<nil>,<nil>,<nil>,<nil>,<nil>,<nil>,<nil>,<nil>,701,<nil>
2207207244,<nil>,<nil>,<nil>,<nil>,<nil>,<nil>,<nil>,<nil>,441,<nil>
3996864345,<nil>,<nil>,<nil>,<nil>,<nil>,<nil>,<nil>,<nil>,799,<nil>
2744209228,<nil>,<nil>,<nil>,<nil>,<nil>,<nil>,<nil>,<nil>,548,<nil>
1229213516,<nil>,<nil>,<nil>,<nil>,<nil>,<nil>,<nil>,<nil>,245,<nil>
3153678157,<nil>,<nil>,<nil>,<nil>,<nil>,<nil>,<nil>,<nil>,630,<nil>
1175473996,<nil>,<nil>,<nil>,<nil>,<nil>,<nil>,<nil>,<nil>,235,<nil>
3676131160,<nil>,<nil>,<nil>,<nil>,<nil>,<nil>,<nil>,<nil>,735,<nil>
1596804953,<nil>,<nil>,<nil>,<nil>,<nil>,<nil>,<nil>,<nil>,319,<nil>
4085862233,<nil>,<nil>,<nil>,<nil>,<nil>,<nil>,<nil>,<nil>,817,<nil>
2996766720,<nil>,<nil>,<nil>,<nil>,<nil>,<nil>,<nil>,<nil>,599,<nil>
1317490508,<nil>,<nil>,<nil>,<nil>,<nil>,<nil>,<nil>,<nil>,263,<nil>
3525726040,<nil>,<nil>,<nil>,<nil>,<nil>,<nil>,<nil>,<nil>,705,<nil>
1265520460,<nil>,<nil>,<nil>,<nil>,<nil>,<nil>,<nil>,<nil>,253,<nil>
3764801368,<nil>,<nil>,<nil>,<nil>,<nil>,<nil>,<nil>,<nil>,752,<nil>
1529171789,<nil>,<nil>,<nil>,<nil>,<nil>,<nil>,<nil>,<nil>,305,<nil>
76894058,<nil>,<nil>,<nil>,<nil>,<nil>,<nil>,<nil>,<nil>,15,<nil>
2786217816,<nil>,<nil>,<nil>,<nil>,<nil>,<nil>,<nil>,<nil>,557,<nil>
843140941,<nil>,<nil>,<nil>,<nil>,<nil>,<nil>,<nil>,<nil>,168,<nil>
3183890253,<nil>,<nil>,<nil>,<nil>,<nil>,<nil>,<nil>,<nil>,636,<nil>
1513770840,<nil>,<nil>,<nil>,<nil>,<nil>,<nil>,<nil>,<nil>,302,<nil>
3422441293,<nil>,<nil>,<nil>,<nil>,<nil>,<nil>,<nil>,<nil>,684,<nil>
2113490789,<nil>,<nil>,<nil>,<nil>,<nil>,<nil>,<nil>,<nil>,422,<nil>
375541580,<nil>,<nil>,<nil>,<nil>,<nil>,<nil>,<nil>,<nil>,75,<nil>
2739228493,<nil>,<nil>,<nil>,<nil>,<nil>,<nil>,<nil>,<nil>,547,<nil>
1708591264,<nil>,<nil>,<nil>,<nil>,<nil>,<nil>,<nil>,<nil>,341,<nil>
3566554957,<nil>,<nil>,<nil>,<nil>,<nil>,<nil>,<nil>,<nil>,713,<nil>
1330532185,<nil>,<nil>,<nil>,<nil>,<nil>,<nil>,<nil>,<nil>,266,<nil>
3818868569,<nil>,<nil>,<nil>,<nil>,<nil>,<nil>,<nil>,<nil>,763,<nil>
2418626380,<nil>,<nil>,<nil>,<nil>,<nil>,<nil>,<nil>,<nil>,483,<nil>
193089357,<nil>,<nil>,<nil>,<nil>,<nil>,<nil>,<nil>,<nil>,38,<nil>
3130609497,<nil>,<nil>,<nil>,<nil>,<nil>,<nil>,<nil>,<nil>,626,<nil>
1660881056,<nil>,<nil>,<nil>,<nil>,<nil>,<nil>,<nil>,<nil>,332,<nil>
3613526056,<nil>,<nil>,<nil>,<nil>,<nil>,<nil>,<nil>,<nil>,722,<nil>
1613975397,<nil>,<nil>,<nil>,<nil>,<nil>,<nil>,<nil>,<nil>,322,<nil>
3906883417,<nil>,<nil>,<nil>,<nil>,<nil>,<nil>,<nil>,<nil>,781,<nil>
2359840588,<nil>,<nil>,<nil>,<nil>,<nil>,<nil>,<nil>,<nil>,471,<nil>
425021261,<nil>,<nil>,<nil>,<nil>,<nil>,<nil>,<nil>,<nil>,85,<nil>
3627044684,<nil>,<nil>,<nil>,<nil>,<nil>,<nil>,<nil>,<nil>,725,<nil>
1814220255,<nil>,<nil>,<nil>,<nil>,<nil>,<nil>,<nil>,<nil>,362,<nil>
3813410912,<nil>,<nil>,<nil>,<nil>,<nil>,<nil>,<nil>,<nil>,762,<nil>
1996818448,<nil>,<nil>,<nil>,<nil>,<nil>,<nil>,<nil>,<nil>,399,<nil>
251547468,<nil>,<nil>,<nil>,<nil>,<nil>,<nil>,<nil>,<nil>,50,<nil>
2188070745,<nil>,<nil>,<nil>,<nil>,<nil>,<nil>,<nil>,<nil>,437,<nil>
670846809,<nil>,<nil>,<nil>,<nil>,<nil>,<nil>,<nil>,<nil>,134,<nil>
3421458252,<nil>,<nil>,<nil>,<nil>,<nil>,<nil>,<nil>,<nil>,684,<nil>
1776242520,<nil>,<nil>,<nil>,<nil>,<nil>,<nil>,<nil>,<nil>,355,<nil>
4065677322,<nil>,<nil>,<nil>,<nil>,<nil>,<nil>,<nil>,<nil>,813,<nil>
1856261964,<nil>,<nil>,<nil>,<nil>,<nil>,<nil>,<nil>,<nil>,371,<nil>
68439885,<nil>,<nil>,<nil>,<nil>,<nil>,<nil>,<nil>,<nil>,13,<nil>
2567851865,<nil>,<nil>,<nil>,<nil>,<nil>,<nil>,<nil>,<nil>,513,<nil>
1182551896,<nil>,<nil>,<nil>,<nil>,<nil>,<nil>,<nil>,<nil>,236,<nil>
3106099033,<nil>,<nil>,<nil>,<nil>,<nil>,<nil>,<nil>,<nil>,621,<nil>
1139822413,<nil>,<nil>,<nil>,<nil>,<nil>,<nil>,<nil>,<nil>,227,<nil>
3604827980,<nil>,<nil>,<nil>,<nil>,<nil>,<nil>,<nil>,<nil>,720,<nil>
2104577880,<nil>,<nil>,<nil>,<nil>,<nil>,<nil>,<nil>,<nil>,420,<nil>
9195341,<nil>,<nil>,<nil>,<nil>,<nil>,<nil>,<nil>,<nil>,1,<nil>
2737065515,<nil>,<nil>,<nil>,<nil>,<nil>,<nil>,<nil>,<nil>,547,<nil>
830885720,<nil>,<nil>,<nil>,<nil>,<nil>,<nil>,<nil>,<nil>,166,<nil>
3473035085,<nil>,<nil>,<nil>,<nil>,<nil>,<nil>,<nil>,<nil>,694,<nil>
1387089753,<nil>,<nil>,<nil>,<nil>,<nil>,<nil>,<nil>,<nil>,277,<nil>
3558362968,<nil>,<nil>,<nil>,<nil>,<nil>,<nil>,<nil>,<nil>,711,<nil>
1762479949,<nil>,<nil>,<nil>,<nil>,<nil>,<nil>,<nil>,<nil>,352,<nil>
97210189,<nil>,<nil>,<nil>,<nil>,<nil>,<nil>,<nil>,<nil>,19,<nil>
3164163928,<nil>,<nil>,<nil>,<nil>,<nil>,<nil>,<nil>,<nil>,632,<nil>
783437645,<nil>,<nil>,<nil>,<nil>,<nil>,<nil>,<nil>,<nil>,156,<nil>
4022274048,<nil>,<nil>,<nil>,<nil>,<nil>,<nil>,<nil>,<nil>,804,<nil>
1679773566,<nil>,<nil>,<nil>,<nil>,<nil>,<nil>,<nil>,<nil>,335,<nil>
3816574809,<nil>,<nil>,<nil>,<nil>,<nil>,<nil>,<nil>,<nil>,763,<nil>
2057523044,<nil>,<nil>,<nil>,<nil>,<nil>,<nil>,<nil>,<nil>,411,<nil>
179392344,<nil>,<nil>,<nil>,<nil>,<nil>,<nil>,<nil>,<nil>,35,<nil>
2531610445,<nil>,<nil>,<nil>,<nil>,<nil>,<nil>,<nil>,<nil>,506,<nil>
1174556505,<nil>,<nil>,<nil>,<nil>,<nil>,<nil>,<nil>,<nil>,234,<nil>
4123526120,<nil>,<nil>,<nil>,<nil>,<nil>,<nil>,<nil>,<nil>,824,<nil>
1899285983,<nil>,<nil>,<nil>,<nil>,<nil>,<nil>,<nil>,<nil>,379,<nil>
115429696,<nil>,<nil>,<nil>,<nil>,<nil>,<nil>,<nil>,<nil>,23,<nil>
2211598156,<nil>,<nil>,<nil>,<nil>,<nil>,<nil>,<nil>,<nil>,442,<nil>
291655513,<nil>,<nil>,<nil>,<nil>,<nil>,<nil>,<nil>,<nil>,58,<nil>
3069071193,<nil>,<nil>,<nil>,<nil>,<nil>,<nil>,<nil>,<nil>,613,<nil>
1380339532,<nil>,<nil>,<nil>,<nil>,<nil>,<nil>,<nil>,<nil>,276,<nil>
3731902296,<nil>,<nil>,<nil>,<nil>,<nil>,<nil>,<nil>,<nil>,746,<nil>
2114455215,<nil>,<nil>,<nil>,<nil>,<nil>,<nil>,<nil>,<nil>,422,<nil>
87293951,<nil>,<nil>,<nil>,<nil>,<nil>,<nil>,<nil>,<nil>,17,<nil>
2602127192,<nil>,<nil>,<nil>,<nil>,<nil>,<nil>,<nil>,<nil>,520,<nil>
221925197,<nil>,<nil>,<nil>,<nil>,<nil>,<nil>,<nil>,<nil>,44,<nil>
3431598080,<nil>,<nil>,<nil>,<nil>,<nil>,<nil>,<nil>,<nil>,686,<nil>
1343639373,<nil>,<nil>,<nil>,<nil>,<nil>,<nil>,<nil>,<nil>,268,<nil>
3820965720,<nil>,<nil>,<nil>,<nil>,<nil>,<nil>,<nil>,<nil>,764,<nil>
1707953996,<nil>,<nil>,<nil>,<nil>,<nil>,<nil>,<nil>,<nil>,341,<nil>
4195962700,<nil>,<nil>,<nil>,<nil>,<nil>,<nil>,<nil>,<nil>,839,<nil>
2418167641,<nil>,<nil>,<nil>,<nil>,<nil>,<nil>,<nil>,<nil>,483,<nil>
663900004,<nil>,<nil>,<nil>,<nil>,<nil>,<nil>,<nil>,<nil>,132,<nil>
3522776920,<nil>,<nil>,<nil>,<nil>,<nil>,<nil>,<nil>,<nil>,704,<nil>
1440042841,<nil>,<nil>,<nil>,<nil>,<nil>,<nil>,<nil>,<nil>,288,<nil>
3932770137,<nil>,<nil>,<nil>,<nil>,<nil>,<nil>,<nil>,<nil>,786,<nil>
2103005016,<nil>,<nil>,<nil>,<nil>,<nil>,<nil>,<nil>,<nil>,420,<nil>
4284370764,<nil>,<nil>,<nil>,<nil>,<nil>,<nil>,<nil>,<nil>,856,<nil>
2555531109,<nil>,<nil>,<nil>,<nil>,<nil>,<nil>,<nil>,<nil>,511,<nil>
670060364,<nil>,<nil>,<nil>,<nil>,<nil>,<nil>,<nil>,<nil>,134,<nil>
3329576781,<nil>,<nil>,<nil>,<nil>,<nil>,<nil>,<nil>,<nil>,665,<nil>
1664175949,<nil>,<nil>,<nil>,<nil>,<nil>,<nil>,<nil>,<nil>,332,<nil>
4077932414,<nil>,<nil>,<nil>,<nil>,<nil>,<nil>,<nil>,<nil>,815,<nil>
1465208653,<nil>,<nil>,<nil>,<nil>,<nil>,<nil>,<nil>,<nil>,293,<nil>
4249898829,<nil>,<nil>,<nil>,<nil>,<nil>,<nil>,<nil>,<nil>,849,<nil>
2892564480,<nil>,<nil>,<nil>,<nil>,<nil>,<nil>,<nil>,<nil>,578,<nil>
915361624,<nil>,<nil>,<nil>,<nil>,<nil>,<nil>,<nil>,<nil>,183,<nil>
3123138381,<nil>,<nil>,<nil>,<nil>,<nil>,<nil>,<nil>,<nil>,624,<nil>
2083063824,<nil>,<nil>,<nil>,<nil>,<nil>,<nil>,<nil>,<nil>,416,<nil>
4028893393,<nil>,<nil>,<nil>,<nil>,<nil>,<nil>,<nil>,<nil>,805,<nil>
2008764249,<nil>,<nil>,<nil>,<nil>,<nil>,<nil>,<nil>,<nil>,401,<nil>
328421208,<nil>,<nil>,<nil>,<nil>,<nil>,<nil>,<nil>,<nil>,65,<nil>
2960412504,<nil>,<nil>,<nil>,<nil>,<nil>,<nil>,<nil>,<nil>,592,<nil>
1220038500,<nil>,<nil>,<nil>,<nil>,<nil>,<nil>,<nil>,<nil>,244,<nil>
3789639512,<nil>,<nil>,<nil>,<nil>,<nil>,<nil>,<nil>,<nil>,757,<nil>
1835355992,<nil>,<nil>,<nil>,<nil>,<nil>,<nil>,<nil>,<nil>,367,<nil>
4264495200,<nil>,<nil>,<nil>,<nil>,<nil>,<nil>,<nil>,<nil>,852,<nil>
2076856152,<nil>,<nil>,<nil>,<nil>,<nil>,<nil>,<nil>,<nil>,415,<nil>
704925528,<nil>,<nil>,<nil>,<nil>,<nil>,<nil>,<nil>,<nil>,140,<nil>
3058519885,<nil>,<nil>,<nil>,<nil>,<nil>,<nil>,<nil>,<nil>,611,<nil>
1543702528,<nil>,<nil>,<nil>,<nil>,<nil>,<nil>,<nil>,<nil>,308,<nil>
3595063117,<nil>,<nil>,<nil>,<nil>,<nil>,<nil>,<nil>,<nil>,719,<nil>
2218479448,<nil>,<nil>,<nil>,<nil>,<nil>,<nil>,<nil>,<nil>,443,<nil>
74582235,<nil>,<nil>,<nil>,<nil>,<nil>,<nil>,<nil>,<nil>,14,<nil>
2446348108,<nil>,<nil>,<nil>,<nil>,<nil>,<nil>,<nil>,<nil>,489,<nil>
86396761,<nil>,<nil>,<nil>,<nil>,<nil>,<nil>,<nil>,<nil>,17,<nil>
3126677324,<nil>,<nil>,<nil>,<nil>,<nil>,<nil>,<nil>,<nil>,625,<nil>
1332039512,<nil>,<nil>,<nil>,<nil>,<nil>,<nil>,<nil>,<nil>,266,<nil>
3683274573,<nil>,<nil>,<nil>,<nil>,<nil>,<nil>,<nil>,<nil>,736,<nil>
2159759192,<nil>,<nil>,<nil>,<nil>,<nil>,<nil>,<nil>,<nil>,431,<nil>
4194848588,<nil>,<nil>,<nil>,<nil>,<nil>,<nil>,<nil>,<nil>,838,<nil>
2534166348,<nil>,<nil>,<nil>,<nil>,<nil>,<nil>,<nil>,<nil>,506,<nil>
161828685,<nil>,<nil>,<nil>,<nil>,<nil>,<nil>,<nil>,<nil>,32,<nil>
2859028330,<nil>,<nil>,<nil>,<nil>,<nil>,<nil>,<nil>,<nil>,571,<nil>
1555058508,<nil>,<nil>,<nil>,<nil>,<nil>,<nil>,<nil>,<nil>,311,<nil>
19466376,<nil>,<nil>,<nil>,<nil>,<nil>,<nil>,<nil>,<nil>,3,<nil>
2124959577,<nil>,<nil>,<nil>,<nil>,<nil>,<nil>,<nil>,<nil>,424,<nil>
4013051725,<nil>,<nil>,<nil>,<nil>,<nil>,<nil>,<nil>,<nil>,802,<nil>
2204520269,<nil>,<nil>,<nil>,<nil>,<nil>,<nil>,<nil>,<nil>,440,<nil>
668946252,<nil>,<nil>,<nil>,<nil>,<nil>,<nil>,<nil>,<nil>,133,<nil>
3312734040,<nil>,<nil>,<nil>,<nil>,<nil>,<nil>,<nil>,<nil>,662,<nil>
1654214488,<nil>,<nil>,<nil>,<nil>,<nil>,<nil>,<nil>,<nil>,330,<nil>
4003680077,<nil>,<nil>,<nil>,<nil>,<nil>,<nil>,<nil>,<nil>,800,<nil>
2125221758,<nil>,<nil>,<nil>,<nil>,<nil>,<nil>,<nil>,<nil>,425,<nil>
3965538137,<nil>,<nil>,<nil>,<nil>,<nil>,<nil>,<nil>,<nil>,793,<nil>
2293452621,<nil>,<nil>,<nil>,<nil>,<nil>,<nil>,<nil>,<nil>,458,<nil>
953362280,<nil>,<nil>,<nil>,<nil>,<nil>,<nil>,<nil>,<nil>,190,<nil>
3390066508,<nil>,<nil>,<nil>,<nil>,<nil>,<nil>,<nil>,<nil>,678,<nil>
1606242125,<nil>,<nil>,<nil>,<nil>,<nil>,<nil>,<nil>,<nil>,321,<nil>
157485072,<nil>,<nil>,<nil>,<nil>,<nil>,<nil>,<nil>,<nil>,31,<nil>
2066483408,<nil>,<nil>,<nil>,<nil>,<nil>,<nil>,<nil>,<nil>,413,<nil>
4054536025,<nil>,<nil>,<nil>,<nil>,<nil>,<nil>,<nil>,<nil>,810,<nil>
2505527116,<nil>,<nil>,<nil>,<nil>,<nil>,<nil>,<nil>,<nil>,501,<nil>
858214232,<nil>,<nil>,<nil>,<nil>,<nil>,<nil>,<nil>,<nil>,171,<nil>
3209908045,<nil>,<nil>,<nil>,<nil>,<nil>,<nil>,<nil>,<nil>,641,<nil>
1605324644,<nil>,<nil>,<nil>,<nil>,<nil>,<nil>,<nil>,<nil>,321,<nil>
4162867020,<nil>,<nil>,<nil>,<nil>,<nil>,<nil>,<nil>,<nil>,832,<nil>
2366114011,<nil>,<nil>,<nil>,<nil>,<nil>,<nil>,<nil>,<nil>,473,<nil>
41111397,<nil>,<nil>,<nil>,<nil>,<nil>,<nil>,<nil>,<nil>,8,<nil>
3033419596,<nil>,<nil>,<nil>,<nil>,<nil>,<nil>,<nil>,<nil>,606,<nil>
528306009,<nil>,<nil>,<nil>,<nil>,<nil>,<nil>,<nil>,<nil>,105,<nil>
3582414680,<nil>,<nil>,<nil>,<nil>,<nil>,<nil>,<nil>,<nil>,716,<nil>
2202554188,<nil>,<nil>,<nil>,<nil>,<nil>,<nil>,<nil>,<nil>,440,<nil>
115887960,<nil>,<nil>,<nil>,<nil>,<nil>,<nil>,<nil>,<nil>,23,<nil>
2001751884,<nil>,<nil>,<nil>,<nil>,<nil>,<nil>,<nil>,<nil>,400,<nil>
490426188,<nil>,<nil>,<nil>,<nil>,<nil>,<nil>,<nil>,<nil>,98,<nil>
2705411917,<nil>,<nil>,<nil>,<nil>,<nil>,<nil>,<nil>,<nil>,541,<nil>
910708569,<nil>,<nil>,<nil>,<nil>,<nil>,<nil>,<nil>,<nil>,182,<nil>
3511766860,<nil>,<nil>,<nil>,<nil>,<nil>,<nil>,<nil>,<nil>,702,<nil>
1727549261,<nil>,<nil>,<nil>,<nil>,<nil>,<nil>,<nil>,<nil>,345,<nil>
4080881497,<nil>,<nil>,<nil>,<nil>,<nil>,<nil>,<nil>,<nil>,816,<nil>
2103463768,<nil>,<nil>,<nil>,<nil>,<nil>,<nil>,<nil>,<nil>,420,<nil>
12472141,<nil>,<nil>,<nil>,<nil>,<nil>,<nil>,<nil>,<nil>,2,<nil>
2658684761,<nil>,<nil>,<nil>,<nil>,<nil>,<nil>,<nil>,<nil>,531,<nil>
1271680856,<nil>,<nil>,<nil>,<nil>,<nil>,<nil>,<nil>,<nil>,254,<nil>
4051914584,<nil>,<nil>,<nil>,<nil>,<nil>,<nil>,<nil>,<nil>,810,<nil>
1959415629,<nil>,<nil>,<nil>,<nil>,<nil>,<nil>,<nil>,<nil>,391,<nil>
157306701,<nil>,<nil>,<nil>,<nil>,<nil>,<nil>,<nil>,<nil>,31,<nil>
2057457485,<nil>,<nil>,<nil>,<nil>,<nil>,<nil>,<nil>,<nil>,411,<nil>
395923277,<nil>,<nil>,<nil>,<nil>,<nil>,<nil>,<nil>,<nil>,79,<nil>
3156037452,<nil>,<nil>,<nil>,<nil>,<nil>,<nil>,<nil>,<nil>,631,<nil>
1504071512,<nil>,<nil>,<nil>,<nil>,<nil>,<nil>,<nil>,<nil>,300,<nil>
3858321229,<nil>,<nil>,<nil>,<nil>,<nil>,<nil>,<nil>,<nil>,771,<nil>
2549032809,<nil>,<nil>,<nil>,<nil>,<nil>,<nil>,<nil>,<nil>,509,<nil>
109793113,<nil>,<nil>,<nil>,<nil>,<nil>,<nil>,<nil>,<nil>,21,<nil>
2292731725,<nil>,<nil>,<nil>,<nil>,<nil>,<nil>,<nil>,<nil>,458,<nil>
349523801,<nil>,<nil>,<nil>,<nil>,<nil>,<nil>,<nil>,<nil>,69,<nil>
3391508300,<nil>,<nil>,<nil>,<nil>,<nil>,<nil>,<nil>,<nil>,678,<nil>
1030442841,<nil>,<nil>,<nil>,<nil>,<nil>,<nil>,<nil>,<nil>,206,<nil>
3945418573,<nil>,<nil>,<nil>,<nil>,<nil>,<nil>,<nil>,<nil>,789,<nil>
2464548864,<nil>,<nil>,<nil>,<nil>,<nil>,<nil>,<nil>,<nil>,492,<nil>
124407653,<nil>,<nil>,<nil>,<nil>,<nil>,<nil>,<nil>,<nil>,24,<nil>
2838693888,<nil>,<nil>,<nil>,<nil>,<nil>,<nil>,<nil>,<nil>,567,<nil>
438718297,<nil>,<nil>,<nil>,<nil>,<nil>,<nil>,<nil>,<nil>,87,<nil>
3197587288,<nil>,<nil>,<nil>,<nil>,<nil>,<nil>,<nil>,<nil>,639,<nil>
1397378893,<nil>,<nil>,<nil>,<nil>,<nil>,<nil>,<nil>,<nil>,279,<nil>
305614668,<nil>,<nil>,<nil>,<nil>,<nil>,<nil>,<nil>,<nil>,61,<nil>
2355384140,<nil>,<nil>,<nil>,<nil>,<nil>,<nil>,<nil>,<nil>,471,<nil>
619466762,<nil>,<nil>,<nil>,<nil>,<nil>,<nil>,<nil>,<nil>,123,<nil>
2593345356,<nil>,<nil>,<nil>,<nil>,<nil>,<nil>,<nil>,<nil>,518,<nil>
674254681,<nil>,<nil>,<nil>,<nil>,<nil>,<nil>,<nil>,<nil>,134,<nil>
3360051050,<nil>,<nil>,<nil>,<nil>,<nil>,<nil>,<nil>,<nil>,672,<nil>
1626820440,<nil>,<nil>,<nil>,<nil>,<nil>,<nil>,<nil>,<nil>,325,<nil>
3978841933,<nil>,<nil>,<nil>,<nil>,<nil>,<nil>,<nil>,<nil>,795,<nil>
2320781133,<nil>,<nil>,<nil>,<nil>,<nil>,<nil>,<nil>,<nil>,464,<nil>
501043032,<nil>,<nil>,<nil>,<nil>,<nil>,<nil>,<nil>,<nil>,100,<nil>
2410762061,<nil>,<nil>,<nil>,<nil>,<nil>,<nil>,<nil>,<nil>,482,<nil>
1101483877,<nil>,<nil>,<nil>,<nil>,<nil>,<nil>,<nil>,<nil>,220,<nil>
3659353932,<nil>,<nil>,<nil>,<nil>,<nil>,<nil>,<nil>,<nil>,731,<nil>
1739345753,<nil>,<nil>,<nil>,<nil>,<nil>,<nil>,<nil>,<nil>,347,<nil>
270290789,<nil>,<nil>,<nil>,<nil>,<nil>,<nil>,<nil>,<nil>,54,<nil>
2472038250,<nil>,<nil>,<nil>,<nil>,<nil>,<nil>,<nil>,<nil>,494,<nil>
590106456,<nil>,<nil>,<nil>,<nil>,<nil>,<nil>,<nil>,<nil>,118,<nil>
2794737485,<nil>,<nil>,<nil>,<nil>,<nil>,<nil>,<nil>,<nil>,558,<nil>
1445922816,<nil>,<nil>,<nil>,<nil>,<nil>,<nil>,<nil>,<nil>,289,<nil>
3745009484,<nil>,<nil>,<nil>,<nil>,<nil>,<nil>,<nil>,<nil>,749,<nil>
2097237848,<nil>,<nil>,<nil>,<nil>,<nil>,<nil>,<nil>,<nil>,419,<nil>
211767141,<nil>,<nil>,<nil>,<nil>,<nil>,<nil>,<nil>,<nil>,42,<nil>
2562740094,<nil>,<nil>,<nil>,<nil>,<nil>,<nil>,<nil>,<nil>,512,<nil>
519130956,<nil>,<nil>,<nil>,<nil>,<nil>,<nil>,<nil>,<nil>,103,<nil>
2894352217,<nil>,<nil>,<nil>,<nil>,<nil>,<nil>,<nil>,<nil>,578,<nil>
1052790604,<nil>,<nil>,<nil>,<nil>,<nil>,<nil>,<nil>,<nil>,210,<nil>
3708440397,<nil>,<nil>,<nil>,<nil>,<nil>,<nil>,<nil>,<nil>,741,<nil>
2061848409,<nil>,<nil>,<nil>,<nil>,<nil>,<nil>,<nil>,<nil>,412,<nil>
819252704,<nil>,<nil>,<nil>,<nil>,<nil>,<nil>,<nil>,<nil>,163,<nil>
2554464296,<nil>,<nil>,<nil>,<nil>,<nil>,<nil>,<nil>,<nil>,510,<nil>
543051621,<nil>,<nil>,<nil>,<nil>,<nil>,<nil>,<nil>,<nil>,108,<nil>
3096465228,<nil>,<nil>,<nil>,<nil>,<nil>,<nil>,<nil>,<nil>,619,<nil>
1141591884,<nil>,<nil>,<nil>,<nil>,<nil>,<nil>,<nil>,<nil>,228,<nil>
3369488217,<nil>,<nil>,<nil>,<nil>,<nil>,<nil>,<nil>,<nil>,673,<nil>
2047627108,<nil>,<nil>,<nil>,<nil>,<nil>,<nil>,<nil>,<nil>,409,<nil>
729664992,<nil>,<nil>,<nil>,<nil>,<nil>,<nil>,<nil>,<nil>,145,<nil>
2725957088,<nil>,<nil>,<nil>,<nil>,<nil>,<nil>,<nil>,<nil>,545,<nil>
893257744,<nil>,<nil>,<nil>,<nil>,<nil>,<nil>,<nil>,<nil>,178,<nil>
2901692248,<nil>,<nil>,<nil>,<nil>,<nil>,<nil>,<nil>,<nil>,580,<nil>
1105874765,<nil>,<nil>,<nil>,<nil>,<nil>,<nil>,<nil>,<nil>,221,<nil>
3895938905,<nil>,<nil>,<nil>,<nil>,<nil>,<nil>,<nil>,<nil>,779,<nil>
2070368088,<nil>,<nil>,<nil>,<nil>,<nil>,<nil>,<nil>,<nil>,414,<nil>
115953496,<nil>,<nil>,<nil>,<nil>,<nil>,<nil>,<nil>,<nil>,23,<nil>
2907637423,<nil>,<nil>,<nil>,<nil>,<nil>,<nil>,<nil>,<nil>,581,<nil>
502484824,<nil>,<nil>,<nil>,<nil>,<nil>,<nil>,<nil>,<nil>,100,<nil>
2854178637,<nil>,<nil>,<nil>,<nil>,<nil>,<nil>,<nil>,<nil>,570,<nil>
1195528013,<nil>,<nil>,<nil>,<nil>,<nil>,<nil>,<nil>,<nil>,239,<nil>
3966259032,<nil>,<nil>,<nil>,<nil>,<nil>,<nil>,<nil>,<nil>,793,<nil>
2324975449,<nil>,<nil>,<nil>,<nil>,<nil>,<nil>,<nil>,<nil>,464,<nil>
68636493,<nil>,<nil>,<nil>,<nil>,<nil>,<nil>,<nil>,<nil>,13,<nil>
2681753420,<nil>,<nil>,<nil>,<nil>,<nil>,<nil>,<nil>,<nil>,536,<nil>
874205004,<nil>,<nil>,<nil>,<nil>,<nil>,<nil>,<nil>,<nil>,174,<nil>
3380236109,<nil>,<nil>,<nil>,<nil>,<nil>,<nil>,<nil>,<nil>,676,<nil>
1555124044,<nil>,<nil>,<nil>,<nil>,<nil>,<nil>,<nil>,<nil>,311,<nil>
53694296,<nil>,<nil>,<nil>,<nil>,<nil>,<nil>,<nil>,<nil>,10,<nil>
2255638349,<nil>,<nil>,<nil>,<nil>,<nil>,<nil>,<nil>,<nil>,451,<nil>
463818585,<nil>,<nil>,<nil>,<nil>,<nil>,<nil>,<nil>,<nil>,92,<nil>
2362462041,<nil>,<nil>,<nil>,<nil>,<nil>,<nil>,<nil>,<nil>,472,<nil>
397233997,<nil>,<nil>,<nil>,<nil>,<nil>,<nil>,<nil>,<nil>,79,<nil>
3761506304,<nil>,<nil>,<nil>,<nil>,<nil>,<nil>,<nil>,<nil>,752,<nil>
1655525208,<nil>,<nil>,<nil>,<nil>,<nil>,<nil>,<nil>,<nil>,331,<nil>
4167389017,<nil>,<nil>,<nil>,<nil>,<nil>,<nil>,<nil>,<nil>,833,<nil>
2552254309,<nil>,<nil>,<nil>,<nil>,<nil>,<nil>,<nil>,<nil>,510,<nil>
535121780,<nil>,<nil>,<nil>,<nil>,<nil>,<nil>,<nil>,<nil>,107,<nil>
2870824792,<nil>,<nil>,<nil>,<nil>,<nil>,<nil>,<nil>,<nil>,574,<nil>
781143885,<nil>,<nil>,<nil>,<nil>,<nil>,<nil>,<nil>,<nil>,156,<nil>
3392163660,<nil>,<nil>,<nil>,<nil>,<nil>,<nil>,<nil>,<nil>,678,<nil>
1877102412,<nil>,<nil>,<nil>,<nil>,<nil>,<nil>,<nil>,<nil>,375,<nil>
3813166937,<nil>,<nil>,<nil>,<nil>,<nil>,<nil>,<nil>,<nil>,762,<nil>
2893613056,<nil>,<nil>,<nil>,<nil>,<nil>,<nil>,<nil>,<nil>,578,<nil>
558237905,<nil>,<nil>,<nil>,<nil>,<nil>,<nil>,<nil>,<nil>,111,<nil>
2882228068,<nil>,<nil>,<nil>,<nil>,<nil>,<nil>,<nil>,<nil>,576,<nil>
1004425048,<nil>,<nil>,<nil>,<nil>,<nil>,<nil>,<nil>,<nil>,200,<nil>
3639955288,<nil>,<nil>,<nil>,<nil>,<nil>,<nil>,<nil>,<nil>,727,<nil>
1840271181,<nil>,<nil>,<nil>,<nil>,<nil>,<nil>,<nil>,<nil>,368,<nil>
93736804,<nil>,<nil>,<nil>,<nil>,<nil>,<nil>,<nil>,<nil>,18,<nil>
2953248879,<nil>,<nil>,<nil>,<nil>,<nil>,<nil>,<nil>,<nil>,590,<nil>
494274768,<nil>,<nil>,<nil>,<nil>,<nil>,<nil>,<nil>,<nil>,98,<nil>
2776584025,<nil>,<nil>,<nil>,<nil>,<nil>,<nil>,<nil>,<nil>,555,<nil>
934039372,<nil>,<nil>,<nil>,<nil>,<nil>,<nil>,<nil>,<nil>,186,<nil>
3873132376,<nil>,<nil>,<nil>,<nil>,<nil>,<nil>,<nil>,<nil>,774,<nil>
1355239257,<nil>,<nil>,<nil>,<nil>,<nil>,<nil>,<nil>,<nil>,271,<nil>
34623333,<nil>,<nil>,<nil>,<nil>,<nil>,<nil>,<nil>,<nil>,6,<nil>
3038054052,<nil>,<nil>,<nil>,<nil>,<nil>,<nil>,<nil>,<nil>,607,<nil>
711183840,<nil>,<nil>,<nil>,<nil>,<nil>,<nil>,<nil>,<nil>,142,<nil>
3221049764,<nil>,<nil>,<nil>,<nil>,<nil>,<nil>,<nil>,<nil>,644,<nil>
1035226968,<nil>,<nil>,<nil>,<nil>,<nil>,<nil>,<nil>,<nil>,207,<nil>
3680194381,<nil>,<nil>,<nil>,<nil>,<nil>,<nil>,<nil>,<nil>,736,<nil>
2335901696,<nil>,<nil>,<nil>,<nil>,<nil>,<nil>,<nil>,<nil>,467,<nil>
641814360,<nil>,<nil>,<nil>,<nil>,<nil>,<nil>,<nil>,<nil>,128,<nil>
2827243340,<nil>,<nil>,<nil>,<nil>,<nil>,<nil>,<nil>,<nil>,565,<nil>
442781528,<nil>,<nil>,<nil>,<nil>,<nil>,<nil>,<nil>,<nil>,88,<nil>
3213971276,<nil>,<nil>,<nil>,<nil>,<nil>,<nil>,<nil>,<nil>,642,<nil>
851726169,<nil>,<nil>,<nil>,<nil>,<nil>,<nil>,<nil>,<nil>,170,<nil>
3631828825,<nil>,<nil>,<nil>,<nil>,<nil>,<nil>,<nil>,<nil>,726,<nil>
2098941784,<nil>,<nil>,<nil>,<nil>,<nil>,<nil>,<nil>,<nil>,419,<nil>
593645389,<nil>,<nil>,<nil>,<nil>,<nil>,<nil>,<nil>,<nil>,118,<nil>
2939244365,<nil>,<nil>,<nil>,<nil>,<nil>,<nil>,<nil>,<nil>,587,<nil>
961761100,<nil>,<nil>,<nil>,<nil>,<nil>,<nil>,<nil>,<nil>,192,<nil>
2736410445,<nil>,<nil>,<nil>,<nil>,<nil>,<nil>,<nil>,<nil>,547,<nil>
1426018149,<nil>,<nil>,<nil>,<nil>,<nil>,<nil>,<nil>,<nil>,285,<nil>
3995357016,<nil>,<nil>,<nil>,<nil>,<nil>,<nil>,<nil>,<nil>,799,<nil>
2479837016,<nil>,<nil>,<nil>,<nil>,<nil>,<nil>,<nil>,<nil>,495,<nil>
251940697,<nil>,<nil>,<nil>,<nil>,<nil>,<nil>,<nil>,<nil>,50,<nil>
2880327501,<nil>,<nil>,<nil>,<nil>,<nil>,<nil>,<nil>,<nil>,576,<nil>
349720409,<nil>,<nil>,<nil>,<nil>,<nil>,<nil>,<nil>,<nil>,69,<nil>
2984202073,<nil>,<nil>,<nil>,<nil>,<nil>,<nil>,<nil>,<nil>,596,<nil>
1760364560,<nil>,<nil>,<nil>,<nil>,<nil>,<nil>,<nil>,<nil>,352,<nil>
4069216076,<nil>,<nil>,<nil>,<nil>,<nil>,<nil>,<nil>,<nil>,813,<nil>
2153271129,<nil>,<nil>,<nil>,<nil>,<nil>,<nil>,<nil>,<nil>,430,<nil>
942344192,<nil>,<nil>,<nil>,<nil>,<nil>,<nil>,<nil>,<nil>,188,<nil>
2815840116,<nil>,<nil>,<nil>,<nil>,<nil>,<nil>,<nil>,<nil>,563,<nil>
426463053,<nil>,<nil>,<nil>,<nil>,<nil>,<nil>,<nil>,<nil>,85,<nil>
3267710820,<nil>,<nil>,<nil>,<nil>,<nil>,<nil>,<nil>,<nil>,653,<nil>
1537167192,<nil>,<nil>,<nil>,<nil>,<nil>,<nil>,<nil>,<nil>,307,<nil>
3889319757,<nil>,<nil>,<nil>,<nil>,<nil>,<nil>,<nil>,<nil>,777,<nil>
2227392333,<nil>,<nil>,<nil>,<nil>,<nil>,<nil>,<nil>,<nil>,445,<nil>
1104674828,<nil>,<nil>,<nil>,<nil>,<nil>,<nil>,<nil>,<nil>,220,<nil>
2903705641,<nil>,<nil>,<nil>,<nil>,<nil>,<nil>,<nil>,<nil>,580,<nil>
526405465,<nil>,<nil>,<nil>,<nil>,<nil>,<nil>,<nil>,<nil>,105,<nil>
3477274621,<nil>,<nil>,<nil>,<nil>,<nil>,<nil>,<nil>,<nil>,695,<nil>
1466519372,<nil>,<nil>,<nil>,<nil>,<nil>,<nil>,<nil>,<nil>,293,<nil>
4121120589,<nil>,<nil>,<nil>,<nil>,<nil>,<nil>,<nil>,<nil>,824,<nil>
2373078884,<nil>,<nil>,<nil>,<nil>,<nil>,<nil>,<nil>,<nil>,474,<nil>
1086465898,<nil>,<nil>,<nil>,<nil>,<nil>,<nil>,<nil>,<nil>,217,<nil>
2789166948,<nil>,<nil>,<nil>,<nil>,<nil>,<nil>,<nil>,<nil>,557,<nil>
1211631616,<nil>,<nil>,<nil>,<nil>,<nil>,<nil>,<nil>,<nil>,242,<nil>
3509014348,<nil>,<nil>,<nil>,<nil>,<nil>,<nil>,<nil>,<nil>,701,<nil>
1847742284,<nil>,<nil>,<nil>,<nil>,<nil>,<nil>,<nil>,<nil>,369,<nil>
3927068505,<nil>,<nil>,<nil>,<nil>,<nil>,<nil>,<nil>,<nil>,785,<nil>
2531479372,<nil>,<nil>,<nil>,<nil>,<nil>,<nil>,<nil>,<nil>,506,<nil>
724455244,<nil>,<nil>,<nil>,<nil>,<nil>,<nil>,<nil>,<nil>,144,<nil>
3268824613,<nil>,<nil>,<nil>,<nil>,<nil>,<nil>,<nil>,<nil>,653,<nil>
963465036,<nil>,<nil>,<nil>,<nil>,<nil>,<nil>,<nil>,<nil>,192,<nil>
3742256972,<nil>,<nil>,<nil>,<nil>,<nil>,<nil>,<nil>,<nil>,748,<nil>
1822117721,<nil>,<nil>,<nil>,<nil>,<nil>,<nil>,<nil>,<nil>,364,<nil>
144199512,<nil>,<nil>,<nil>,<nil>,<nil>,<nil>,<nil>,<nil>,28,<nil>
2359906137,<nil>,<nil>,<nil>,<nil>,<nil>,<nil>,<nil>,<nil>,471,<nil>
971198296,<nil>,<nil>,<nil>,<nil>,<nil>,<nil>,<nil>,<nil>,194,<nil>
3006615372,<nil>,<nil>,<nil>,<nil>,<nil>,<nil>,<nil>,<nil>,601,<nil>
1347637068,<nil>,<nil>,<nil>,<nil>,<nil>,<nil>,<nil>,<nil>,269,<nil>
3765653348,<nil>,<nil>,<nil>,<nil>,<nil>,<nil>,<nil>,<nil>,753,<nil>
1880510284,<nil>,<nil>,<nil>,<nil>,<nil>,<nil>,<nil>,<nil>,376,<nil>
4244393805,<nil>,<nil>,<nil>,<nil>,<nil>,<nil>,<nil>,<nil>,848,<nil>
3345025024,<nil>,<nil>,<nil>,<nil>,<nil>,<nil>,<nil>,<nil>,669,<nil>
777932621,<nil>,<nil>,<nil>,<nil>,<nil>,<nil>,<nil>,<nil>,155,<nil>
2675330893,<nil>,<nil>,<nil>,<nil>,<nil>,<nil>,<nil>,<nil>,535,<nil>
869420877,<nil>,<nil>,<nil>,<nil>,<nil>,<nil>,<nil>,<nil>,173,<nil>
3787935576,<nil>,<nil>,<nil>,<nil>,<nil>,<nil>,<nil>,<nil>,757,<nil>
3456257880,<nil>,<nil>,<nil>,<nil>,<nil>,<nil>,<nil>,<nil>,691,<nil>
2036617060,<nil>,<nil>,<nil>,<nil>,<nil>,<nil>,<nil>,<nil>,407,<nil>
58478436,<nil>,<nil>,<nil>,<nil>,<nil>,<nil>,<nil>,<nil>,11,<nil>
3823325017,<nil>,<nil>,<nil>,<nil>,<nil>,<nil>,<nil>,<nil>,764,<nil>
452742988,<nil>,<nil>,<nil>,<nil>,<nil>,<nil>,<nil>,<nil>,90,<nil>
4269821772,<nil>,<nil>,<nil>,<nil>,<nil>,<nil>,<nil>,<nil>,853,<nil>
2020429644,<nil>,<nil>,<nil>,<nil>,<nil>,<nil>,<nil>,<nil>,404,<nil>
2068860778,<nil>,<nil>,<nil>,<nil>,<nil>,<nil>,<nil>,<nil>,413,<nil>
673646608,<nil>,<nil>,<nil>,<nil>,<nil>,<nil>,<nil>,<nil>,134,<nil>
2698727257,<nil>,<nil>,<nil>,<nil>,<nil>,<nil>,<nil>,<nil>,539,<nil>
732974925,<nil>,<nil>,<nil>,<nil>,<nil>,<nil>,<nil>,<nil>,146,<nil>
3049344844,<nil>,<nil>,<nil>,<nil>,<nil>,<nil>,<nil>,<nil>,609,<nil>
2137280344,<nil>,<nil>,<nil>,<nil>,<nil>,<nil>,<nil>,<nil>,427,<nil>
476991320,<nil>,<nil>,<nil>,<nil>,<nil>,<nil>,<nil>,<nil>,95,<nil>
3306096656,<nil>,<nil>,<nil>,<nil>,<nil>,<nil>,<nil>,<nil>,661,<nil>
1440501580,<nil>,<nil>,<nil>,<nil>,<nil>,<nil>,<nil>,<nil>,288,<nil>
3377549145,<nil>,<nil>,<nil>,<nil>,<nil>,<nil>,<nil>,<nil>,675,<nil>
2567393100,<nil>,<nil>,<nil>,<nil>,<nil>,<nil>,<nil>,<nil>,513,<nil>
3868020569,<nil>,<nil>,<nil>,<nil>,<nil>,<nil>,<nil>,<nil>,773,<nil>
2323468108,<nil>,<nil>,<nil>,<nil>,<nil>,<nil>,<nil>,<nil>,464,<nil>
1416843096,<nil>,<nil>,<nil>,<nil>,<nil>,<nil>,<nil>,<nil>,283,<nil>
2546028364,<nil>,<nil>,<nil>,<nil>,<nil>,<nil>,<nil>,<nil>,509,<nil>
603475800,<nil>,<nil>,<nil>,<nil>,<nil>,<nil>,<nil>,<nil>,120,<nil>
3262271321,<nil>,<nil>,<nil>,<nil>,<nil>,<nil>,<nil>,<nil>,652,<nil>
1602965337,<nil>,<nil>,<nil>,<nil>,<nil>,<nil>,<nil>,<nil>,320,<nil>
68112216,<nil>,<nil>,<nil>,<nil>,<nil>,<nil>,<nil>,<nil>,13,<nil>
2416463693,<nil>,<nil>,<nil>,<nil>,<nil>,<nil>,<nil>,<nil>,483,<nil>
767315801,<nil>,<nil>,<nil>,<nil>,<nil>,<nil>,<nil>,<nil>,153,<nil>
3708027880,<nil>,<nil>,<nil>,<nil>,<nil>,<nil>,<nil>,<nil>,741,<nil>
1485098464,<nil>,<nil>,<nil>,<nil>,<nil>,<nil>,<nil>,<nil>,297,<nil>
3975217197,<nil>,<nil>,<nil>,<nil>,<nil>,<nil>,<nil>,<nil>,795,<nil>
2107068248,<nil>,<nil>,<nil>,<nil>,<nil>,<nil>,<nil>,<nil>,421,<nil>
4021047117,<nil>,<nil>,<nil>,<nil>,<nil>,<nil>,<nil>,<nil>,804,<nil>
2710064996,<nil>,<nil>,<nil>,<nil>,<nil>,<nil>,<nil>,<nil>,542,<nil>
1411665740,<nil>,<nil>,<nil>,<nil>,<nil>,<nil>,<nil>,<nil>,282,<nil>
3325513560,<nil>,<nil>,<nil>,<nil>,<nil>,<nil>,<nil>,<nil>,665,<nil>
1681739301,<nil>,<nil>,<nil>,<nil>,<nil>,<nil>,<nil>,<nil>,336,<nil>
3552595788,<nil>,<nil>,<nil>,<nil>,<nil>,<nil>,<nil>,<nil>,710,<nil>
1780764505,<nil>,<nil>,<nil>,<nil>,<nil>,<nil>,<nil>,<nil>,356,<nil>
264851289,<nil>,<nil>,<nil>,<nil>,<nil>,<nil>,<nil>,<nil>,52,<nil>
3016576844,<nil>,<nil>,<nil>,<nil>,<nil>,<nil>,<nil>,<nil>,603,<nil>
790122317,<nil>,<nil>,<nil>,<nil>,<nil>,<nil>,<nil>,<nil>,158,<nil>
3425587021,<nil>,<nil>,<nil>,<nil>,<nil>,<nil>,<nil>,<nil>,685,<nil>
1607880536,<nil>,<nil>,<nil>,<nil>,<nil>,<nil>,<nil>,<nil>,321,<nil>
4086452044,<nil>,<nil>,<nil>,<nil>,<nil>,<nil>,<nil>,<nil>,817,<nil>
2751352665,<nil>,<nil>,<nil>,<nil>,<nil>,<nil>,<nil>,<nil>,550,<nil>
1219186520,<nil>,<nil>,<nil>,<nil>,<nil>,<nil>,<nil>,<nil>,243,<nil>
4008136525,<nil>,<nil>,<nil>,<nil>,<nil>,<nil>,<nil>,<nil>,801,<nil>
2070171481,<nil>,<nil>,<nil>,<nil>,<nil>,<nil>,<nil>,<nil>,414,<nil>
3820441433,<nil>,<nil>,<nil>,<nil>,<nil>,<nil>,<nil>,<nil>,764,<nil>
1867272025,<nil>,<nil>,<nil>,<nil>,<nil>,<nil>,<nil>,<nil>,373,<nil>
927991808,<nil>,<nil>,<nil>,<nil>,<nil>,<nil>,<nil>,<nil>,185,<nil>
3394391884,<nil>,<nil>,<nil>,<nil>,<nil>,<nil>,<nil>,<nil>,678,<nil>
1599754072,<nil>,<nil>,<nil>,<nil>,<nil>,<nil>,<nil>,<nil>,319,<nil>
3948957517,<nil>,<nil>,<nil>,<nil>,<nil>,<nil>,<nil>,<nil>,789,<nil>
1994936180,<nil>,<nil>,<nil>,<nil>,<nil>,<nil>,<nil>,<nil>,398,<nil>
3910815577,<nil>,<nil>,<nil>,<nil>,<nil>,<nil>,<nil>,<nil>,782,<nil>
2446085988,<nil>,<nil>,<nil>,<nil>,<nil>,<nil>,<nil>,<nil>,489,<nil>
903685988,<nil>,<nil>,<nil>,<nil>,<nil>,<nil>,<nil>,<nil>,180,<nil>
3482734412,<nil>,<nil>,<nil>,<nil>,<nil>,<nil>,<nil>,<nil>,696,<nil>
1562857305,<nil>,<nil>,<nil>,<nil>,<nil>,<nil>,<nil>,<nil>,312,<nil>
220595177,<nil>,<nil>,<nil>,<nil>,<nil>,<nil>,<nil>,<nil>,44,<nil>
2024558436,<nil>,<nil>,<nil>,<nil>,<nil>,<nil>,<nil>,<nil>,404,<nil>
4146614105,<nil>,<nil>,<nil>,<nil>,<nil>,<nil>,<nil>,<nil>,829,<nil>
2611105624,<nil>,<nil>,<nil>,<nil>,<nil>,<nil>,<nil>,<nil>,522,<nil>
520965965,<nil>,<nil>,<nil>,<nil>,<nil>,<nil>,<nil>,<nil>,104,<nil>
3456913241,<nil>,<nil>,<nil>,<nil>,<nil>,<nil>,<nil>,<nil>,691,<nil>
1779257176,<nil>,<nil>,<nil>,<nil>,<nil>,<nil>,<nil>,<nil>,355,<nil>
107958092,<nil>,<nil>,<nil>,<nil>,<nil>,<nil>,<nil>,<nil>,21,<nil>
2506706954,<nil>,<nil>,<nil>,<nil>,<nil>,<nil>,<nil>,<nil>,501,<nil>
52186956,<nil>,<nil>,<nil>,<nil>,<nil>,<nil>,<nil>,<nil>,10,<nil>
2709475149,<nil>,<nil>,<nil>,<nil>,<nil>,<nil>,<nil>,<nil>,541,<nil>
915361625,<nil>,<nil>,<nil>,<nil>,<nil>,<nil>,<nil>,<nil>,183,<nil>
3957411660,<nil>,<nil>,<nil>,<nil>,<nil>,<nil>,<nil>,<nil>,791,<nil>
1876774733,<nil>,<nil>,<nil>,<nil>,<nil>,<nil>,<nil>,<nil>,375,<nil>
4220800845,<nil>,<nil>,<nil>,<nil>,<nil>,<nil>,<nil>,<nil>,844,<nil>
2255441752,<nil>,<nil>,<nil>,<nil>,<nil>,<nil>,<nil>,<nil>,451,<nil>
16928589,<nil>,<nil>,<nil>,<nil>,<nil>,<nil>,<nil>,<nil>,3,<nil>
2952875865,<nil>,<nil>,<nil>,<nil>,<nil>,<nil>,<nil>,<nil>,590,<nil>
1116819276,<nil>,<nil>,<nil>,<nil>,<nil>,<nil>,<nil>,<nil>,223,<nil>
3910356824,<nil>,<nil>,<nil>,<nil>,<nil>,<nil>,<nil>,<nil>,782,<nil>
2122338137,<nil>,<nil>,<nil>,<nil>,<nil>,<nil>,<nil>,<nil>,424,<nil>
161107789,<nil>,<nil>,<nil>,<nil>,<nil>,<nil>,<nil>,<nil>,32,<nil>
2073055065,<nil>,<nil>,<nil>,<nil>,<nil>,<nil>,<nil>,<nil>,414,<nil>
551571277,<nil>,<nil>,<nil>,<nil>,<nil>,<nil>,<nil>,<nil>,110,<nil>
3325560832,<nil>,<nil>,<nil>,<nil>,<nil>,<nil>,<nil>,<nil>,665,<nil>
1081888589,<nil>,<nil>,<nil>,<nil>,<nil>,<nil>,<nil>,<nil>,216,<nil>
3873525593,<nil>,<nil>,<nil>,<nil>,<nil>,<nil>,<nil>,<nil>,774,<nil>
2557151392,<nil>,<nil>,<nil>,<nil>,<nil>,<nil>,<nil>,<nil>,511,<nil>
98062197,<nil>,<nil>,<nil>,<nil>,<nil>,<nil>,<nil>,<nil>,19,<nil>
2455588697,<nil>,<nil>,<nil>,<nil>,<nil>,<nil>,<nil>,<nil>,491,<nil>
624775000,<nil>,<nil>,<nil>,<nil>,<nil>,<nil>,<nil>,<nil>,124,<nil>
2988920665,<nil>,<nil>,<nil>,<nil>,<nil>,<nil>,<nil>,<nil>,597,<nil>
1460752205,<nil>,<nil>,<nil>,<nil>,<nil>,<nil>,<nil>,<nil>,292,<nil>
4236332888,<nil>,<nil>,<nil>,<nil>,<nil>,<nil>,<nil>,<nil>,847,<nil>
2270252876,<nil>,<nil>,<nil>,<nil>,<nil>,<nil>,<nil>,<nil>,454,<nil>
340152141,<nil>,<nil>,<nil>,<nil>,<nil>,<nil>,<nil>,<nil>,68,<nil>
3245756236,<nil>,<nil>,<nil>,<nil>,<nil>,<nil>,<nil>,<nil>,649,<nil>
1439584076,<nil>,<nil>,<nil>,<nil>,<nil>,<nil>,<nil>,<nil>,287,<nil>
538595149,<nil>,<nil>,<nil>,<nil>,<nil>,<nil>,<nil>,<nil>,107,<nil>
3497199616,<nil>,<nil>,<nil>,<nil>,<nil>,<nil>,<nil>,<nil>,699,<nil>
2268923904,<nil>,<nil>,<nil>,<nil>,<nil>,<nil>,<nil>,<nil>,453,<nil>
1906200408,<nil>,<nil>,<nil>,<nil>,<nil>,<nil>,<nil>,<nil>,381,<nil>
121917273,<nil>,<nil>,<nil>,<nil>,<nil>,<nil>,<nil>,<nil>,24,<nil>
1770457088,<nil>,<nil>,<nil>,<nil>,<nil>,<nil>,<nil>,<nil>,354,<nil>
3714142078,<nil>,<nil>,<nil>,<nil>,<nil>,<nil>,<nil>,<nil>,742,<nil>
1399672653,<nil>,<nil>,<nil>,<nil>,<nil>,<nil>,<nil>,<nil>,279,<nil>
4160245580,<nil>,<nil>,<nil>,<nil>,<nil>,<nil>,<nil>,<nil>,832,<nil>
2657111896,<nil>,<nil>,<nil>,<nil>,<nil>,<nil>,<nil>,<nil>,531,<nil>
721571673,<nil>,<nil>,<nil>,<nil>,<nil>,<nil>,<nil>,<nil>,144,<nil>
3339276120,<nil>,<nil>,<nil>,<nil>,<nil>,<nil>,<nil>,<nil>,667,<nil>
1667977036,<nil>,<nil>,<nil>,<nil>,<nil>,<nil>,<nil>,<nil>,333,<nil>
4183248421,<nil>,<nil>,<nil>,<nil>,<nil>,<nil>,<nil>,<nil>,836,<nil>
2194624932,<nil>,<nil>,<nil>,<nil>,<nil>,<nil>,<nil>,<nil>,438,<nil>
1162760025,<nil>,<nil>,<nil>,<nil>,<nil>,<nil>,<nil>,<nil>,232,<nil>
1383007908,<nil>,<nil>,<nil>,<nil>,<nil>,<nil>,<nil>,<nil>,276,<nil>
3328837294,<nil>,<nil>,<nil>,<nil>,<nil>,<nil>,<nil>,<nil>,665,<nil>
1665269759,<nil>,<nil>,<nil>,<nil>,<nil>,<nil>,<nil>,<nil>,333,<nil>
717377368,<nil>,<nil>,<nil>,<nil>,<nil>,<nil>,<nil>,<nil>,143,<nil>
3444395864,<nil>,<nil>,<nil>,<nil>,<nil>,<nil>,<nil>,<nil>,688,<nil>
1890977456,<nil>,<nil>,<nil>,<nil>,<nil>,<nil>,<nil>,<nil>,378,<nil>
4276572480,<nil>,<nil>,<nil>,<nil>,<nil>,<nil>,<nil>,<nil>,855,<nil>
2036289357,<nil>,<nil>,<nil>,<nil>,<nil>,<nil>,<nil>,<nil>,407,<nil>
531255129,<nil>,<nil>,<nil>,<nil>,<nil>,<nil>,<nil>,<nil>,106,<nil>
3294187352,<nil>,<nil>,<nil>,<nil>,<nil>,<nil>,<nil>,<nil>,658,<nil>
1347047245,<nil>,<nil>,<nil>,<nil>,<nil>,<nil>,<nil>,<nil>,269,<nil>
1438469964,<nil>,<nil>,<nil>,<nil>,<nil>,<nil>,<nil>,<nil>,287,<nil>
137187173,<nil>,<nil>,<nil>,<nil>,<nil>,<nil>,<nil>,<nil>,27,<nil>
3866447692,<nil>,<nil>,<nil>,<nil>,<nil>,<nil>,<nil>,<nil>,773,<nil>
4089532426,<nil>,<nil>,<nil>,<nil>,<nil>,<nil>,<nil>,<nil>,817,<nil>
2620804941,<nil>,<nil>,<nil>,<nil>,<nil>,<nil>,<nil>,<nil>,524,<nil>
2317756261,<nil>,<nil>,<nil>,<nil>,<nil>,<nil>,<nil>,<nil>,463,<nil>
98960361,<nil>,<nil>,<nil>,<nil>,<nil>,<nil>,<nil>,<nil>,19,<nil>
1927368537,<nil>,<nil>,<nil>,<nil>,<nil>,<nil>,<nil>,<nil>,385,<nil>
1976586072,<nil>,<nil>,<nil>,<nil>,<nil>,<nil>,<nil>,<nil>,395,<nil>
463294296,<nil>,<nil>,<nil>,<nil>,<nil>,<nil>,<nil>,<nil>,92,<nil>
2674544473,<nil>,<nil>,<nil>,<nil>,<nil>,<nil>,<nil>,<nil>,534,<nil>
2041728845,<nil>,<nil>,<nil>,<nil>,<nil>,<nil>,<nil>,<nil>,408,<nil>
4242034538,<nil>,<nil>,<nil>,<nil>,<nil>,<nil>,<nil>,<nil>,848,<nil>
1941917529,<nil>,<nil>,<nil>,<nil>,<nil>,<nil>,<nil>,<nil>,388,<nil>
1876315992,<nil>,<nil>,<nil>,<nil>,<nil>,<nil>,<nil>,<nil>,375,<nil>
3020640089,<nil>,<nil>,<nil>,<nil>,<nil>,<nil>,<nil>,<nil>,604,<nil>
1059671885,<nil>,<nil>,<nil>,<nil>,<nil>,<nil>,<nil>,<nil>,211,<nil>
2822197081,<nil>,<nil>,<nil>,<nil>,<nil>,<nil>,<nil>,<nil>,564,<nil>
1311592281,<nil>,<nil>,<nil>,<nil>,<nil>,<nil>,<nil>,<nil>,262,<nil>
3923070808,<nil>,<nil>,<nil>,<nil>,<nil>,<nil>,<nil>,<nil>,784,<nil>
1980125005,<nil>,<nil>,<nil>,<nil>,<nil>,<nil>,<nil>,<nil>,396,<nil>
465653581,<nil>,<nil>,<nil>,<nil>,<nil>,<nil>,<nil>,<nil>,93,<nil>
3586981900,<nil>,<nil>,<nil>,<nil>,<nil>,<nil>,<nil>,<nil>,717,<nil>
1109264424,<nil>,<nil>,<nil>,<nil>,<nil>,<nil>,<nil>,<nil>,221,<nil>
3354546009,<nil>,<nil>,<nil>,<nil>,<nil>,<nil>,<nil>,<nil>,670,<nil>
2097893196,<nil>,<nil>,<nil>,<nil>,<nil>,<nil>,<nil>,<nil>,419,<nil>
4035137369,<nil>,<nil>,<nil>,<nil>,<nil>,<nil>,<nil>,<nil>,807,<nil>
2782809932,<nil>,<nil>,<nil>,<nil>,<nil>,<nil>,<nil>,<nil>,556,<nil>
704532301,<nil>,<nil>,<nil>,<nil>,<nil>,<nil>,<nil>,<nil>,140,<nil>
3203944281,<nil>,<nil>,<nil>,<nil>,<nil>,<nil>,<nil>,<nil>,640,<nil>
1374900056,<nil>,<nil>,<nil>,<nil>,<nil>,<nil>,<nil>,<nil>,274,<nil>
4009250648,<nil>,<nil>,<nil>,<nil>,<nil>,<nil>,<nil>,<nil>,801,<nil>
2072203097,<nil>,<nil>,<nil>,<nil>,<nil>,<nil>,<nil>,<nil>,414,<nil>
235818828,<nil>,<nil>,<nil>,<nil>,<nil>,<nil>,<nil>,<nil>,47,<nil>
3029356376,<nil>,<nil>,<nil>,<nil>,<nil>,<nil>,<nil>,<nil>,605,<nil>
1290096484,<nil>,<nil>,<nil>,<nil>,<nil>,<nil>,<nil>,<nil>,258,<nil>
3575598925,<nil>,<nil>,<nil>,<nil>,<nil>,<nil>,<nil>,<nil>,715,<nil>
1340231513,<nil>,<nil>,<nil>,<nil>,<nil>,<nil>,<nil>,<nil>,268,<nil>
4086189900,<nil>,<nil>,<nil>,<nil>,<nil>,<nil>,<nil>,<nil>,817,<nil>
2427146060,<nil>,<nil>,<nil>,<nil>,<nil>,<nil>,<nil>,<nil>,485,<nil>
503467865,<nil>,<nil>,<nil>,<nil>,<nil>,<nil>,<nil>,<nil>,100,<nil>
3255717708,<nil>,<nil>,<nil>,<nil>,<nil>,<nil>,<nil>,<nil>,651,<nil>
1300909900,<nil>,<nil>,<nil>,<nil>,<nil>,<nil>,<nil>,<nil>,260,<nil>
3659925545,<nil>,<nil>,<nil>,<nil>,<nil>,<nil>,<nil>,<nil>,731,<nil>
2226257919,<nil>,<nil>,<nil>,<nil>,<nil>,<nil>,<nil>,<nil>,445,<nil>
318590796,<nil>,<nil>,<nil>,<nil>,<nil>,<nil>,<nil>,<nil>,63,<nil>
2693746521,<nil>,<nil>,<nil>,<nil>,<nil>,<nil>,<nil>,<nil>,538,<nil>
1181747216,<nil>,<nil>,<nil>,<nil>,<nil>,<nil>,<nil>,<nil>,236,<nil>
3377614681,<nil>,<nil>,<nil>,<nil>,<nil>,<nil>,<nil>,<nil>,675,<nil>
1265717069,<nil>,<nil>,<nil>,<nil>,<nil>,<nil>,<nil>,<nil>,253,<nil>
3581824844,<nil>,<nil>,<nil>,<nil>,<nil>,<nil>,<nil>,<nil>,716,<nil>
1651593037,<nil>,<nil>,<nil>,<nil>,<nil>,<nil>,<nil>,<nil>,330,<nil>
3231577,<nil>,<nil>,<nil>,<nil>,<nil>,<nil>,<nil>,<nil>,0,<nil>
2899005260,<nil>,<nil>,<nil>,<nil>,<nil>,<nil>,<nil>,<nil>,579,<nil>
1384664908,<nil>,<nil>,<nil>,<nil>,<nil>,<nil>,<nil>,<nil>,276,<nil>
3757068121,<nil>,<nil>,<nil>,<nil>,<nil>,<nil>,<nil>,<nil>,751,<nil>
1795706701,<nil>,<nil>,<nil>,<nil>,<nil>,<nil>,<nil>,<nil>,359,<nil>
3546304333,<nil>,<nil>,<nil>,<nil>,<nil>,<nil>,<nil>,<nil>,709,<nil>
1887391565,<nil>,<nil>,<nil>,<nil>,<nil>,<nil>,<nil>,<nil>,377,<nil>
283660132,<nil>,<nil>,<nil>,<nil>,<nil>,<nil>,<nil>,<nil>,56,<nil>
2984791884,<nil>,<nil>,<nil>,<nil>,<nil>,<nil>,<nil>,<nil>,596,<nil>
1057312589,<nil>,<nil>,<nil>,<nil>,<nil>,<nil>,<nil>,<nil>,211,<nil>
4205848422,<nil>,<nil>,<nil>,<nil>,<nil>,<nil>,<nil>,<nil>,841,<nil>
1732726645,<nil>,<nil>,<nil>,<nil>,<nil>,<nil>,<nil>,<nil>,346,<nil>
3783151437,<nil>,<nil>,<nil>,<nil>,<nil>,<nil>,<nil>,<nil>,756,<nil>
2136952665,<nil>,<nil>,<nil>,<nil>,<nil>,<nil>,<nil>,<nil>,427,<nil>
600854360,<nil>,<nil>,<nil>,<nil>,<nil>,<nil>,<nil>,<nil>,120,<nil>
2814791513,<nil>,<nil>,<nil>,<nil>,<nil>,<nil>,<nil>,<nil>,562,<nil>
1301303129,<nil>,<nil>,<nil>,<nil>,<nil>,<nil>,<nil>,<nil>,260,<nil>
4232446953,<nil>,<nil>,<nil>,<nil>,<nil>,<nil>,<nil>,<nil>,846,<nil>
2052064942,<nil>,<nil>,<nil>,<nil>,<nil>,<nil>,<nil>,<nil>,410,<nil>
194775056,<nil>,<nil>,<nil>,<nil>,<nil>,<nil>,<nil>,<nil>,38,<nil>
2786479960,<nil>,<nil>,<nil>,<nil>,<nil>,<nil>,<nil>,<nil>,557,<nil>
405950285,<nil>,<nil>,<nil>,<nil>,<nil>,<nil>,<nil>,<nil>,81,<nil>
3644196880,<nil>,<nil>,<nil>,<nil>,<nil>,<nil>,<nil>,<nil>,728,<nil>
1955417944,<nil>,<nil>,<nil>,<nil>,<nil>,<nil>,<nil>,<nil>,391,<nil>
3846131532,<nil>,<nil>,<nil>,<nil>,<nil>,<nil>,<nil>,<nil>,769,<nil>
2205830693,<nil>,<nil>,<nil>,<nil>,<nil>,<nil>,<nil>,<nil>,441,<nil>
4084944716,<nil>,<nil>,<nil>,<nil>,<nil>,<nil>,<nil>,<nil>,816,<nil>
2301906765,<nil>,<nil>,<nil>,<nil>,<nil>,<nil>,<nil>,<nil>,460,<nil>
785862477,<nil>,<nil>,<nil>,<nil>,<nil>,<nil>,<nil>,<nil>,157,<nil>
3548794700,<nil>,<nil>,<nil>,<nil>,<nil>,<nil>,<nil>,<nil>,709,<nil>
1469599565,<nil>,<nil>,<nil>,<nil>,<nil>,<nil>,<nil>,<nil>,293,<nil>
3970584409,<nil>,<nil>,<nil>,<nil>,<nil>,<nil>,<nil>,<nil>,794,<nil>
1993035608,<nil>,<nil>,<nil>,<nil>,<nil>,<nil>,<nil>,<nil>,398,<nil>
321605452,<nil>,<nil>,<nil>,<nil>,<nil>,<nil>,<nil>,<nil>,64,<nil>
3134654480,<nil>,<nil>,<nil>,<nil>,<nil>,<nil>,<nil>,<nil>,626,<nil>
1158958936,<nil>,<nil>,<nil>,<nil>,<nil>,<nil>,<nil>,<nil>,231,<nil>
746596200,<nil>,<nil>,<nil>,<nil>,<nil>,<nil>,<nil>,<nil>,149,<nil>
2674216805,<nil>,<nil>,<nil>,<nil>,<nil>,<nil>,<nil>,<nil>,534,<nil>
1814974285,<nil>,<nil>,<nil>,<nil>,<nil>,<nil>,<nil>,<nil>,362,<nil>
72109930,<nil>,<nil>,<nil>,<nil>,<nil>,<nil>,<nil>,<nil>,14,<nil>
3074314072,<nil>,<nil>,<nil>,<nil>,<nil>,<nil>,<nil>,<nil>,614,<nil>
2097500031,<nil>,<nil>,<nil>,<nil>,<nil>,<nil>,<nil>,<nil>,419,<nil>
1544245081,<nil>,<nil>,<nil>,<nil>,<nil>,<nil>,<nil>,<nil>,308,<nil>
4014100312,<nil>,<nil>,<nil>,<nil>,<nil>,<nil>,<nil>,<nil>,802,<nil>
2083082073,<nil>,<nil>,<nil>,<nil>,<nil>,<nil>,<nil>,<nil>,416,<nil>
712789849,<nil>,<nil>,<nil>,<nil>,<nil>,<nil>,<nil>,<nil>,142,<nil>
3119843536,<nil>,<nil>,<nil>,<nil>,<nil>,<nil>,<nil>,<nil>,623,<nil>
514346841,<nil>,<nil>,<nil>,<nil>,<nil>,<nil>,<nil>,<nil>,102,<nil>
3446558553,<nil>,<nil>,<nil>,<nil>,<nil>,<nil>,<nil>,<nil>,689,<nil>
1750683468,<nil>,<nil>,<nil>,<nil>,<nil>,<nil>,<nil>,<nil>,350,<nil>
235360076,<nil>,<nil>,<nil>,<nil>,<nil>,<nil>,<nil>,<nil>,47,<nil>
2321895257,<nil>,<nil>,<nil>,<nil>,<nil>,<nil>,<nil>,<nil>,464,<nil>
1282278376,<nil>,<nil>,<nil>,<nil>,<nil>,<nil>,<nil>,<nil>,256,<nil>
2985054069,<nil>,<nil>,<nil>,<nil>,<nil>,<nil>,<nil>,<nil>,597,<nil>
1046368089,<nil>,<nil>,<nil>,<nil>,<nil>,<nil>,<nil>,<nil>,209,<nil>
3510194008,<nil>,<nil>,<nil>,<nil>,<nil>,<nil>,<nil>,<nil>,702,<nil>
1986088780,<nil>,<nil>,<nil>,<nil>,<nil>,<nil>,<nil>,<nil>,397,<nil>
62410585,<nil>,<nil>,<nil>,<nil>,<nil>,<nil>,<nil>,<nil>,12,<nil>
2680115032,<nil>,<nil>,<nil>,<nil>,<nil>,<nil>,<nil>,<nil>,536,<nil>
872959832,<nil>,<nil>,<nil>,<nil>,<nil>,<nil>,<nil>,<nil>,174,<nil>
3253733028,<nil>,<nil>,<nil>,<nil>,<nil>,<nil>,<nil>,<nil>,650,<nil>
1111969624,<nil>,<nil>,<nil>,<nil>,<nil>,<nil>,<nil>,<nil>,222,<nil>
4026421068,<nil>,<nil>,<nil>,<nil>,<nil>,<nil>,<nil>,<nil>,805,<nil>
2106412889,<nil>,<nil>,<nil>,<nil>,<nil>,<nil>,<nil>,<nil>,421,<nil>
615579693,<nil>,<nil>,<nil>,<nil>,<nil>,<nil>,<nil>,<nil>,123,<nil>
2779533133,<nil>,<nil>,<nil>,<nil>,<nil>,<nil>,<nil>,<nil>,555,<nil>
690638681,<nil>,<nil>,<nil>,<nil>,<nil>,<nil>,<nil>,<nil>,138,<nil>
3487041200,<nil>,<nil>,<nil>,<nil>,<nil>,<nil>,<nil>,<nil>,697,<nil>
2826635264,<nil>,<nil>,<nil>,<nil>,<nil>,<nil>,<nil>,<nil>,565,<nil>
1739673420,<nil>,<nil>,<nil>,<nil>,<nil>,<nil>,<nil>,<nil>,347,<nil>
202573960,<nil>,<nil>,<nil>,<nil>,<nil>,<nil>,<nil>,<nil>,40,<nil>
2214940522,<nil>,<nil>,<nil>,<nil>,<nil>,<nil>,<nil>,<nil>,442,<nil>
4197076813,<nil>,<nil>,<nil>,<nil>,<nil>,<nil>,<nil>,<nil>,839,<nil>
2402307929,<nil>,<nil>,<nil>,<nil>,<nil>,<nil>,<nil>,<nil>,480,<nil>
1001279308,<nil>,<nil>,<nil>,<nil>,<nil>,<nil>,<nil>,<nil>,200,<nil>
3791474520,<nil>,<nil>,<nil>,<nil>,<nil>,<nil>,<nil>,<nil>,758,<nil>
1569476441,<nil>,<nil>,<nil>,<nil>,<nil>,<nil>,<nil>,<nil>,313,<nil>
389744640,<nil>,<nil>,<nil>,<nil>,<nil>,<nil>,<nil>,<nil>,77,<nil>
2381318185,<nil>,<nil>,<nil>,<nil>,<nil>,<nil>,<nil>,<nil>,476,<nil>
344477541,<nil>,<nil>,<nil>,<nil>,<nil>,<nil>,<nil>,<nil>,68,<nil>
3054718808,<nil>,<nil>,<nil>,<nil>,<nil>,<nil>,<nil>,<nil>,610,<nil>
1393446744,<nil>,<nil>,<nil>,<nil>,<nil>,<nil>,<nil>,<nil>,278,<nil>
3803271013,<nil>,<nil>,<nil>,<nil>,<nil>,<nil>,<nil>,<nil>,760,<nil>
1941655373,<nil>,<nil>,<nil>,<nil>,<nil>,<nil>,<nil>,<nil>,388,<nil>
111234892,<nil>,<nil>,<nil>,<nil>,<nil>,<nil>,<nil>,<nil>,22,<nil>
2303872844,<nil>,<nil>,<nil>,<nil>,<nil>,<nil>,<nil>,<nil>,460,<nil>
496979788,<nil>,<nil>,<nil>,<nil>,<nil>,<nil>,<nil>,<nil>,99,<nil>
3019919193,<nil>,<nil>,<nil>,<nil>,<nil>,<nil>,<nil>,<nil>,603,<nil>
1263947626,<nil>,<nil>,<nil>,<nil>,<nil>,<nil>,<nil>,<nil>,252,<nil>
4255534924,<nil>,<nil>,<nil>,<nil>,<nil>,<nil>,<nil>,<nil>,851,<nil>
2029604685,<nil>,<nil>,<nil>,<nil>,<nil>,<nil>,<nil>,<nil>,405,<nil>
382226265,<nil>,<nil>,<nil>,<nil>,<nil>,<nil>,<nil>,<nil>,76,<nil>
2836025164,<nil>,<nil>,<nil>,<nil>,<nil>,<nil>,<nil>,<nil>,567,<nil>
881610572,<nil>,<nil>,<nil>,<nil>,<nil>,<nil>,<nil>,<nil>,176,<nil>
3719497744,<nil>,<nil>,<nil>,<nil>,<nil>,<nil>,<nil>,<nil>,743,<nil>
1707102028,<nil>,<nil>,<nil>,<nil>,<nil>,<nil>,<nil>,<nil>,341,<nil>
4219359053,<nil>,<nil>,<nil>,<nil>,<nil>,<nil>,<nil>,<nil>,843,<nil>
2469482341,<nil>,<nil>,<nil>,<nil>,<nil>,<nil>,<nil>,<nil>,493,<nil>
375672682,<nil>,<nil>,<nil>,<nil>,<nil>,<nil>,<nil>,<nil>,75,<nil>
2370654041,<nil>,<nil>,<nil>,<nil>,<nil>,<nil>,<nil>,<nil>,474,<nil>
906776420,<nil>,<nil>,<nil>,<nil>,<nil>,<nil>,<nil>,<nil>,181,<nil>
3458092876,<nil>,<nil>,<nil>,<nil>,<nil>,<nil>,<nil>,<nil>,691,<nil>
1953255256,<nil>,<nil>,<nil>,<nil>,<nil>,<nil>,<nil>,<nil>,390,<nil>
4026552153,<nil>,<nil>,<nil>,<nil>,<nil>,<nil>,<nil>,<nil>,805,<nil>
3071725024,<nil>,<nil>,<nil>,<nil>,<nil>,<nil>,<nil>,<nil>,614,<nil>
481775461,<nil>,<nil>,<nil>,<nil>,<nil>,<nil>,<nil>,<nil>,96,<nil>
3288813888,<nil>,<nil>,<nil>,<nil>,<nil>,<nil>,<nil>,<nil>,657,<nil>
1497124684,<nil>,<nil>,<nil>,<nil>,<nil>,<nil>,<nil>,<nil>,299,<nil>
3287633753,<nil>,<nil>,<nil>,<nil>,<nil>,<nil>,<nil>,<nil>,657,<nil>
2338981888,<nil>,<nil>,<nil>,<nil>,<nil>,<nil>,<nil>,<nil>,467,<nil>
372264780,<nil>,<nil>,<nil>,<nil>,<nil>,<nil>,<nil>,<nil>,74,<nil>
2715963212,<nil>,<nil>,<nil>,<nil>,<nil>,<nil>,<nil>,<nil>,543,<nil>
692258912,<nil>,<nil>,<nil>,<nil>,<nil>,<nil>,<nil>,<nil>,138,<nil>
2954383180,<nil>,<nil>,<nil>,<nil>,<nil>,<nil>,<nil>,<nil>,590,<nil>
1438535500,<nil>,<nil>,<nil>,<nil>,<nil>,<nil>,<nil>,<nil>,287,<nil>
3802091341,<nil>,<nil>,<nil>,<nil>,<nil>,<nil>,<nil>,<nil>,760,<nil>
1907380069,<nil>,<nil>,<nil>,<nil>,<nil>,<nil>,<nil>,<nil>,381,<nil>
618483544,<nil>,<nil>,<nil>,<nil>,<nil>,<nil>,<nil>,<nil>,123,<nil>
2804043596,<nil>,<nil>,<nil>,<nil>,<nil>,<nil>,<nil>,<nil>,560,<nil>
894830255,<nil>,<nil>,<nil>,<nil>,<nil>,<nil>,<nil>,<nil>,178,<nil>
3202568024,<nil>,<nil>,<nil>,<nil>,<nil>,<nil>,<nil>,<nil>,640,<nil>
965562189,<nil>,<nil>,<nil>,<nil>,<nil>,<nil>,<nil>,<nil>,193,<nil>
4019343180,<nil>,<nil>,<nil>,<nil>,<nil>,<nil>,<nil>,<nil>,803,<nil>
2358857548,<nil>,<nil>,<nil>,<nil>,<nil>,<nil>,<nil>,<nil>,471,<nil>
570576717,<nil>,<nil>,<nil>,<nil>,<nil>,<nil>,<nil>,<nil>,114,<nil>
2634305369,<nil>,<nil>,<nil>,<nil>,<nil>,<nil>,<nil>,<nil>,526,<nil>
533221209,<nil>,<nil>,<nil>,<nil>,<nil>,<nil>,<nil>,<nil>,106,<nil>
3019919193,<nil>,<nil>,<nil>,<nil>,<nil>,<nil>,<nil>,<nil>,603,<nil>
1806895104,<nil>,<nil>,<nil>,<nil>,<nil>,<nil>,<nil>,<nil>,361,<nil>
4252127052,<nil>,<nil>,<nil>,<nil>,<nil>,<nil>,<nil>,<nil>,850,<nil>
2333822809,<nil>,<nil>,<nil>,<nil>,<nil>,<nil>,<nil>,<nil>,466,<nil>
1014900580,<nil>,<nil>,<nil>,<nil>,<nil>,<nil>,<nil>,<nil>,202,<nil>
2964850728,<nil>,<nil>,<nil>,<nil>,<nil>,<nil>,<nil>,<nil>,592,<nil>
963399525,<nil>,<nil>,<nil>,<nil>,<nil>,<nil>,<nil>,<nil>,192,<nil>
3379777368,<nil>,<nil>,<nil>,<nil>,<nil>,<nil>,<nil>,<nil>,675,<nil>
1448365913,<nil>,<nil>,<nil>,<nil>,<nil>,<nil>,<nil>,<nil>,289,<nil>
67129165,<nil>,<nil>,<nil>,<nil>,<nil>,<nil>,<nil>,<nil>,13,<nil>
2684637004,<nil>,<nil>,<nil>,<nil>,<nil>,<nil>,<nil>,<nil>,536,<nil>
582700876,<nil>,<nil>,<nil>,<nil>,<nil>,<nil>,<nil>,<nil>,116,<nil>
3420343845,<nil>,<nil>,<nil>,<nil>,<nil>,<nil>,<nil>,<nil>,684,<nil>
1640451941,<nil>,<nil>,<nil>,<nil>,<nil>,<nil>,<nil>,<nil>,328,<nil>
1482903373,<nil>,<nil>,<nil>,<nil>,<nil>,<nil>,<nil>,<nil>,296,<nil>
742590480,<nil>,<nil>,<nil>,<nil>,<nil>,<nil>,<nil>,<nil>,148,<nil>
2735296332,<nil>,<nil>,<nil>,<nil>,<nil>,<nil>,<nil>,<nil>,547,<nil>
2708426584,<nil>,<nil>,<nil>,<nil>,<nil>,<nil>,<nil>,<nil>,541,<nil>
970346341,<nil>,<nil>,<nil>,<nil>,<nil>,<nil>,<nil>,<nil>,194,<nil>
3993259853,<nil>,<nil>,<nil>,<nil>,<nil>,<nil>,<nil>,<nil>,798,<nil>
2455916364,<nil>,<nil>,<nil>,<nil>,<nil>,<nil>,<nil>,<nil>,491,<nil>
2877247908,<nil>,<nil>,<nil>,<nil>,<nil>,<nil>,<nil>,<nil>,575,<nil>
191582029,<nil>,<nil>,<nil>,<nil>,<nil>,<nil>,<nil>,<nil>,38,<nil>
2979811161,<nil>,<nil>,<nil>,<nil>,<nil>,<nil>,<nil>,<nil>,595,<nil>
1769426777,<nil>,<nil>,<nil>,<nil>,<nil>,<nil>,<nil>,<nil>,353,<nil>
3443674956,<nil>,<nil>,<nil>,<nil>,<nil>,<nil>,<nil>,<nil>,688,<nil>
3030077470,<nil>,<nil>,<nil>,<nil>,<nil>,<nil>,<nil>,<nil>,606,<nil>
2407728814,<nil>,<nil>,<nil>,<nil>,<nil>,<nil>,<nil>,<nil>,481,<nil>
1947160409,<nil>,<nil>,<nil>,<nil>,<nil>,<nil>,<nil>,<nil>,389,<nil>
280383309,<nil>,<nil>,<nil>,<nil>,<nil>,<nil>,<nil>,<nil>,56,<nil>
3334098764,<nil>,<nil>,<nil>,<nil>,<nil>,<nil>,<nil>,<nil>,666,<nil>
1540509528,<nil>,<nil>,<nil>,<nil>,<nil>,<nil>,<nil>,<nil>,308,<nil>
4175122264,<nil>,<nil>,<nil>,<nil>,<nil>,<nil>,<nil>,<nil>,835,<nil>
1778077528,<nil>,<nil>,<nil>,<nil>,<nil>,<nil>,<nil>,<nil>,355,<nil>
106319692,<nil>,<nil>,<nil>,<nil>,<nil>,<nil>,<nil>,<nil>,21,<nil>
2763149133,<nil>,<nil>,<nil>,<nil>,<nil>,<nil>,<nil>,<nil>,552,<nil>
934891340,<nil>,<nil>,<nil>,<nil>,<nil>,<nil>,<nil>,<nil>,186,<nil>
3311488857,<nil>,<nil>,<nil>,<nil>,<nil>,<nil>,<nil>,<nil>,662,<nil>
1934577485,<nil>,<nil>,<nil>,<nil>,<nil>,<nil>,<nil>,<nil>,386,<nil>
4288761689,<nil>,<nil>,<nil>,<nil>,<nil>,<nil>,<nil>,<nil>,857,<nil>
1730498381,<nil>,<nil>,<nil>,<nil>,<nil>,<nil>,<nil>,<nil>,346,<nil>
489967436,<nil>,<nil>,<nil>,<nil>,<nil>,<nil>,<nil>,<nil>,97,<nil>
3273019212,<nil>,<nil>,<nil>,<nil>,<nil>,<nil>,<nil>,<nil>,654,<nil>
1192972109,<nil>,<nil>,<nil>,<nil>,<nil>,<nil>,<nil>,<nil>,238,<nil>
4125708109,<nil>,<nil>,<nil>,<nil>,<nil>,<nil>,<nil>,<nil>,825,<nil>
3293695454,<nil>,<nil>,<nil>,<nil>,<nil>,<nil>,<nil>,<nil>,658,<nil>
340479820,<nil>,<nil>,<nil>,<nil>,<nil>,<nil>,<nil>,<nil>,68,<nil>
3732098893,<nil>,<nil>,<nil>,<nil>,<nil>,<nil>,<nil>,<nil>,746,<nil>
1905938252,<nil>,<nil>,<nil>,<nil>,<nil>,<nil>,<nil>,<nil>,381,<nil>
4269952845,<nil>,<nil>,<nil>,<nil>,<nil>,<nil>,<nil>,<nil>,853,<nil>
3413452646,<nil>,<nil>,<nil>,<nil>,<nil>,<nil>,<nil>,<nil>,682,<nil>
1022167248,<nil>,<nil>,<nil>,<nil>,<nil>,<nil>,<nil>,<nil>,204,<nil>
3156627289,<nil>,<nil>,<nil>,<nil>,<nil>,<nil>,<nil>,<nil>,631,<nil>
1189236557,<nil>,<nil>,<nil>,<nil>,<nil>,<nil>,<nil>,<nil>,237,<nil>
93212492,<nil>,<nil>,<nil>,<nil>,<nil>,<nil>,<nil>,<nil>,18,<nil>
2172735321,<nil>,<nil>,<nil>,<nil>,<nil>,<nil>,<nil>,<nil>,434,<nil>
1867566560,<nil>,<nil>,<nil>,<nil>,<nil>,<nil>,<nil>,<nil>,373,<nil>
3650816208,<nil>,<nil>,<nil>,<nil>,<nil>,<nil>,<nil>,<nil>,730,<nil>
2074085376,<nil>,<nil>,<nil>,<nil>,<nil>,<nil>,<nil>,<nil>,414,<nil>
4242362188,<nil>,<nil>,<nil>,<nil>,<nil>,<nil>,<nil>,<nil>,848,<nil>
2457816909,<nil>,<nil>,<nil>,<nil>,<nil>,<nil>,<nil>,<nil>,491,<nil>
1105416025,<nil>,<nil>,<nil>,<nil>,<nil>,<nil>,<nil>,<nil>,221,<nil>
44763136,<nil>,<nil>,<nil>,<nil>,<nil>,<nil>,<nil>,<nil>,8,<nil>
1983532926,<nil>,<nil>,<nil>,<nil>,<nil>,<nil>,<nil>,<nil>,396,<nil>
3979431769,<nil>,<nil>,<nil>,<nil>,<nil>,<nil>,<nil>,<nil>,795,<nil>
2735034200,<nil>,<nil>,<nil>,<nil>,<nil>,<nil>,<nil>,<nil>,547,<nil>
1075203928,<nil>,<nil>,<nil>,<nil>,<nil>,<nil>,<nil>,<nil>,215,<nil>
3555872588,<nil>,<nil>,<nil>,<nil>,<nil>,<nil>,<nil>,<nil>,711,<nil>
2040221516,<nil>,<nil>,<nil>,<nil>,<nil>,<nil>,<nil>,<nil>,408,<nil>
4235939660,<nil>,<nil>,<nil>,<nil>,<nil>,<nil>,<nil>,<nil>,847,<nil>
2303919791,<nil>,<nil>,<nil>,<nil>,<nil>,<nil>,<nil>,<nil>,460,<nil>
339627864,<nil>,<nil>,<nil>,<nil>,<nil>,<nil>,<nil>,<nil>,67,<nil>
2555924313,<nil>,<nil>,<nil>,<nil>,<nil>,<nil>,<nil>,<nil>,511,<nil>
1304842060,<nil>,<nil>,<nil>,<nil>,<nil>,<nil>,<nil>,<nil>,260,<nil>
4083306316,<nil>,<nil>,<nil>,<nil>,<nil>,<nil>,<nil>,<nil>,816,<nil>
2210549605,<nil>,<nil>,<nil>,<nil>,<nil>,<nil>,<nil>,<nil>,442,<nil>
202133325,<nil>,<nil>,<nil>,<nil>,<nil>,<nil>,<nil>,<nil>,40,<nil>
2407288665,<nil>,<nil>,<nil>,<nil>,<nil>,<nil>,<nil>,<nil>,481,<nil>
723865432,<nil>,<nil>,<nil>,<nil>,<nil>,<nil>,<nil>,<nil>,144,<nil>
3212005208,<nil>,<nil>,<nil>,<nil>,<nil>,<nil>,<nil>,<nil>,642,<nil>
1707102029,<nil>,<nil>,<nil>,<nil>,<nil>,<nil>,<nil>,<nil>,341,<nil>
4175318860,<nil>,<nil>,<nil>,<nil>,<nil>,<nil>,<nil>,<nil>,835,<nil>
2380549976,<nil>,<nil>,<nil>,<nil>,<nil>,<nil>,<nil>,<nil>,476,<nil>
223498085,<nil>,<nil>,<nil>,<nil>,<nil>,<nil>,<nil>,<nil>,44,<nil>
2902085452,<nil>,<nil>,<nil>,<nil>,<nil>,<nil>,<nil>,<nil>,580,<nil>
1251233624,<nil>,<nil>,<nil>,<nil>,<nil>,<nil>,<nil>,<nil>,250,<nil>
3662368613,<nil>,<nil>,<nil>,<nil>,<nil>,<nil>,<nil>,<nil>,732,<nil>
2117797904,<nil>,<nil>,<nil>,<nil>,<nil>,<nil>,<nil>,<nil>,423,<nil>
422793048,<nil>,<nil>,<nil>,<nil>,<nil>,<nil>,<nil>,<nil>,84,<nil>
2604879692,<nil>,<nil>,<nil>,<nil>,<nil>,<nil>,<nil>,<nil>,520,<nil>
368332632,<nil>,<nil>,<nil>,<nil>,<nil>,<nil>,<nil>,<nil>,73,<nil>
2867023693,<nil>,<nil>,<nil>,<nil>,<nil>,<nil>,<nil>,<nil>,573,<nil>
1214795609,<nil>,<nil>,<nil>,<nil>,<nil>,<nil>,<nil>,<nil>,242,<nil>
3706408793,<nil>,<nil>,<nil>,<nil>,<nil>,<nil>,<nil>,<nil>,741,<nil>
2047364953,<nil>,<nil>,<nil>,<nil>,<nil>,<nil>,<nil>,<nil>,409,<nil>
908218389,<nil>,<nil>,<nil>,<nil>,<nil>,<nil>,<nil>,<nil>,181,<nil>
2729267033,<nil>,<nil>,<nil>,<nil>,<nil>,<nil>,<nil>,<nil>,545,<nil>
615272269,<nil>,<nil>,<nil>,<nil>,<nil>,<nil>,<nil>,<nil>,123,<nil>
3378970725,<nil>,<nil>,<nil>,<nil>,<nil>,<nil>,<nil>,<nil>,675,<nil>
1308512089,<nil>,<nil>,<nil>,<nil>,<nil>,<nil>,<nil>,<nil>,261,<nil>
4233318233,<nil>,<nil>,<nil>,<nil>,<nil>,<nil>,<nil>,<nil>,846,<nil>
2845790040,<nil>,<nil>,<nil>,<nil>,<nil>,<nil>,<nil>,<nil>,569,<nil>
589057868,<nil>,<nil>,<nil>,<nil>,<nil>,<nil>,<nil>,<nil>,117,<nil>
2941603672,<nil>,<nil>,<nil>,<nil>,<nil>,<nil>,<nil>,<nil>,588,<nil>
987582296,<nil>,<nil>,<nil>,<nil>,<nil>,<nil>,<nil>,<nil>,197,<nil>
3607056204,<nil>,<nil>,<nil>,<nil>,<nil>,<nil>,<nil>,<nil>,721,<nil>
1822576461,<nil>,<nil>,<nil>,<nil>,<nil>,<nil>,<nil>,<nil>,364,<nil>
1206079321,<nil>,<nil>,<nil>,<nil>,<nil>,<nil>,<nil>,<nil>,241,<nil>
3700772697,<nil>,<nil>,<nil>,<nil>,<nil>,<nil>,<nil>,<nil>,740,<nil>
2754301784,<nil>,<nil>,<nil>,<nil>,<nil>,<nil>,<nil>,<nil>,550,<nil>
1248415565,<nil>,<nil>,<nil>,<nil>,<nil>,<nil>,<nil>,<nil>,249,<nil>
160190284,<nil>,<nil>,<nil>,<nil>,<nil>,<nil>,<nil>,<nil>,32,<nil>
3842658624,<nil>,<nil>,<nil>,<nil>,<nil>,<nil>,<nil>,<nil>,768,<nil>
3168030541,<nil>,<nil>,<nil>,<nil>,<nil>,<nil>,<nil>,<nil>,633,<nil>
1857048421,<nil>,<nil>,<nil>,<nil>,<nil>,<nil>,<nil>,<nil>,371,<nil>
4144516941,<nil>,<nil>,<nil>,<nil>,<nil>,<nil>,<nil>,<nil>,828,<nil>
2189578061,<nil>,<nil>,<nil>,<nil>,<nil>,<nil>,<nil>,<nil>,437,<nil>
358764364,<nil>,<nil>,<nil>,<nil>,<nil>,<nil>,<nil>,<nil>,71,<nil>
2883080025,<nil>,<nil>,<nil>,<nil>,<nil>,<nil>,<nil>,<nil>,576,<nil>
1061769037,<nil>,<nil>,<nil>,<nil>,<nil>,<nil>,<nil>,<nil>,212,<nil>
112067561,<nil>,<nil>,<nil>,<nil>,<nil>,<nil>,<nil>,<nil>,22,<nil>
240602981,<nil>,<nil>,<nil>,<nil>,<nil>,<nil>,<nil>,<nil>,48,<nil>
426397529,<nil>,<nil>,<nil>,<nil>,<nil>,<nil>,<nil>,<nil>,85,<nil>
3233810448,<nil>,<nil>,<nil>,<nil>,<nil>,<nil>,<nil>,<nil>,646,<nil>
3477163853,<nil>,<nil>,<nil>,<nil>,<nil>,<nil>,<nil>,<nil>,695,<nil>
2973650764,<nil>,<nil>,<nil>,<nil>,<nil>,<nil>,<nil>,<nil>,594,<nil>
4120465229,<nil>,<nil>,<nil>,<nil>,<nil>,<nil>,<nil>,<nil>,824,<nil>
3652669273,<nil>,<nil>,<nil>,<nil>,<nil>,<nil>,<nil>,<nil>,730,<nil>
2746483689,<nil>,<nil>,<nil>,<nil>,<nil>,<nil>,<nil>,<nil>,549,<nil>
1195069272,<nil>,<nil>,<nil>,<nil>,<nil>,<nil>,<nil>,<nil>,239,<nil>
1234128729,<nil>,<nil>,<nil>,<nil>,<nil>,<nil>,<nil>,<nil>,246,<nil>
4208414565,<nil>,<nil>,<nil>,<nil>,<nil>,<nil>,<nil>,<nil>,841,<nil>
3351859020,<nil>,<nil>,<nil>,<nil>,<nil>,<nil>,<nil>,<nil>,670,<nil>
1129467725,<nil>,<nil>,<nil>,<nil>,<nil>,<nil>,<nil>,<nil>,225,<nil>
3375714125,<nil>,<nil>,<nil>,<nil>,<nil>,<nil>,<nil>,<nil>,675,<nil>
2210660458,<nil>,<nil>,<nil>,<nil>,<nil>,<nil>,<nil>,<nil>,442,<nil>
1248331792,<nil>,<nil>,<nil>,<nil>,<nil>,<nil>,<nil>,<nil>,249,<nil>
1433554776,<nil>,<nil>,<nil>,<nil>,<nil>,<nil>,<nil>,<nil>,286,<nil>
527454029,<nil>,<nil>,<nil>,<nil>,<nil>,<nil>,<nil>,<nil>,105,<nil>
2880130905,<nil>,<nil>,<nil>,<nil>,<nil>,<nil>,<nil>,<nil>,576,<nil>
2399817561,<nil>,<nil>,<nil>,<nil>,<nil>,<nil>,<nil>,<nil>,479,<nil>
711216997,<nil>,<nil>,<nil>,<nil>,<nil>,<nil>,<nil>,<nil>,142,<nil>
3423883096,<nil>,<nil>,<nil>,<nil>,<nil>,<nil>,<nil>,<nil>,684,<nil>
2592344273,<nil>,<nil>,<nil>,<nil>,<nil>,<nil>,<nil>,<nil>,518,<nil>
1141133145,<nil>,<nil>,<nil>,<nil>,<nil>,<nil>,<nil>,<nil>,228,<nil>
263671652,<nil>,<nil>,<nil>,<nil>,<nil>,<nil>,<nil>,<nil>,52,<nil>
3880144728,<nil>,<nil>,<nil>,<nil>,<nil>,<nil>,<nil>,<nil>,776,<nil>
1790332749,<nil>,<nil>,<nil>,<nil>,<nil>,<nil>,<nil>,<nil>,358,<nil>
1027362649,<nil>,<nil>,<nil>,<nil>,<nil>,<nil>,<nil>,<nil>,205,<nil>
286740300,<nil>,<nil>,<nil>,<nil>,<nil>,<nil>,<nil>,<nil>,57,<nil>
3989524313,<nil>,<nil>,<nil>,<nil>,<nil>,<nil>,<nil>,<nil>,797,<nil>
1509510989,<nil>,<nil>,<nil>,<nil>,<nil>,<nil>,<nil>,<nil>,301,<nil>
524167014,<nil>,<nil>,<nil>,<nil>,<nil>,<nil>,<nil>,<nil>,104,<nil>
3346616140,<nil>,<nil>,<nil>,<nil>,<nil>,<nil>,<nil>,<nil>,669,<nil>
788287309,<nil>,<nil>,<nil>,<nil>,<nil>,<nil>,<nil>,<nil>,157,<nil>
3921084522,<nil>,<nil>,<nil>,<nil>,<nil>,<nil>,<nil>,<nil>,784,<nil>
2636664664,<nil>,<nil>,<nil>,<nil>,<nil>,<nil>,<nil>,<nil>,527,<nil>
783568717,<nil>,<nil>,<nil>,<nil>,<nil>,<nil>,<nil>,<nil>,156,<nil>
3280162649,<nil>,<nil>,<nil>,<nil>,<nil>,<nil>,<nil>,<nil>,656,<nil>
2032422732,<nil>,<nil>,<nil>,<nil>,<nil>,<nil>,<nil>,<nil>,406,<nil>
459558745,<nil>,<nil>,<nil>,<nil>,<nil>,<nil>,<nil>,<nil>,91,<nil>
1031997104,<nil>,<nil>,<nil>,<nil>,<nil>,<nil>,<nil>,<nil>,206,<nil>
2755481444,<nil>,<nil>,<nil>,<nil>,<nil>,<nil>,<nil>,<nil>,551,<nil>
426772576,<nil>,<nil>,<nil>,<nil>,<nil>,<nil>,<nil>,<nil>,85,<nil>
2621329241,<nil>,<nil>,<nil>,<nil>,<nil>,<nil>,<nil>,<nil>,524,<nil>
647384920,<nil>,<nil>,<nil>,<nil>,<nil>,<nil>,<nil>,<nil>,129,<nil>
3254779903,<nil>,<nil>,<nil>,<nil>,<nil>,<nil>,<nil>,<nil>,650,<nil>
1329352536,<nil>,<nil>,<nil>,<nil>,<nil>,<nil>,<nil>,<nil>,265,<nil>
3595718488,<nil>,<nil>,<nil>,<nil>,<nil>,<nil>,<nil>,<nil>,719,<nil>
1923632972,<nil>,<nil>,<nil>,<nil>,<nil>,<nil>,<nil>,<nil>,384,<nil>
295325529,<nil>,<nil>,<nil>,<nil>,<nil>,<nil>,<nil>,<nil>,59,<nil>
3932114764,<nil>,<nil>,<nil>,<nil>,<nil>,<nil>,<nil>,<nil>,786,<nil>
425003048,<nil>,<nil>,<nil>,<nil>,<nil>,<nil>,<nil>,<nil>,85,<nil>
3948695372,<nil>,<nil>,<nil>,<nil>,<nil>,<nil>,<nil>,<nil>,789,<nil>
812320784,<nil>,<nil>,<nil>,<nil>,<nil>,<nil>,<nil>,<nil>,162,<nil>
3006549849,<nil>,<nil>,<nil>,<nil>,<nil>,<nil>,<nil>,<nil>,601,<nil>
214519640,<nil>,<nil>,<nil>,<nil>,<nil>,<nil>,<nil>,<nil>,42,<nil>
3650375524,<nil>,<nil>,<nil>,<nil>,<nil>,<nil>,<nil>,<nil>,730,<nil>
3108392792,<nil>,<nil>,<nil>,<nil>,<nil>,<nil>,<nil>,<nil>,621,<nil>
1289375564,<nil>,<nil>,<nil>,<nil>,<nil>,<nil>,<nil>,<nil>,257,<nil>
1111689232,<nil>,<nil>,<nil>,<nil>,<nil>,<nil>,<nil>,<nil>,222,<nil>
1876316030,<nil>,<nil>,<nil>,<nil>,<nil>,<nil>,<nil>,<nil>,375,<nil>
4161818457,<nil>,<nil>,<nil>,<nil>,<nil>,<nil>,<nil>,<nil>,832,<nil>
3725021028,<nil>,<nil>,<nil>,<nil>,<nil>,<nil>,<nil>,<nil>,745,<nil>
356536153,<nil>,<nil>,<nil>,<nil>,<nil>,<nil>,<nil>,<nil>,71,<nil>
2592231284,<nil>,<nil>,<nil>,<nil>,<nil>,<nil>,<nil>,<nil>,518,<nil>
2184138572,<nil>,<nil>,<nil>,<nil>,<nil>,<nil>,<nil>,<nil>,436,<nil>
2978303821,<nil>,<nil>,<nil>,<nil>,<nil>,<nil>,<nil>,<nil>,595,<nil>
598691673,<nil>,<nil>,<nil>,<nil>,<nil>,<nil>,<nil>,<nil>,119,<nil>
410799948,<nil>,<nil>,<nil>,<nil>,<nil>,<nil>,<nil>,<nil>,82,<nil>
2244497240,<nil>,<nil>,<nil>,<nil>,<nil>,<nil>,<nil>,<nil>,448,<nil>
424234828,<nil>,<nil>,<nil>,<nil>,<nil>,<nil>,<nil>,<nil>,84,<nil>
4203873956,<nil>,<nil>,<nil>,<nil>,<nil>,<nil>,<nil>,<nil>,840,<nil>
3622522712,<nil>,<nil>,<nil>,<nil>,<nil>,<nil>,<nil>,<nil>,724,<nil>
2840612684,<nil>,<nil>,<nil>,<nil>,<nil>,<nil>,<nil>,<nil>,568,<nil>
716394329,<nil>,<nil>,<nil>,<nil>,<nil>,<nil>,<nil>,<nil>,143,<nil>
3205713753,<nil>,<nil>,<nil>,<nil>,<nil>,<nil>,<nil>,<nil>,641,<nil>
2174766948,<nil>,<nil>,<nil>,<nil>,<nil>,<nil>,<nil>,<nil>,434,<nil>
3529756128,<nil>,<nil>,<nil>,<nil>,<nil>,<nil>,<nil>,<nil>,705,<nil>
1011878096,<nil>,<nil>,<nil>,<nil>,<nil>,<nil>,<nil>,<nil>,202,<nil>
3712962392,<nil>,<nil>,<nil>,<nil>,<nil>,<nil>,<nil>,<nil>,742,<nil>
1424641880,<nil>,<nil>,<nil>,<nil>,<nil>,<nil>,<nil>,<nil>,284,<nil>
3901509452,<nil>,<nil>,<nil>,<nil>,<nil>,<nil>,<nil>,<nil>,780,<nil>
2549108568,<nil>,<nil>,<nil>,<nil>,<nil>,<nil>,<nil>,<nil>,509,<nil>
719398762,<nil>,<nil>,<nil>,<nil>,<nil>,<nil>,<nil>,<nil>,143,<nil>
3813363533,<nil>,<nil>,<nil>,<nil>,<nil>,<nil>,<nil>,<nil>,762,<nil>
2130267980,<nil>,<nil>,<nil>,<nil>,<nil>,<nil>,<nil>,<nil>,426,<nil>
2818902032,<nil>,<nil>,<nil>,<nil>,<nil>,<nil>,<nil>,<nil>,563,<nil>
2744274776,<nil>,<nil>,<nil>,<nil>,<nil>,<nil>,<nil>,<nil>,548,<nil>
959008601,<nil>,<nil>,<nil>,<nil>,<nil>,<nil>,<nil>,<nil>,191,<nil>
3304148825,<nil>,<nil>,<nil>,<nil>,<nil>,<nil>,<nil>,<nil>,660,<nil>
130305868,<nil>,<nil>,<nil>,<nil>,<nil>,<nil>,<nil>,<nil>,26,<nil>
702107481,<nil>,<nil>,<nil>,<nil>,<nil>,<nil>,<nil>,<nil>,140,<nil>
3030536013,<nil>,<nil>,<nil>,<nil>,<nil>,<nil>,<nil>,<nil>,606,<nil>
2551729997,<nil>,<nil>,<nil>,<nil>,<nil>,<nil>,<nil>,<nil>,510,<nil>
2927644505,<nil>,<nil>,<nil>,<nil>,<nil>,<nil>,<nil>,<nil>,585,<nil>
1123045209,<nil>,<nil>,<nil>,<nil>,<nil>,<nil>,<nil>,<nil>,224,<nil>
620384088,<nil>,<nil>,<nil>,<nil>,<nil>,<nil>,<nil>,<nil>,124,<nil>
737169229,<nil>,<nil>,<nil>,<nil>,<nil>,<nil>,<nil>,<nil>,147,<nil>
3218100056,<nil>,<nil>,<nil>,<nil>,<nil>,<nil>,<nil>,<nil>,643,<nil>
2601602893,<nil>,<nil>,<nil>,<nil>,<nil>,<nil>,<nil>,<nil>,520,<nil>
3633063780,<nil>,<nil>,<nil>,<nil>,<nil>,<nil>,<nil>,<nil>,726,<nil>
1306462249,<nil>,<nil>,<nil>,<nil>,<nil>,<nil>,<nil>,<nil>,261,<nil>
3779874637,<nil>,<nil>,<nil>,<nil>,<nil>,<nil>,<nil>,<nil>,755,<nil>
2256031576,<nil>,<nil>,<nil>,<nil>,<nil>,<nil>,<nil>,<nil>,451,<nil>
1908428620,<nil>,<nil>,<nil>,<nil>,<nil>,<nil>,<nil>,<nil>,381,<nil>
1557614412,<nil>,<nil>,<nil>,<nil>,<nil>,<nil>,<nil>,<nil>,311,<nil>
4048441164,<nil>,<nil>,<nil>,<nil>,<nil>,<nil>,<nil>,<nil>,809,<nil>
3806136528,<nil>,<nil>,<nil>,<nil>,<nil>,<nil>,<nil>,<nil>,761,<nil>
196169549,<nil>,<nil>,<nil>,<nil>,<nil>,<nil>,<nil>,<nil>,39,<nil>
4016787289,<nil>,<nil>,<nil>,<nil>,<nil>,<nil>,<nil>,<nil>,803,<nil>
4273819492,<nil>,<nil>,<nil>,<nil>,<nil>,<nil>,<nil>,<nil>,854,<nil>
2238992205,<nil>,<nil>,<nil>,<nil>,<nil>,<nil>,<nil>,<nil>,447,<nil>
1882935116,<nil>,<nil>,<nil>,<nil>,<nil>,<nil>,<nil>,<nil>,376,<nil>
4063415776,<nil>,<nil>,<nil>,<nil>,<nil>,<nil>,<nil>,<nil>,812,<nil>
2618099712,<nil>,<nil>,<nil>,<nil>,<nil>,<nil>,<nil>,<nil>,523,<nil>
1122717529,<nil>,<nil>,<nil>,<nil>,<nil>,<nil>,<nil>,<nil>,224,<nil>
2441170776,<nil>,<nil>,<nil>,<nil>,<nil>,<nil>,<nil>,<nil>,488,<nil>
1067142988,<nil>,<nil>,<nil>,<nil>,<nil>,<nil>,<nil>,<nil>,213,<nil>
3388100428,<nil>,<nil>,<nil>,<nil>,<nil>,<nil>,<nil>,<nil>,677,<nil>
1739935576,<nil>,<nil>,<nil>,<nil>,<nil>,<nil>,<nil>,<nil>,347,<nil>
805719884,<nil>,<nil>,<nil>,<nil>,<nil>,<nil>,<nil>,<nil>,161,<nil>
4210249561,<nil>,<nil>,<nil>,<nil>,<nil>,<nil>,<nil>,<nil>,842,<nil>
2548453209,<nil>,<nil>,<nil>,<nil>,<nil>,<nil>,<nil>,<nil>,509,<nil>
1147621406,<nil>,<nil>,<nil>,<nil>,<nil>,<nil>,<nil>,<nil>,229,<nil>
2983022413,<nil>,<nil>,<nil>,<nil>,<nil>,<nil>,<nil>,<nil>,596,<nil>
2638761816,<nil>,<nil>,<nil>,<nil>,<nil>,<nil>,<nil>,<nil>,527,<nil>
2441105228,<nil>,<nil>,<nil>,<nil>,<nil>,<nil>,<nil>,<nil>,488,<nil>
2753351136,<nil>,<nil>,<nil>,<nil>,<nil>,<nil>,<nil>,<nil>,550,<nil>
261443429,<nil>,<nil>,<nil>,<nil>,<nil>,<nil>,<nil>,<nil>,52,<nil>
3551416141,<nil>,<nil>,<nil>,<nil>,<nil>,<nil>,<nil>,<nil>,710,<nil>
71716697,<nil>,<nil>,<nil>,<nil>,<nil>,<nil>,<nil>,<nil>,14,<nil>
2689159000,<nil>,<nil>,<nil>,<nil>,<nil>,<nil>,<nil>,<nil>,537,<nil>
1787318105,<nil>,<nil>,<nil>,<nil>,<nil>,<nil>,<nil>,<nil>,357,<nil>
309808984,<nil>,<nil>,<nil>,<nil>,<nil>,<nil>,<nil>,<nil>,61,<nil>
2962116441,<nil>,<nil>,<nil>,<nil>,<nil>,<nil>,<nil>,<nil>,592,<nil>
1433554776,<nil>,<nil>,<nil>,<nil>,<nil>,<nil>,<nil>,<nil>,286,<nil>
4080684877,<nil>,<nil>,<nil>,<nil>,<nil>,<nil>,<nil>,<nil>,816,<nil>
902582092,<nil>,<nil>,<nil>,<nil>,<nil>,<nil>,<nil>,<nil>,180,<nil>
3868938073,<nil>,<nil>,<nil>,<nil>,<nil>,<nil>,<nil>,<nil>,773,<nil>
16731980,<nil>,<nil>,<nil>,<nil>,<nil>,<nil>,<nil>,<nil>,3,<nil>
2795523916,<nil>,<nil>,<nil>,<nil>,<nil>,<nil>,<nil>,<nil>,559,<nil>
2536722265,<nil>,<nil>,<nil>,<nil>,<nil>,<nil>,<nil>,<nil>,507,<nil>
582569817,<nil>,<nil>,<nil>,<nil>,<nil>,<nil>,<nil>,<nil>,116,<nil>
4102377305,<nil>,<nil>,<nil>,<nil>,<nil>,<nil>,<nil>,<nil>,820,<nil>
3991424844,<nil>,<nil>,<nil>,<nil>,<nil>,<nil>,<nil>,<nil>,798,<nil>
1890406220,<nil>,<nil>,<nil>,<nil>,<nil>,<nil>,<nil>,<nil>,378,<nil>
980832088,<nil>,<nil>,<nil>,<nil>,<nil>,<nil>,<nil>,<nil>,196,<nil>
3603713868,<nil>,<nil>,<nil>,<nil>,<nil>,<nil>,<nil>,<nil>,720,<nil>
1477380096,<nil>,<nil>,<nil>,<nil>,<nil>,<nil>,<nil>,<nil>,295,<nil>
3495645005,<nil>,<nil>,<nil>,<nil>,<nil>,<nil>,<nil>,<nil>,699,<nil>
2185056100,<nil>,<nil>,<nil>,<nil>,<nil>,<nil>,<nil>,<nil>,437,<nil>
230838093,<nil>,<nil>,<nil>,<nil>,<nil>,<nil>,<nil>,<nil>,46,<nil>
2571194189,<nil>,<nil>,<nil>,<nil>,<nil>,<nil>,<nil>,<nil>,514,<nil>
2020888447,<nil>,<nil>,<nil>,<nil>,<nil>,<nil>,<nil>,<nil>,404,<nil>
3062910797,<nil>,<nil>,<nil>,<nil>,<nil>,<nil>,<nil>,<nil>,612,<nil>
1384861516,<nil>,<nil>,<nil>,<nil>,<nil>,<nil>,<nil>,<nil>,276,<nil>
480857933,<nil>,<nil>,<nil>,<nil>,<nil>,<nil>,<nil>,<nil>,96,<nil>
1707495256,<nil>,<nil>,<nil>,<nil>,<nil>,<nil>,<nil>,<nil>,341,<nil>
58740557,<nil>,<nil>,<nil>,<nil>,<nil>,<nil>,<nil>,<nil>,11,<nil>
2264682329,<nil>,<nil>,<nil>,<nil>,<nil>,<nil>,<nil>,<nil>,452,<nil>
1181372237,<nil>,<nil>,<nil>,<nil>,<nil>,<nil>,<nil>,<nil>,236,<nil>
3617541976,<nil>,<nil>,<nil>,<nil>,<nil>,<nil>,<nil>,<nil>,723,<nil>
1372868440,<nil>,<nil>,<nil>,<nil>,<nil>,<nil>,<nil>,<nil>,274,<nil>
168316749,<nil>,<nil>,<nil>,<nil>,<nil>,<nil>,<nil>,<nil>,33,<nil>
1924616037,<nil>,<nil>,<nil>,<nil>,<nil>,<nil>,<nil>,<nil>,384,<nil>
191188824,<nil>,<nil>,<nil>,<nil>,<nil>,<nil>,<nil>,<nil>,38,<nil>
2103922508,<nil>,<nil>,<nil>,<nil>,<nil>,<nil>,<nil>,<nil>,420,<nil>
3841544013,<nil>,<nil>,<nil>,<nil>,<nil>,<nil>,<nil>,<nil>,768,<nil>
2382188388,<nil>,<nil>,<nil>,<nil>,<nil>,<nil>,<nil>,<nil>,476,<nil>
3998306137,<nil>,<nil>,<nil>,<nil>,<nil>,<nil>,<nil>,<nil>,799,<nil>
2462469976,<nil>,<nil>,<nil>,<nil>,<nil>,<nil>,<nil>,<nil>,492,<nil>
1459572581,<nil>,<nil>,<nil>,<nil>,<nil>,<nil>,<nil>,<nil>,291,<nil>
1784893273,<nil>,<nil>,<nil>,<nil>,<nil>,<nil>,<nil>,<nil>,356,<nil>
248467288,<nil>,<nil>,<nil>,<nil>,<nil>,<nil>,<nil>,<nil>,49,<nil>
200803304,<nil>,<nil>,<nil>,<nil>,<nil>,<nil>,<nil>,<nil>,40,<nil>
1147687232,<nil>,<nil>,<nil>,<nil>,<nil>,<nil>,<nil>,<nil>,229,<nil>
3511635788,<nil>,<nil>,<nil>,<nil>,<nil>,<nil>,<nil>,<nil>,702,<nil>
2027638605,<nil>,<nil>,<nil>,<nil>,<nil>,<nil>,<nil>,<nil>,405,<nil>
1657163597,<nil>,<nil>,<nil>,<nil>,<nil>,<nil>,<nil>,<nil>,331,<nil>
729286656,<nil>,<nil>,<nil>,<nil>,<nil>,<nil>,<nil>,<nil>,145,<nil>
1485703376,<nil>,<nil>,<nil>,<nil>,<nil>,<nil>,<nil>,<nil>,297,<nil>
3767750489,<nil>,<nil>,<nil>,<nil>,<nil>,<nil>,<nil>,<nil>,753,<nil>
3331149669,<nil>,<nil>,<nil>,<nil>,<nil>,<nil>,<nil>,<nil>,666,<nil>
3821424473,<nil>,<nil>,<nil>,<nil>,<nil>,<nil>,<nil>,<nil>,764,<nil>
1855409997,<nil>,<nil>,<nil>,<nil>,<nil>,<nil>,<nil>,<nil>,371,<nil>
1939689292,<nil>,<nil>,<nil>,<nil>,<nil>,<nil>,<nil>,<nil>,387,<nil>
371263528,<nil>,<nil>,<nil>,<nil>,<nil>,<nil>,<nil>,<nil>,74,<nil>
271583248,<nil>,<nil>,<nil>,<nil>,<nil>,<nil>,<nil>,<nil>,54,<nil>
963989349,<nil>,<nil>,<nil>,<nil>,<nil>,<nil>,<nil>,<nil>,192,<nil>
3728476176,<nil>,<nil>,<nil>,<nil>,<nil>,<nil>,<nil>,<nil>,745,<nil>
2152025944,<nil>,<nil>,<nil>,<nil>,<nil>,<nil>,<nil>,<nil>,430,<nil>
3915337549,<nil>,<nil>,<nil>,<nil>,<nil>,<nil>,<nil>,<nil>,783,<nil>
461983565,<nil>,<nil>,<nil>,<nil>,<nil>,<nil>,<nil>,<nil>,92,<nil>
3419481961,<nil>,<nil>,<nil>,<nil>,<nil>,<nil>,<nil>,<nil>,683,<nil>
2615037785,<nil>,<nil>,<nil>,<nil>,<nil>,<nil>,<nil>,<nil>,523,<nil>
3395637069,<nil>,<nil>,<nil>,<nil>,<nil>,<nil>,<nil>,<nil>,679,<nil>
2006798156,<nil>,<nil>,<nil>,<nil>,<nil>,<nil>,<nil>,<nil>,401,<nil>
917589849,<nil>,<nil>,<nil>,<nil>,<nil>,<nil>,<nil>,<nil>,183,<nil>
3664662348,<nil>,<nil>,<nil>,<nil>,<nil>,<nil>,<nil>,<nil>,732,<nil>
3340783448,<nil>,<nil>,<nil>,<nil>,<nil>,<nil>,<nil>,<nil>,668,<nil>
429150040,<nil>,<nil>,<nil>,<nil>,<nil>,<nil>,<nil>,<nil>,85,<nil>
3088404313,<nil>,<nil>,<nil>,<nil>,<nil>,<nil>,<nil>,<nil>,617,<nil>
2277986124,<nil>,<nil>,<nil>,<nil>,<nil>,<nil>,<nil>,<nil>,455,<nil>
469585753,<nil>,<nil>,<nil>,<nil>,<nil>,<nil>,<nil>,<nil>,93,<nil>
2798341965,<nil>,<nil>,<nil>,<nil>,<nil>,<nil>,<nil>,<nil>,559,<nil>
2029997913,<nil>,<nil>,<nil>,<nil>,<nil>,<nil>,<nil>,<nil>,405,<nil>
2965393240,<nil>,<nil>,<nil>,<nil>,<nil>,<nil>,<nil>,<nil>,593,<nil>
730943309,<nil>,<nil>,<nil>,<nil>,<nil>,<nil>,<nil>,<nil>,146,<nil>
851595097,<nil>,<nil>,<nil>,<nil>,<nil>,<nil>,<nil>,<nil>,170,<nil>
43208524,<nil>,<nil>,<nil>,<nil>,<nil>,<nil>,<nil>,<nil>,8,<nil>
3158116368,<nil>,<nil>,<nil>,<nil>,<nil>,<nil>,<nil>,<nil>,631,<nil>
2060930904,<nil>,<nil>,<nil>,<nil>,<nil>,<nil>,<nil>,<nil>,412,<nil>
2110869336,<nil>,<nil>,<nil>,<nil>,<nil>,<nil>,<nil>,<nil>,422,<nil>
2153664332,<nil>,<nil>,<nil>,<nil>,<nil>,<nil>,<nil>,<nil>,430,<nil>
490360652,<nil>,<nil>,<nil>,<nil>,<nil>,<nil>,<nil>,<nil>,98,<nil>
3424538444,<nil>,<nil>,<nil>,<nil>,<nil>,<nil>,<nil>,<nil>,684,<nil>
3847507789,<nil>,<nil>,<nil>,<nil>,<nil>,<nil>,<nil>,<nil>,769,<nil>
2930200397,<nil>,<nil>,<nil>,<nil>,<nil>,<nil>,<nil>,<nil>,586,<nil>
2536704000,<nil>,<nil>,<nil>,<nil>,<nil>,<nil>,<nil>,<nil>,507,<nil>
351227736,<nil>,<nil>,<nil>,<nil>,<nil>,<nil>,<nil>,<nil>,70,<nil>
3292811085,<nil>,<nil>,<nil>,<nil>,<nil>,<nil>,<nil>,<nil>,658,<nil>
46944077,<nil>,<nil>,<nil>,<nil>,<nil>,<nil>,<nil>,<nil>,9,<nil>
2251640665,<nil>,<nil>,<nil>,<nil>,<nil>,<nil>,<nil>,<nil>,450,<nil>
2323402572,<nil>,<nil>,<nil>,<nil>,<nil>,<nil>,<nil>,<nil>,464,<nil>
315838284,<nil>,<nil>,<nil>,<nil>,<nil>,<nil>,<nil>,<nil>,63,<nil>
2691452761,<nil>,<nil>,<nil>,<nil>,<nil>,<nil>,<nil>,<nil>,538,<nil>
1143033676,<nil>,<nil>,<nil>,<nil>,<nil>,<nil>,<nil>,<nil>,228,<nil>
523784024,<nil>,<nil>,<nil>,<nil>,<nil>,<nil>,<nil>,<nil>,104,<nil>
438980441,<nil>,<nil>,<nil>,<nil>,<nil>,<nil>,<nil>,<nil>,87,<nil>
3582863206,<nil>,<nil>,<nil>,<nil>,<nil>,<nil>,<nil>,<nil>,716,<nil>
1185435519,<nil>,<nil>,<nil>,<nil>,<nil>,<nil>,<nil>,<nil>,237,<nil>
3200208729,<nil>,<nil>,<nil>,<nil>,<nil>,<nil>,<nil>,<nil>,640,<nil>
1969293312,<nil>,<nil>,<nil>,<nil>,<nil>,<nil>,<nil>,<nil>,393,<nil>
4029566809,<nil>,<nil>,<nil>,<nil>,<nil>,<nil>,<nil>,<nil>,805,<nil>
3366801228,<nil>,<nil>,<nil>,<nil>,<nil>,<nil>,<nil>,<nil>,673,<nil>
1860783949,<nil>,<nil>,<nil>,<nil>,<nil>,<nil>,<nil>,<nil>,372,<nil>
200101709,<nil>,<nil>,<nil>,<nil>,<nil>,<nil>,<nil>,<nil>,40,<nil>
2096844633,<nil>,<nil>,<nil>,<nil>,<nil>,<nil>,<nil>,<nil>,419,<nil>
4008333157,<nil>,<nil>,<nil>,<nil>,<nil>,<nil>,<nil>,<nil>,801,<nil>
2415480652,<nil>,<nil>,<nil>,<nil>,<nil>,<nil>,<nil>,<nil>,483,<nil>
1523339097,<nil>,<nil>,<nil>,<nil>,<nil>,<nil>,<nil>,<nil>,304,<nil>
1901398152,<nil>,<nil>,<nil>,<nil>,<nil>,<nil>,<nil>,<nil>,380,<nil>
4021964621,<nil>,<nil>,<nil>,<nil>,<nil>,<nil>,<nil>,<nil>,804,<nil>
2952023885,<nil>,<nil>,<nil>,<nil>,<nil>,<nil>,<nil>,<nil>,590,<nil>
1428883472,<nil>,<nil>,<nil>,<nil>,<nil>,<nil>,<nil>,<nil>,285,<nil>
920211301,<nil>,<nil>,<nil>,<nil>,<nil>,<nil>,<nil>,<nil>,184,<nil>
3618131788,<nil>,<nil>,<nil>,<nil>,<nil>,<nil>,<nil>,<nil>,723,<nil>
3840102220,<nil>,<nil>,<nil>,<nil>,<nil>,<nil>,<nil>,<nil>,768,<nil>
2014400356,<nil>,<nil>,<nil>,<nil>,<nil>,<nil>,<nil>,<nil>,402,<nil>
433326176,<nil>,<nil>,<nil>,<nil>,<nil>,<nil>,<nil>,<nil>,86,<nil>
2306428772,<nil>,<nil>,<nil>,<nil>,<nil>,<nil>,<nil>,<nil>,461,<nil>
994642016,<nil>,<nil>,<nil>,<nil>,<nil>,<nil>,<nil>,<nil>,198,<nil>
960253802,<nil>,<nil>,<nil>,<nil>,<nil>,<nil>,<nil>,<nil>,192,<nil>
1911574348,<nil>,<nil>,<nil>,<nil>,<nil>,<nil>,<nil>,<nil>,382,<nil>
3980283725,<nil>,<nil>,<nil>,<nil>,<nil>,<nil>,<nil>,<nil>,796,<nil>
2165395289,<nil>,<nil>,<nil>,<nil>,<nil>,<nil>,<nil>,<nil>,433,<nil>
2551523172,<nil>,<nil>,<nil>,<nil>,<nil>,<nil>,<nil>,<nil>,510,<nil>
1998081869,<nil>,<nil>,<nil>,<nil>,<nil>,<nil>,<nil>,<nil>,399,<nil>
1229344601,<nil>,<nil>,<nil>,<nil>,<nil>,<nil>,<nil>,<nil>,245,<nil>
3721547609,<nil>,<nil>,<nil>,<nil>,<nil>,<nil>,<nil>,<nil>,744,<nil>
2265993037,<nil>,<nil>,<nil>,<nil>,<nil>,<nil>,<nil>,<nil>,453,<nil>
947521552,<nil>,<nil>,<nil>,<nil>,<nil>,<nil>,<nil>,<nil>,189,<nil>
2949271373,<nil>,<nil>,<nil>,<nil>,<nil>,<nil>,<nil>,<nil>,589,<nil>
2462601049,<nil>,<nil>,<nil>,<nil>,<nil>,<nil>,<nil>,<nil>,492,<nil>
1467810793,<nil>,<nil>,<nil>,<nil>,<nil>,<nil>,<nil>,<nil>,293,<nil>
3832106829,<nil>,<nil>,<nil>,<nil>,<nil>,<nil>,<nil>,<nil>,766,<nil>
1287081805,<nil>,<nil>,<nil>,<nil>,<nil>,<nil>,<nil>,<nil>,257,<nil>
2797162317,<nil>,<nil>,<nil>,<nil>,<nil>,<nil>,<nil>,<nil>,559,<nil>
2441105228,<nil>,<nil>,<nil>,<nil>,<nil>,<nil>,<nil>,<nil>,488,<nil>
932990797,<nil>,<nil>,<nil>,<nil>,<nil>,<nil>,<nil>,<nil>,186,<nil>
958484312,<nil>,<nil>,<nil>,<nil>,<nil>,<nil>,<nil>,<nil>,191,<nil>
1065963341,<nil>,<nil>,<nil>,<nil>,<nil>,<nil>,<nil>,<nil>,213,<nil>
3983822680,<nil>,<nil>,<nil>,<nil>,<nil>,<nil>,<nil>,<nil>,796,<nil>
2616938328,<nil>,<nil>,<nil>,<nil>,<nil>,<nil>,<nil>,<nil>,523,<nil>
1147013136,<nil>,<nil>,<nil>,<nil>,<nil>,<nil>,<nil>,<nil>,229,<nil>
3008384884,<nil>,<nil>,<nil>,<nil>,<nil>,<nil>,<nil>,<nil>,601,<nil>
1553008640,<nil>,<nil>,<nil>,<nil>,<nil>,<nil>,<nil>,<nil>,310,<nil>
3539488600,<nil>,<nil>,<nil>,<nil>,<nil>,<nil>,<nil>,<nil>,707,<nil>
3071233869,<nil>,<nil>,<nil>,<nil>,<nil>,<nil>,<nil>,<nil>,614,<nil>
1407930189,<nil>,<nil>,<nil>,<nil>,<nil>,<nil>,<nil>,<nil>,281,<nil>
985991184,<nil>,<nil>,<nil>,<nil>,<nil>,<nil>,<nil>,<nil>,197,<nil>
3393015628,<nil>,<nil>,<nil>,<nil>,<nil>,<nil>,<nil>,<nil>,678,<nil>
2356367193,<nil>,<nil>,<nil>,<nil>,<nil>,<nil>,<nil>,<nil>,471,<nil>
667373388,<nil>,<nil>,<nil>,<nil>,<nil>,<nil>,<nil>,<nil>,133,<nil>
3596898124,<nil>,<nil>,<nil>,<nil>,<nil>,<nil>,<nil>,<nil>,719,<nil>
1742229336,<nil>,<nil>,<nil>,<nil>,<nil>,<nil>,<nil>,<nil>,348,<nil>
3815395161,<nil>,<nil>,<nil>,<nil>,<nil>,<nil>,<nil>,<nil>,763,<nil>
3322695501,<nil>,<nil>,<nil>,<nil>,<nil>,<nil>,<nil>,<nil>,664,<nil>
1056180320,<nil>,<nil>,<nil>,<nil>,<nil>,<nil>,<nil>,<nil>,211,<nil>
3641724760,<nil>,<nil>,<nil>,<nil>,<nil>,<nil>,<nil>,<nil>,728,<nil>
2558218060,<nil>,<nil>,<nil>,<nil>,<nil>,<nil>,<nil>,<nil>,511,<nil>
253710169,<nil>,<nil>,<nil>,<nil>,<nil>,<nil>,<nil>,<nil>,50,<nil>
3147779916,<nil>,<nil>,<nil>,<nil>,<nil>,<nil>,<nil>,<nil>,629,<nil>
3106754380,<nil>,<nil>,<nil>,<nil>,<nil>,<nil>,<nil>,<nil>,621,<nil>
686575141,<nil>,<nil>,<nil>,<nil>,<nil>,<nil>,<nil>,<nil>,137,<nil>
80553833,<nil>,<nil>,<nil>,<nil>,<nil>,<nil>,<nil>,<nil>,16,<nil>
2070564684,<nil>,<nil>,<nil>,<nil>,<nil>,<nil>,<nil>,<nil>,414,<nil>
296111961,<nil>,<nil>,<nil>,<nil>,<nil>,<nil>,<nil>,<nil>,59,<nil>
2982432613,<nil>,<nil>,<nil>,<nil>,<nil>,<nil>,<nil>,<nil>,596,<nil>
1128484697,<nil>,<nil>,<nil>,<nil>,<nil>,<nil>,<nil>,<nil>,225,<nil>
353390425,<nil>,<nil>,<nil>,<nil>,<nil>,<nil>,<nil>,<nil>,70,<nil>
2238992205,<nil>,<nil>,<nil>,<nil>,<nil>,<nil>,<nil>,<nil>,447,<nil>
4205137740,<nil>,<nil>,<nil>,<nil>,<nil>,<nil>,<nil>,<nil>,841,<nil>
1525174105,<nil>,<nil>,<nil>,<nil>,<nil>,<nil>,<nil>,<nil>,305,<nil>
654313632,<nil>,<nil>,<nil>,<nil>,<nil>,<nil>,<nil>,<nil>,130,<nil>
3283373925,<nil>,<nil>,<nil>,<nil>,<nil>,<nil>,<nil>,<nil>,656,<nil>
4259794794,<nil>,<nil>,<nil>,<nil>,<nil>,<nil>,<nil>,<nil>,851,<nil>
2542948173,<nil>,<nil>,<nil>,<nil>,<nil>,<nil>,<nil>,<nil>,508,<nil>
1916161869,<nil>,<nil>,<nil>,<nil>,<nil>,<nil>,<nil>,<nil>,383,<nil>
3734589260,<nil>,<nil>,<nil>,<nil>,<nil>,<nil>,<nil>,<nil>,746,<nil>
2435057680,<nil>,<nil>,<nil>,<nil>,<nil>,<nil>,<nil>,<nil>,487,<nil>
412438348,<nil>,<nil>,<nil>,<nil>,<nil>,<nil>,<nil>,<nil>,82,<nil>
4242100056,<nil>,<nil>,<nil>,<nil>,<nil>,<nil>,<nil>,<nil>,848,<nil>
4064431949,<nil>,<nil>,<nil>,<nil>,<nil>,<nil>,<nil>,<nil>,812,<nil>
2835369816,<nil>,<nil>,<nil>,<nil>,<nil>,<nil>,<nil>,<nil>,567,<nil>
614354777,<nil>,<nil>,<nil>,<nil>,<nil>,<nil>,<nil>,<nil>,122,<nil>
3935882719,<nil>,<nil>,<nil>,<nil>,<nil>,<nil>,<nil>,<nil>,787,<nil>
1363365733,<nil>,<nil>,<nil>,<nil>,<nil>,<nil>,<nil>,<nil>,272,<nil>
3906817880,<nil>,<nil>,<nil>,<nil>,<nil>,<nil>,<nil>,<nil>,781,<nil>
2390445912,<nil>,<nil>,<nil>,<nil>,<nil>,<nil>,<nil>,<nil>,478,<nil>
1924550477,<nil>,<nil>,<nil>,<nil>,<nil>,<nil>,<nil>,<nil>,384,<nil>
2899510959,<nil>,<nil>,<nil>,<nil>,<nil>,<nil>,<nil>,<nil>,579,<nil>
629886796,<nil>,<nil>,<nil>,<nil>,<nil>,<nil>,<nil>,<nil>,125,<nil>
599805784,<nil>,<nil>,<nil>,<nil>,<nil>,<nil>,<nil>,<nil>,119,<nil>
996495181,<nil>,<nil>,<nil>,<nil>,<nil>,<nil>,<nil>,<nil>,199,<nil>
3359592281,<nil>,<nil>,<nil>,<nil>,<nil>,<nil>,<nil>,<nil>,671,<nil>
2261274456,<nil>,<nil>,<nil>,<nil>,<nil>,<nil>,<nil>,<nil>,452,<nil>
3313848140,<nil>,<nil>,<nil>,<nil>,<nil>,<nil>,<nil>,<nil>,662,<nil>
1655787340,<nil>,<nil>,<nil>,<nil>,<nil>,<nil>,<nil>,<nil>,331,<nil>
4292628300,<nil>,<nil>,<nil>,<nil>,<nil>,<nil>,<nil>,<nil>,858,<nil>
2809679705,<nil>,<nil>,<nil>,<nil>,<nil>,<nil>,<nil>,<nil>,561,<nil>
3913371480,<nil>,<nil>,<nil>,<nil>,<nil>,<nil>,<nil>,<nil>,782,<nil>
2790870884,<nil>,<nil>,<nil>,<nil>,<nil>,<nil>,<nil>,<nil>,558,<nil>
1039159128,<nil>,<nil>,<nil>,<nil>,<nil>,<nil>,<nil>,<nil>,207,<nil>
845041485,<nil>,<nil>,<nil>,<nil>,<nil>,<nil>,<nil>,<nil>,169,<nil>
367152973,<nil>,<nil>,<nil>,<nil>,<nil>,<nil>,<nil>,<nil>,73,<nil>
3822145380,<nil>,<nil>,<nil>,<nil>,<nil>,<nil>,<nil>,<nil>,764,<nil>
1355370329,<nil>,<nil>,<nil>,<nil>,<nil>,<nil>,<nil>,<nil>,271,<nil>
863391565,<nil>,<nil>,<nil>,<nil>,<nil>,<nil>,<nil>,<nil>,172,<nil>
1815498572,<nil>,<nil>,<nil>,<nil>,<nil>,<nil>,<nil>,<nil>,363,<nil>
4155985740,<nil>,<nil>,<nil>,<nil>,<nil>,<nil>,<nil>,<nil>,831,<nil>
2648114864,<nil>,<nil>,<nil>,<nil>,<nil>,<nil>,<nil>,<nil>,529,<nil>
554520408,<nil>,<nil>,<nil>,<nil>,<nil>,<nil>,<nil>,<nil>,110,<nil>
2758823757,<nil>,<nil>,<nil>,<nil>,<nil>,<nil>,<nil>,<nil>,551,<nil>
1674661720,<nil>,<nil>,<nil>,<nil>,<nil>,<nil>,<nil>,<nil>,334,<nil>
4164833112,<nil>,<nil>,<nil>,<nil>,<nil>,<nil>,<nil>,<nil>,832,<nil>
3100856181,<nil>,<nil>,<nil>,<nil>,<nil>,<nil>,<nil>,<nil>,620,<nil>
1900564313,<nil>,<nil>,<nil>,<nil>,<nil>,<nil>,<nil>,<nil>,380,<nil>
231100237,<nil>,<nil>,<nil>,<nil>,<nil>,<nil>,<nil>,<nil>,46,<nil>
3805237092,<nil>,<nil>,<nil>,<nil>,<nil>,<nil>,<nil>,<nil>,761,<nil>
1461127168,<nil>,<nil>,<nil>,<nil>,<nil>,<nil>,<nil>,<nil>,292,<nil>
4016590668,<nil>,<nil>,<nil>,<nil>,<nil>,<nil>,<nil>,<nil>,803,<nil>
3791867736,<nil>,<nil>,<nil>,<nil>,<nil>,<nil>,<nil>,<nil>,758,<nil>
2001358681,<nil>,<nil>,<nil>,<nil>,<nil>,<nil>,<nil>,<nil>,400,<nil>
1366118221,<nil>,<nil>,<nil>,<nil>,<nil>,<nil>,<nil>,<nil>,273,<nil>
291590005,<nil>,<nil>,<nil>,<nil>,<nil>,<nil>,<nil>,<nil>,58,<nil>
2492092237,<nil>,<nil>,<nil>,<nil>,<nil>,<nil>,<nil>,<nil>,498,<nil>
1728728921,<nil>,<nil>,<nil>,<nil>,<nil>,<nil>,<nil>,<nil>,345,<nil>
2416267085,<nil>,<nil>,<nil>,<nil>,<nil>,<nil>,<nil>,<nil>,483,<nil>
326651737,<nil>,<nil>,<nil>,<nil>,<nil>,<nil>,<nil>,<nil>,65,<nil>
3664400204,<nil>,<nil>,<nil>,<nil>,<nil>,<nil>,<nil>,<nil>,732,<nil>
2190986720,<nil>,<nil>,<nil>,<nil>,<nil>,<nil>,<nil>,<nil>,438,<nil>
319311704,<nil>,<nil>,<nil>,<nil>,<nil>,<nil>,<nil>,<nil>,63,<nil>
3554889549,<nil>,<nil>,<nil>,<nil>,<nil>,<nil>,<nil>,<nil>,710,<nil>
1161481696,<nil>,<nil>,<nil>,<nil>,<nil>,<nil>,<nil>,<nil>,232,<nil>
3521859594,<nil>,<nil>,<nil>,<nil>,<nil>,<nil>,<nil>,<nil>,704,<nil>
2664386380,<nil>,<nil>,<nil>,<nil>,<nil>,<nil>,<nil>,<nil>,532,<nil>
3546107737,<nil>,<nil>,<nil>,<nil>,<nil>,<nil>,<nil>,<nil>,709,<nil>
1876119373,<nil>,<nil>,<nil>,<nil>,<nil>,<nil>,<nil>,<nil>,375,<nil>
927813452,<nil>,<nil>,<nil>,<nil>,<nil>,<nil>,<nil>,<nil>,185,<nil>
1861570381,<nil>,<nil>,<nil>,<nil>,<nil>,<nil>,<nil>,<nil>,372,<nil>
4123152217,<nil>,<nil>,<nil>,<nil>,<nil>,<nil>,<nil>,<nil>,824,<nil>
2577420108,<nil>,<nil>,<nil>,<nil>,<nil>,<nil>,<nil>,<nil>,515,<nil>
1731546981,<nil>,<nil>,<nil>,<nil>,<nil>,<nil>,<nil>,<nil>,346,<nil>
2554613580,<nil>,<nil>,<nil>,<nil>,<nil>,<nil>,<nil>,<nil>,510,<nil>
1225674585,<nil>,<nil>,<nil>,<nil>,<nil>,<nil>,<nil>,<nil>,245,<nil>
4279848792,<nil>,<nil>,<nil>,<nil>,<nil>,<nil>,<nil>,<nil>,855,<nil>
2792116057,<nil>,<nil>,<nil>,<nil>,<nil>,<nil>,<nil>,<nil>,558,<nil>
1979254436,<nil>,<nil>,<nil>,<nil>,<nil>,<nil>,<nil>,<nil>,395,<nil>
39997272,<nil>,<nil>,<nil>,<nil>,<nil>,<nil>,<nil>,<nil>,7,<nil>
907300697,<nil>,<nil>,<nil>,<nil>,<nil>,<nil>,<nil>,<nil>,181,<nil>
3245231961,<nil>,<nil>,<nil>,<nil>,<nil>,<nil>,<nil>,<nil>,649,<nil>
1511590097,<nil>,<nil>,<nil>,<nil>,<nil>,<nil>,<nil>,<nil>,302,<nil>
788811608,<nil>,<nil>,<nil>,<nil>,<nil>,<nil>,<nil>,<nil>,157,<nil>
1037913956,<nil>,<nil>,<nil>,<nil>,<nil>,<nil>,<nil>,<nil>,207,<nil>
3785754624,<nil>,<nil>,<nil>,<nil>,<nil>,<nil>,<nil>,<nil>,757,<nil>
1951944536,<nil>,<nil>,<nil>,<nil>,<nil>,<nil>,<nil>,<nil>,390,<nil>
807030616,<nil>,<nil>,<nil>,<nil>,<nil>,<nil>,<nil>,<nil>,161,<nil>
3577302860,<nil>,<nil>,<nil>,<nil>,<nil>,<nil>,<nil>,<nil>,715,<nil>
1800818521,<nil>,<nil>,<nil>,<nil>,<nil>,<nil>,<nil>,<nil>,360,<nil>
872501069,<nil>,<nil>,<nil>,<nil>,<nil>,<nil>,<nil>,<nil>,174,<nil>
1322864460,<nil>,<nil>,<nil>,<nil>,<nil>,<nil>,<nil>,<nil>,264,<nil>
3395702605,<nil>,<nil>,<nil>,<nil>,<nil>,<nil>,<nil>,<nil>,679,<nil>
3247656792,<nil>,<nil>,<nil>,<nil>,<nil>,<nil>,<nil>,<nil>,649,<nil>
1168920409,<nil>,<nil>,<nil>,<nil>,<nil>,<nil>,<nil>,<nil>,233,<nil>
134041433,<nil>,<nil>,<nil>,<nil>,<nil>,<nil>,<nil>,<nil>,26,<nil>
808013656,<nil>,<nil>,<nil>,<nil>,<nil>,<nil>,<nil>,<nil>,161,<nil>
1344360280,<nil>,<nil>,<nil>,<nil>,<nil>,<nil>,<nil>,<nil>,268,<nil>
3696709453,<nil>,<nil>,<nil>,<nil>,<nil>,<nil>,<nil>,<nil>,739,<nil>
3295346717,<nil>,<nil>,<nil>,<nil>,<nil>,<nil>,<nil>,<nil>,659,<nil>
582700926,<nil>,<nil>,<nil>,<nil>,<nil>,<nil>,<nil>,<nil>,116,<nil>
2257473357,<nil>,<nil>,<nil>,<nil>,<nil>,<nil>,<nil>,<nil>,451,<nil>
1624264525,<nil>,<nil>,<nil>,<nil>,<nil>,<nil>,<nil>,<nil>,324,<nil>
1718832997,<nil>,<nil>,<nil>,<nil>,<nil>,<nil>,<nil>,<nil>,343,<nil>
4128984908,<nil>,<nil>,<nil>,<nil>,<nil>,<nil>,<nil>,<nil>,825,<nil>
3241150464,<nil>,<nil>,<nil>,<nil>,<nil>,<nil>,<nil>,<nil>,648,<nil>
1865764685,<nil>,<nil>,<nil>,<nil>,<nil>,<nil>,<nil>,<nil>,373,<nil>
1603686221,<nil>,<nil>,<nil>,<nil>,<nil>,<nil>,<nil>,<nil>,320,<nil>
4106112857,<nil>,<nil>,<nil>,<nil>,<nil>,<nil>,<nil>,<nil>,821,<nil>
1062096717,<nil>,<nil>,<nil>,<nil>,<nil>,<nil>,<nil>,<nil>,212,<nil>
3856682841,<nil>,<nil>,<nil>,<nil>,<nil>,<nil>,<nil>,<nil>,771,<nil>
2480885581,<nil>,<nil>,<nil>,<nil>,<nil>,<nil>,<nil>,<nil>,496,<nil>
2372489048,<nil>,<nil>,<nil>,<nil>,<nil>,<nil>,<nil>,<nil>,474,<nil>
568741720,<nil>,<nil>,<nil>,<nil>,<nil>,<nil>,<nil>,<nil>,113,<nil>
3861925733,<nil>,<nil>,<nil>,<nil>,<nil>,<nil>,<nil>,<nil>,772,<nil>
3038990156,<nil>,<nil>,<nil>,<nil>,<nil>,<nil>,<nil>,<nil>,607,<nil>
1526812492,<nil>,<nil>,<nil>,<nil>,<nil>,<nil>,<nil>,<nil>,305,<nil>
4175122264,<nil>,<nil>,<nil>,<nil>,<nil>,<nil>,<nil>,<nil>,835,<nil>
83775321,<nil>,<nil>,<nil>,<nil>,<nil>,<nil>,<nil>,<nil>,16,<nil>
2561953613,<nil>,<nil>,<nil>,<nil>,<nil>,<nil>,<nil>,<nil>,512,<nil>
1651134297,<nil>,<nil>,<nil>,<nil>,<nil>,<nil>,<nil>,<nil>,330,<nil>
1390497612,<nil>,<nil>,<nil>,<nil>,<nil>,<nil>,<nil>,<nil>,278,<nil>
3599191896,<nil>,<nil>,<nil>,<nil>,<nil>,<nil>,<nil>,<nil>,719,<nil>
2528726872,<nil>,<nil>,<nil>,<nil>,<nil>,<nil>,<nil>,<nil>,505,<nil>
1175867213,<nil>,<nil>,<nil>,<nil>,<nil>,<nil>,<nil>,<nil>,235,<nil>
828133208,<nil>,<nil>,<nil>,<nil>,<nil>,<nil>,<nil>,<nil>,165,<nil>
2730053464,<nil>,<nil>,<nil>,<nil>,<nil>,<nil>,<nil>,<nil>,546,<nil>
1242582873,<nil>,<nil>,<nil>,<nil>,<nil>,<nil>,<nil>,<nil>,248,<nil>
2338064400,<nil>,<nil>,<nil>,<nil>,<nil>,<nil>,<nil>,<nil>,467,<nil>
1222725452,<nil>,<nil>,<nil>,<nil>,<nil>,<nil>,<nil>,<nil>,244,<nil>
3155578713,<nil>,<nil>,<nil>,<nil>,<nil>,<nil>,<nil>,<nil>,631,<nil>
2195935052,<nil>,<nil>,<nil>,<nil>,<nil>,<nil>,<nil>,<nil>,439,<nil>
1980616160,<nil>,<nil>,<nil>,<nil>,<nil>,<nil>,<nil>,<nil>,396,<nil>
3783723049,<nil>,<nil>,<nil>,<nil>,<nil>,<nil>,<nil>,<nil>,756,<nil>
3358992228,<nil>,<nil>,<nil>,<nil>,<nil>,<nil>,<nil>,<nil>,671,<nil>
1762938712,<nil>,<nil>,<nil>,<nil>,<nil>,<nil>,<nil>,<nil>,352,<nil>
3202502489,<nil>,<nil>,<nil>,<nil>,<nil>,<nil>,<nil>,<nil>,640,<nil>
2107264856,<nil>,<nil>,<nil>,<nil>,<nil>,<nil>,<nil>,<nil>,421,<nil>
334188376,<nil>,<nil>,<nil>,<nil>,<nil>,<nil>,<nil>,<nil>,66,<nil>
3435614041,<nil>,<nil>,<nil>,<nil>,<nil>,<nil>,<nil>,<nil>,687,<nil>
2331397964,<nil>,<nil>,<nil>,<nil>,<nil>,<nil>,<nil>,<nil>,466,<nil>
817057612,<nil>,<nil>,<nil>,<nil>,<nil>,<nil>,<nil>,<nil>,163,<nil>
3652585488,<nil>,<nil>,<nil>,<nil>,<nil>,<nil>,<nil>,<nil>,730,<nil>
1794789196,<nil>,<nil>,<nil>,<nil>,<nil>,<nil>,<nil>,<nil>,358,<nil>
23482201,<nil>,<nil>,<nil>,<nil>,<nil>,<nil>,<nil>,<nil>,4,<nil>
3505803084,<nil>,<nil>,<nil>,<nil>,<nil>,<nil>,<nil>,<nil>,701,<nil>
3175501644,<nil>,<nil>,<nil>,<nil>,<nil>,<nil>,<nil>,<nil>,635,<nil>
1156122843,<nil>,<nil>,<nil>,<nil>,<nil>,<nil>,<nil>,<nil>,231,<nil>
740904780,<nil>,<nil>,<nil>,<nil>,<nil>,<nil>,<nil>,<nil>,148,<nil>
3204271960,<nil>,<nil>,<nil>,<nil>,<nil>,<nil>,<nil>,<nil>,640,<nil>
1385254732,<nil>,<nil>,<nil>,<nil>,<nil>,<nil>,<nil>,<nil>,277,<nil>
40437760,<nil>,<nil>,<nil>,<nil>,<nil>,<nil>,<nil>,<nil>,8,<nil>
3110031192,<nil>,<nil>,<nil>,<nil>,<nil>,<nil>,<nil>,<nil>,622,<nil>
3439480665,<nil>,<nil>,<nil>,<nil>,<nil>,<nil>,<nil>,<nil>,687,<nil>
2827487248,<nil>,<nil>,<nil>,<nil>,<nil>,<nil>,<nil>,<nil>,565,<nil>
692735832,<nil>,<nil>,<nil>,<nil>,<nil>,<nil>,<nil>,<nil>,138,<nil>
675237721,<nil>,<nil>,<nil>,<nil>,<nil>,<nil>,<nil>,<nil>,135,<nil>
3242330248,<nil>,<nil>,<nil>,<nil>,<nil>,<nil>,<nil>,<nil>,648,<nil>
2220838744,<nil>,<nil>,<nil>,<nil>,<nil>,<nil>,<nil>,<nil>,444,<nil>
3571142476,<nil>,<nil>,<nil>,<nil>,<nil>,<nil>,<nil>,<nil>,714,<nil>
3816574808,<nil>,<nil>,<nil>,<nil>,<nil>,<nil>,<nil>,<nil>,763,<nil>
963399513,<nil>,<nil>,<nil>,<nil>,<nil>,<nil>,<nil>,<nil>,192,<nil>
4014427992,<nil>,<nil>,<nil>,<nil>,<nil>,<nil>,<nil>,<nil>,802,<nil>
2818002777,<nil>,<nil>,<nil>,<nil>,<nil>,<nil>,<nil>,<nil>,563,<nil>
1538412365,<nil>,<nil>,<nil>,<nil>,<nil>,<nil>,<nil>,<nil>,307,<nil>
4026486605,<nil>,<nil>,<nil>,<nil>,<nil>,<nil>,<nil>,<nil>,805,<nil>
2948270080,<nil>,<nil>,<nil>,<nil>,<nil>,<nil>,<nil>,<nil>,589,<nil>
3464908633,<nil>,<nil>,<nil>,<nil>,<nil>,<nil>,<nil>,<nil>,692,<nil>
2064797516,<nil>,<nil>,<nil>,<nil>,<nil>,<nil>,<nil>,<nil>,412,<nil>
1514491749,<nil>,<nil>,<nil>,<nil>,<nil>,<nil>,<nil>,<nil>,302,<nil>
2414169932,<nil>,<nil>,<nil>,<nil>,<nil>,<nil>,<nil>,<nil>,482,<nil>
52186969,<nil>,<nil>,<nil>,<nil>,<nil>,<nil>,<nil>,<nil>,10,<nil>
3424472921,<nil>,<nil>,<nil>,<nil>,<nil>,<nil>,<nil>,<nil>,684,<nil>
1224429400,<nil>,<nil>,<nil>,<nil>,<nil>,<nil>,<nil>,<nil>,244,<nil>
3440136025,<nil>,<nil>,<nil>,<nil>,<nil>,<nil>,<nil>,<nil>,688,<nil>
3406974809,<nil>,<nil>,<nil>,<nil>,<nil>,<nil>,<nil>,<nil>,681,<nil>
2421751837,<nil>,<nil>,<nil>,<nil>,<nil>,<nil>,<nil>,<nil>,484,<nil>
1792495449,<nil>,<nil>,<nil>,<nil>,<nil>,<nil>,<nil>,<nil>,358,<nil>
410013528,<nil>,<nil>,<nil>,<nil>,<nil>,<nil>,<nil>,<nil>,82,<nil>
2174275040,<nil>,<nil>,<nil>,<nil>,<nil>,<nil>,<nil>,<nil>,434,<nil>
4226154508,<nil>,<nil>,<nil>,<nil>,<nil>,<nil>,<nil>,<nil>,845,<nil>
2754694988,<nil>,<nil>,<nil>,<nil>,<nil>,<nil>,<nil>,<nil>,550,<nil>
575491957,<nil>,<nil>,<nil>,<nil>,<nil>,<nil>,<nil>,<nil>,115,<nil>
3795996504,<nil>,<nil>,<nil>,<nil>,<nil>,<nil>,<nil>,<nil>,759,<nil>
1800032088,<nil>,<nil>,<nil>,<nil>,<nil>,<nil>,<nil>,<nil>,360,<nil>
3691007820,<nil>,<nil>,<nil>,<nil>,<nil>,<nil>,<nil>,<nil>,738,<nil>
2792247117,<nil>,<nil>,<nil>,<nil>,<nil>,<nil>,<nil>,<nil>,558,<nil>
4047556064,<nil>,<nil>,<nil>,<nil>,<nil>,<nil>,<nil>,<nil>,809,<nil>
2195410764,<nil>,<nil>,<nil>,<nil>,<nil>,<nil>,<nil>,<nil>,439,<nil>
4263857997,<nil>,<nil>,<nil>,<nil>,<nil>,<nil>,<nil>,<nil>,852,<nil>
3944173401,<nil>,<nil>,<nil>,<nil>,<nil>,<nil>,<nil>,<nil>,788,<nil>
1993756493,<nil>,<nil>,<nil>,<nil>,<nil>,<nil>,<nil>,<nil>,398,<nil>
50876249,<nil>,<nil>,<nil>,<nil>,<nil>,<nil>,<nil>,<nil>,10,<nil>
4013379417,<nil>,<nil>,<nil>,<nil>,<nil>,<nil>,<nil>,<nil>,802,<nil>
2724220748,<nil>,<nil>,<nil>,<nil>,<nil>,<nil>,<nil>,<nil>,544,<nil>
510152537,<nil>,<nil>,<nil>,<nil>,<nil>,<nil>,<nil>,<nil>,102,<nil>
3928772453,<nil>,<nil>,<nil>,<nil>,<nil>,<nil>,<nil>,<nil>,785,<nil>
2055407656,<nil>,<nil>,<nil>,<nil>,<nil>,<nil>,<nil>,<nil>,411,<nil>
53628773,<nil>,<nil>,<nil>,<nil>,<nil>,<nil>,<nil>,<nil>,10,<nil>
4083371852,<nil>,<nil>,<nil>,<nil>,<nil>,<nil>,<nil>,<nil>,816,<nil>
2396802933,<nil>,<nil>,<nil>,<nil>,<nil>,<nil>,<nil>,<nil>,479,<nil>
558059341,<nil>,<nil>,<nil>,<nil>,<nil>,<nil>,<nil>,<nil>,111,<nil>
3624488792,<nil>,<nil>,<nil>,<nil>,<nil>,<nil>,<nil>,<nil>,724,<nil>
1958039372,<nil>,<nil>,<nil>,<nil>,<nil>,<nil>,<nil>,<nil>,391,<nil>
1335447373,<nil>,<nil>,<nil>,<nil>,<nil>,<nil>,<nil>,<nil>,267,<nil>
698288128,<nil>,<nil>,<nil>,<nil>,<nil>,<nil>,<nil>,<nil>,139,<nil>
370102093,<nil>,<nil>,<nil>,<nil>,<nil>,<nil>,<nil>,<nil>,74,<nil>
2851032920,<nil>,<nil>,<nil>,<nil>,<nil>,<nil>,<nil>,<nil>,570,<nil>
1192251224,<nil>,<nil>,<nil>,<nil>,<nil>,<nil>,<nil>,<nil>,238,<nil>
2198032205,<nil>,<nil>,<nil>,<nil>,<nil>,<nil>,<nil>,<nil>,439,<nil>
391532365,<nil>,<nil>,<nil>,<nil>,<nil>,<nil>,<nil>,<nil>,78,<nil>
3332591449,<nil>,<nil>,<nil>,<nil>,<nil>,<nil>,<nil>,<nil>,666,<nil>
1158434636,<nil>,<nil>,<nil>,<nil>,<nil>,<nil>,<nil>,<nil>,231,<nil>
4138076160,<nil>,<nil>,<nil>,<nil>,<nil>,<nil>,<nil>,<nil>,827,<nil>
1433030489,<nil>,<nil>,<nil>,<nil>,<nil>,<nil>,<nil>,<nil>,286,<nil>
4158345036,<nil>,<nil>,<nil>,<nil>,<nil>,<nil>,<nil>,<nil>,831,<nil>
2241744729,<nil>,<nil>,<nil>,<nil>,<nil>,<nil>,<nil>,<nil>,448,<nil>
707415896,<nil>,<nil>,<nil>,<nil>,<nil>,<nil>,<nil>,<nil>,141,<nil>
1133137753,<nil>,<nil>,<nil>,<nil>,<nil>,<nil>,<nil>,<nil>,226,<nil>
65163097,<nil>,<nil>,<nil>,<nil>,<nil>,<nil>,<nil>,<nil>,13,<nil>
2854553600,<nil>,<nil>,<nil>,<nil>,<nil>,<nil>,<nil>,<nil>,570,<nil>
1313427288,<nil>,<nil>,<nil>,<nil>,<nil>,<nil>,<nil>,<nil>,262,<nil>
3825487705,<nil>,<nil>,<nil>,<nil>,<nil>,<nil>,<nil>,<nil>,765,<nil>
2005946189,<nil>,<nil>,<nil>,<nil>,<nil>,<nil>,<nil>,<nil>,401,<nil>
470765388,<nil>,<nil>,<nil>,<nil>,<nil>,<nil>,<nil>,<nil>,94,<nil>
3855044440,<nil>,<nil>,<nil>,<nil>,<nil>,<nil>,<nil>,<nil>,771,<nil>
2201767757,<nil>,<nil>,<nil>,<nil>,<nil>,<nil>,<nil>,<nil>,440,<nil>
1725976397,<nil>,<nil>,<nil>,<nil>,<nil>,<nil>,<nil>,<nil>,345,<nil>
2396999512,<nil>,<nil>,<nil>,<nil>,<nil>,<nil>,<nil>,<nil>,479,<nil>
871976780,<nil>,<nil>,<nil>,<nil>,<nil>,<nil>,<nil>,<nil>,174,<nil>
3981856601,<nil>,<nil>,<nil>,<nil>,<nil>,<nil>,<nil>,<nil>,796,<nil>
2787528524,<nil>,<nil>,<nil>,<nil>,<nil>,<nil>,<nil>,<nil>,557,<nil>
1004687181,<nil>,<nil>,<nil>,<nil>,<nil>,<nil>,<nil>,<nil>,200,<nil>
648302412,<nil>,<nil>,<nil>,<nil>,<nil>,<nil>,<nil>,<nil>,129,<nil>
3184396288,<nil>,<nil>,<nil>,<nil>,<nil>,<nil>,<nil>,<nil>,636,<nil>
2164281194,<nil>,<nil>,<nil>,<nil>,<nil>,<nil>,<nil>,<nil>,432,<nil>
2614579020,<nil>,<nil>,<nil>,<nil>,<nil>,<nil>,<nil>,<nil>,522,<nil>
95309645,<nil>,<nil>,<nil>,<nil>,<nil>,<nil>,<nil>,<nil>,19,<nil>
3775811417,<nil>,<nil>,<nil>,<nil>,<nil>,<nil>,<nil>,<nil>,755,<nil>
565858137,<nil>,<nil>,<nil>,<nil>,<nil>,<nil>,<nil>,<nil>,113,<nil>
3042201421,<nil>,<nil>,<nil>,<nil>,<nil>,<nil>,<nil>,<nil>,608,<nil>
2620477290,<nil>,<nil>,<nil>,<nil>,<nil>,<nil>,<nil>,<nil>,524,<nil>
2604420952,<nil>,<nil>,<nil>,<nil>,<nil>,<nil>,<nil>,<nil>,520,<nil>
219238221,<nil>,<nil>,<nil>,<nil>,<nil>,<nil>,<nil>,<nil>,43,<nil>
3421130572,<nil>,<nil>,<nil>,<nil>,<nil>,<nil>,<nil>,<nil>,684,<nil>
1933004621,<nil>,<nil>,<nil>,<nil>,<nil>,<nil>,<nil>,<nil>,386,<nil>
3437907788,<nil>,<nil>,<nil>,<nil>,<nil>,<nil>,<nil>,<nil>,687,<nil>
1347178328,<nil>,<nil>,<nil>,<nil>,<nil>,<nil>,<nil>,<nil>,269,<nil>
834734120,<nil>,<nil>,<nil>,<nil>,<nil>,<nil>,<nil>,<nil>,166,<nil>
1779650381,<nil>,<nil>,<nil>,<nil>,<nil>,<nil>,<nil>,<nil>,355,<nil>
132075353,<nil>,<nil>,<nil>,<nil>,<nil>,<nil>,<nil>,<nil>,26,<nil>
3478736728,<nil>,<nil>,<nil>,<nil>,<nil>,<nil>,<nil>,<nil>,695,<nil>
1686916941,<nil>,<nil>,<nil>,<nil>,<nil>,<nil>,<nil>,<nil>,337,<nil>
3105050468,<nil>,<nil>,<nil>,<nil>,<nil>,<nil>,<nil>,<nil>,621,<nil>
1388924749,<nil>,<nil>,<nil>,<nil>,<nil>,<nil>,<nil>,<nil>,277,<nil>
466767693,<nil>,<nil>,<nil>,<nil>,<nil>,<nil>,<nil>,<nil>,93,<nil>
2246987597,<nil>,<nil>,<nil>,<nil>,<nil>,<nil>,<nil>,<nil>,449,<nil>
445730637,<nil>,<nil>,<nil>,<nil>,<nil>,<nil>,<nil>,<nil>,89,<nil>
396382040,<nil>,<nil>,<nil>,<nil>,<nil>,<nil>,<nil>,<nil>,79,<nil>
3332394852,<nil>,<nil>,<nil>,<nil>,<nil>,<nil>,<nil>,<nil>,666,<nil>
2507296589,<nil>,<nil>,<nil>,<nil>,<nil>,<nil>,<nil>,<nil>,501,<nil>
1459245077,<nil>,<nil>,<nil>,<nil>,<nil>,<nil>,<nil>,<nil>,291,<nil>
3252768638,<nil>,<nil>,<nil>,<nil>,<nil>,<nil>,<nil>,<nil>,650,<nil>
1945784153,<nil>,<nil>,<nil>,<nil>,<nil>,<nil>,<nil>,<nil>,389,<nil>
969213604,<nil>,<nil>,<nil>,<nil>,<nil>,<nil>,<nil>,<nil>,193,<nil>
3476180812,<nil>,<nil>,<nil>,<nil>,<nil>,<nil>,<nil>,<nil>,695,<nil>
2734509913,<nil>,<nil>,<nil>,<nil>,<nil>,<nil>,<nil>,<nil>,546,<nil>
3406188365,<nil>,<nil>,<nil>,<nil>,<nil>,<nil>,<nil>,<nil>,681,<nil>
1549881164,<nil>,<nil>,<nil>,<nil>,<nil>,<nil>,<nil>,<nil>,309,<nil>
921128780,<nil>,<nil>,<nil>,<nil>,<nil>,<nil>,<nil>,<nil>,184,<nil>
1488605017,<nil>,<nil>,<nil>,<nil>,<nil>,<nil>,<nil>,<nil>,297,<nil>
3541152,<nil>,<nil>,<nil>,<nil>,<nil>,<nil>,<nil>,<nil>,0,<nil>
2908639065,<nil>,<nil>,<nil>,<nil>,<nil>,<nil>,<nil>,<nil>,581,<nil>
2635091789,<nil>,<nil>,<nil>,<nil>,<nil>,<nil>,<nil>,<nil>,527,<nil>
688934745,<nil>,<nil>,<nil>,<nil>,<nil>,<nil>,<nil>,<nil>,137,<nil>
460148580,<nil>,<nil>,<nil>,<nil>,<nil>,<nil>,<nil>,<nil>,92,<nil>
3185135437,<nil>,<nil>,<nil>,<nil>,<nil>,<nil>,<nil>,<nil>,637,<nil>
1576161125,<nil>,<nil>,<nil>,<nil>,<nil>,<nil>,<nil>,<nil>,315,<nil>
3948695397,<nil>,<nil>,<nil>,<nil>,<nil>,<nil>,<nil>,<nil>,789,<nil>
1923632985,<nil>,<nil>,<nil>,<nil>,<nil>,<nil>,<nil>,<nil>,384,<nil>
105926477,<nil>,<nil>,<nil>,<nil>,<nil>,<nil>,<nil>,<nil>,21,<nil>
2604158809,<nil>,<nil>,<nil>,<nil>,<nil>,<nil>,<nil>,<nil>,520,<nil>
1204375372,<nil>,<nil>,<nil>,<nil>,<nil>,<nil>,<nil>,<nil>,240,<nil>
3544928076,<nil>,<nil>,<nil>,<nil>,<nil>,<nil>,<nil>,<nil>,708,<nil>
2917551948,<nil>,<nil>,<nil>,<nil>,<nil>,<nil>,<nil>,<nil>,583,<nil>
408637273,<nil>,<nil>,<nil>,<nil>,<nil>,<nil>,<nil>,<nil>,81,<nil>
3451342668,<nil>,<nil>,<nil>,<nil>,<nil>,<nil>,<nil>,<nil>,690,<nil>
2983415640,<nil>,<nil>,<nil>,<nil>,<nil>,<nil>,<nil>,<nil>,596,<nil>
3222884213,<nil>,<nil>,<nil>,<nil>,<nil>,<nil>,<nil>,<nil>,644,<nil>
1131433805,<nil>,<nil>,<nil>,<nil>,<nil>,<nil>,<nil>,<nil>,226,<nil>
649809741,<nil>,<nil>,<nil>,<nil>,<nil>,<nil>,<nil>,<nil>,129,<nil>
761417572,<nil>,<nil>,<nil>,<nil>,<nil>,<nil>,<nil>,<nil>,152,<nil>
76828493,<nil>,<nil>,<nil>,<nil>,<nil>,<nil>,<nil>,<nil>,15,<nil>
2985774924,<nil>,<nil>,<nil>,<nil>,<nil>,<nil>,<nil>,<nil>,597,<nil>
1831340032,<nil>,<nil>,<nil>,<nil>,<nil>,<nil>,<nil>,<nil>,366,<nil>
634736960,<nil>,<nil>,<nil>,<nil>,<nil>,<nil>,<nil>,<nil>,126,<nil>
404508493,<nil>,<nil>,<nil>,<nil>,<nil>,<nil>,<nil>,<nil>,80,<nil>
3176746840,<nil>,<nil>,<nil>,<nil>,<nil>,<nil>,<nil>,<nil>,635,<nil>
2473480037,<nil>,<nil>,<nil>,<nil>,<nil>,<nil>,<nil>,<nil>,494,<nil>
1410551628,<nil>,<nil>,<nil>,<nil>,<nil>,<nil>,<nil>,<nil>,282,<nil>
90310656,<nil>,<nil>,<nil>,<nil>,<nil>,<nil>,<nil>,<nil>,18,<nil>
2535345996,<nil>,<nil>,<nil>,<nil>,<nil>,<nil>,<nil>,<nil>,507,<nil>
2888388429,<nil>,<nil>,<nil>,<nil>,<nil>,<nil>,<nil>,<nil>,577,<nil>
2421378905,<nil>,<nil>,<nil>,<nil>,<nil>,<nil>,<nil>,<nil>,484,<nil>
3415232345,<nil>,<nil>,<nil>,<nil>,<nil>,<nil>,<nil>,<nil>,683,<nil>
2465943384,<nil>,<nil>,<nil>,<nil>,<nil>,<nil>,<nil>,<nil>,493,<nil>
1718636377,<nil>,<nil>,<nil>,<nil>,<nil>,<nil>,<nil>,<nil>,343,<nil>
1138773861,<nil>,<nil>,<nil>,<nil>,<nil>,<nil>,<nil>,<nil>,227,<nil>
3567669069,<nil>,<nil>,<nil>,<nil>,<nil>,<nil>,<nil>,<nil>,713,<nil>
2338672472,<nil>,<nil>,<nil>,<nil>,<nil>,<nil>,<nil>,<nil>,467,<nil>
209520304,<nil>,<nil>,<nil>,<nil>,<nil>,<nil>,<nil>,<nil>,41,<nil>
3956352873,<nil>,<nil>,<nil>,<nil>,<nil>,<nil>,<nil>,<nil>,791,<nil>
1236946789,<nil>,<nil>,<nil>,<nil>,<nil>,<nil>,<nil>,<nil>,247,<nil>
3829813081,<nil>,<nil>,<nil>,<nil>,<nil>,<nil>,<nil>,<nil>,765,<nil>
2454540109,<nil>,<nil>,<nil>,<nil>,<nil>,<nil>,<nil>,<nil>,490,<nil>
744968025,<nil>,<nil>,<nil>,<nil>,<nil>,<nil>,<nil>,<nil>,148,<nil>
3496365900,<nil>,<nil>,<nil>,<nil>,<nil>,<nil>,<nil>,<nil>,699,<nil>
2759937881,<nil>,<nil>,<nil>,<nil>,<nil>,<nil>,<nil>,<nil>,551,<nil>
326127449,<nil>,<nil>,<nil>,<nil>,<nil>,<nil>,<nil>,<nil>,65,<nil>
2801946445,<nil>,<nil>,<nil>,<nil>,<nil>,<nil>,<nil>,<nil>,560,<nil>
2675855210,<nil>,<nil>,<nil>,<nil>,<nil>,<nil>,<nil>,<nil>,535,<nil>
2412990285,<nil>,<nil>,<nil>,<nil>,<nil>,<nil>,<nil>,<nil>,482,<nil>
1783320397,<nil>,<nil>,<nil>,<nil>,<nil>,<nil>,<nil>,<nil>,356,<nil>
2719305548,<nil>,<nil>,<nil>,<nil>,<nil>,<nil>,<nil>,<nil>,543,<nil>
947408729,<nil>,<nil>,<nil>,<nil>,<nil>,<nil>,<nil>,<nil>,189,<nil>
3842592588,<nil>,<nil>,<nil>,<nil>,<nil>,<nil>,<nil>,<nil>,768,<nil>
252006221,<nil>,<nil>,<nil>,<nil>,<nil>,<nil>,<nil>,<nil>,50,<nil>
3023261528,<nil>,<nil>,<nil>,<nil>,<nil>,<nil>,<nil>,<nil>,604,<nil>
1830244185,<nil>,<nil>,<nil>,<nil>,<nil>,<nil>,<nil>,<nil>,366,<nil>
1769099096,<nil>,<nil>,<nil>,<nil>,<nil>,<nil>,<nil>,<nil>,353,<nil>
3826601805,<nil>,<nil>,<nil>,<nil>,<nil>,<nil>,<nil>,<nil>,765,<nil>
3039645528,<nil>,<nil>,<nil>,<nil>,<nil>,<nil>,<nil>,<nil>,607,<nil>
1513377625,<nil>,<nil>,<nil>,<nil>,<nil>,<nil>,<nil>,<nil>,302,<nil>
212467728,<nil>,<nil>,<nil>,<nil>,<nil>,<nil>,<nil>,<nil>,42,<nil>
3654766413,<nil>,<nil>,<nil>,<nil>,<nil>,<nil>,<nil>,<nil>,730,<nil>
4039003980,<nil>,<nil>,<nil>,<nil>,<nil>,<nil>,<nil>,<nil>,807,<nil>
2243317592,<nil>,<nil>,<nil>,<nil>,<nil>,<nil>,<nil>,<nil>,448,<nil>
749358937,<nil>,<nil>,<nil>,<nil>,<nil>,<nil>,<nil>,<nil>,149,<nil>
517802024,<nil>,<nil>,<nil>,<nil>,<nil>,<nil>,<nil>,<nil>,103,<nil>
2806927204,<nil>,<nil>,<nil>,<nil>,<nil>,<nil>,<nil>,<nil>,561,<nil>
945311565,<nil>,<nil>,<nil>,<nil>,<nil>,<nil>,<nil>,<nil>,189,<nil>
3722512384,<nil>,<nil>,<nil>,<nil>,<nil>,<nil>,<nil>,<nil>,744,<nil>
1622626137,<nil>,<nil>,<nil>,<nil>,<nil>,<nil>,<nil>,<nil>,324,<nil>
3907594084,<nil>,<nil>,<nil>,<nil>,<nil>,<nil>,<nil>,<nil>,781,<nil>
1464749925,<nil>,<nil>,<nil>,<nil>,<nil>,<nil>,<nil>,<nil>,292,<nil>
885673816,<nil>,<nil>,<nil>,<nil>,<nil>,<nil>,<nil>,<nil>,177,<nil>
1001017177,<nil>,<nil>,<nil>,<nil>,<nil>,<nil>,<nil>,<nil>,200,<nil>
3479523149,<nil>,<nil>,<nil>,<nil>,<nil>,<nil>,<nil>,<nil>,695,<nil>
2324909930,<nil>,<nil>,<nil>,<nil>,<nil>,<nil>,<nil>,<nil>,464,<nil>
154160985,<nil>,<nil>,<nil>,<nil>,<nil>,<nil>,<nil>,<nil>,30,<nil>
2644397913,<nil>,<nil>,<nil>,<nil>,<nil>,<nil>,<nil>,<nil>,528,<nil>
1267224397,<nil>,<nil>,<nil>,<nil>,<nil>,<nil>,<nil>,<nil>,253,<nil>
1432244074,<nil>,<nil>,<nil>,<nil>,<nil>,<nil>,<nil>,<nil>,286,<nil>
4021309273,<nil>,<nil>,<nil>,<nil>,<nil>,<nil>,<nil>,<nil>,804,<nil>
3358347084,<nil>,<nil>,<nil>,<nil>,<nil>,<nil>,<nil>,<nil>,671,<nil>
260067148,<nil>,<nil>,<nil>,<nil>,<nil>,<nil>,<nil>,<nil>,52,<nil>
3121958756,<nil>,<nil>,<nil>,<nil>,<nil>,<nil>,<nil>,<nil>,624,<nil>
2316586853,<nil>,<nil>,<nil>,<nil>,<nil>,<nil>,<nil>,<nil>,463,<nil>
552423244,<nil>,<nil>,<nil>,<nil>,<nil>,<nil>,<nil>,<nil>,110,<nil>
3342356312,<nil>,<nil>,<nil>,<nil>,<nil>,<nil>,<nil>,<nil>,668,<nil>
1540050776,<nil>,<nil>,<nil>,<nil>,<nil>,<nil>,<nil>,<nil>,308,<nil>
3880669016,<nil>,<nil>,<nil>,<nil>,<nil>,<nil>,<nil>,<nil>,776,<nil>
2374913869,<nil>,<nil>,<nil>,<nil>,<nil>,<nil>,<nil>,<nil>,474,<nil>
414535512,<nil>,<nil>,<nil>,<nil>,<nil>,<nil>,<nil>,<nil>,82,<nil>
2902413144,<nil>,<nil>,<nil>,<nil>,<nil>,<nil>,<nil>,<nil>,580,<nil>
528895833,<nil>,<nil>,<nil>,<nil>,<nil>,<nil>,<nil>,<nil>,105,<nil>
3571470156,<nil>,<nil>,<nil>,<nil>,<nil>,<nil>,<nil>,<nil>,714,<nil>
1493389133,<nil>,<nil>,<nil>,<nil>,<nil>,<nil>,<nil>,<nil>,298,<nil>
252464972,<nil>,<nil>,<nil>,<nil>,<nil>,<nil>,<nil>,<nil>,50,<nil>
2604683096,<nil>,<nil>,<nil>,<nil>,<nil>,<nil>,<nil>,<nil>,520,<nil>
841287776,<nil>,<nil>,<nil>,<nil>,<nil>,<nil>,<nil>,<nil>,168,<nil>
2991345496,<nil>,<nil>,<nil>,<nil>,<nil>,<nil>,<nil>,<nil>,598,<nil>
1622101848,<nil>,<nil>,<nil>,<nil>,<nil>,<nil>,<nil>,<nil>,324,<nil>
4114304856,<nil>,<nil>,<nil>,<nil>,<nil>,<nil>,<nil>,<nil>,822,<nil>
2601013080,<nil>,<nil>,<nil>,<nil>,<nil>,<nil>,<nil>,<nil>,520,<nil>
1263994880,<nil>,<nil>,<nil>,<nil>,<nil>,<nil>,<nil>,<nil>,252,<nil>
3940110181,<nil>,<nil>,<nil>,<nil>,<nil>,<nil>,<nil>,<nil>,788,<nil>
3110489933,<nil>,<nil>,<nil>,<nil>,<nil>,<nil>,<nil>,<nil>,622,<nil>
2038648653,<nil>,<nil>,<nil>,<nil>,<nil>,<nil>,<nil>,<nil>,407,<nil>
868831262,<nil>,<nil>,<nil>,<nil>,<nil>,<nil>,<nil>,<nil>,173,<nil>
1221742425,<nil>,<nil>,<nil>,<nil>,<nil>,<nil>,<nil>,<nil>,244,<nil>
3821424460,<nil>,<nil>,<nil>,<nil>,<nil>,<nil>,<nil>,<nil>,764,<nil>
2048610137,<nil>,<nil>,<nil>,<nil>,<nil>,<nil>,<nil>,<nil>,409,<nil>
1422806873,<nil>,<nil>,<nil>,<nil>,<nil>,<nil>,<nil>,<nil>,284,<nil>
3899281229,<nil>,<nil>,<nil>,<nil>,<nil>,<nil>,<nil>,<nil>,779,<nil>
2030456652,<nil>,<nil>,<nil>,<nil>,<nil>,<nil>,<nil>,<nil>,406,<nil>
87969624,<nil>,<nil>,<nil>,<nil>,<nil>,<nil>,<nil>,<nil>,17,<nil>
4121907033,<nil>,<nil>,<nil>,<nil>,<nil>,<nil>,<nil>,<nil>,824,<nil>
1526943576,<nil>,<nil>,<nil>,<nil>,<nil>,<nil>,<nil>,<nil>,305,<nil>
2125483852,<nil>,<nil>,<nil>,<nil>,<nil>,<nil>,<nil>,<nil>,425,<nil>
489049933,<nil>,<nil>,<nil>,<nil>,<nil>,<nil>,<nil>,<nil>,97,<nil>
60182372,<nil>,<nil>,<nil>,<nil>,<nil>,<nil>,<nil>,<nil>,12,<nil>
1961578317,<nil>,<nil>,<nil>,<nil>,<nil>,<nil>,<nil>,<nil>,392,<nil>
585518936,<nil>,<nil>,<nil>,<nil>,<nil>,<nil>,<nil>,<nil>,117,<nil>
3975827289,<nil>,<nil>,<nil>,<nil>,<nil>,<nil>,<nil>,<nil>,795,<nil>
957960025,<nil>,<nil>,<nil>,<nil>,<nil>,<nil>,<nil>,<nil>,191,<nil>
3851636556,<nil>,<nil>,<nil>,<nil>,<nil>,<nil>,<nil>,<nil>,770,<nil>
2286092388,<nil>,<nil>,<nil>,<nil>,<nil>,<nil>,<nil>,<nil>,457,<nil>
65621848,<nil>,<nil>,<nil>,<nil>,<nil>,<nil>,<nil>,<nil>,13,<nil>
2571063129,<nil>,<nil>,<nil>,<nil>,<nil>,<nil>,<nil>,<nil>,514,<nil>
2287161189,<nil>,<nil>,<nil>,<nil>,<nil>,<nil>,<nil>,<nil>,457,<nil>
1128794128,<nil>,<nil>,<nil>,<nil>,<nil>,<nil>,<nil>,<nil>,225,<nil>
3726462808,<nil>,<nil>,<nil>,<nil>,<nil>,<nil>,<nil>,<nil>,745,<nil>
1505513305,<nil>,<nil>,<nil>,<nil>,<nil>,<nil>,<nil>,<nil>,301,<nil>
1155485517,<nil>,<nil>,<nil>,<nil>,<nil>,<nil>,<nil>,<nil>,231,<nil>
888491877,<nil>,<nil>,<nil>,<nil>,<nil>,<nil>,<nil>,<nil>,177,<nil>
3746123608,<nil>,<nil>,<nil>,<nil>,<nil>,<nil>,<nil>,<nil>,749,<nil>
3476508516,<nil>,<nil>,<nil>,<nil>,<nil>,<nil>,<nil>,<nil>,695,<nil>
3819851608,<nil>,<nil>,<nil>,<nil>,<nil>,<nil>,<nil>,<nil>,763,<nil>
2761314125,<nil>,<nil>,<nil>,<nil>,<nil>,<nil>,<nil>,<nil>,552,<nil>
806178637,<nil>,<nil>,<nil>,<nil>,<nil>,<nil>,<nil>,<nil>,161,<nil>
3581431668,<nil>,<nil>,<nil>,<nil>,<nil>,<nil>,<nil>,<nil>,716,<nil>
2520600397,<nil>,<nil>,<nil>,<nil>,<nil>,<nil>,<nil>,<nil>,504,<nil>
4081471308,<nil>,<nil>,<nil>,<nil>,<nil>,<nil>,<nil>,<nil>,816,<nil>
2004700709,<nil>,<nil>,<nil>,<nil>,<nil>,<nil>,<nil>,<nil>,400,<nil>
1216499544,<nil>,<nil>,<nil>,<nil>,<nil>,<nil>,<nil>,<nil>,243,<nil>
281890636,<nil>,<nil>,<nil>,<nil>,<nil>,<nil>,<nil>,<nil>,56,<nil>
3250915328,<nil>,<nil>,<nil>,<nil>,<nil>,<nil>,<nil>,<nil>,650,<nil>
3333312332,<nil>,<nil>,<nil>,<nil>,<nil>,<nil>,<nil>,<nil>,666,<nil>
1658212172,<nil>,<nil>,<nil>,<nil>,<nil>,<nil>,<nil>,<nil>,331,<nil>
192620391,<nil>,<nil>,<nil>,<nil>,<nil>,<nil>,<nil>,<nil>,38,<nil>
4105523020,<nil>,<nil>,<nil>,<nil>,<nil>,<nil>,<nil>,<nil>,821,<nil>
1851739993,<nil>,<nil>,<nil>,<nil>,<nil>,<nil>,<nil>,<nil>,370,<nil>
4096806762,<nil>,<nil>,<nil>,<nil>,<nil>,<nil>,<nil>,<nil>,819,<nil>
2379239245,<nil>,<nil>,<nil>,<nil>,<nil>,<nil>,<nil>,<nil>,475,<nil>
1763528537,<nil>,<nil>,<nil>,<nil>,<nil>,<nil>,<nil>,<nil>,352,<nil>
42094425,<nil>,<nil>,<nil>,<nil>,<nil>,<nil>,<nil>,<nil>,8,<nil>
2682998617,<nil>,<nil>,<nil>,<nil>,<nil>,<nil>,<nil>,<nil>,536,<nil>
2017480524,<nil>,<nil>,<nil>,<nil>,<nil>,<nil>,<nil>,<nil>,403,<nil>
3048034137,<nil>,<nil>,<nil>,<nil>,<nil>,<nil>,<nil>,<nil>,609,<nil>
2978041676,<nil>,<nil>,<nil>,<nil>,<nil>,<nil>,<nil>,<nil>,595,<nil>
1186203311,<nil>,<nil>,<nil>,<nil>,<nil>,<nil>,<nil>,<nil>,237,<nil>
1149783884,<nil>,<nil>,<nil>,<nil>,<nil>,<nil>,<nil>,<nil>,229,<nil>
61296460,<nil>,<nil>,<nil>,<nil>,<nil>,<nil>,<nil>,<nil>,12,<nil>
3009957709,<nil>,<nil>,<nil>,<nil>,<nil>,<nil>,<nil>,<nil>,601,<nil>
1638813528,<nil>,<nil>,<nil>,<nil>,<nil>,<nil>,<nil>,<nil>,327,<nil>
268324685,<nil>,<nil>,<nil>,<nil>,<nil>,<nil>,<nil>,<nil>,53,<nil>
91639641,<nil>,<nil>,<nil>,<nil>,<nil>,<nil>,<nil>,<nil>,18,<nil>
3362213733,<nil>,<nil>,<nil>,<nil>,<nil>,<nil>,<nil>,<nil>,672,<nil>
2048642527,<nil>,<nil>,<nil>,<nil>,<nil>,<nil>,<nil>,<nil>,409,<nil>
4057943885,<nil>,<nil>,<nil>,<nil>,<nil>,<nil>,<nil>,<nil>,811,<nil>
2854768473,<nil>,<nil>,<nil>,<nil>,<nil>,<nil>,<nil>,<nil>,570,<nil>
121786188,<nil>,<nil>,<nil>,<nil>,<nil>,<nil>,<nil>,<nil>,24,<nil>
2638761817,<nil>,<nil>,<nil>,<nil>,<nil>,<nil>,<nil>,<nil>,527,<nil>
961236824,<nil>,<nil>,<nil>,<nil>,<nil>,<nil>,<nil>,<nil>,192,<nil>
3756674893,<nil>,<nil>,<nil>,<nil>,<nil>,<nil>,<nil>,<nil>,751,<nil>
495275864,<nil>,<nil>,<nil>,<nil>,<nil>,<nil>,<nil>,<nil>,99,<nil>
2709081945,<nil>,<nil>,<nil>,<nil>,<nil>,<nil>,<nil>,<nil>,541,<nil>
2063683416,<nil>,<nil>,<nil>,<nil>,<nil>,<nil>,<nil>,<nil>,412,<nil>
1878675301,<nil>,<nil>,<nil>,<nil>,<nil>,<nil>,<nil>,<nil>,375,<nil>
445075289,<nil>,<nil>,<nil>,<nil>,<nil>,<nil>,<nil>,<nil>,89,<nil>
1488146264,<nil>,<nil>,<nil>,<nil>,<nil>,<nil>,<nil>,<nil>,297,<nil>
110710604,<nil>,<nil>,<nil>,<nil>,<nil>,<nil>,<nil>,<nil>,22,<nil>
3200995160,<nil>,<nil>,<nil>,<nil>,<nil>,<nil>,<nil>,<nil>,640,<nil>
3757854553,<nil>,<nil>,<nil>,<nil>,<nil>,<nil>,<nil>,<nil>,751,<nil>
2653572940,<nil>,<nil>,<nil>,<nil>,<nil>,<nil>,<nil>,<nil>,530,<nil>
1553205344,<nil>,<nil>,<nil>,<nil>,<nil>,<nil>,<nil>,<nil>,310,<nil>
1360744281,<nil>,<nil>,<nil>,<nil>,<nil>,<nil>,<nil>,<nil>,272,<nil>
3980152653,<nil>,<nil>,<nil>,<nil>,<nil>,<nil>,<nil>,<nil>,796,<nil>
3514584921,<nil>,<nil>,<nil>,<nil>,<nil>,<nil>,<nil>,<nil>,702,<nil>
936248297,<nil>,<nil>,<nil>,<nil>,<nil>,<nil>,<nil>,<nil>,187,<nil>
3240185677,<nil>,<nil>,<nil>,<nil>,<nil>,<nil>,<nil>,<nil>,648,<nil>
1646350169,<nil>,<nil>,<nil>,<nil>,<nil>,<nil>,<nil>,<nil>,329,<nil>
983519052,<nil>,<nil>,<nil>,<nil>,<nil>,<nil>,<nil>,<nil>,196,<nil>
1685868365,<nil>,<nil>,<nil>,<nil>,<nil>,<nil>,<nil>,<nil>,337,<nil>
591417164,<nil>,<nil>,<nil>,<nil>,<nil>,<nil>,<nil>,<nil>,118,<nil>
3788853069,<nil>,<nil>,<nil>,<nil>,<nil>,<nil>,<nil>,<nil>,757,<nil>
2399489868,<nil>,<nil>,<nil>,<nil>,<nil>,<nil>,<nil>,<nil>,479,<nil>
1354190669,<nil>,<nil>,<nil>,<nil>,<nil>,<nil>,<nil>,<nil>,270,<nil>
1843023705,<nil>,<nil>,<nil>,<nil>,<nil>,<nil>,<nil>,<nil>,368,<nil>
11816792,<nil>,<nil>,<nil>,<nil>,<nil>,<nil>,<nil>,<nil>,2,<nil>
4265299800,<nil>,<nil>,<nil>,<nil>,<nil>,<nil>,<nil>,<nil>,853,<nil>
2764787533,<nil>,<nil>,<nil>,<nil>,<nil>,<nil>,<nil>,<nil>,552,<nil>
1240354648,<nil>,<nil>,<nil>,<nil>,<nil>,<nil>,<nil>,<nil>,248,<nil>
750800716,<nil>,<nil>,<nil>,<nil>,<nil>,<nil>,<nil>,<nil>,150,<nil>
4063186764,<nil>,<nil>,<nil>,<nil>,<nil>,<nil>,<nil>,<nil>,812,<nil>
1585663820,<nil>,<nil>,<nil>,<nil>,<nil>,<nil>,<nil>,<nil>,317,<nil>
3722792780,<nil>,<nil>,<nil>,<nil>,<nil>,<nil>,<nil>,<nil>,744,<nil>
1848594277,<nil>,<nil>,<nil>,<nil>,<nil>,<nil>,<nil>,<nil>,369,<nil>
713510744,<nil>,<nil>,<nil>,<nil>,<nil>,<nil>,<nil>,<nil>,142,<nil>
3580251981,<nil>,<nil>,<nil>,<nil>,<nil>,<nil>,<nil>,<nil>,716,<nil>
3516157772,<nil>,<nil>,<nil>,<nil>,<nil>,<nil>,<nil>,<nil>,703,<nil>
2776124965,<nil>,<nil>,<nil>,<nil>,<nil>,<nil>,<nil>,<nil>,555,<nil>
586764108,<nil>,<nil>,<nil>,<nil>,<nil>,<nil>,<nil>,<nil>,117,<nil>
4040380261,<nil>,<nil>,<nil>,<nil>,<nil>,<nil>,<nil>,<nil>,808,<nil>
4252108936,<nil>,<nil>,<nil>,<nil>,<nil>,<nil>,<nil>,<nil>,850,<nil>
2924433228,<nil>,<nil>,<nil>,<nil>,<nil>,<nil>,<nil>,<nil>,584,<nil>
1795641164,<nil>,<nil>,<nil>,<nil>,<nil>,<nil>,<nil>,<nil>,359,<nil>
22695769,<nil>,<nil>,<nil>,<nil>,<nil>,<nil>,<nil>,<nil>,4,<nil>
3228258136,<nil>,<nil>,<nil>,<nil>,<nil>,<nil>,<nil>,<nil>,645,<nil>
1728859981,<nil>,<nil>,<nil>,<nil>,<nil>,<nil>,<nil>,<nil>,345,<nil>
3358412620,<nil>,<nil>,<nil>,<nil>,<nil>,<nil>,<nil>,<nil>,671,<nil>
2032881497,<nil>,<nil>,<nil>,<nil>,<nil>,<nil>,<nil>,<nil>,406,<nil>
1268076388,<nil>,<nil>,<nil>,<nil>,<nil>,<nil>,<nil>,<nil>,253,<nil>
3628796113,<nil>,<nil>,<nil>,<nil>,<nil>,<nil>,<nil>,<nil>,725,<nil>
2344832857,<nil>,<nil>,<nil>,<nil>,<nil>,<nil>,<nil>,<nil>,468,<nil>
4162408280,<nil>,<nil>,<nil>,<nil>,<nil>,<nil>,<nil>,<nil>,832,<nil>
2418691941,<nil>,<nil>,<nil>,<nil>,<nil>,<nil>,<nil>,<nil>,483,<nil>
1732903913,<nil>,<nil>,<nil>,<nil>,<nil>,<nil>,<nil>,<nil>,346,<nil>
3913484507,<nil>,<nil>,<nil>,<nil>,<nil>,<nil>,<nil>,<nil>,782,<nil>
2002847760,<nil>,<nil>,<nil>,<nil>,<nil>,<nil>,<nil>,<nil>,400,<nil>
1361334105,<nil>,<nil>,<nil>,<nil>,<nil>,<nil>,<nil>,<nil>,272,<nil>
2492878669,<nil>,<nil>,<nil>,<nil>,<nil>,<nil>,<nil>,<nil>,498,<nil>
1301423975,<nil>,<nil>,<nil>,<nil>,<nil>,<nil>,<nil>,<nil>,260,<nil>
916541260,<nil>,<nil>,<nil>,<nil>,<nil>,<nil>,<nil>,<nil>,183,<nil>
1400524644,<nil>,<nil>,<nil>,<nil>,<nil>,<nil>,<nil>,<nil>,280,<nil>
104550220,<nil>,<nil>,<nil>,<nil>,<nil>,<nil>,<nil>,<nil>,20,<nil>
3664513024,<nil>,<nil>,<nil>,<nil>,<nil>,<nil>,<nil>,<nil>,732,<nil>
3169800013,<nil>,<nil>,<nil>,<nil>,<nil>,<nil>,<nil>,<nil>,633,<nil>
1509707597,<nil>,<nil>,<nil>,<nil>,<nil>,<nil>,<nil>,<nil>,301,<nil>
4283584344,<nil>,<nil>,<nil>,<nil>,<nil>,<nil>,<nil>,<nil>,856,<nil>
2439008088,<nil>,<nil>,<nil>,<nil>,<nil>,<nil>,<nil>,<nil>,487,<nil>
1681870681,<nil>,<nil>,<nil>,<nil>,<nil>,<nil>,<nil>,<nil>,336,<nil>
1274105727,<nil>,<nil>,<nil>,<nil>,<nil>,<nil>,<nil>,<nil>,254,<nil>
3254013785,<nil>,<nil>,<nil>,<nil>,<nil>,<nil>,<nil>,<nil>,650,<nil>
2325434201,<nil>,<nil>,<nil>,<nil>,<nil>,<nil>,<nil>,<nil>,465,<nil>
2111590220,<nil>,<nil>,<nil>,<nil>,<nil>,<nil>,<nil>,<nil>,422,<nil>
168775512,<nil>,<nil>,<nil>,<nil>,<nil>,<nil>,<nil>,<nil>,33,<nil>
2963230541,<nil>,<nil>,<nil>,<nil>,<nil>,<nil>,<nil>,<nil>,592,<nil>
1553747788,<nil>,<nil>,<nil>,<nil>,<nil>,<nil>,<nil>,<nil>,310,<nil>
4127787104,<nil>,<nil>,<nil>,<nil>,<nil>,<nil>,<nil>,<nil>,825,<nil>
3719759872,<nil>,<nil>,<nil>,<nil>,<nil>,<nil>,<nil>,<nil>,743,<nil>
4113846092,<nil>,<nil>,<nil>,<nil>,<nil>,<nil>,<nil>,<nil>,822,<nil>
2467123032,<nil>,<nil>,<nil>,<nil>,<nil>,<nil>,<nil>,<nil>,493,<nil>
1942310733,<nil>,<nil>,<nil>,<nil>,<nil>,<nil>,<nil>,<nil>,388,<nil>
277434189,<nil>,<nil>,<nil>,<nil>,<nil>,<nil>,<nil>,<nil>,55,<nil>
3093039323,<nil>,<nil>,<nil>,<nil>,<nil>,<nil>,<nil>,<nil>,618,<nil>
1170952612,<nil>,<nil>,<nil>,<nil>,<nil>,<nil>,<nil>,<nil>,234,<nil>
2103267149,<nil>,<nil>,<nil>,<nil>,<nil>,<nil>,<nil>,<nil>,420,<nil>
17321817,<nil>,<nil>,<nil>,<nil>,<nil>,<nil>,<nil>,<nil>,3,<nil>
3365687128,<nil>,<nil>,<nil>,<nil>,<nil>,<nil>,<nil>,<nil>,673,<nil>
2639268049,<nil>,<nil>,<nil>,<nil>,<nil>,<nil>,<nil>,<nil>,527,<nil>
666193764,<nil>,<nil>,<nil>,<nil>,<nil>,<nil>,<nil>,<nil>,133,<nil>
4178913129,<nil>,<nil>,<nil>,<nil>,<nil>,<nil>,<nil>,<nil>,835,<nil>
2009550669,<nil>,<nil>,<nil>,<nil>,<nil>,<nil>,<nil>,<nil>,401,<nil>
496062285,<nil>,<nil>,<nil>,<nil>,<nil>,<nil>,<nil>,<nil>,99,<nil>
802606560,<nil>,<nil>,<nil>,<nil>,<nil>,<nil>,<nil>,<nil>,160,<nil>
2438025048,<nil>,<nil>,<nil>,<nil>,<nil>,<nil>,<nil>,<nil>,487,<nil>
495669069,<nil>,<nil>,<nil>,<nil>,<nil>,<nil>,<nil>,<nil>,99,<nil>
2848083801,<nil>,<nil>,<nil>,<nil>,<nil>,<nil>,<nil>,<nil>,569,<nil>
810354704,<nil>,<nil>,<nil>,<nil>,<nil>,<nil>,<nil>,<nil>,162,<nil>
3601878873,<nil>,<nil>,<nil>,<nil>,<nil>,<nil>,<nil>,<nil>,720,<nil>
1007308621,<nil>,<nil>,<nil>,<nil>,<nil>,<nil>,<nil>,<nil>,201,<nil>
62213964,<nil>,<nil>,<nil>,<nil>,<nil>,<nil>,<nil>,<nil>,12,<nil>
2558545752,<nil>,<nil>,<nil>,<nil>,<nil>,<nil>,<nil>,<nil>,511,<nil>
3542503257,<nil>,<nil>,<nil>,<nil>,<nil>,<nil>,<nil>,<nil>,708,<nil>
2894155636,<nil>,<nil>,<nil>,<nil>,<nil>,<nil>,<nil>,<nil>,578,<nil>
507858765,<nil>,<nil>,<nil>,<nil>,<nil>,<nil>,<nil>,<nil>,101,<nil>
3251785549,<nil>,<nil>,<nil>,<nil>,<nil>,<nil>,<nil>,<nil>,650,<nil>
2452967244,<nil>,<nil>,<nil>,<nil>,<nil>,<nil>,<nil>,<nil>,490,<nil>
3717746521,<nil>,<nil>,<nil>,<nil>,<nil>,<nil>,<nil>,<nil>,743,<nil>
1835224959,<nil>,<nil>,<nil>,<nil>,<nil>,<nil>,<nil>,<nil>,367,<nil>
243748685,<nil>,<nil>,<nil>,<nil>,<nil>,<nil>,<nil>,<nil>,48,<nil>
2631336937,<nil>,<nil>,<nil>,<nil>,<nil>,<nil>,<nil>,<nil>,526,<nil>
536543248,<nil>,<nil>,<nil>,<nil>,<nil>,<nil>,<nil>,<nil>,107,<nil>
1738493772,<nil>,<nil>,<nil>,<nil>,<nil>,<nil>,<nil>,<nil>,347,<nil>
157372260,<nil>,<nil>,<nil>,<nil>,<nil>,<nil>,<nil>,<nil>,31,<nil>
1548945071,<nil>,<nil>,<nil>,<nil>,<nil>,<nil>,<nil>,<nil>,309,<nil>
4072099672,<nil>,<nil>,<nil>,<nil>,<nil>,<nil>,<nil>,<nil>,814,<nil>
2718125901,<nil>,<nil>,<nil>,<nil>,<nil>,<nil>,<nil>,<nil>,543,<nil>
717311832,<nil>,<nil>,<nil>,<nil>,<nil>,<nil>,<nil>,<nil>,143,<nil>
3646246744,<nil>,<nil>,<nil>,<nil>,<nil>,<nil>,<nil>,<nil>,729,<nil>
2316697645,<nil>,<nil>,<nil>,<nil>,<nil>,<nil>,<nil>,<nil>,463,<nil>
4293462057,<nil>,<nil>,<nil>,<nil>,<nil>,<nil>,<nil>,<nil>,858,<nil>
3097907033,<nil>,<nil>,<nil>,<nil>,<nil>,<nil>,<nil>,<nil>,619,<nil>
838488094,<nil>,<nil>,<nil>,<nil>,<nil>,<nil>,<nil>,<nil>,167,<nil>
2570258641,<nil>,<nil>,<nil>,<nil>,<nil>,<nil>,<nil>,<nil>,514,<nil>
1583894361,<nil>,<nil>,<nil>,<nil>,<nil>,<nil>,<nil>,<nil>,316,<nil>
1304710989,<nil>,<nil>,<nil>,<nil>,<nil>,<nil>,<nil>,<nil>,260,<nil>
3810152281,<nil>,<nil>,<nil>,<nil>,<nil>,<nil>,<nil>,<nil>,762,<nil>
2580565837,<nil>,<nil>,<nil>,<nil>,<nil>,<nil>,<nil>,<nil>,516,<nil>
3528478541,<nil>,<nil>,<nil>,<nil>,<nil>,<nil>,<nil>,<nil>,705,<nil>
532565849,<nil>,<nil>,<nil>,<nil>,<nil>,<nil>,<nil>,<nil>,106,<nil>
3427422028,<nil>,<nil>,<nil>,<nil>,<nil>,<nil>,<nil>,<nil>,685,<nil>
2528923469,<nil>,<nil>,<nil>,<nil>,<nil>,<nil>,<nil>,<nil>,505,<nil>
236128352,<nil>,<nil>,<nil>,<nil>,<nil>,<nil>,<nil>,<nil>,47,<nil>
94261080,<nil>,<nil>,<nil>,<nil>,<nil>,<nil>,<nil>,<nil>,18,<nil>
2298498893,<nil>,<nil>,<nil>,<nil>,<nil>,<nil>,<nil>,<nil>,459,<nil>
1500860236,<nil>,<nil>,<nil>,<nil>,<nil>,<nil>,<nil>,<nil>,300,<nil>
1176850264,<nil>,<nil>,<nil>,<nil>,<nil>,<nil>,<nil>,<nil>,235,<nil>
4276637529,<nil>,<nil>,<nil>,<nil>,<nil>,<nil>,<nil>,<nil>,855,<nil>
2550990984,<nil>,<nil>,<nil>,<nil>,<nil>,<nil>,<nil>,<nil>,510,<nil>
1837911924,<nil>,<nil>,<nil>,<nil>,<nil>,<nil>,<nil>,<nil>,367,<nil>
4039921485,<nil>,<nil>,<nil>,<nil>,<nil>,<nil>,<nil>,<nil>,807,<nil>
3410036752,<nil>,<nil>,<nil>,<nil>,<nil>,<nil>,<nil>,<nil>,682,<nil>
1338789758,<nil>,<nil>,<nil>,<nil>,<nil>,<nil>,<nil>,<nil>,267,<nil>
213995353,<nil>,<nil>,<nil>,<nil>,<nil>,<nil>,<nil>,<nil>,42,<nil>
3729805145,<nil>,<nil>,<nil>,<nil>,<nil>,<nil>,<nil>,<nil>,745,<nil>
2075610969,<nil>,<nil>,<nil>,<nil>,<nil>,<nil>,<nil>,<nil>,415,<nil>
780816229,<nil>,<nil>,<nil>,<nil>,<nil>,<nil>,<nil>,<nil>,156,<nil>
1244221260,<nil>,<nil>,<nil>,<nil>,<nil>,<nil>,<nil>,<nil>,248,<nil>
4045426509,<nil>,<nil>,<nil>,<nil>,<nil>,<nil>,<nil>,<nil>,809,<nil>
2379108184,<nil>,<nil>,<nil>,<nil>,<nil>,<nil>,<nil>,<nil>,475,<nil>
1185828697,<nil>,<nil>,<nil>,<nil>,<nil>,<nil>,<nil>,<nil>,237,<nil>
3661909837,<nil>,<nil>,<nil>,<nil>,<nil>,<nil>,<nil>,<nil>,732,<nil>
2421772108,<nil>,<nil>,<nil>,<nil>,<nil>,<nil>,<nil>,<nil>,484,<nil>
3876474701,<nil>,<nil>,<nil>,<nil>,<nil>,<nil>,<nil>,<nil>,775,<nil>
2230210393,<nil>,<nil>,<nil>,<nil>,<nil>,<nil>,<nil>,<nil>,446,<nil>
4123807564,<nil>,<nil>,<nil>,<nil>,<nil>,<nil>,<nil>,<nil>,824,<nil>
2251575141,<nil>,<nil>,<nil>,<nil>,<nil>,<nil>,<nil>,<nil>,450,<nil>
1047070928,<nil>,<nil>,<nil>,<nil>,<nil>,<nil>,<nil>,<nil>,209,<nil>
2869579596,<nil>,<nil>,<nil>,<nil>,<nil>,<nil>,<nil>,<nil>,573,<nil>
2840481624,<nil>,<nil>,<nil>,<nil>,<nil>,<nil>,<nil>,<nil>,568,<nil>
630411096,<nil>,<nil>,<nil>,<nil>,<nil>,<nil>,<nil>,<nil>,126,<nil>
3265482584,<nil>,<nil>,<nil>,<nil>,<nil>,<nil>,<nil>,<nil>,653,<nil>
2658094937,<nil>,<nil>,<nil>,<nil>,<nil>,<nil>,<nil>,<nil>,531,<nil>
768870416,<nil>,<nil>,<nil>,<nil>,<nil>,<nil>,<nil>,<nil>,153,<nil>
3859613712,<nil>,<nil>,<nil>,<nil>,<nil>,<nil>,<nil>,<nil>,771,<nil>
2031177549,<nil>,<nil>,<nil>,<nil>,<nil>,<nil>,<nil>,<nil>,406,<nil>
2811514712,<nil>,<nil>,<nil>,<nil>,<nil>,<nil>,<nil>,<nil>,562,<nil>
2199605069,<nil>,<nil>,<nil>,<nil>,<nil>,<nil>,<nil>,<nil>,439,<nil>
207441741,<nil>,<nil>,<nil>,<nil>,<nil>,<nil>,<nil>,<nil>,41,<nil>
3439873881,<nil>,<nil>,<nil>,<nil>,<nil>,<nil>,<nil>,<nil>,687,<nil>
1851721937,<nil>,<nil>,<nil>,<nil>,<nil>,<nil>,<nil>,<nil>,370,<nil>
799952728,<nil>,<nil>,<nil>,<nil>,<nil>,<nil>,<nil>,<nil>,159,<nil>
3314503513,<nil>,<nil>,<nil>,<nil>,<nil>,<nil>,<nil>,<nil>,662,<nil>
1465274200,<nil>,<nil>,<nil>,<nil>,<nil>,<nil>,<nil>,<nil>,293,<nil>
4146333856,<nil>,<nil>,<nil>,<nil>,<nil>,<nil>,<nil>,<nil>,829,<nil>
1781157758,<nil>,<nil>,<nil>,<nil>,<nil>,<nil>,<nil>,<nil>,356,<nil>
1522945881,<nil>,<nil>,<nil>,<nil>,<nil>,<nil>,<nil>,<nil>,304,<nil>
152915801,<nil>,<nil>,<nil>,<nil>,<nil>,<nil>,<nil>,<nil>,30,<nil>
94523224,<nil>,<nil>,<nil>,<nil>,<nil>,<nil>,<nil>,<nil>,18,<nil>
2354597721,<nil>,<nil>,<nil>,<nil>,<nil>,<nil>,<nil>,<nil>,470,<nil>
1302988800,<nil>,<nil>,<nil>,<nil>,<nil>,<nil>,<nil>,<nil>,260,<nil>
3607121741,<nil>,<nil>,<nil>,<nil>,<nil>,<nil>,<nil>,<nil>,721,<nil>
3479916388,<nil>,<nil>,<nil>,<nil>,<nil>,<nil>,<nil>,<nil>,695,<nil>
1930823696,<nil>,<nil>,<nil>,<nil>,<nil>,<nil>,<nil>,<nil>,386,<nil>
820727628,<nil>,<nil>,<nil>,<nil>,<nil>,<nil>,<nil>,<nil>,164,<nil>
3327151949,<nil>,<nil>,<nil>,<nil>,<nil>,<nil>,<nil>,<nil>,665,<nil>
2846773069,<nil>,<nil>,<nil>,<nil>,<nil>,<nil>,<nil>,<nil>,569,<nil>
2507296601,<nil>,<nil>,<nil>,<nil>,<nil>,<nil>,<nil>,<nil>,501,<nil>
410406745,<nil>,<nil>,<nil>,<nil>,<nil>,<nil>,<nil>,<nil>,82,<nil>
4186722124,<nil>,<nil>,<nil>,<nil>,<nil>,<nil>,<nil>,<nil>,837,<nil>
789270373,<nil>,<nil>,<nil>,<nil>,<nil>,<nil>,<nil>,<nil>,157,<nil>
3771879256,<nil>,<nil>,<nil>,<nil>,<nil>,<nil>,<nil>,<nil>,754,<nil>
1391611725,<nil>,<nil>,<nil>,<nil>,<nil>,<nil>,<nil>,<nil>,278,<nil>
1065963353,<nil>,<nil>,<nil>,<nil>,<nil>,<nil>,<nil>,<nil>,213,<nil>
166547276,<nil>,<nil>,<nil>,<nil>,<nil>,<nil>,<nil>,<nil>,33,<nil>
3057962464,<nil>,<nil>,<nil>,<nil>,<nil>,<nil>,<nil>,<nil>,611,<nil>
1460817741,<nil>,<nil>,<nil>,<nil>,<nil>,<nil>,<nil>,<nil>,292,<nil>
1344556876,<nil>,<nil>,<nil>,<nil>,<nil>,<nil>,<nil>,<nil>,268,<nil>
298864461,<nil>,<nil>,<nil>,<nil>,<nil>,<nil>,<nil>,<nil>,59,<nil>
2490781517,<nil>,<nil>,<nil>,<nil>,<nil>,<nil>,<nil>,<nil>,498,<nil>
2834648909,<nil>,<nil>,<nil>,<nil>,<nil>,<nil>,<nil>,<nil>,566,<nil>
1705594724,<nil>,<nil>,<nil>,<nil>,<nil>,<nil>,<nil>,<nil>,341,<nil>
2715307864,<nil>,<nil>,<nil>,<nil>,<nil>,<nil>,<nil>,<nil>,543,<nil>
971722596,<nil>,<nil>,<nil>,<nil>,<nil>,<nil>,<nil>,<nil>,194,<nil>
2327203672,<nil>,<nil>,<nil>,<nil>,<nil>,<nil>,<nil>,<nil>,465,<nil>
1540247372,<nil>,<nil>,<nil>,<nil>,<nil>,<nil>,<nil>,<nil>,308,<nil>
3461828429,<nil>,<nil>,<nil>,<nil>,<nil>,<nil>,<nil>,<nil>,692,<nil>
914902884,<nil>,<nil>,<nil>,<nil>,<nil>,<nil>,<nil>,<nil>,182,<nil>
516968280,<nil>,<nil>,<nil>,<nil>,<nil>,<nil>,<nil>,<nil>,103,<nil>
3448524633,<nil>,<nil>,<nil>,<nil>,<nil>,<nil>,<nil>,<nil>,689,<nil>
2193379160,<nil>,<nil>,<nil>,<nil>,<nil>,<nil>,<nil>,<nil>,438,<nil>
986730317,<nil>,<nil>,<nil>,<nil>,<nil>,<nil>,<nil>,<nil>,197,<nil>
79777625,<nil>,<nil>,<nil>,<nil>,<nil>,<nil>,<nil>,<nil>,15,<nil>
3824701261,<nil>,<nil>,<nil>,<nil>,<nil>,<nil>,<nil>,<nil>,764,<nil>
2619232089,<nil>,<nil>,<nil>,<nil>,<nil>,<nil>,<nil>,<nil>,523,<nil>
150349668,<nil>,<nil>,<nil>,<nil>,<nil>,<nil>,<nil>,<nil>,30,<nil>
2444971865,<nil>,<nil>,<nil>,<nil>,<nil>,<nil>,<nil>,<nil>,488,<nil>
1062489944,<nil>,<nil>,<nil>,<nil>,<nil>,<nil>,<nil>,<nil>,212,<nil>
4151660365,<nil>,<nil>,<nil>,<nil>,<nil>,<nil>,<nil>,<nil>,830,<nil>
1709854540,<nil>,<nil>,<nil>,<nil>,<nil>,<nil>,<nil>,<nil>,341,<nil>
80957273,<nil>,<nil>,<nil>,<nil>,<nil>,<nil>,<nil>,<nil>,16,<nil>
2947370868,<nil>,<nil>,<nil>,<nil>,<nil>,<nil>,<nil>,<nil>,589,<nil>
3070578521,<nil>,<nil>,<nil>,<nil>,<nil>,<nil>,<nil>,<nil>,614,<nil>
2010055656,<nil>,<nil>,<nil>,<nil>,<nil>,<nil>,<nil>,<nil>,402,<nil>
2774683480,<nil>,<nil>,<nil>,<nil>,<nil>,<nil>,<nil>,<nil>,554,<nil>
1510166361,<nil>,<nil>,<nil>,<nil>,<nil>,<nil>,<nil>,<nil>,302,<nil>
593954832,<nil>,<nil>,<nil>,<nil>,<nil>,<nil>,<nil>,<nil>,118,<nil>
2576812073,<nil>,<nil>,<nil>,<nil>,<nil>,<nil>,<nil>,<nil>,515,<nil>
3057733452,<nil>,<nil>,<nil>,<nil>,<nil>,<nil>,<nil>,<nil>,611,<nil>
1269518157,<nil>,<nil>,<nil>,<nil>,<nil>,<nil>,<nil>,<nil>,253,<nil>
4045360984,<nil>,<nil>,<nil>,<nil>,<nil>,<nil>,<nil>,<nil>,809,<nil>
2405715801,<nil>,<nil>,<nil>,<nil>,<nil>,<nil>,<nil>,<nil>,481,<nil>
2726121293,<nil>,<nil>,<nil>,<nil>,<nil>,<nil>,<nil>,<nil>,545,<nil>
1813129062,<nil>,<nil>,<nil>,<nil>,<nil>,<nil>,<nil>,<nil>,362,<nil>
743395161,<nil>,<nil>,<nil>,<nil>,<nil>,<nil>,<nil>,<nil>,148,<nil>
535431387,<nil>,<nil>,<nil>,<nil>,<nil>,<nil>,<nil>,<nil>,107,<nil>
3044935696,<nil>,<nil>,<nil>,<nil>,<nil>,<nil>,<nil>,<nil>,608,<nil>
2467909464,<nil>,<nil>,<nil>,<nil>,<nil>,<nil>,<nil>,<nil>,493,<nil>
2729922392,<nil>,<nil>,<nil>,<nil>,<nil>,<nil>,<nil>,<nil>,545,<nil>
479088472,<nil>,<nil>,<nil>,<nil>,<nil>,<nil>,<nil>,<nil>,95,<nil>
3476574053,<nil>,<nil>,<nil>,<nil>,<nil>,<nil>,<nil>,<nil>,695,<nil>
2341668527,<nil>,<nil>,<nil>,<nil>,<nil>,<nil>,<nil>,<nil>,468,<nil>
565792612,<nil>,<nil>,<nil>,<nil>,<nil>,<nil>,<nil>,<nil>,113,<nil>
3558690636,<nil>,<nil>,<nil>,<nil>,<nil>,<nil>,<nil>,<nil>,711,<nil>
3670232921,<nil>,<nil>,<nil>,<nil>,<nil>,<nil>,<nil>,<nil>,734,<nil>
3299626828,<nil>,<nil>,<nil>,<nil>,<nil>,<nil>,<nil>,<nil>,659,<nil>
1349930828,<nil>,<nil>,<nil>,<nil>,<nil>,<nil>,<nil>,<nil>,269,<nil>
3995619160,<nil>,<nil>,<nil>,<nil>,<nil>,<nil>,<nil>,<nil>,799,<nil>
2773897048,<nil>,<nil>,<nil>,<nil>,<nil>,<nil>,<nil>,<nil>,554,<nil>
697126745,<nil>,<nil>,<nil>,<nil>,<nil>,<nil>,<nil>,<nil>,139,<nil>
180768588,<nil>,<nil>,<nil>,<nil>,<nil>,<nil>,<nil>,<nil>,36,<nil>
291655513,<nil>,<nil>,<nil>,<nil>,<nil>,<nil>,<nil>,<nil>,58,<nil>
2927251289,<nil>,<nil>,<nil>,<nil>,<nil>,<nil>,<nil>,<nil>,585,<nil>
1699565389,<nil>,<nil>,<nil>,<nil>,<nil>,<nil>,<nil>,<nil>,339,<nil>
253513573,<nil>,<nil>,<nil>,<nil>,<nil>,<nil>,<nil>,<nil>,50,<nil>
4106899276,<nil>,<nil>,<nil>,<nil>,<nil>,<nil>,<nil>,<nil>,821,<nil>
1870987280,<nil>,<nil>,<nil>,<nil>,<nil>,<nil>,<nil>,<nil>,374,<nil>
4121382443,<nil>,<nil>,<nil>,<nil>,<nil>,<nil>,<nil>,<nil>,824,<nil>
2645512012,<nil>,<nil>,<nil>,<nil>,<nil>,<nil>,<nil>,<nil>,529,<nil>
4033087504,<nil>,<nil>,<nil>,<nil>,<nil>,<nil>,<nil>,<nil>,806,<nil>
1913605965,<nil>,<nil>,<nil>,<nil>,<nil>,<nil>,<nil>,<nil>,382,<nil>
1140870989,<nil>,<nil>,<nil>,<nil>,<nil>,<nil>,<nil>,<nil>,228,<nil>
3709798441,<nil>,<nil>,<nil>,<nil>,<nil>,<nil>,<nil>,<nil>,741,<nil>
2165573632,<nil>,<nil>,<nil>,<nil>,<nil>,<nil>,<nil>,<nil>,433,<nil>
4289351501,<nil>,<nil>,<nil>,<nil>,<nil>,<nil>,<nil>,<nil>,857,<nil>
1655572480,<nil>,<nil>,<nil>,<nil>,<nil>,<nil>,<nil>,<nil>,331,<nil>
3852075024,<nil>,<nil>,<nil>,<nil>,<nil>,<nil>,<nil>,<nil>,770,<nil>
3042791244,<nil>,<nil>,<nil>,<nil>,<nil>,<nil>,<nil>,<nil>,608,<nil>
2295418701,<nil>,<nil>,<nil>,<nil>,<nil>,<nil>,<nil>,<nil>,459,<nil>
1429622628,<nil>,<nil>,<nil>,<nil>,<nil>,<nil>,<nil>,<nil>,285,<nil>
3956363096,<nil>,<nil>,<nil>,<nil>,<nil>,<nil>,<nil>,<nil>,791,<nil>
2068467556,<nil>,<nil>,<nil>,<nil>,<nil>,<nil>,<nil>,<nil>,413,<nil>
733335008,<nil>,<nil>,<nil>,<nil>,<nil>,<nil>,<nil>,<nil>,146,<nil>
2821607244,<nil>,<nil>,<nil>,<nil>,<nil>,<nil>,<nil>,<nil>,564,<nil>
866996044,<nil>,<nil>,<nil>,<nil>,<nil>,<nil>,<nil>,<nil>,173,<nil>
252006232,<nil>,<nil>,<nil>,<nil>,<nil>,<nil>,<nil>,<nil>,50,<nil>
2067924992,<nil>,<nil>,<nil>,<nil>,<nil>,<nil>,<nil>,<nil>,413,<nil>
4047177769,<nil>,<nil>,<nil>,<nil>,<nil>,<nil>,<nil>,<nil>,809,<nil>
3313848141,<nil>,<nil>,<nil>,<nil>,<nil>,<nil>,<nil>,<nil>,662,<nil>
3476770649,<nil>,<nil>,<nil>,<nil>,<nil>,<nil>,<nil>,<nil>,695,<nil>
2076593996,<nil>,<nil>,<nil>,<nil>,<nil>,<nil>,<nil>,<nil>,415,<nil>
299978585,<nil>,<nil>,<nil>,<nil>,<nil>,<nil>,<nil>,<nil>,59,<nil>
4142139408,<nil>,<nil>,<nil>,<nil>,<nil>,<nil>,<nil>,<nil>,828,<nil>
1393305448,<nil>,<nil>,<nil>,<nil>,<nil>,<nil>,<nil>,<nil>,278,<nil>
3770484400,<nil>,<nil>,<nil>,<nil>,<nil>,<nil>,<nil>,<nil>,754,<nil>
1779632128,<nil>,<nil>,<nil>,<nil>,<nil>,<nil>,<nil>,<nil>,355,<nil>
876302181,<nil>,<nil>,<nil>,<nil>,<nil>,<nil>,<nil>,<nil>,175,<nil>
2240040781,<nil>,<nil>,<nil>,<nil>,<nil>,<nil>,<nil>,<nil>,448,<nil>
285953869,<nil>,<nil>,<nil>,<nil>,<nil>,<nil>,<nil>,<nil>,57,<nil>
3363721037,<nil>,<nil>,<nil>,<nil>,<nil>,<nil>,<nil>,<nil>,672,<nil>
2554351461,<nil>,<nil>,<nil>,<nil>,<nil>,<nil>,<nil>,<nil>,510,<nil>
687951693,<nil>,<nil>,<nil>,<nil>,<nil>,<nil>,<nil>,<nil>,137,<nil>
476663628,<nil>,<nil>,<nil>,<nil>,<nil>,<nil>,<nil>,<nil>,95,<nil>
1160204108,<nil>,<nil>,<nil>,<nil>,<nil>,<nil>,<nil>,<nil>,232,<nil>
709906265,<nil>,<nil>,<nil>,<nil>,<nil>,<nil>,<nil>,<nil>,141,<nil>
1506824012,<nil>,<nil>,<nil>,<nil>,<nil>,<nil>,<nil>,<nil>,301,<nil>
4087547556,<nil>,<nil>,<nil>,<nil>,<nil>,<nil>,<nil>,<nil>,817,<nil>
2644856664,<nil>,<nil>,<nil>,<nil>,<nil>,<nil>,<nil>,<nil>,528,<nil>
2607154863,<nil>,<nil>,<nil>,<nil>,<nil>,<nil>,<nil>,<nil>,521,<nil>
119426917,<nil>,<nil>,<nil>,<nil>,<nil>,<nil>,<nil>,<nil>,23,<nil>
3987558232,<nil>,<nil>,<nil>,<nil>,<nil>,<nil>,<nil>,<nil>,797,<nil>
2926956000,<nil>,<nil>,<nil>,<nil>,<nil>,<nil>,<nil>,<nil>,585,<nil>
748572492,<nil>,<nil>,<nil>,<nil>,<nil>,<nil>,<nil>,<nil>,149,<nil>
3566096217,<nil>,<nil>,<nil>,<nil>,<nil>,<nil>,<nil>,<nil>,713,<nil>
1205358425,<nil>,<nil>,<nil>,<nil>,<nil>,<nil>,<nil>,<nil>,241,<nil>
157352936,<nil>,<nil>,<nil>,<nil>,<nil>,<nil>,<nil>,<nil>,31,<nil>
2746699608,<nil>,<nil>,<nil>,<nil>,<nil>,<nil>,<nil>,<nil>,549,<nil>
2800897880,<nil>,<nil>,<nil>,<nil>,<nil>,<nil>,<nil>,<nil>,560,<nil>
1223609824,<nil>,<nil>,<nil>,<nil>,<nil>,<nil>,<nil>,<nil>,244,<nil>
3174453068,<nil>,<nil>,<nil>,<nil>,<nil>,<nil>,<nil>,<nil>,634,<nil>
1084116824,<nil>,<nil>,<nil>,<nil>,<nil>,<nil>,<nil>,<nil>,216,<nil>
1408454477,<nil>,<nil>,<nil>,<nil>,<nil>,<nil>,<nil>,<nil>,281,<nil>
167726924,<nil>,<nil>,<nil>,<nil>,<nil>,<nil>,<nil>,<nil>,33,<nil>
3257814872,<nil>,<nil>,<nil>,<nil>,<nil>,<nil>,<nil>,<nil>,651,<nil>
3245166425,<nil>,<nil>,<nil>,<nil>,<nil>,<nil>,<nil>,<nil>,649,<nil>
432668874,<nil>,<nil>,<nil>,<nil>,<nil>,<nil>,<nil>,<nil>,86,<nil>
2784036527,<nil>,<nil>,<nil>,<nil>,<nil>,<nil>,<nil>,<nil>,556,<nil>
398854353,<nil>,<nil>,<nil>,<nil>,<nil>,<nil>,<nil>,<nil>,79,<nil>
3073462105,<nil>,<nil>,<nil>,<nil>,<nil>,<nil>,<nil>,<nil>,614,<nil>
1392987992,<nil>,<nil>,<nil>,<nil>,<nil>,<nil>,<nil>,<nil>,278,<nil>
468930392,<nil>,<nil>,<nil>,<nil>,<nil>,<nil>,<nil>,<nil>,93,<nil>
352014168,<nil>,<nil>,<nil>,<nil>,<nil>,<nil>,<nil>,<nil>,70,<nil>
2851360589,<nil>,<nil>,<nil>,<nil>,<nil>,<nil>,<nil>,<nil>,570,<nil>
1976698542,<nil>,<nil>,<nil>,<nil>,<nil>,<nil>,<nil>,<nil>,395,<nil>
244973613,<nil>,<nil>,<nil>,<nil>,<nil>,<nil>,<nil>,<nil>,48,<nil>
3998830424,<nil>,<nil>,<nil>,<nil>,<nil>,<nil>,<nil>,<nil>,799,<nil>
3077570660,<nil>,<nil>,<nil>,<nil>,<nil>,<nil>,<nil>,<nil>,615,<nil>
3750448973,<nil>,<nil>,<nil>,<nil>,<nil>,<nil>,<nil>,<nil>,750,<nil>
1811697497,<nil>,<nil>,<nil>,<nil>,<nil>,<nil>,<nil>,<nil>,362,<nil>
4006170457,<nil>,<nil>,<nil>,<nil>,<nil>,<nil>,<nil>,<nil>,801,<nil>
2788446041,<nil>,<nil>,<nil>,<nil>,<nil>,<nil>,<nil>,<nil>,557,<nil>
253102080,<nil>,<nil>,<nil>,<nil>,<nil>,<nil>,<nil>,<nil>,50,<nil>
2324778841,<nil>,<nil>,<nil>,<nil>,<nil>,<nil>,<nil>,<nil>,464,<nil>
1187401588,<nil>,<nil>,<nil>,<nil>,<nil>,<nil>,<nil>,<nil>,237,<nil>
2313375576,<nil>,<nil>,<nil>,<nil>,<nil>,<nil>,<nil>,<nil>,462,<nil>
350900044,<nil>,<nil>,<nil>,<nil>,<nil>,<nil>,<nil>,<nil>,70,<nil>
3595521881,<nil>,<nil>,<nil>,<nil>,<nil>,<nil>,<nil>,<nil>,719,<nil>
2238064489,<nil>,<nil>,<nil>,<nil>,<nil>,<nil>,<nil>,<nil>,447,<nil>
809914188,<nil>,<nil>,<nil>,<nil>,<nil>,<nil>,<nil>,<nil>,161,<nil>
2003455833,<nil>,<nil>,<nil>,<nil>,<nil>,<nil>,<nil>,<nil>,400,<nil>
493375321,<nil>,<nil>,<nil>,<nil>,<nil>,<nil>,<nil>,<nil>,98,<nil>
3404287821,<nil>,<nil>,<nil>,<nil>,<nil>,<nil>,<nil>,<nil>,680,<nil>
908283736,<nil>,<nil>,<nil>,<nil>,<nil>,<nil>,<nil>,<nil>,181,<nil>
3679211340,<nil>,<nil>,<nil>,<nil>,<nil>,<nil>,<nil>,<nil>,735,<nil>
2326220632,<nil>,<nil>,<nil>,<nil>,<nil>,<nil>,<nil>,<nil>,465,<nil>
3024703321,<nil>,<nil>,<nil>,<nil>,<nil>,<nil>,<nil>,<nil>,604,<nil>
3060748120,<nil>,<nil>,<nil>,<nil>,<nil>,<nil>,<nil>,<nil>,612,<nil>
1277972313,<nil>,<nil>,<nil>,<nil>,<nil>,<nil>,<nil>,<nil>,255,<nil>
774197080,<nil>,<nil>,<nil>,<nil>,<nil>,<nil>,<nil>,<nil>,154,<nil>
1693929292,<nil>,<nil>,<nil>,<nil>,<nil>,<nil>,<nil>,<nil>,338,<nil>
599019530,<nil>,<nil>,<nil>,<nil>,<nil>,<nil>,<nil>,<nil>,119,<nil>
3187691341,<nil>,<nil>,<nil>,<nil>,<nil>,<nil>,<nil>,<nil>,637,<nil>
3132444493,<nil>,<nil>,<nil>,<nil>,<nil>,<nil>,<nil>,<nil>,626,<nil>
1609191256,<nil>,<nil>,<nil>,<nil>,<nil>,<nil>,<nil>,<nil>,321,<nil>
815989737,<nil>,<nil>,<nil>,<nil>,<nil>,<nil>,<nil>,<nil>,163,<nil>
2786217816,<nil>,<nil>,<nil>,<nil>,<nil>,<nil>,<nil>,<nil>,557,<nil>
1291734873,<nil>,<nil>,<nil>,<nil>,<nil>,<nil>,<nil>,<nil>,258,<nil>
3330494285,<nil>,<nil>,<nil>,<nil>,<nil>,<nil>,<nil>,<nil>,666,<nil>
2826456908,<nil>,<nil>,<nil>,<nil>,<nil>,<nil>,<nil>,<nil>,565,<nil>
2173128537,<nil>,<nil>,<nil>,<nil>,<nil>,<nil>,<nil>,<nil>,434,<nil>
212619085,<nil>,<nil>,<nil>,<nil>,<nil>,<nil>,<nil>,<nil>,42,<nil>
3131527000,<nil>,<nil>,<nil>,<nil>,<nil>,<nil>,<nil>,<nil>,626,<nil>
3192934220,<nil>,<nil>,<nil>,<nil>,<nil>,<nil>,<nil>,<nil>,638,<nil>
830754649,<nil>,<nil>,<nil>,<nil>,<nil>,<nil>,<nil>,<nil>,166,<nil>
4052952935,<nil>,<nil>,<nil>,<nil>,<nil>,<nil>,<nil>,<nil>,810,<nil>
3684978508,<nil>,<nil>,<nil>,<nil>,<nil>,<nil>,<nil>,<nil>,736,<nil>
3241234276,<nil>,<nil>,<nil>,<nil>,<nil>,<nil>,<nil>,<nil>,648,<nil>
1777618776,<nil>,<nil>,<nil>,<nil>,<nil>,<nil>,<nil>,<nil>,355,<nil>
1299205976,<nil>,<nil>,<nil>,<nil>,<nil>,<nil>,<nil>,<nil>,259,<nil>
2295222116,<nil>,<nil>,<nil>,<nil>,<nil>,<nil>,<nil>,<nil>,459,<nil>
999771992,<nil>,<nil>,<nil>,<nil>,<nil>,<nil>,<nil>,<nil>,199,<nil>
3413266276,<nil>,<nil>,<nil>,<nil>,<nil>,<nil>,<nil>,<nil>,682,<nil>
1708412761,<nil>,<nil>,<nil>,<nil>,<nil>,<nil>,<nil>,<nil>,341,<nil>
167184384,<nil>,<nil>,<nil>,<nil>,<nil>,<nil>,<nil>,<nil>,33,<nil>
3643887436,<nil>,<nil>,<nil>,<nil>,<nil>,<nil>,<nil>,<nil>,728,<nil>
3779678029,<nil>,<nil>,<nil>,<nil>,<nil>,<nil>,<nil>,<nil>,755,<nil>
268848972,<nil>,<nil>,<nil>,<nil>,<nil>,<nil>,<nil>,<nil>,53,<nil>
2633125709,<nil>,<nil>,<nil>,<nil>,<nil>,<nil>,<nil>,<nil>,526,<nil>
1542588416,<nil>,<nil>,<nil>,<nil>,<nil>,<nil>,<nil>,<nil>,308,<nil>
629034840,<nil>,<nil>,<nil>,<nil>,<nil>,<nil>,<nil>,<nil>,125,<nil>
2285784920,<nil>,<nil>,<nil>,<nil>,<nil>,<nil>,<nil>,<nil>,457,<nil>
502615897,<nil>,<nil>,<nil>,<nil>,<nil>,<nil>,<nil>,<nil>,100,<nil>
3500625752,<nil>,<nil>,<nil>,<nil>,<nil>,<nil>,<nil>,<nil>,700,<nil>
3005435724,<nil>,<nil>,<nil>,<nil>,<nil>,<nil>,<nil>,<nil>,601,<nil>
647778137,<nil>,<nil>,<nil>,<nil>,<nil>,<nil>,<nil>,<nil>,129,<nil>
4059629584,<nil>,<nil>,<nil>,<nil>,<nil>,<nil>,<nil>,<nil>,811,<nil>
2830895120,<nil>,<nil>,<nil>,<nil>,<nil>,<nil>,<nil>,<nil>,566,<nil>
701845337,<nil>,<nil>,<nil>,<nil>,<nil>,<nil>,<nil>,<nil>,140,<nil>
4041625444,<nil>,<nil>,<nil>,<nil>,<nil>,<nil>,<nil>,<nil>,808,<nil>
2928955225,<nil>,<nil>,<nil>,<nil>,<nil>,<nil>,<nil>,<nil>,585,<nil>
3817885540,<nil>,<nil>,<nil>,<nil>,<nil>,<nil>,<nil>,<nil>,763,<nil>
2533183320,<nil>,<nil>,<nil>,<nil>,<nil>,<nil>,<nil>,<nil>,506,<nil>
1832059082,<nil>,<nil>,<nil>,<nil>,<nil>,<nil>,<nil>,<nil>,366,<nil>
1342132044,<nil>,<nil>,<nil>,<nil>,<nil>,<nil>,<nil>,<nil>,268,<nil>
3922198634,<nil>,<nil>,<nil>,<nil>,<nil>,<nil>,<nil>,<nil>,784,<nil>
2167689036,<nil>,<nil>,<nil>,<nil>,<nil>,<nil>,<nil>,<nil>,433,<nil>
2027835225,<nil>,<nil>,<nil>,<nil>,<nil>,<nil>,<nil>,<nil>,405,<nil>
725354148,<nil>,<nil>,<nil>,<nil>,<nil>,<nil>,<nil>,<nil>,145,<nil>
3415494476,<nil>,<nil>,<nil>,<nil>,<nil>,<nil>,<nil>,<nil>,683,<nil>
1497583449,<nil>,<nil>,<nil>,<nil>,<nil>,<nil>,<nil>,<nil>,299,<nil>
24989540,<nil>,<nil>,<nil>,<nil>,<nil>,<nil>,<nil>,<nil>,4,<nil>
2878426956,<nil>,<nil>,<nil>,<nil>,<nil>,<nil>,<nil>,<nil>,575,<nil>
505827149,<nil>,<nil>,<nil>,<nil>,<nil>,<nil>,<nil>,<nil>,101,<nil>
3005632345,<nil>,<nil>,<nil>,<nil>,<nil>,<nil>,<nil>,<nil>,601,<nil>
2230275929,<nil>,<nil>,<nil>,<nil>,<nil>,<nil>,<nil>,<nil>,446,<nil>
975195980,<nil>,<nil>,<nil>,<nil>,<nil>,<nil>,<nil>,<nil>,195,<nil>
4070854489,<nil>,<nil>,<nil>,<nil>,<nil>,<nil>,<nil>,<nil>,814,<nil>
3553972044,<nil>,<nil>,<nil>,<nil>,<nil>,<nil>,<nil>,<nil>,710,<nil>
3225486326,<nil>,<nil>,<nil>,<nil>,<nil>,<nil>,<nil>,<nil>,645,<nil>
1195200037,<nil>,<nil>,<nil>,<nil>,<nil>,<nil>,<nil>,<nil>,239,<nil>
3161214808,<nil>,<nil>,<nil>,<nil>,<nil>,<nil>,<nil>,<nil>,632,<nil>
2552188761,<nil>,<nil>,<nil>,<nil>,<nil>,<nil>,<nil>,<nil>,510,<nil>
2242006873,<nil>,<nil>,<nil>,<nil>,<nil>,<nil>,<nil>,<nil>,448,<nil>
4072165236,<nil>,<nil>,<nil>,<nil>,<nil>,<nil>,<nil>,<nil>,814,<nil>
4096937817,<nil>,<nil>,<nil>,<nil>,<nil>,<nil>,<nil>,<nil>,819,<nil>
1154418351,<nil>,<nil>,<nil>,<nil>,<nil>,<nil>,<nil>,<nil>,230,<nil>
2987216740,<nil>,<nil>,<nil>,<nil>,<nil>,<nil>,<nil>,<nil>,597,<nil>
2991935308,<nil>,<nil>,<nil>,<nil>,<nil>,<nil>,<nil>,<nil>,598,<nil>
3169865560,<nil>,<nil>,<nil>,<nil>,<nil>,<nil>,<nil>,<nil>,633,<nil>
1076580173,<nil>,<nil>,<nil>,<nil>,<nil>,<nil>,<nil>,<nil>,215,<nil>
3719909197,<nil>,<nil>,<nil>,<nil>,<nil>,<nil>,<nil>,<nil>,743,<nil>
2351255373,<nil>,<nil>,<nil>,<nil>,<nil>,<nil>,<nil>,<nil>,470,<nil>
850939724,<nil>,<nil>,<nil>,<nil>,<nil>,<nil>,<nil>,<nil>,170,<nil>
3191492428,<nil>,<nil>,<nil>,<nil>,<nil>,<nil>,<nil>,<nil>,638,<nil>
1544114008,<nil>,<nil>,<nil>,<nil>,<nil>,<nil>,<nil>,<nil>,308,<nil>
3601420109,<nil>,<nil>,<nil>,<nil>,<nil>,<nil>,<nil>,<nil>,720,<nil>
2095533913,<nil>,<nil>,<nil>,<nil>,<nil>,<nil>,<nil>,<nil>,419,<nil>
1880444748,<nil>,<nil>,<nil>,<nil>,<nil>,<nil>,<nil>,<nil>,376,<nil>
315032552,<nil>,<nil>,<nil>,<nil>,<nil>,<nil>,<nil>,<nil>,63,<nil>
3458682712,<nil>,<nil>,<nil>,<nil>,<nil>,<nil>,<nil>,<nil>,691,<nil>
2129332240,<nil>,<nil>,<nil>,<nil>,<nil>,<nil>,<nil>,<nil>,425,<nil>
252661580,<nil>,<nil>,<nil>,<nil>,<nil>,<nil>,<nil>,<nil>,50,<nil>
3788853080,<nil>,<nil>,<nil>,<nil>,<nil>,<nil>,<nil>,<nil>,757,<nil>
3718336345,<nil>,<nil>,<nil>,<nil>,<nil>,<nil>,<nil>,<nil>,743,<nil>
2329825112,<nil>,<nil>,<nil>,<nil>,<nil>,<nil>,<nil>,<nil>,465,<nil>
982863705,<nil>,<nil>,<nil>,<nil>,<nil>,<nil>,<nil>,<nil>,196,<nil>
433213260,<nil>,<nil>,<nil>,<nil>,<nil>,<nil>,<nil>,<nil>,86,<nil>
682577752,<nil>,<nil>,<nil>,<nil>,<nil>,<nil>,<nil>,<nil>,136,<nil>
1646481241,<nil>,<nil>,<nil>,<nil>,<nil>,<nil>,<nil>,<nil>,329,<nil>
387731276,<nil>,<nil>,<nil>,<nil>,<nil>,<nil>,<nil>,<nil>,77,<nil>
2762428249,<nil>,<nil>,<nil>,<nil>,<nil>,<nil>,<nil>,<nil>,552,<nil>
26562381,<nil>,<nil>,<nil>,<nil>,<nil>,<nil>,<nil>,<nil>,5,<nil>
2717798244,<nil>,<nil>,<nil>,<nil>,<nil>,<nil>,<nil>,<nil>,543,<nil>
1580224344,<nil>,<nil>,<nil>,<nil>,<nil>,<nil>,<nil>,<nil>,316,<nil>
1690783577,<nil>,<nil>,<nil>,<nil>,<nil>,<nil>,<nil>,<nil>,338,<nil>
1122764464,<nil>,<nil>,<nil>,<nil>,<nil>,<nil>,<nil>,<nil>,224,<nil>
3038465868,<nil>,<nil>,<nil>,<nil>,<nil>,<nil>,<nil>,<nil>,607,<nil>
1250578253,<nil>,<nil>,<nil>,<nil>,<nil>,<nil>,<nil>,<nil>,250,<nil>
806422528,<nil>,<nil>,<nil>,<nil>,<nil>,<nil>,<nil>,<nil>,161,<nil>
574771032,<nil>,<nil>,<nil>,<nil>,<nil>,<nil>,<nil>,<nil>,114,<nil>
2983350116,<nil>,<nil>,<nil>,<nil>,<nil>,<nil>,<nil>,<nil>,596,<nil>
2503233380,<nil>,<nil>,<nil>,<nil>,<nil>,<nil>,<nil>,<nil>,500,<nil>
348868429,<nil>,<nil>,<nil>,<nil>,<nil>,<nil>,<nil>,<nil>,69,<nil>
1786072909,<nil>,<nil>,<nil>,<nil>,<nil>,<nil>,<nil>,<nil>,357,<nil>
757802852,<nil>,<nil>,<nil>,<nil>,<nil>,<nil>,<nil>,<nil>,151,<nil>
2738245452,<nil>,<nil>,<nil>,<nil>,<nil>,<nil>,<nil>,<nil>,547,<nil>
1234569216,<nil>,<nil>,<nil>,<nil>,<nil>,<nil>,<nil>,<nil>,246,<nil>
4101505053,<nil>,<nil>,<nil>,<nil>,<nil>,<nil>,<nil>,<nil>,820,<nil>
3079688024,<nil>,<nil>,<nil>,<nil>,<nil>,<nil>,<nil>,<nil>,615,<nil>
1428442957,<nil>,<nil>,<nil>,<nil>,<nil>,<nil>,<nil>,<nil>,285,<nil>
4044443468,<nil>,<nil>,<nil>,<nil>,<nil>,<nil>,<nil>,<nil>,808,<nil>
2396082008,<nil>,<nil>,<nil>,<nil>,<nil>,<nil>,<nil>,<nil>,479,<nil>
1481658201,<nil>,<nil>,<nil>,<nil>,<nil>,<nil>,<nil>,<nil>,296,<nil>
3231076202,<nil>,<nil>,<nil>,<nil>,<nil>,<nil>,<nil>,<nil>,646,<nil>
3311816536,<nil>,<nil>,<nil>,<nil>,<nil>,<nil>,<nil>,<nil>,662,<nil>
420499288,<nil>,<nil>,<nil>,<nil>,<nil>,<nil>,<nil>,<nil>,84,<nil>
3041611596,<nil>,<nil>,<nil>,<nil>,<nil>,<nil>,<nil>,<nil>,608,<nil>
1679707980,<nil>,<nil>,<nil>,<nil>,<nil>,<nil>,<nil>,<nil>,335,<nil>
36392793,<nil>,<nil>,<nil>,<nil>,<nil>,<nil>,<nil>,<nil>,7,<nil>
2674020185,<nil>,<nil>,<nil>,<nil>,<nil>,<nil>,<nil>,<nil>,534,<nil>
1602244441,<nil>,<nil>,<nil>,<nil>,<nil>,<nil>,<nil>,<nil>,320,<nil>
35802956,<nil>,<nil>,<nil>,<nil>,<nil>,<nil>,<nil>,<nil>,7,<nil>
2558938969,<nil>,<nil>,<nil>,<nil>,<nil>,<nil>,<nil>,<nil>,511,<nil>
2199867224,<nil>,<nil>,<nil>,<nil>,<nil>,<nil>,<nil>,<nil>,439,<nil>
1699041101,<nil>,<nil>,<nil>,<nil>,<nil>,<nil>,<nil>,<nil>,339,<nil>
1113655392,<nil>,<nil>,<nil>,<nil>,<nil>,<nil>,<nil>,<nil>,222,<nil>
3188656336,<nil>,<nil>,<nil>,<nil>,<nil>,<nil>,<nil>,<nil>,637,<nil>
3205451597,<nil>,<nil>,<nil>,<nil>,<nil>,<nil>,<nil>,<nil>,641,<nil>
1832472408,<nil>,<nil>,<nil>,<nil>,<nil>,<nil>,<nil>,<nil>,366,<nil>
4141240140,<nil>,<nil>,<nil>,<nil>,<nil>,<nil>,<nil>,<nil>,828,<nil>
2358464333,<nil>,<nil>,<nil>,<nil>,<nil>,<nil>,<nil>,<nil>,471,<nil>
2002276172,<nil>,<nil>,<nil>,<nil>,<nil>,<nil>,<nil>,<nil>,400,<nil>
3752873828,<nil>,<nil>,<nil>,<nil>,<nil>,<nil>,<nil>,<nil>,750,<nil>
1761169241,<nil>,<nil>,<nil>,<nil>,<nil>,<nil>,<nil>,<nil>,352,<nil>
653610828,<nil>,<nil>,<nil>,<nil>,<nil>,<nil>,<nil>,<nil>,130,<nil>
3785707340,<nil>,<nil>,<nil>,<nil>,<nil>,<nil>,<nil>,<nil>,757,<nil>
1869238105,<nil>,<nil>,<nil>,<nil>,<nil>,<nil>,<nil>,<nil>,373,<nil>
1677676377,<nil>,<nil>,<nil>,<nil>,<nil>,<nil>,<nil>,<nil>,335,<nil>
1681018700,<nil>,<nil>,<nil>,<nil>,<nil>,<nil>,<nil>,<nil>,336,<nil>
3739176792,<nil>,<nil>,<nil>,<nil>,<nil>,<nil>,<nil>,<nil>,747,<nil>
2453078122,<nil>,<nil>,<nil>,<nil>,<nil>,<nil>,<nil>,<nil>,490,<nil>
2835697484,<nil>,<nil>,<nil>,<nil>,<nil>,<nil>,<nil>,<nil>,567,<nil>
453857112,<nil>,<nil>,<nil>,<nil>,<nil>,<nil>,<nil>,<nil>,90,<nil>
3703197529,<nil>,<nil>,<nil>,<nil>,<nil>,<nil>,<nil>,<nil>,740,<nil>
2675986253,<nil>,<nil>,<nil>,<nil>,<nil>,<nil>,<nil>,<nil>,535,<nil>
1144586256,<nil>,<nil>,<nil>,<nil>,<nil>,<nil>,<nil>,<nil>,228,<nil>
695488345,<nil>,<nil>,<nil>,<nil>,<nil>,<nil>,<nil>,<nil>,139,<nil>
3040366413,<nil>,<nil>,<nil>,<nil>,<nil>,<nil>,<nil>,<nil>,608,<nil>
1085427533,<nil>,<nil>,<nil>,<nil>,<nil>,<nil>,<nil>,<nil>,217,<nil>
3721678669,<nil>,<nil>,<nil>,<nil>,<nil>,<nil>,<nil>,<nil>,744,<nil>
3095088973,<nil>,<nil>,<nil>,<nil>,<nil>,<nil>,<nil>,<nil>,619,<nil>
769478477,<nil>,<nil>,<nil>,<nil>,<nil>,<nil>,<nil>,<nil>,153,<nil>
572477272,<nil>,<nil>,<nil>,<nil>,<nil>,<nil>,<nil>,<nil>,114,<nil>
4205006681,<nil>,<nil>,<nil>,<nil>,<nil>,<nil>,<nil>,<nil>,841,<nil>
2673037144,<nil>,<nil>,<nil>,<nil>,<nil>,<nil>,<nil>,<nil>,534,<nil>
1295535948,<nil>,<nil>,<nil>,<nil>,<nil>,<nil>,<nil>,<nil>,259,<nil>
1874743140,<nil>,<nil>,<nil>,<nil>,<nil>,<nil>,<nil>,<nil>,374,<nil>
572084044,<nil>,<nil>,<nil>,<nil>,<nil>,<nil>,<nil>,<nil>,114,<nil>
3382136653,<nil>,<nil>,<nil>,<nil>,<nil>,<nil>,<nil>,<nil>,676,<nil>
183979865,<nil>,<nil>,<nil>,<nil>,<nil>,<nil>,<nil>,<nil>,36,<nil>
2661109581,<nil>,<nil>,<nil>,<nil>,<nil>,<nil>,<nil>,<nil>,532,<nil>
2304462668,<nil>,<nil>,<nil>,<nil>,<nil>,<nil>,<nil>,<nil>,460,<nil>
1749045081,<nil>,<nil>,<nil>,<nil>,<nil>,<nil>,<nil>,<nil>,349,<nil>
506941272,<nil>,<nil>,<nil>,<nil>,<nil>,<nil>,<nil>,<nil>,101,<nil>
4033498957,<nil>,<nil>,<nil>,<nil>,<nil>,<nil>,<nil>,<nil>,806,<nil>
1248415564,<nil>,<nil>,<nil>,<nil>,<nil>,<nil>,<nil>,<nil>,249,<nil>
3623964505,<nil>,<nil>,<nil>,<nil>,<nil>,<nil>,<nil>,<nil>,724,<nil>
1952534349,<nil>,<nil>,<nil>,<nil>,<nil>,<nil>,<nil>,<nil>,390,<nil>
2719436620,<nil>,<nil>,<nil>,<nil>,<nil>,<nil>,<nil>,<nil>,543,<nil>
1162152072,<nil>,<nil>,<nil>,<nil>,<nil>,<nil>,<nil>,<nil>,232,<nil>
162418509,<nil>,<nil>,<nil>,<nil>,<nil>,<nil>,<nil>,<nil>,32,<nil>
64180044,<nil>,<nil>,<nil>,<nil>,<nil>,<nil>,<nil>,<nil>,12,<nil>
3366014821,<nil>,<nil>,<nil>,<nil>,<nil>,<nil>,<nil>,<nil>,673,<nil>
277303128,<nil>,<nil>,<nil>,<nil>,<nil>,<nil>,<nil>,<nil>,55,<nil>
2950564000,<nil>,<nil>,<nil>,<nil>,<nil>,<nil>,<nil>,<nil>,590,<nil>
1775175680,<nil>,<nil>,<nil>,<nil>,<nil>,<nil>,<nil>,<nil>,355,<nil>
648236889,<nil>,<nil>,<nil>,<nil>,<nil>,<nil>,<nil>,<nil>,129,<nil>
3544403788,<nil>,<nil>,<nil>,<nil>,<nil>,<nil>,<nil>,<nil>,708,<nil>
2203602765,<nil>,<nil>,<nil>,<nil>,<nil>,<nil>,<nil>,<nil>,440,<nil>
136597349,<nil>,<nil>,<nil>,<nil>,<nil>,<nil>,<nil>,<nil>,27,<nil>
710365016,<nil>,<nil>,<nil>,<nil>,<nil>,<nil>,<nil>,<nil>,142,<nil>
3927789388,<nil>,<nil>,<nil>,<nil>,<nil>,<nil>,<nil>,<nil>,785,<nil>
2337820492,<nil>,<nil>,<nil>,<nil>,<nil>,<nil>,<nil>,<nil>,467,<nil>
103436120,<nil>,<nil>,<nil>,<nil>,<nil>,<nil>,<nil>,<nil>,20,<nil>
3623440216,<nil>,<nil>,<nil>,<nil>,<nil>,<nil>,<nil>,<nil>,724,<nil>
2663010137,<nil>,<nil>,<nil>,<nil>,<nil>,<nil>,<nil>,<nil>,532,<nil>
2006273868,<nil>,<nil>,<nil>,<nil>,<nil>,<nil>,<nil>,<nil>,401,<nil>
4199305036,<nil>,<nil>,<nil>,<nil>,<nil>,<nil>,<nil>,<nil>,839,<nil>
3290648420,<nil>,<nil>,<nil>,<nil>,<nil>,<nil>,<nil>,<nil>,658,<nil>
3587788620,<nil>,<nil>,<nil>,<nil>,<nil>,<nil>,<nil>,<nil>,717,<nil>
4274409293,<nil>,<nil>,<nil>,<nil>,<nil>,<nil>,<nil>,<nil>,854,<nil>
2757119821,<nil>,<nil>,<nil>,<nil>,<nil>,<nil>,<nil>,<nil>,551,<nil>
943214424,<nil>,<nil>,<nil>,<nil>,<nil>,<nil>,<nil>,<nil>,188,<nil>
297226073,<nil>,<nil>,<nil>,<nil>,<nil>,<nil>,<nil>,<nil>,59,<nil>
2766032728,<nil>,<nil>,<nil>,<nil>,<nil>,<nil>,<nil>,<nil>,553,<nil>
823414605,<nil>,<nil>,<nil>,<nil>,<nil>,<nil>,<nil>,<nil>,164,<nil>
319311692,<nil>,<nil>,<nil>,<nil>,<nil>,<nil>,<nil>,<nil>,63,<nil>
3840757593,<nil>,<nil>,<nil>,<nil>,<nil>,<nil>,<nil>,<nil>,768,<nil>
2593279832,<nil>,<nil>,<nil>,<nil>,<nil>,<nil>,<nil>,<nil>,518,<nil>
1665355596,<nil>,<nil>,<nil>,<nil>,<nil>,<nil>,<nil>,<nil>,333,<nil>
1630470189,<nil>,<nil>,<nil>,<nil>,<nil>,<nil>,<nil>,<nil>,326,<nil>
3806285645,<nil>,<nil>,<nil>,<nil>,<nil>,<nil>,<nil>,<nil>,761,<nil>
3108523903,<nil>,<nil>,<nil>,<nil>,<nil>,<nil>,<nil>,<nil>,621,<nil>
1118785369,<nil>,<nil>,<nil>,<nil>,<nil>,<nil>,<nil>,<nil>,223,<nil>
3506065252,<nil>,<nil>,<nil>,<nil>,<nil>,<nil>,<nil>,<nil>,701,<nil>
2505264972,<nil>,<nil>,<nil>,<nil>,<nil>,<nil>,<nil>,<nil>,501,<nil>
415453016,<nil>,<nil>,<nil>,<nil>,<nil>,<nil>,<nil>,<nil>,83,<nil>
166285133,<nil>,<nil>,<nil>,<nil>,<nil>,<nil>,<nil>,<nil>,33,<nil>
4183773029,<nil>,<nil>,<nil>,<nil>,<nil>,<nil>,<nil>,<nil>,836,<nil>
3706998628,<nil>,<nil>,<nil>,<nil>,<nil>,<nil>,<nil>,<nil>,741,<nil>
3730067288,<nil>,<nil>,<nil>,<nil>,<nil>,<nil>,<nil>,<nil>,746,<nil>
2389593945,<nil>,<nil>,<nil>,<nil>,<nil>,<nil>,<nil>,<nil>,477,<nil>
1335822496,<nil>,<nil>,<nil>,<nil>,<nil>,<nil>,<nil>,<nil>,267,<nil>
2111768712,<nil>,<nil>,<nil>,<nil>,<nil>,<nil>,<nil>,<nil>,422,<nil>
351930587,<nil>,<nil>,<nil>,<nil>,<nil>,<nil>,<nil>,<nil>,70,<nil>
3325972313,<nil>,<nil>,<nil>,<nil>,<nil>,<nil>,<nil>,<nil>,665,<nil>
240847150,<nil>,<nil>,<nil>,<nil>,<nil>,<nil>,<nil>,<nil>,48,<nil>
2872004479,<nil>,<nil>,<nil>,<nil>,<nil>,<nil>,<nil>,<nil>,574,<nil>
1551847244,<nil>,<nil>,<nil>,<nil>,<nil>,<nil>,<nil>,<nil>,310,<nil>
184221712,<nil>,<nil>,<nil>,<nil>,<nil>,<nil>,<nil>,<nil>,36,<nil>
3266137945,<nil>,<nil>,<nil>,<nil>,<nil>,<nil>,<nil>,<nil>,653,<nil>
2014334796,<nil>,<nil>,<nil>,<nil>,<nil>,<nil>,<nil>,<nil>,402,<nil>
83251021,<nil>,<nil>,<nil>,<nil>,<nil>,<nil>,<nil>,<nil>,16,<nil>
4148055884,<nil>,<nil>,<nil>,<nil>,<nil>,<nil>,<nil>,<nil>,829,<nil>
2502381400,<nil>,<nil>,<nil>,<nil>,<nil>,<nil>,<nil>,<nil>,500,<nil>
1204029440,<nil>,<nil>,<nil>,<nil>,<nil>,<nil>,<nil>,<nil>,240,<nil>
131485517,<nil>,<nil>,<nil>,<nil>,<nil>,<nil>,<nil>,<nil>,26,<nil>
1176503273,<nil>,<nil>,<nil>,<nil>,<nil>,<nil>,<nil>,<nil>,235,<nil>
2993817640,<nil>,<nil>,<nil>,<nil>,<nil>,<nil>,<nil>,<nil>,598,<nil>
2134462285,<nil>,<nil>,<nil>,<nil>,<nil>,<nil>,<nil>,<nil>,426,<nil>
1812680537,<nil>,<nil>,<nil>,<nil>,<nil>,<nil>,<nil>,<nil>,362,<nil>
1060327244,<nil>,<nil>,<nil>,<nil>,<nil>,<nil>,<nil>,<nil>,212,<nil>
14176077,<nil>,<nil>,<nil>,<nil>,<nil>,<nil>,<nil>,<nil>,2,<nil>
3269152588,<nil>,<nil>,<nil>,<nil>,<nil>,<nil>,<nil>,<nil>,653,<nil>
1314541388,<nil>,<nil>,<nil>,<nil>,<nil>,<nil>,<nil>,<nil>,262,<nil>
257970008,<nil>,<nil>,<nil>,<nil>,<nil>,<nil>,<nil>,<nil>,51,<nil>
4275195435,<nil>,<nil>,<nil>,<nil>,<nil>,<nil>,<nil>,<nil>,855,<nil>
2520731480,<nil>,<nil>,<nil>,<nil>,<nil>,<nil>,<nil>,<nil>,504,<nil>
2189381464,<nil>,<nil>,<nil>,<nil>,<nil>,<nil>,<nil>,<nil>,437,<nil>
3334014640,<nil>,<nil>,<nil>,<nil>,<nil>,<nil>,<nil>,<nil>,666,<nil>
862670692,<nil>,<nil>,<nil>,<nil>,<nil>,<nil>,<nil>,<nil>,172,<nil>
3843444568,<nil>,<nil>,<nil>,<nil>,<nil>,<nil>,<nil>,<nil>,768,<nil>
2789429069,<nil>,<nil>,<nil>,<nil>,<nil>,<nil>,<nil>,<nil>,557,<nil>
1603096396,<nil>,<nil>,<nil>,<nil>,<nil>,<nil>,<nil>,<nil>,320,<nil>
4270739289,<nil>,<nil>,<nil>,<nil>,<nil>,<nil>,<nil>,<nil>,854,<nil>
2481457248,<nil>,<nil>,<nil>,<nil>,<nil>,<nil>,<nil>,<nil>,496,<nil>
686248356,<nil>,<nil>,<nil>,<nil>,<nil>,<nil>,<nil>,<nil>,137,<nil>
3374010189,<nil>,<nil>,<nil>,<nil>,<nil>,<nil>,<nil>,<nil>,674,<nil>
2391428941,<nil>,<nil>,<nil>,<nil>,<nil>,<nil>,<nil>,<nil>,478,<nil>
160059225,<nil>,<nil>,<nil>,<nil>,<nil>,<nil>,<nil>,<nil>,32,<nil>
2282049396,<nil>,<nil>,<nil>,<nil>,<nil>,<nil>,<nil>,<nil>,456,<nil>
4212543321,<nil>,<nil>,<nil>,<nil>,<nil>,<nil>,<nil>,<nil>,842,<nil>
2824228696,<nil>,<nil>,<nil>,<nil>,<nil>,<nil>,<nil>,<nil>,564,<nil>
1742557004,<nil>,<nil>,<nil>,<nil>,<nil>,<nil>,<nil>,<nil>,348,<nil>
1722044249,<nil>,<nil>,<nil>,<nil>,<nil>,<nil>,<nil>,<nil>,344,<nil>
613175116,<nil>,<nil>,<nil>,<nil>,<nil>,<nil>,<nil>,<nil>,122,<nil>
2402766681,<nil>,<nil>,<nil>,<nil>,<nil>,<nil>,<nil>,<nil>,480,<nil>
1736920908,<nil>,<nil>,<nil>,<nil>,<nil>,<nil>,<nil>,<nil>,347,<nil>
88035748,<nil>,<nil>,<nil>,<nil>,<nil>,<nil>,<nil>,<nil>,17,<nil>
2520076120,<nil>,<nil>,<nil>,<nil>,<nil>,<nil>,<nil>,<nil>,504,<nil>
638013285,<nil>,<nil>,<nil>,<nil>,<nil>,<nil>,<nil>,<nil>,127,<nil>
3217444685,<nil>,<nil>,<nil>,<nil>,<nil>,<nil>,<nil>,<nil>,643,<nil>
3294973785,<nil>,<nil>,<nil>,<nil>,<nil>,<nil>,<nil>,<nil>,658,<nil>
1766870872,<nil>,<nil>,<nil>,<nil>,<nil>,<nil>,<nil>,<nil>,353,<nil>
412110669,<nil>,<nil>,<nil>,<nil>,<nil>,<nil>,<nil>,<nil>,82,<nil>
3335671641,<nil>,<nil>,<nil>,<nil>,<nil>,<nil>,<nil>,<nil>,667,<nil>
1021595509,<nil>,<nil>,<nil>,<nil>,<nil>,<nil>,<nil>,<nil>,204,<nil>
754536281,<nil>,<nil>,<nil>,<nil>,<nil>,<nil>,<nil>,<nil>,150,<nil>
3317780300,<nil>,<nil>,<nil>,<nil>,<nil>,<nil>,<nil>,<nil>,663,<nil>
1090867021,<nil>,<nil>,<nil>,<nil>,<nil>,<nil>,<nil>,<nil>,218,<nil>
611012429,<nil>,<nil>,<nil>,<nil>,<nil>,<nil>,<nil>,<nil>,122,<nil>
973492045,<nil>,<nil>,<nil>,<nil>,<nil>,<nil>,<nil>,<nil>,194,<nil>
4203499341,<nil>,<nil>,<nil>,<nil>,<nil>,<nil>,<nil>,<nil>,840,<nil>
3077066612,<nil>,<nil>,<nil>,<nil>,<nil>,<nil>,<nil>,<nil>,615,<nil>
1338199897,<nil>,<nil>,<nil>,<nil>,<nil>,<nil>,<nil>,<nil>,267,<nil>
1200508772,<nil>,<nil>,<nil>,<nil>,<nil>,<nil>,<nil>,<nil>,240,<nil>
1502629708,<nil>,<nil>,<nil>,<nil>,<nil>,<nil>,<nil>,<nil>,300,<nil>
3857469272,<nil>,<nil>,<nil>,<nil>,<nil>,<nil>,<nil>,<nil>,771,<nil>
2074169177,<nil>,<nil>,<nil>,<nil>,<nil>,<nil>,<nil>,<nil>,414,<nil>
376983385,<nil>,<nil>,<nil>,<nil>,<nil>,<nil>,<nil>,<nil>,75,<nil>
3284553560,<nil>,<nil>,<nil>,<nil>,<nil>,<nil>,<nil>,<nil>,656,<nil>
1783451469,<nil>,<nil>,<nil>,<nil>,<nil>,<nil>,<nil>,<nil>,356,<nil>
3102345264,<nil>,<nil>,<nil>,<nil>,<nil>,<nil>,<nil>,<nil>,620,<nil>
840829136,<nil>,<nil>,<nil>,<nil>,<nil>,<nil>,<nil>,<nil>,168,<nil>
138628941,<nil>,<nil>,<nil>,<nil>,<nil>,<nil>,<nil>,<nil>,27,<nil>
2424590157,<nil>,<nil>,<nil>,<nil>,<nil>,<nil>,<nil>,<nil>,484,<nil>
912478029,<nil>,<nil>,<nil>,<nil>,<nil>,<nil>,<nil>,<nil>,182,<nil>
3253817165,<nil>,<nil>,<nil>,<nil>,<nil>,<nil>,<nil>,<nil>,650,<nil>
2626178893,<nil>,<nil>,<nil>,<nil>,<nil>,<nil>,<nil>,<nil>,525,<nil>
481691784,<nil>,<nil>,<nil>,<nil>,<nil>,<nil>,<nil>,<nil>,96,<nil>
2309640013,<nil>,<nil>,<nil>,<nil>,<nil>,<nil>,<nil>,<nil>,461,<nil>
1376800600,<nil>,<nil>,<nil>,<nil>,<nil>,<nil>,<nil>,<nil>,275,<nil>
2646822745,<nil>,<nil>,<nil>,<nil>,<nil>,<nil>,<nil>,<nil>,529,<nil>
1112166232,<nil>,<nil>,<nil>,<nil>,<nil>,<nil>,<nil>,<nil>,222,<nil>
705308517,<nil>,<nil>,<nil>,<nil>,<nil>,<nil>,<nil>,<nil>,141,<nil>
3578089293,<nil>,<nil>,<nil>,<nil>,<nil>,<nil>,<nil>,<nil>,715,<nil>
2120437604,<nil>,<nil>,<nil>,<nil>,<nil>,<nil>,<nil>,<nil>,424,<nil>
2002472780,<nil>,<nil>,<nil>,<nil>,<nil>,<nil>,<nil>,<nil>,400,<nil>
4267003724,<nil>,<nil>,<nil>,<nil>,<nil>,<nil>,<nil>,<nil>,853,<nil>
1908232025,<nil>,<nil>,<nil>,<nil>,<nil>,<nil>,<nil>,<nil>,381,<nil>
249778009,<nil>,<nil>,<nil>,<nil>,<nil>,<nil>,<nil>,<nil>,49,<nil>
1447841612,<nil>,<nil>,<nil>,<nil>,<nil>,<nil>,<nil>,<nil>,289,<nil>
4196028426,<nil>,<nil>,<nil>,<nil>,<nil>,<nil>,<nil>,<nil>,839,<nil>
2895138649,<nil>,<nil>,<nil>,<nil>,<nil>,<nil>,<nil>,<nil>,579,<nil>
421547864,<nil>,<nil>,<nil>,<nil>,<nil>,<nil>,<nil>,<nil>,84,<nil>
2494386009,<nil>,<nil>,<nil>,<nil>,<nil>,<nil>,<nil>,<nil>,498,<nil>
1724327796,<nil>,<nil>,<nil>,<nil>,<nil>,<nil>,<nil>,<nil>,344,<nil>
3904458597,<nil>,<nil>,<nil>,<nil>,<nil>,<nil>,<nil>,<nil>,780,<nil>
3425324901,<nil>,<nil>,<nil>,<nil>,<nil>,<nil>,<nil>,<nil>,685,<nil>
4186722137,<nil>,<nil>,<nil>,<nil>,<nil>,<nil>,<nil>,<nil>,837,<nil>
3111323648,<nil>,<nil>,<nil>,<nil>,<nil>,<nil>,<nil>,<nil>,622,<nil>
854740813,<nil>,<nil>,<nil>,<nil>,<nil>,<nil>,<nil>,<nil>,170,<nil>
2352762713,<nil>,<nil>,<nil>,<nil>,<nil>,<nil>,<nil>,<nil>,470,<nil>
954355532,<nil>,<nil>,<nil>,<nil>,<nil>,<nil>,<nil>,<nil>,190,<nil>
4213329753,<nil>,<nil>,<nil>,<nil>,<nil>,<nil>,<nil>,<nil>,842,<nil>
2258839401,<nil>,<nil>,<nil>,<nil>,<nil>,<nil>,<nil>,<nil>,451,<nil>
267276121,<nil>,<nil>,<nil>,<nil>,<nil>,<nil>,<nil>,<nil>,53,<nil>
3179630424,<nil>,<nil>,<nil>,<nil>,<nil>,<nil>,<nil>,<nil>,635,<nil>
2392477516,<nil>,<nil>,<nil>,<nil>,<nil>,<nil>,<nil>,<nil>,478,<nil>
1393774412,<nil>,<nil>,<nil>,<nil>,<nil>,<nil>,<nil>,<nil>,278,<nil>
791564109,<nil>,<nil>,<nil>,<nil>,<nil>,<nil>,<nil>,<nil>,158,<nil>
1189891929,<nil>,<nil>,<nil>,<nil>,<nil>,<nil>,<nil>,<nil>,237,<nil>
3666956109,<nil>,<nil>,<nil>,<nil>,<nil>,<nil>,<nil>,<nil>,733,<nil>
3464777560,<nil>,<nil>,<nil>,<nil>,<nil>,<nil>,<nil>,<nil>,692,<nil>
799868944,<nil>,<nil>,<nil>,<nil>,<nil>,<nil>,<nil>,<nil>,159,<nil>
2732853288,<nil>,<nil>,<nil>,<nil>,<nil>,<nil>,<nil>,<nil>,546,<nil>
1579765581,<nil>,<nil>,<nil>,<nil>,<nil>,<nil>,<nil>,<nil>,315,<nil>
1844979561,<nil>,<nil>,<nil>,<nil>,<nil>,<nil>,<nil>,<nil>,368,<nil>
116937024,<nil>,<nil>,<nil>,<nil>,<nil>,<nil>,<nil>,<nil>,23,<nil>
795955033,<nil>,<nil>,<nil>,<nil>,<nil>,<nil>,<nil>,<nil>,159,<nil>
3767684964,<nil>,<nil>,<nil>,<nil>,<nil>,<nil>,<nil>,<nil>,753,<nil>
3662434136,<nil>,<nil>,<nil>,<nil>,<nil>,<nil>,<nil>,<nil>,732,<nil>
592531276,<nil>,<nil>,<nil>,<nil>,<nil>,<nil>,<nil>,<nil>,118,<nil>
4193341284,<nil>,<nil>,<nil>,<nil>,<nil>,<nil>,<nil>,<nil>,838,<nil>
3931328333,<nil>,<nil>,<nil>,<nil>,<nil>,<nil>,<nil>,<nil>,786,<nil>
2573619033,<nil>,<nil>,<nil>,<nil>,<nil>,<nil>,<nil>,<nil>,514,<nil>
1938116429,<nil>,<nil>,<nil>,<nil>,<nil>,<nil>,<nil>,<nil>,387,<nil>
3099283288,<nil>,<nil>,<nil>,<nil>,<nil>,<nil>,<nil>,<nil>,619,<nil>
1172328281,<nil>,<nil>,<nil>,<nil>,<nil>,<nil>,<nil>,<nil>,234,<nil>
144821728,<nil>,<nil>,<nil>,<nil>,<nil>,<nil>,<nil>,<nil>,28,<nil>
45829977,<nil>,<nil>,<nil>,<nil>,<nil>,<nil>,<nil>,<nil>,9,<nil>
3236384588,<nil>,<nil>,<nil>,<nil>,<nil>,<nil>,<nil>,<nil>,647,<nil>
2756661068,<nil>,<nil>,<nil>,<nil>,<nil>,<nil>,<nil>,<nil>,551,<nil>
947212121,<nil>,<nil>,<nil>,<nil>,<nil>,<nil>,<nil>,<nil>,189,<nil>
3989524300,<nil>,<nil>,<nil>,<nil>,<nil>,<nil>,<nil>,<nil>,797,<nil>
2796244813,<nil>,<nil>,<nil>,<nil>,<nil>,<nil>,<nil>,<nil>,559,<nil>
349851480,<nil>,<nil>,<nil>,<nil>,<nil>,<nil>,<nil>,<nil>,69,<nil>
3004256089,<nil>,<nil>,<nil>,<nil>,<nil>,<nil>,<nil>,<nil>,600,<nil>
2198687564,<nil>,<nil>,<nil>,<nil>,<nil>,<nil>,<nil>,<nil>,439,<nil>
4094578521,<nil>,<nil>,<nil>,<nil>,<nil>,<nil>,<nil>,<nil>,818,<nil>
3155560464,<nil>,<nil>,<nil>,<nil>,<nil>,<nil>,<nil>,<nil>,631,<nil>
2067615564,<nil>,<nil>,<nil>,<nil>,<nil>,<nil>,<nil>,<nil>,413,<nil>
431443789,<nil>,<nil>,<nil>,<nil>,<nil>,<nil>,<nil>,<nil>,86,<nil>
3837087565,<nil>,<nil>,<nil>,<nil>,<nil>,<nil>,<nil>,<nil>,767,<nil>
2959419236,<nil>,<nil>,<nil>,<nil>,<nil>,<nil>,<nil>,<nil>,591,<nil>
3392229197,<nil>,<nil>,<nil>,<nil>,<nil>,<nil>,<nil>,<nil>,678,<nil>
2085375844,<nil>,<nil>,<nil>,<nil>,<nil>,<nil>,<nil>,<nil>,417,<nil>
1535987544,<nil>,<nil>,<nil>,<nil>,<nil>,<nil>,<nil>,<nil>,307,<nil>
341725017,<nil>,<nil>,<nil>,<nil>,<nil>,<nil>,<nil>,<nil>,68,<nil>
2818330445,<nil>,<nil>,<nil>,<nil>,<nil>,<nil>,<nil>,<nil>,563,<nil>
1461538649,<nil>,<nil>,<nil>,<nil>,<nil>,<nil>,<nil>,<nil>,292,<nil>
4101263193,<nil>,<nil>,<nil>,<nil>,<nil>,<nil>,<nil>,<nil>,820,<nil>
1163874136,<nil>,<nil>,<nil>,<nil>,<nil>,<nil>,<nil>,<nil>,232,<nil>
245059417,<nil>,<nil>,<nil>,<nil>,<nil>,<nil>,<nil>,<nil>,49,<nil>
3479438313,<nil>,<nil>,<nil>,<nil>,<nil>,<nil>,<nil>,<nil>,695,<nil>
1383205083,<nil>,<nil>,<nil>,<nil>,<nil>,<nil>,<nil>,<nil>,276,<nil>
490032997,<nil>,<nil>,<nil>,<nil>,<nil>,<nil>,<nil>,<nil>,98,<nil>
688148301,<nil>,<nil>,<nil>,<nil>,<nil>,<nil>,<nil>,<nil>,137,<nil>
3135178793,<nil>,<nil>,<nil>,<nil>,<nil>,<nil>,<nil>,<nil>,627,<nil>
1940279116,<nil>,<nil>,<nil>,<nil>,<nil>,<nil>,<nil>,<nil>,388,<nil>
3393736537,<nil>,<nil>,<nil>,<nil>,<nil>,<nil>,<nil>,<nil>,678,<nil>
2347892749,<nil>,<nil>,<nil>,<nil>,<nil>,<nil>,<nil>,<nil>,469,<nil>
507531085,<nil>,<nil>,<nil>,<nil>,<nil>,<nil>,<nil>,<nil>,101,<nil>
2809351715,<nil>,<nil>,<nil>,<nil>,<nil>,<nil>,<nil>,<nil>,561,<nil>
1490028544,<nil>,<nil>,<nil>,<nil>,<nil>,<nil>,<nil>,<nil>,298,<nil>
524701528,<nil>,<nil>,<nil>,<nil>,<nil>,<nil>,<nil>,<nil>,104,<nil>
176246617,<nil>,<nil>,<nil>,<nil>,<nil>,<nil>,<nil>,<nil>,35,<nil>
3555282777,<nil>,<nil>,<nil>,<nil>,<nil>,<nil>,<nil>,<nil>,711,<nil>
3226095460,<nil>,<nil>,<nil>,<nil>,<nil>,<nil>,<nil>,<nil>,645,<nil>
1700399120,<nil>,<nil>,<nil>,<nil>,<nil>,<nil>,<nil>,<nil>,340,<nil>
4011151193,<nil>,<nil>,<nil>,<nil>,<nil>,<nil>,<nil>,<nil>,802,<nil>
2762755916,<nil>,<nil>,<nil>,<nil>,<nil>,<nil>,<nil>,<nil>,552,<nil>
551553243,<nil>,<nil>,<nil>,<nil>,<nil>,<nil>,<nil>,<nil>,110,<nil>
2008108917,<nil>,<nil>,<nil>,<nil>,<nil>,<nil>,<nil>,<nil>,401,<nil>
2032684889,<nil>,<nil>,<nil>,<nil>,<nil>,<nil>,<nil>,<nil>,406,<nil>
510855168,<nil>,<nil>,<nil>,<nil>,<nil>,<nil>,<nil>,<nil>,102,<nil>
3603779417,<nil>,<nil>,<nil>,<nil>,<nil>,<nil>,<nil>,<nil>,720,<nil>
820203341,<nil>,<nil>,<nil>,<nil>,<nil>,<nil>,<nil>,<nil>,164,<nil>
3375779685,<nil>,<nil>,<nil>,<nil>,<nil>,<nil>,<nil>,<nil>,675,<nil>
2659143500,<nil>,<nil>,<nil>,<nil>,<nil>,<nil>,<nil>,<nil>,531,<nil>
3052293965,<nil>,<nil>,<nil>,<nil>,<nil>,<nil>,<nil>,<nil>,610,<nil>
1678069592,<nil>,<nil>,<nil>,<nil>,<nil>,<nil>,<nil>,<nil>,335,<nil>
3893710681,<nil>,<nil>,<nil>,<nil>,<nil>,<nil>,<nil>,<nil>,778,<nil>
3314437988,<nil>,<nil>,<nil>,<nil>,<nil>,<nil>,<nil>,<nil>,662,<nil>
2840678250,<nil>,<nil>,<nil>,<nil>,<nil>,<nil>,<nil>,<nil>,568,<nil>
2619756364,<nil>,<nil>,<nil>,<nil>,<nil>,<nil>,<nil>,<nil>,523,<nil>
3152301900,<nil>,<nil>,<nil>,<nil>,<nil>,<nil>,<nil>,<nil>,630,<nil>
1376669529,<nil>,<nil>,<nil>,<nil>,<nil>,<nil>,<nil>,<nil>,275,<nil>
4142550872,<nil>,<nil>,<nil>,<nil>,<nil>,<nil>,<nil>,<nil>,828,<nil>
590303242,<nil>,<nil>,<nil>,<nil>,<nil>,<nil>,<nil>,<nil>,118,<nil>
2348568447,<nil>,<nil>,<nil>,<nil>,<nil>,<nil>,<nil>,<nil>,469,<nil>
1178423116,<nil>,<nil>,<nil>,<nil>,<nil>,<nil>,<nil>,<nil>,235,<nil>
914687652,<nil>,<nil>,<nil>,<nil>,<nil>,<nil>,<nil>,<nil>,182,<nil>
3045000880,<nil>,<nil>,<nil>,<nil>,<nil>,<nil>,<nil>,<nil>,609,<nil>
1482641240,<nil>,<nil>,<nil>,<nil>,<nil>,<nil>,<nil>,<nil>,296,<nil>
979717976,<nil>,<nil>,<nil>,<nil>,<nil>,<nil>,<nil>,<nil>,195,<nil>
2746044237,<nil>,<nil>,<nil>,<nil>,<nil>,<nil>,<nil>,<nil>,549,<nil>
2911391589,<nil>,<nil>,<nil>,<nil>,<nil>,<nil>,<nil>,<nil>,582,<nil>
3346747213,<nil>,<nil>,<nil>,<nil>,<nil>,<nil>,<nil>,<nil>,669,<nil>
1852067673,<nil>,<nil>,<nil>,<nil>,<nil>,<nil>,<nil>,<nil>,370,<nil>
4045164377,<nil>,<nil>,<nil>,<nil>,<nil>,<nil>,<nil>,<nil>,809,<nil>
1899571046,<nil>,<nil>,<nil>,<nil>,<nil>,<nil>,<nil>,<nil>,379,<nil>
3939585869,<nil>,<nil>,<nil>,<nil>,<nil>,<nil>,<nil>,<nil>,787,<nil>
2631815013,<nil>,<nil>,<nil>,<nil>,<nil>,<nil>,<nil>,<nil>,526,<nil>
1271484249,<nil>,<nil>,<nil>,<nil>,<nil>,<nil>,<nil>,<nil>,254,<nil>
353980249,<nil>,<nil>,<nil>,<nil>,<nil>,<nil>,<nil>,<nil>,70,<nil>
3949922304,<nil>,<nil>,<nil>,<nil>,<nil>,<nil>,<nil>,<nil>,789,<nil>
2279231320,<nil>,<nil>,<nil>,<nil>,<nil>,<nil>,<nil>,<nil>,455,<nil>
1730596319,<nil>,<nil>,<nil>,<nil>,<nil>,<nil>,<nil>,<nil>,346,<nil>
1622167385,<nil>,<nil>,<nil>,<nil>,<nil>,<nil>,<nil>,<nil>,324,<nil>
297619300,<nil>,<nil>,<nil>,<nil>,<nil>,<nil>,<nil>,<nil>,59,<nil>
339496792,<nil>,<nil>,<nil>,<nil>,<nil>,<nil>,<nil>,<nil>,67,<nil>
1036668749,<nil>,<nil>,<nil>,<nil>,<nil>,<nil>,<nil>,<nil>,207,<nil>
4021571429,<nil>,<nil>,<nil>,<nil>,<nil>,<nil>,<nil>,<nil>,804,<nil>
2597408589,<nil>,<nil>,<nil>,<nil>,<nil>,<nil>,<nil>,<nil>,519,<nil>
3585560408,<nil>,<nil>,<nil>,<nil>,<nil>,<nil>,<nil>,<nil>,717,<nil>
1845383013,<nil>,<nil>,<nil>,<nil>,<nil>,<nil>,<nil>,<nil>,369,<nil>
1595428696,<nil>,<nil>,<nil>,<nil>,<nil>,<nil>,<nil>,<nil>,319,<nil>
2834059084,<nil>,<nil>,<nil>,<nil>,<nil>,<nil>,<nil>,<nil>,566,<nil>
879513420,<nil>,<nil>,<nil>,<nil>,<nil>,<nil>,<nil>,<nil>,175,<nil>
330367082,<nil>,<nil>,<nil>,<nil>,<nil>,<nil>,<nil>,<nil>,66,<nil>
3162853209,<nil>,<nil>,<nil>,<nil>,<nil>,<nil>,<nil>,<nil>,632,<nil>
1195855693,<nil>,<nil>,<nil>,<nil>,<nil>,<nil>,<nil>,<nil>,239,<nil>
3536408397,<nil>,<nil>,<nil>,<nil>,<nil>,<nil>,<nil>,<nil>,707,<nil>
2171096909,<nil>,<nil>,<nil>,<nil>,<nil>,<nil>,<nil>,<nil>,434,<nil>
3749382280,<nil>,<nil>,<nil>,<nil>,<nil>,<nil>,<nil>,<nil>,749,<nil>
2081097392,<nil>,<nil>,<nil>,<nil>,<nil>,<nil>,<nil>,<nil>,416,<nil>
669536089,<nil>,<nil>,<nil>,<nil>,<nil>,<nil>,<nil>,<nil>,133,<nil>
3420671821,<nil>,<nil>,<nil>,<nil>,<nil>,<nil>,<nil>,<nil>,684,<nil>
1749438296,<nil>,<nil>,<nil>,<nil>,<nil>,<nil>,<nil>,<nil>,349,<nil>
692211533,<nil>,<nil>,<nil>,<nil>,<nil>,<nil>,<nil>,<nil>,138,<nil>
3490402125,<nil>,<nil>,<nil>,<nil>,<nil>,<nil>,<nil>,<nil>,698,<nil>
1536511821,<nil>,<nil>,<nil>,<nil>,<nil>,<nil>,<nil>,<nil>,307,<nil>
1031950156,<nil>,<nil>,<nil>,<nil>,<nil>,<nil>,<nil>,<nil>,206,<nil>
1234063180,<nil>,<nil>,<nil>,<nil>,<nil>,<nil>,<nil>,<nil>,246,<nil>
3868282700,<nil>,<nil>,<nil>,<nil>,<nil>,<nil>,<nil>,<nil>,773,<nil>
3390459724,<nil>,<nil>,<nil>,<nil>,<nil>,<nil>,<nil>,<nil>,678,<nil>
619663180,<nil>,<nil>,<nil>,<nil>,<nil>,<nil>,<nil>,<nil>,123,<nil>
2995933017,<nil>,<nil>,<nil>,<nil>,<nil>,<nil>,<nil>,<nil>,599,<nil>
2454259375,<nil>,<nil>,<nil>,<nil>,<nil>,<nil>,<nil>,<nil>,490,<nil>
931221324,<nil>,<nil>,<nil>,<nil>,<nil>,<nil>,<nil>,<nil>,186,<nil>
3749120000,<nil>,<nil>,<nil>,<nil>,<nil>,<nil>,<nil>,<nil>,749,<nil>
2217299800,<nil>,<nil>,<nil>,<nil>,<nil>,<nil>,<nil>,<nil>,443,<nil>
1673201664,<nil>,<nil>,<nil>,<nil>,<nil>,<nil>,<nil>,<nil>,334,<nil>
18108248,<nil>,<nil>,<nil>,<nil>,<nil>,<nil>,<nil>,<nil>,3,<nil>
1931693901,<nil>,<nil>,<nil>,<nil>,<nil>,<nil>,<nil>,<nil>,386,<nil>
849956696,<nil>,<nil>,<nil>,<nil>,<nil>,<nil>,<nil>,<nil>,169,<nil>
1908494157,<nil>,<nil>,<nil>,<nil>,<nil>,<nil>,<nil>,<nil>,381,<nil>
450449252,<nil>,<nil>,<nil>,<nil>,<nil>,<nil>,<nil>,<nil>,90,<nil>
3178843981,<nil>,<nil>,<nil>,<nil>,<nil>,<nil>,<nil>,<nil>,635,<nil>
31477593,<nil>,<nil>,<nil>,<nil>,<nil>,<nil>,<nil>,<nil>,6,<nil>
3076607820,<nil>,<nil>,<nil>,<nil>,<nil>,<nil>,<nil>,<nil>,615,<nil>
2627797992,<nil>,<nil>,<nil>,<nil>,<nil>,<nil>,<nil>,<nil>,525,<nil>
203378508,<nil>,<nil>,<nil>,<nil>,<nil>,<nil>,<nil>,<nil>,40,<nil>
3023702032,<nil>,<nil>,<nil>,<nil>,<nil>,<nil>,<nil>,<nil>,604,<nil>
1902203200,<nil>,<nil>,<nil>,<nil>,<nil>,<nil>,<nil>,<nil>,380,<nil>
3968618317,<nil>,<nil>,<nil>,<nil>,<nil>,<nil>,<nil>,<nil>,793,<nil>
2013351757,<nil>,<nil>,<nil>,<nil>,<nil>,<nil>,<nil>,<nil>,402,<nil>
772558668,<nil>,<nil>,<nil>,<nil>,<nil>,<nil>,<nil>,<nil>,154,<nil>
23351117,<nil>,<nil>,<nil>,<nil>,<nil>,<nil>,<nil>,<nil>,4,<nil>
351555405,<nil>,<nil>,<nil>,<nil>,<nil>,<nil>,<nil>,<nil>,70,<nil>
3191426917,<nil>,<nil>,<nil>,<nil>,<nil>,<nil>,<nil>,<nil>,638,<nil>
2623145636,<nil>,<nil>,<nil>,<nil>,<nil>,<nil>,<nil>,<nil>,524,<nil>
1016942437,<nil>,<nil>,<nil>,<nil>,<nil>,<nil>,<nil>,<nil>,203,<nil>
4019212120,<nil>,<nil>,<nil>,<nil>,<nil>,<nil>,<nil>,<nil>,803,<nil>
2523680589,<nil>,<nil>,<nil>,<nil>,<nil>,<nil>,<nil>,<nil>,504,<nil>
1747930957,<nil>,<nil>,<nil>,<nil>,<nil>,<nil>,<nil>,<nil>,349,<nil>
442453861,<nil>,<nil>,<nil>,<nil>,<nil>,<nil>,<nil>,<nil>,88,<nil>
4062007129,<nil>,<nil>,<nil>,<nil>,<nil>,<nil>,<nil>,<nil>,812,<nil>
1458458456,<nil>,<nil>,<nil>,<nil>,<nil>,<nil>,<nil>,<nil>,291,<nil>
3962785625,<nil>,<nil>,<nil>,<nil>,<nil>,<nil>,<nil>,<nil>,792,<nil>
3613282136,<nil>,<nil>,<nil>,<nil>,<nil>,<nil>,<nil>,<nil>,722,<nil>
1934774104,<nil>,<nil>,<nil>,<nil>,<nil>,<nil>,<nil>,<nil>,386,<nil>
423055192,<nil>,<nil>,<nil>,<nil>,<nil>,<nil>,<nil>,<nil>,84,<nil>
2332381005,<nil>,<nil>,<nil>,<nil>,<nil>,<nil>,<nil>,<nil>,466,<nil>
1384337241,<nil>,<nil>,<nil>,<nil>,<nil>,<nil>,<nil>,<nil>,276,<nil>
4167716697,<nil>,<nil>,<nil>,<nil>,<nil>,<nil>,<nil>,<nil>,833,<nil>
3222490968,<nil>,<nil>,<nil>,<nil>,<nil>,<nil>,<nil>,<nil>,644,<nil>
1011550224,<nil>,<nil>,<nil>,<nil>,<nil>,<nil>,<nil>,<nil>,202,<nil>
4188884813,<nil>,<nil>,<nil>,<nil>,<nil>,<nil>,<nil>,<nil>,837,<nil>
2803453772,<nil>,<nil>,<nil>,<nil>,<nil>,<nil>,<nil>,<nil>,560,<nil>
1461931853,<nil>,<nil>,<nil>,<nil>,<nil>,<nil>,<nil>,<nil>,292,<nil>
3816640345,<nil>,<nil>,<nil>,<nil>,<nil>,<nil>,<nil>,<nil>,763,<nil>
2985840461,<nil>,<nil>,<nil>,<nil>,<nil>,<nil>,<nil>,<nil>,597,<nil>
2139556048,<nil>,<nil>,<nil>,<nil>,<nil>,<nil>,<nil>,<nil>,427,<nil>
1826621102,<nil>,<nil>,<nil>,<nil>,<nil>,<nil>,<nil>,<nil>,365,<nil>
4111290378,<nil>,<nil>,<nil>,<nil>,<nil>,<nil>,<nil>,<nil>,822,<nil>
2826915673,<nil>,<nil>,<nil>,<nil>,<nil>,<nil>,<nil>,<nil>,565,<nil>
31739724,<nil>,<nil>,<nil>,<nil>,<nil>,<nil>,<nil>,<nil>,6,<nil>
3279900493,<nil>,<nil>,<nil>,<nil>,<nil>,<nil>,<nil>,<nil>,655,<nil>
3491778380,<nil>,<nil>,<nil>,<nil>,<nil>,<nil>,<nil>,<nil>,698,<nil>
1781926024,<nil>,<nil>,<nil>,<nil>,<nil>,<nil>,<nil>,<nil>,356,<nil>
4143206260,<nil>,<nil>,<nil>,<nil>,<nil>,<nil>,<nil>,<nil>,828,<nil>
2555334477,<nil>,<nil>,<nil>,<nil>,<nil>,<nil>,<nil>,<nil>,511,<nil>
903303001,<nil>,<nil>,<nil>,<nil>,<nil>,<nil>,<nil>,<nil>,180,<nil>
3813953368,<nil>,<nil>,<nil>,<nil>,<nil>,<nil>,<nil>,<nil>,762,<nil>
407785305,<nil>,<nil>,<nil>,<nil>,<nil>,<nil>,<nil>,<nil>,81,<nil>
71257945,<nil>,<nil>,<nil>,<nil>,<nil>,<nil>,<nil>,<nil>,14,<nil>
173821773,<nil>,<nil>,<nil>,<nil>,<nil>,<nil>,<nil>,<nil>,34,<nil>
1585598297,<nil>,<nil>,<nil>,<nil>,<nil>,<nil>,<nil>,<nil>,317,<nil>
478629708,<nil>,<nil>,<nil>,<nil>,<nil>,<nil>,<nil>,<nil>,95,<nil>
3286257485,<nil>,<nil>,<nil>,<nil>,<nil>,<nil>,<nil>,<nil>,657,<nil>
470568792,<nil>,<nil>,<nil>,<nil>,<nil>,<nil>,<nil>,<nil>,94,<nil>
576081752,<nil>,<nil>,<nil>,<nil>,<nil>,<nil>,<nil>,<nil>,115,<nil>
1840074573,<nil>,<nil>,<nil>,<nil>,<nil>,<nil>,<nil>,<nil>,368,<nil>
4048834393,<nil>,<nil>,<nil>,<nil>,<nil>,<nil>,<nil>,<nil>,809,<nil>
2683785049,<nil>,<nil>,<nil>,<nil>,<nil>,<nil>,<nil>,<nil>,536,<nil>
4204220248,<nil>,<nil>,<nil>,<nil>,<nil>,<nil>,<nil>,<nil>,840,<nil>
2320256869,<nil>,<nil>,<nil>,<nil>,<nil>,<nil>,<nil>,<nil>,464,<nil>
1172131660,<nil>,<nil>,<nil>,<nil>,<nil>,<nil>,<nil>,<nil>,234,<nil>
1011699533,<nil>,<nil>,<nil>,<nil>,<nil>,<nil>,<nil>,<nil>,202,<nil>
95881376,<nil>,<nil>,<nil>,<nil>,<nil>,<nil>,<nil>,<nil>,19,<nil>
2822197080,<nil>,<nil>,<nil>,<nil>,<nil>,<nil>,<nil>,<nil>,564,<nil>
4109324120,<nil>,<nil>,<nil>,<nil>,<nil>,<nil>,<nil>,<nil>,821,<nil>
2010599256,<nil>,<nil>,<nil>,<nil>,<nil>,<nil>,<nil>,<nil>,402,<nil>
1010632704,<nil>,<nil>,<nil>,<nil>,<nil>,<nil>,<nil>,<nil>,202,<nil>
221382308,<nil>,<nil>,<nil>,<nil>,<nil>,<nil>,<nil>,<nil>,44,<nil>
3047051084,<nil>,<nil>,<nil>,<nil>,<nil>,<nil>,<nil>,<nil>,609,<nil>
1463504740,<nil>,<nil>,<nil>,<nil>,<nil>,<nil>,<nil>,<nil>,292,<nil>
2669891416,<nil>,<nil>,<nil>,<nil>,<nil>,<nil>,<nil>,<nil>,533,<nil>
863391576,<nil>,<nil>,<nil>,<nil>,<nil>,<nil>,<nil>,<nil>,172,<nil>
4002303821,<nil>,<nil>,<nil>,<nil>,<nil>,<nil>,<nil>,<nil>,800,<nil>
2063683417,<nil>,<nil>,<nil>,<nil>,<nil>,<nil>,<nil>,<nil>,412,<nil>
1138708313,<nil>,<nil>,<nil>,<nil>,<nil>,<nil>,<nil>,<nil>,227,<nil>
1377390425,<nil>,<nil>,<nil>,<nil>,<nil>,<nil>,<nil>,<nil>,275,<nil>
4287713112,<nil>,<nil>,<nil>,<nil>,<nil>,<nil>,<nil>,<nil>,857,<nil>
3434237796,<nil>,<nil>,<nil>,<nil>,<nil>,<nil>,<nil>,<nil>,686,<nil>
1489522508,<nil>,<nil>,<nil>,<nil>,<nil>,<nil>,<nil>,<nil>,297,<nil>
3559149389,<nil>,<nil>,<nil>,<nil>,<nil>,<nil>,<nil>,<nil>,711,<nil>
3369815885,<nil>,<nil>,<nil>,<nil>,<nil>,<nil>,<nil>,<nil>,673,<nil>
3163705177,<nil>,<nil>,<nil>,<nil>,<nil>,<nil>,<nil>,<nil>,632,<nil>
1545424741,<nil>,<nil>,<nil>,<nil>,<nil>,<nil>,<nil>,<nil>,309,<nil>
4115484504,<nil>,<nil>,<nil>,<nil>,<nil>,<nil>,<nil>,<nil>,823,<nil>
1994608473,<nil>,<nil>,<nil>,<nil>,<nil>,<nil>,<nil>,<nil>,398,<nil>
316952408,<nil>,<nil>,<nil>,<nil>,<nil>,<nil>,<nil>,<nil>,63,<nil>
3802072752,<nil>,<nil>,<nil>,<nil>,<nil>,<nil>,<nil>,<nil>,760,<nil>
58412889,<nil>,<nil>,<nil>,<nil>,<nil>,<nil>,<nil>,<nil>,11,<nil>
2549305177,<nil>,<nil>,<nil>,<nil>,<nil>,<nil>,<nil>,<nil>,509,<nil>
794972030,<nil>,<nil>,<nil>,<nil>,<nil>,<nil>,<nil>,<nil>,158,<nil>
4180561752,<nil>,<nil>,<nil>,<nil>,<nil>,<nil>,<nil>,<nil>,836,<nil>
2294304612,<nil>,<nil>,<nil>,<nil>,<nil>,<nil>,<nil>,<nil>,458,<nil>
1749372760,<nil>,<nil>,<nil>,<nil>,<nil>,<nil>,<nil>,<nil>,349,<nil>
3680391013,<nil>,<nil>,<nil>,<nil>,<nil>,<nil>,<nil>,<nil>,736,<nil>
2388610904,<nil>,<nil>,<nil>,<nil>,<nil>,<nil>,<nil>,<nil>,477,<nil>
892751693,<nil>,<nil>,<nil>,<nil>,<nil>,<nil>,<nil>,<nil>,178,<nil>
2191065104,<nil>,<nil>,<nil>,<nil>,<nil>,<nil>,<nil>,<nil>,438,<nil>
726421336,<nil>,<nil>,<nil>,<nil>,<nil>,<nil>,<nil>,<nil>,145,<nil>
3446474971,<nil>,<nil>,<nil>,<nil>,<nil>,<nil>,<nil>,<nil>,689,<nil>
1563512665,<nil>,<nil>,<nil>,<nil>,<nil>,<nil>,<nil>,<nil>,312,<nil>
4187770701,<nil>,<nil>,<nil>,<nil>,<nil>,<nil>,<nil>,<nil>,837,<nil>
2439270244,<nil>,<nil>,<nil>,<nil>,<nil>,<nil>,<nil>,<nil>,487,<nil>
2290354176,<nil>,<nil>,<nil>,<nil>,<nil>,<nil>,<nil>,<nil>,458,<nil>
3940044633,<nil>,<nil>,<nil>,<nil>,<nil>,<nil>,<nil>,<nil>,788,<nil>
2285522764,<nil>,<nil>,<nil>,<nil>,<nil>,<nil>,<nil>,<nil>,457,<nil>
342576984,<nil>,<nil>,<nil>,<nil>,<nil>,<nil>,<nil>,<nil>,68,<nil>
3283963725,<nil>,<nil>,<nil>,<nil>,<nil>,<nil>,<nil>,<nil>,656,<nil>
1777815385,<nil>,<nil>,<nil>,<nil>,<nil>,<nil>,<nil>,<nil>,355,<nil>
538922840,<nil>,<nil>,<nil>,<nil>,<nil>,<nil>,<nil>,<nil>,107,<nil>
3978887274,<nil>,<nil>,<nil>,<nil>,<nil>,<nil>,<nil>,<nil>,795,<nil>
2309228208,<nil>,<nil>,<nil>,<nil>,<nil>,<nil>,<nil>,<nil>,461,<nil>
1059606361,<nil>,<nil>,<nil>,<nil>,<nil>,<nil>,<nil>,<nil>,211,<nil>
3597881664,<nil>,<nil>,<nil>,<nil>,<nil>,<nil>,<nil>,<nil>,719,<nil>
650399576,<nil>,<nil>,<nil>,<nil>,<nil>,<nil>,<nil>,<nil>,130,<nil>
4135801252,<nil>,<nil>,<nil>,<nil>,<nil>,<nil>,<nil>,<nil>,827,<nil>
3181137740,<nil>,<nil>,<nil>,<nil>,<nil>,<nil>,<nil>,<nil>,636,<nil>
1768620048,<nil>,<nil>,<nil>,<nil>,<nil>,<nil>,<nil>,<nil>,353,<nil>
408750289,<nil>,<nil>,<nil>,<nil>,<nil>,<nil>,<nil>,<nil>,81,<nil>
1586909016,<nil>,<nil>,<nil>,<nil>,<nil>,<nil>,<nil>,<nil>,317,<nil>
4086714189,<nil>,<nil>,<nil>,<nil>,<nil>,<nil>,<nil>,<nil>,817,<nil>
3370405733,<nil>,<nil>,<nil>,<nil>,<nil>,<nil>,<nil>,<nil>,674,<nil>
3403697997,<nil>,<nil>,<nil>,<nil>,<nil>,<nil>,<nil>,<nil>,680,<nil>
3054653272,<nil>,<nil>,<nil>,<nil>,<nil>,<nil>,<nil>,<nil>,610,<nil>
2284736344,<nil>,<nil>,<nil>,<nil>,<nil>,<nil>,<nil>,<nil>,456,<nil>
624840536,<nil>,<nil>,<nil>,<nil>,<nil>,<nil>,<nil>,<nil>,124,<nil>
3719712601,<nil>,<nil>,<nil>,<nil>,<nil>,<nil>,<nil>,<nil>,743,<nil>
697061209,<nil>,<nil>,<nil>,<nil>,<nil>,<nil>,<nil>,<nil>,139,<nil>
3578941260,<nil>,<nil>,<nil>,<nil>,<nil>,<nil>,<nil>,<nil>,715,<nil>
1800556377,<nil>,<nil>,<nil>,<nil>,<nil>,<nil>,<nil>,<nil>,360,<nil>
565923672,<nil>,<nil>,<nil>,<nil>,<nil>,<nil>,<nil>,<nil>,113,<nil>
3735375704,<nil>,<nil>,<nil>,<nil>,<nil>,<nil>,<nil>,<nil>,747,<nil>
1939951437,<nil>,<nil>,<nil>,<nil>,<nil>,<nil>,<nil>,<nil>,387,<nil>
755107840,<nil>,<nil>,<nil>,<nil>,<nil>,<nil>,<nil>,<nil>,151,<nil>
3828090880,<nil>,<nil>,<nil>,<nil>,<nil>,<nil>,<nil>,<nil>,765,<nil>
682577741,<nil>,<nil>,<nil>,<nil>,<nil>,<nil>,<nil>,<nil>,136,<nil>
788858896,<nil>,<nil>,<nil>,<nil>,<nil>,<nil>,<nil>,<nil>,157,<nil>
3189591896,<nil>,<nil>,<nil>,<nil>,<nil>,<nil>,<nil>,<nil>,637,<nil>
1729308519,<nil>,<nil>,<nil>,<nil>,<nil>,<nil>,<nil>,<nil>,345,<nil>
169627480,<nil>,<nil>,<nil>,<nil>,<nil>,<nil>,<nil>,<nil>,33,<nil>
2241023821,<nil>,<nil>,<nil>,<nil>,<nil>,<nil>,<nil>,<nil>,448,<nil>
578768717,<nil>,<nil>,<nil>,<nil>,<nil>,<nil>,<nil>,<nil>,115,<nil>
3809693517,<nil>,<nil>,<nil>,<nil>,<nil>,<nil>,<nil>,<nil>,761,<nil>
355356505,<nil>,<nil>,<nil>,<nil>,<nil>,<nil>,<nil>,<nil>,71,<nil>
2536132429,<nil>,<nil>,<nil>,<nil>,<nil>,<nil>,<nil>,<nil>,507,<nil>
2409254756,<nil>,<nil>,<nil>,<nil>,<nil>,<nil>,<nil>,<nil>,481,<nil>
2784495835,<nil>,<nil>,<nil>,<nil>,<nil>,<nil>,<nil>,<nil>,556,<nil>
510152548,<nil>,<nil>,<nil>,<nil>,<nil>,<nil>,<nil>,<nil>,102,<nil>
3082506084,<nil>,<nil>,<nil>,<nil>,<nil>,<nil>,<nil>,<nil>,616,<nil>
1704218456,<nil>,<nil>,<nil>,<nil>,<nil>,<nil>,<nil>,<nil>,340,<nil>
625037132,<nil>,<nil>,<nil>,<nil>,<nil>,<nil>,<nil>,<nil>,125,<nil>
3050393432,<nil>,<nil>,<nil>,<nil>,<nil>,<nil>,<nil>,<nil>,610,<nil>
1992511309,<nil>,<nil>,<nil>,<nil>,<nil>,<nil>,<nil>,<nil>,398,<nil>
2392018765,<nil>,<nil>,<nil>,<nil>,<nil>,<nil>,<nil>,<nil>,478,<nil>
2263744618,<nil>,<nil>,<nil>,<nil>,<nil>,<nil>,<nil>,<nil>,452,<nil>
434112608,<nil>,<nil>,<nil>,<nil>,<nil>,<nil>,<nil>,<nil>,86,<nil>
3318763341,<nil>,<nil>,<nil>,<nil>,<nil>,<nil>,<nil>,<nil>,663,<nil>
3389738829,<nil>,<nil>,<nil>,<nil>,<nil>,<nil>,<nil>,<nil>,677,<nil>
3189657432,<nil>,<nil>,<nil>,<nil>,<nil>,<nil>,<nil>,<nil>,637,<nil>
1096220778,<nil>,<nil>,<nil>,<nil>,<nil>,<nil>,<nil>,<nil>,219,<nil>
3744204464,<nil>,<nil>,<nil>,<nil>,<nil>,<nil>,<nil>,<nil>,748,<nil>
2317963085,<nil>,<nil>,<nil>,<nil>,<nil>,<nil>,<nil>,<nil>,463,<nil>
2334412644,<nil>,<nil>,<nil>,<nil>,<nil>,<nil>,<nil>,<nil>,466,<nil>
2715111244,<nil>,<nil>,<nil>,<nil>,<nil>,<nil>,<nil>,<nil>,543,<nil>
614158156,<nil>,<nil>,<nil>,<nil>,<nil>,<nil>,<nil>,<nil>,122,<nil>
144985944,<nil>,<nil>,<nil>,<nil>,<nil>,<nil>,<nil>,<nil>,28,<nil>
3020574552,<nil>,<nil>,<nil>,<nil>,<nil>,<nil>,<nil>,<nil>,604,<nil>
1494503244,<nil>,<nil>,<nil>,<nil>,<nil>,<nil>,<nil>,<nil>,298,<nil>
277499724,<nil>,<nil>,<nil>,<nil>,<nil>,<nil>,<nil>,<nil>,55,<nil>
2697351013,<nil>,<nil>,<nil>,<nil>,<nil>,<nil>,<nil>,<nil>,539,<nil>
3438759756,<nil>,<nil>,<nil>,<nil>,<nil>,<nil>,<nil>,<nil>,687,<nil>
184700772,<nil>,<nil>,<nil>,<nil>,<nil>,<nil>,<nil>,<nil>,36,<nil>
3999747941,<nil>,<nil>,<nil>,<nil>,<nil>,<nil>,<nil>,<nil>,799,<nil>
2457554764,<nil>,<nil>,<nil>,<nil>,<nil>,<nil>,<nil>,<nil>,491,<nil>
732909412,<nil>,<nil>,<nil>,<nil>,<nil>,<nil>,<nil>,<nil>,146,<nil>
4024454988,<nil>,<nil>,<nil>,<nil>,<nil>,<nil>,<nil>,<nil>,804,<nil>
998657881,<nil>,<nil>,<nil>,<nil>,<nil>,<nil>,<nil>,<nil>,199,<nil>
3462877016,<nil>,<nil>,<nil>,<nil>,<nil>,<nil>,<nil>,<nil>,692,<nil>
1988503399,<nil>,<nil>,<nil>,<nil>,<nil>,<nil>,<nil>,<nil>,397,<nil>
45698892,<nil>,<nil>,<nil>,<nil>,<nil>,<nil>,<nil>,<nil>,9,<nil>
2259308365,<nil>,<nil>,<nil>,<nil>,<nil>,<nil>,<nil>,<nil>,451,<nil>
1444433740,<nil>,<nil>,<nil>,<nil>,<nil>,<nil>,<nil>,<nil>,288,<nil>
3382529881,<nil>,<nil>,<nil>,<nil>,<nil>,<nil>,<nil>,<nil>,676,<nil>
3156608688,<nil>,<nil>,<nil>,<nil>,<nil>,<nil>,<nil>,<nil>,631,<nil>
2198097753,<nil>,<nil>,<nil>,<nil>,<nil>,<nil>,<nil>,<nil>,439,<nil>
524701517,<nil>,<nil>,<nil>,<nil>,<nil>,<nil>,<nil>,<nil>,104,<nil>
645335056,<nil>,<nil>,<nil>,<nil>,<nil>,<nil>,<nil>,<nil>,129,<nil>
739200857,<nil>,<nil>,<nil>,<nil>,<nil>,<nil>,<nil>,<nil>,147,<nil>
4114360165,<nil>,<nil>,<nil>,<nil>,<nil>,<nil>,<nil>,<nil>,822,<nil>
1851412301,<nil>,<nil>,<nil>,<nil>,<nil>,<nil>,<nil>,<nil>,370,<nil>
1937526604,<nil>,<nil>,<nil>,<nil>,<nil>,<nil>,<nil>,<nil>,387,<nil>
3032698712,<nil>,<nil>,<nil>,<nil>,<nil>,<nil>,<nil>,<nil>,606,<nil>
1659129676,<nil>,<nil>,<nil>,<nil>,<nil>,<nil>,<nil>,<nil>,331,<nil>
3176419173,<nil>,<nil>,<nil>,<nil>,<nil>,<nil>,<nil>,<nil>,635,<nil>
661737292,<nil>,<nil>,<nil>,<nil>,<nil>,<nil>,<nil>,<nil>,132,<nil>
670485982,<nil>,<nil>,<nil>,<nil>,<nil>,<nil>,<nil>,<nil>,134,<nil>
2778222412,<nil>,<nil>,<nil>,<nil>,<nil>,<nil>,<nil>,<nil>,555,<nil>
1425035096,<nil>,<nil>,<nil>,<nil>,<nil>,<nil>,<nil>,<nil>,285,<nil>
1593462617,<nil>,<nil>,<nil>,<nil>,<nil>,<nil>,<nil>,<nil>,318,<nil>
1527598936,<nil>,<nil>,<nil>,<nil>,<nil>,<nil>,<nil>,<nil>,305,<nil>
2786395822,<nil>,<nil>,<nil>,<nil>,<nil>,<nil>,<nil>,<nil>,557,<nil>
554061656,<nil>,<nil>,<nil>,<nil>,<nil>,<nil>,<nil>,<nil>,110,<nil>
3992866661,<nil>,<nil>,<nil>,<nil>,<nil>,<nil>,<nil>,<nil>,798,<nil>
2677559129,<nil>,<nil>,<nil>,<nil>,<nil>,<nil>,<nil>,<nil>,535,<nil>
859066189,<nil>,<nil>,<nil>,<nil>,<nil>,<nil>,<nil>,<nil>,171,<nil>
3935588173,<nil>,<nil>,<nil>,<nil>,<nil>,<nil>,<nil>,<nil>,787,<nil>
1118457700,<nil>,<nil>,<nil>,<nil>,<nil>,<nil>,<nil>,<nil>,223,<nil>
3559083865,<nil>,<nil>,<nil>,<nil>,<nil>,<nil>,<nil>,<nil>,711,<nil>
2490126169,<nil>,<nil>,<nil>,<nil>,<nil>,<nil>,<nil>,<nil>,498,<nil>
1022381924,<nil>,<nil>,<nil>,<nil>,<nil>,<nil>,<nil>,<nil>,204,<nil>
258494284,<nil>,<nil>,<nil>,<nil>,<nil>,<nil>,<nil>,<nil>,51,<nil>
2905427800,<nil>,<nil>,<nil>,<nil>,<nil>,<nil>,<nil>,<nil>,581,<nil>
1339445093,<nil>,<nil>,<nil>,<nil>,<nil>,<nil>,<nil>,<nil>,267,<nil>
2087800653,<nil>,<nil>,<nil>,<nil>,<nil>,<nil>,<nil>,<nil>,417,<nil>
562777944,<nil>,<nil>,<nil>,<nil>,<nil>,<nil>,<nil>,<nil>,112,<nil>
3923529548,<nil>,<nil>,<nil>,<nil>,<nil>,<nil>,<nil>,<nil>,784,<nil>
2355318604,<nil>,<nil>,<nil>,<nil>,<nil>,<nil>,<nil>,<nil>,471,<nil>
777277285,<nil>,<nil>,<nil>,<nil>,<nil>,<nil>,<nil>,<nil>,155,<nil>
3332329292,<nil>,<nil>,<nil>,<nil>,<nil>,<nil>,<nil>,<nil>,666,<nil>
2679769129,<nil>,<nil>,<nil>,<nil>,<nil>,<nil>,<nil>,<nil>,535,<nil>
4262743896,<nil>,<nil>,<nil>,<nil>,<nil>,<nil>,<nil>,<nil>,852,<nil>
4063907660,<nil>,<nil>,<nil>,<nil>,<nil>,<nil>,<nil>,<nil>,812,<nil>
4102967117,<nil>,<nil>,<nil>,<nil>,<nil>,<nil>,<nil>,<nil>,820,<nil>
2351648612,<nil>,<nil>,<nil>,<nil>,<nil>,<nil>,<nil>,<nil>,470,<nil>
1500598092,<nil>,<nil>,<nil>,<nil>,<nil>,<nil>,<nil>,<nil>,300,<nil>
918310757,<nil>,<nil>,<nil>,<nil>,<nil>,<nil>,<nil>,<nil>,183,<nil>
3266793342,<nil>,<nil>,<nil>,<nil>,<nil>,<nil>,<nil>,<nil>,653,<nil>
2401521484,<nil>,<nil>,<nil>,<nil>,<nil>,<nil>,<nil>,<nil>,480,<nil>
1750204497,<nil>,<nil>,<nil>,<nil>,<nil>,<nil>,<nil>,<nil>,350,<nil>
4221915456,<nil>,<nil>,<nil>,<nil>,<nil>,<nil>,<nil>,<nil>,844,<nil>
2581417817,<nil>,<nil>,<nil>,<nil>,<nil>,<nil>,<nil>,<nil>,516,<nil>
2176601933,<nil>,<nil>,<nil>,<nil>,<nil>,<nil>,<nil>,<nil>,435,<nil>
230641485,<nil>,<nil>,<nil>,<nil>,<nil>,<nil>,<nil>,<nil>,46,<nil>
2635222910,<nil>,<nil>,<nil>,<nil>,<nil>,<nil>,<nil>,<nil>,527,<nil>
2079608653,<nil>,<nil>,<nil>,<nil>,<nil>,<nil>,<nil>,<nil>,415,<nil>
1066946405,<nil>,<nil>,<nil>,<nil>,<nil>,<nil>,<nil>,<nil>,213,<nil>
3200864077,<nil>,<nil>,<nil>,<nil>,<nil>,<nil>,<nil>,<nil>,640,<nil>
2120372056,<nil>,<nil>,<nil>,<nil>,<nil>,<nil>,<nil>,<nil>,424,<nil>
29970253,<nil>,<nil>,<nil>,<nil>,<nil>,<nil>,<nil>,<nil>,5,<nil>
4255239647,<nil>,<nil>,<nil>,<nil>,<nil>,<nil>,<nil>,<nil>,851,<nil>
1717784397,<nil>,<nil>,<nil>,<nil>,<nil>,<nil>,<nil>,<nil>,343,<nil>
4218179417,<nil>,<nil>,<nil>,<nil>,<nil>,<nil>,<nil>,<nil>,843,<nil>
3003600729,<nil>,<nil>,<nil>,<nil>,<nil>,<nil>,<nil>,<nil>,600,<nil>
902254425,<nil>,<nil>,<nil>,<nil>,<nil>,<nil>,<nil>,<nil>,180,<nil>
4152840024,<nil>,<nil>,<nil>,<nil>,<nil>,<nil>,<nil>,<nil>,830,<nil>
3233042264,<nil>,<nil>,<nil>,<nil>,<nil>,<nil>,<nil>,<nil>,646,<nil>
859918169,<nil>,<nil>,<nil>,<nil>,<nil>,<nil>,<nil>,<nil>,171,<nil>
3146075981,<nil>,<nil>,<nil>,<nil>,<nil>,<nil>,<nil>,<nil>,629,<nil>
1797672793,<nil>,<nil>,<nil>,<nil>,<nil>,<nil>,<nil>,<nil>,359,<nil>
2416070488,<nil>,<nil>,<nil>,<nil>,<nil>,<nil>,<nil>,<nil>,483,<nil>
839256200,<nil>,<nil>,<nil>,<nil>,<nil>,<nil>,<nil>,<nil>,167,<nil>
3770044286,<nil>,<nil>,<nil>,<nil>,<nil>,<nil>,<nil>,<nil>,754,<nil>
1602291921,<nil>,<nil>,<nil>,<nil>,<nil>,<nil>,<nil>,<nil>,320,<nil>
1618038616,<nil>,<nil>,<nil>,<nil>,<nil>,<nil>,<nil>,<nil>,323,<nil>
2542751576,<nil>,<nil>,<nil>,<nil>,<nil>,<nil>,<nil>,<nil>,508,<nil>
168972121,<nil>,<nil>,<nil>,<nil>,<nil>,<nil>,<nil>,<nil>,33,<nil>
4251012952,<nil>,<nil>,<nil>,<nil>,<nil>,<nil>,<nil>,<nil>,850,<nil>
1500532568,<nil>,<nil>,<nil>,<nil>,<nil>,<nil>,<nil>,<nil>,300,<nil>
3721285465,<nil>,<nil>,<nil>,<nil>,<nil>,<nil>,<nil>,<nil>,744,<nil>
2494517069,<nil>,<nil>,<nil>,<nil>,<nil>,<nil>,<nil>,<nil>,498,<nil>
1355108184,<nil>,<nil>,<nil>,<nil>,<nil>,<nil>,<nil>,<nil>,271,<nil>
4144385869,<nil>,<nil>,<nil>,<nil>,<nil>,<nil>,<nil>,<nil>,828,<nil>
2466467660,<nil>,<nil>,<nil>,<nil>,<nil>,<nil>,<nil>,<nil>,493,<nil>
1637418672,<nil>,<nil>,<nil>,<nil>,<nil>,<nil>,<nil>,<nil>,327,<nil>
2440318846,<nil>,<nil>,<nil>,<nil>,<nil>,<nil>,<nil>,<nil>,488,<nil>
695160652,<nil>,<nil>,<nil>,<nil>,<nil>,<nil>,<nil>,<nil>,139,<nil>
2362265420,<nil>,<nil>,<nil>,<nil>,<nil>,<nil>,<nil>,<nil>,472,<nil>
128274264,<nil>,<nil>,<nil>,<nil>,<nil>,<nil>,<nil>,<nil>,25,<nil>
3784396620,<nil>,<nil>,<nil>,<nil>,<nil>,<nil>,<nil>,<nil>,756,<nil>
3906817868,<nil>,<nil>,<nil>,<nil>,<nil>,<nil>,<nil>,<nil>,781,<nil>
1401376601,<nil>,<nil>,<nil>,<nil>,<nil>,<nil>,<nil>,<nil>,280,<nil>
331435865,<nil>,<nil>,<nil>,<nil>,<nil>,<nil>,<nil>,<nil>,66,<nil>
3668004684,<nil>,<nil>,<nil>,<nil>,<nil>,<nil>,<nil>,<nil>,733,<nil>
2400258048,<nil>,<nil>,<nil>,<nil>,<nil>,<nil>,<nil>,<nil>,480,<nil>
2323599204,<nil>,<nil>,<nil>,<nil>,<nil>,<nil>,<nil>,<nil>,464,<nil>
416155689,<nil>,<nil>,<nil>,<nil>,<nil>,<nil>,<nil>,<nil>,83,<nil>
3679407960,<nil>,<nil>,<nil>,<nil>,<nil>,<nil>,<nil>,<nil>,735,<nil>
1883721549,<nil>,<nil>,<nil>,<nil>,<nil>,<nil>,<nil>,<nil>,376,<nil>
3354218340,<nil>,<nil>,<nil>,<nil>,<nil>,<nil>,<nil>,<nil>,670,<nil>
2615955876,<nil>,<nil>,<nil>,<nil>,<nil>,<nil>,<nil>,<nil>,523,<nil>
425676621,<nil>,<nil>,<nil>,<nil>,<nil>,<nil>,<nil>,<nil>,85,<nil>
89083748,<nil>,<nil>,<nil>,<nil>,<nil>,<nil>,<nil>,<nil>,17,<nil>
873156428,<nil>,<nil>,<nil>,<nil>,<nil>,<nil>,<nil>,<nil>,174,<nil>
45043532,<nil>,<nil>,<nil>,<nil>,<nil>,<nil>,<nil>,<nil>,9,<nil>
2397065048,<nil>,<nil>,<nil>,<nil>,<nil>,<nil>,<nil>,<nil>,479,<nil>
1622495064,<nil>,<nil>,<nil>,<nil>,<nil>,<nil>,<nil>,<nil>,324,<nil>
3578089292,<nil>,<nil>,<nil>,<nil>,<nil>,<nil>,<nil>,<nil>,715,<nil>
1351765837,<nil>,<nil>,<nil>,<nil>,<nil>,<nil>,<nil>,<nil>,270,<nil>
4114698060,<nil>,<nil>,<nil>,<nil>,<nil>,<nil>,<nil>,<nil>,822,<nil>
3088338764,<nil>,<nil>,<nil>,<nil>,<nil>,<nil>,<nil>,<nil>,617,<nil>
851332952,<nil>,<nil>,<nil>,<nil>,<nil>,<nil>,<nil>,<nil>,170,<nil>
3949350745,<nil>,<nil>,<nil>,<nil>,<nil>,<nil>,<nil>,<nil>,789,<nil>
2335133540,<nil>,<nil>,<nil>,<nil>,<nil>,<nil>,<nil>,<nil>,467,<nil>
708333389,<nil>,<nil>,<nil>,<nil>,<nil>,<nil>,<nil>,<nil>,141,<nil>
3053997901,<nil>,<nil>,<nil>,<nil>,<nil>,<nil>,<nil>,<nil>,610,<nil>
1974292312,<nil>,<nil>,<nil>,<nil>,<nil>,<nil>,<nil>,<nil>,394,<nil>
1571049305,<nil>,<nil>,<nil>,<nil>,<nil>,<nil>,<nil>,<nil>,314,<nil>
181948248,<nil>,<nil>,<nil>,<nil>,<nil>,<nil>,<nil>,<nil>,36,<nil>
3108065112,<nil>,<nil>,<nil>,<nil>,<nil>,<nil>,<nil>,<nil>,621,<nil>
2030325580,<nil>,<nil>,<nil>,<nil>,<nil>,<nil>,<nil>,<nil>,406,<nil>
1492209484,<nil>,<nil>,<nil>,<nil>,<nil>,<nil>,<nil>,<nil>,298,<nil>
3869921113,<nil>,<nil>,<nil>,<nil>,<nil>,<nil>,<nil>,<nil>,773,<nil>
3302885595,<nil>,<nil>,<nil>,<nil>,<nil>,<nil>,<nil>,<nil>,660,<nil>
3157020493,<nil>,<nil>,<nil>,<nil>,<nil>,<nil>,<nil>,<nil>,631,<nil>
2505723724,<nil>,<nil>,<nil>,<nil>,<nil>,<nil>,<nil>,<nil>,501,<nil>
4230893400,<nil>,<nil>,<nil>,<nil>,<nil>,<nil>,<nil>,<nil>,846,<nil>
2275954520,<nil>,<nil>,<nil>,<nil>,<nil>,<nil>,<nil>,<nil>,455,<nil>
1354583896,<nil>,<nil>,<nil>,<nil>,<nil>,<nil>,<nil>,<nil>,270,<nil>
3859369817,<nil>,<nil>,<nil>,<nil>,<nil>,<nil>,<nil>,<nil>,771,<nil>
1273909092,<nil>,<nil>,<nil>,<nil>,<nil>,<nil>,<nil>,<nil>,254,<nil>
3172355928,<nil>,<nil>,<nil>,<nil>,<nil>,<nil>,<nil>,<nil>,634,<nil>
1218334552,<nil>,<nil>,<nil>,<nil>,<nil>,<nil>,<nil>,<nil>,243,<nil>
3573960537,<nil>,<nil>,<nil>,<nil>,<nil>,<nil>,<nil>,<nil>,714,<nil>
2834696208,<nil>,<nil>,<nil>,<nil>,<nil>,<nil>,<nil>,<nil>,566,<nil>
3700051800,<nil>,<nil>,<nil>,<nil>,<nil>,<nil>,<nil>,<nil>,740,<nil>
1752846157,<nil>,<nil>,<nil>,<nil>,<nil>,<nil>,<nil>,<nil>,350,<nil>
824004440,<nil>,<nil>,<nil>,<nil>,<nil>,<nil>,<nil>,<nil>,164,<nil>
2919649112,<nil>,<nil>,<nil>,<nil>,<nil>,<nil>,<nil>,<nil>,583,<nil>
1435717465,<nil>,<nil>,<nil>,<nil>,<nil>,<nil>,<nil>,<nil>,287,<nil>
4058271565,<nil>,<nil>,<nil>,<nil>,<nil>,<nil>,<nil>,<nil>,811,<nil>
2762231628,<nil>,<nil>,<nil>,<nil>,<nil>,<nil>,<nil>,<nil>,552,<nil>
985812825,<nil>,<nil>,<nil>,<nil>,<nil>,<nil>,<nil>,<nil>,197,<nil>
135941988,<nil>,<nil>,<nil>,<nil>,<nil>,<nil>,<nil>,<nil>,27,<nil>
1976782692,<nil>,<nil>,<nil>,<nil>,<nil>,<nil>,<nil>,<nil>,395,<nil>
673468236,<nil>,<nil>,<nil>,<nil>,<nil>,<nil>,<nil>,<nil>,134,<nil>
3335737165,<nil>,<nil>,<nil>,<nil>,<nil>,<nil>,<nil>,<nil>,667,<nil>
722554712,<nil>,<nil>,<nil>,<nil>,<nil>,<nil>,<nil>,<nil>,144,<nil>
210456409,<nil>,<nil>,<nil>,<nil>,<nil>,<nil>,<nil>,<nil>,42,<nil>
2822328152,<nil>,<nil>,<nil>,<nil>,<nil>,<nil>,<nil>,<nil>,564,<nil>
1776570201,<nil>,<nil>,<nil>,<nil>,<nil>,<nil>,<nil>,<nil>,355,<nil>
2027900761,<nil>,<nil>,<nil>,<nil>,<nil>,<nil>,<nil>,<nil>,405,<nil>
3581759308,<nil>,<nil>,<nil>,<nil>,<nil>,<nil>,<nil>,<nil>,716,<nil>
2831765325,<nil>,<nil>,<nil>,<nil>,<nil>,<nil>,<nil>,<nil>,566,<nil>
3731818704,<nil>,<nil>,<nil>,<nil>,<nil>,<nil>,<nil>,<nil>,746,<nil>
2590461773,<nil>,<nil>,<nil>,<nil>,<nil>,<nil>,<nil>,<nil>,518,<nil>
1918848857,<nil>,<nil>,<nil>,<nil>,<nil>,<nil>,<nil>,<nil>,383,<nil>
836587341,<nil>,<nil>,<nil>,<nil>,<nil>,<nil>,<nil>,<nil>,167,<nil>
3526250340,<nil>,<nil>,<nil>,<nil>,<nil>,<nil>,<nil>,<nil>,705,<nil>
467816269,<nil>,<nil>,<nil>,<nil>,<nil>,<nil>,<nil>,<nil>,93,<nil>
4294725465,<nil>,<nil>,<nil>,<nil>,<nil>,<nil>,<nil>,<nil>,858,<nil>
3632680781,<nil>,<nil>,<nil>,<nil>,<nil>,<nil>,<nil>,<nil>,726,<nil>
2257866584,<nil>,<nil>,<nil>,<nil>,<nil>,<nil>,<nil>,<nil>,451,<nil>
1066094425,<nil>,<nil>,<nil>,<nil>,<nil>,<nil>,<nil>,<nil>,213,<nil>
869486413,<nil>,<nil>,<nil>,<nil>,<nil>,<nil>,<nil>,<nil>,173,<nil>
3861401445,<nil>,<nil>,<nil>,<nil>,<nil>,<nil>,<nil>,<nil>,772,<nil>
3332656985,<nil>,<nil>,<nil>,<nil>,<nil>,<nil>,<nil>,<nil>,666,<nil>
4073148276,<nil>,<nil>,<nil>,<nil>,<nil>,<nil>,<nil>,<nil>,814,<nil>
3639562072,<nil>,<nil>,<nil>,<nil>,<nil>,<nil>,<nil>,<nil>,727,<nil>
2905558860,<nil>,<nil>,<nil>,<nil>,<nil>,<nil>,<nil>,<nil>,581,<nil>
1401048920,<nil>,<nil>,<nil>,<nil>,<nil>,<nil>,<nil>,<nil>,280,<nil>
765939532,<nil>,<nil>,<nil>,<nil>,<nil>,<nil>,<nil>,<nil>,153,<nil>
2483638093,<nil>,<nil>,<nil>,<nil>,<nil>,<nil>,<nil>,<nil>,496,<nil>
740511577,<nil>,<nil>,<nil>,<nil>,<nil>,<nil>,<nil>,<nil>,148,<nil>
3496562532,<nil>,<nil>,<nil>,<nil>,<nil>,<nil>,<nil>,<nil>,699,<nil>
1345671001,<nil>,<nil>,<nil>,<nil>,<nil>,<nil>,<nil>,<nil>,269,<nil>
1342459724,<nil>,<nil>,<nil>,<nil>,<nil>,<nil>,<nil>,<nil>,268,<nil>
3721088857,<nil>,<nil>,<nil>,<nil>,<nil>,<nil>,<nil>,<nil>,744,<nil>
2800308057,<nil>,<nil>,<nil>,<nil>,<nil>,<nil>,<nil>,<nil>,560,<nil>
4290989913,<nil>,<nil>,<nil>,<nil>,<nil>,<nil>,<nil>,<nil>,858,<nil>
3537063757,<nil>,<nil>,<nil>,<nil>,<nil>,<nil>,<nil>,<nil>,707,<nil>
1448955737,<nil>,<nil>,<nil>,<nil>,<nil>,<nil>,<nil>,<nil>,289,<nil>
3317649241,<nil>,<nil>,<nil>,<nil>,<nil>,<nil>,<nil>,<nil>,663,<nil>
3133558604,<nil>,<nil>,<nil>,<nil>,<nil>,<nil>,<nil>,<nil>,626,<nil>
1842696037,<nil>,<nil>,<nil>,<nil>,<nil>,<nil>,<nil>,<nil>,368,<nil>
249188172,<nil>,<nil>,<nil>,<nil>,<nil>,<nil>,<nil>,<nil>,49,<nil>
2902871885,<nil>,<nil>,<nil>,<nil>,<nil>,<nil>,<nil>,<nil>,580,<nil>
1685737293,<nil>,<nil>,<nil>,<nil>,<nil>,<nil>,<nil>,<nil>,337,<nil>
1636781912,<nil>,<nil>,<nil>,<nil>,<nil>,<nil>,<nil>,<nil>,327,<nil>
276563984,<nil>,<nil>,<nil>,<nil>,<nil>,<nil>,<nil>,<nil>,55,<nil>
3373027161,<nil>,<nil>,<nil>,<nil>,<nil>,<nil>,<nil>,<nil>,674,<nil>
314330956,<nil>,<nil>,<nil>,<nil>,<nil>,<nil>,<nil>,<nil>,62,<nil>
1325682521,<nil>,<nil>,<nil>,<nil>,<nil>,<nil>,<nil>,<nil>,265,<nil>
124473164,<nil>,<nil>,<nil>,<nil>,<nil>,<nil>,<nil>,<nil>,24,<nil>
2694139748,<nil>,<nil>,<nil>,<nil>,<nil>,<nil>,<nil>,<nil>,538,<nil>
2620000272,<nil>,<nil>,<nil>,<nil>,<nil>,<nil>,<nil>,<nil>,524,<nil>
1433685836,<nil>,<nil>,<nil>,<nil>,<nil>,<nil>,<nil>,<nil>,286,<nil>
3784789848,<nil>,<nil>,<nil>,<nil>,<nil>,<nil>,<nil>,<nil>,756,<nil>
3006484312,<nil>,<nil>,<nil>,<nil>,<nil>,<nil>,<nil>,<nil>,601,<nil>
2223525708,<nil>,<nil>,<nil>,<nil>,<nil>,<nil>,<nil>,<nil>,444,<nil>
416436044,<nil>,<nil>,<nil>,<nil>,<nil>,<nil>,<nil>,<nil>,83,<nil>
4232007500,<nil>,<nil>,<nil>,<nil>,<nil>,<nil>,<nil>,<nil>,846,<nil>
2348896076,<nil>,<nil>,<nil>,<nil>,<nil>,<nil>,<nil>,<nil>,469,<nil>
574181209,<nil>,<nil>,<nil>,<nil>,<nil>,<nil>,<nil>,<nil>,114,<nil>
3780071256,<nil>,<nil>,<nil>,<nil>,<nil>,<nil>,<nil>,<nil>,756,<nil>
166743896,<nil>,<nil>,<nil>,<nil>,<nil>,<nil>,<nil>,<nil>,33,<nil>
2808368973,<nil>,<nil>,<nil>,<nil>,<nil>,<nil>,<nil>,<nil>,561,<nil>
633098084,<nil>,<nil>,<nil>,<nil>,<nil>,<nil>,<nil>,<nil>,126,<nil>
3629403980,<nil>,<nil>,<nil>,<nil>,<nil>,<nil>,<nil>,<nil>,725,<nil>
2656766088,<nil>,<nil>,<nil>,<nil>,<nil>,<nil>,<nil>,<nil>,531,<nil>
3770419240,<nil>,<nil>,<nil>,<nil>,<nil>,<nil>,<nil>,<nil>,754,<nil>
2620149581,<nil>,<nil>,<nil>,<nil>,<nil>,<nil>,<nil>,<nil>,524,<nil>
3326103385,<nil>,<nil>,<nil>,<nil>,<nil>,<nil>,<nil>,<nil>,665,<nil>
1502170968,<nil>,<nil>,<nil>,<nil>,<nil>,<nil>,<nil>,<nil>,300,<nil>
568217420,<nil>,<nil>,<nil>,<nil>,<nil>,<nil>,<nil>,<nil>,113,<nil>
3347205964,<nil>,<nil>,<nil>,<nil>,<nil>,<nil>,<nil>,<nil>,669,<nil>
3871344656,<nil>,<nil>,<nil>,<nil>,<nil>,<nil>,<nil>,<nil>,774,<nil>
1534461992,<nil>,<nil>,<nil>,<nil>,<nil>,<nil>,<nil>,<nil>,306,<nil>
415453004,<nil>,<nil>,<nil>,<nil>,<nil>,<nil>,<nil>,<nil>,83,<nil>
3050983244,<nil>,<nil>,<nil>,<nil>,<nil>,<nil>,<nil>,<nil>,610,<nil>
1999851341,<nil>,<nil>,<nil>,<nil>,<nil>,<nil>,<nil>,<nil>,399,<nil>
197873485,<nil>,<nil>,<nil>,<nil>,<nil>,<nil>,<nil>,<nil>,39,<nil>
572411736,<nil>,<nil>,<nil>,<nil>,<nil>,<nil>,<nil>,<nil>,114,<nil>
3134541657,<nil>,<nil>,<nil>,<nil>,<nil>,<nil>,<nil>,<nil>,626,<nil>
2248542224,<nil>,<nil>,<nil>,<nil>,<nil>,<nil>,<nil>,<nil>,449,<nil>
242503501,<nil>,<nil>,<nil>,<nil>,<nil>,<nil>,<nil>,<nil>,48,<nil>
3324858189,<nil>,<nil>,<nil>,<nil>,<nil>,<nil>,<nil>,<nil>,664,<nil>
84692825,<nil>,<nil>,<nil>,<nil>,<nil>,<nil>,<nil>,<nil>,16,<nil>
2571980633,<nil>,<nil>,<nil>,<nil>,<nil>,<nil>,<nil>,<nil>,514,<nil>
1188056920,<nil>,<nil>,<nil>,<nil>,<nil>,<nil>,<nil>,<nil>,237,<nil>
3777449805,<nil>,<nil>,<nil>,<nil>,<nil>,<nil>,<nil>,<nil>,755,<nil>
2024211432,<nil>,<nil>,<nil>,<nil>,<nil>,<nil>,<nil>,<nil>,404,<nil>
4233169115,<nil>,<nil>,<nil>,<nil>,<nil>,<nil>,<nil>,<nil>,846,<nil>
3028897625,<nil>,<nil>,<nil>,<nil>,<nil>,<nil>,<nil>,<nil>,605,<nil>
592727897,<nil>,<nil>,<nil>,<nil>,<nil>,<nil>,<nil>,<nil>,118,<nil>
3061206872,<nil>,<nil>,<nil>,<nil>,<nil>,<nil>,<nil>,<nil>,612,<nil>
2015448921,<nil>,<nil>,<nil>,<nil>,<nil>,<nil>,<nil>,<nil>,403,<nil>
2267041625,<nil>,<nil>,<nil>,<nil>,<nil>,<nil>,<nil>,<nil>,453,<nil>
3508752205,<nil>,<nil>,<nil>,<nil>,<nil>,<nil>,<nil>,<nil>,701,<nil>
2284408664,<nil>,<nil>,<nil>,<nil>,<nil>,<nil>,<nil>,<nil>,456,<nil>
3773386584,<nil>,<nil>,<nil>,<nil>,<nil>,<nil>,<nil>,<nil>,754,<nil>
3144961880,<nil>,<nil>,<nil>,<nil>,<nil>,<nil>,<nil>,<nil>,628,<nil>
2766557004,<nil>,<nil>,<nil>,<nil>,<nil>,<nil>,<nil>,<nil>,553,<nil>
1261915992,<nil>,<nil>,<nil>,<nil>,<nil>,<nil>,<nil>,<nil>,252,<nil>
132384976,<nil>,<nil>,<nil>,<nil>,<nil>,<nil>,<nil>,<nil>,26,<nil>
1255409664,<nil>,<nil>,<nil>,<nil>,<nil>,<nil>,<nil>,<nil>,251,<nil>
3894955864,<nil>,<nil>,<nil>,<nil>,<nil>,<nil>,<nil>,<nil>,778,<nil>
2492991152,<nil>,<nil>,<nil>,<nil>,<nil>,<nil>,<nil>,<nil>,498,<nil>
706741225,<nil>,<nil>,<nil>,<nil>,<nil>,<nil>,<nil>,<nil>,141,<nil>
3287109503,<nil>,<nil>,<nil>,<nil>,<nil>,<nil>,<nil>,<nil>,657,<nil>
4063907673,<nil>,<nil>,<nil>,<nil>,<nil>,<nil>,<nil>,<nil>,812,<nil>
2728798057,<nil>,<nil>,<nil>,<nil>,<nil>,<nil>,<nil>,<nil>,545,<nil>
1650131959,<nil>,<nil>,<nil>,<nil>,<nil>,<nil>,<nil>,<nil>,330,<nil>
3821686617,<nil>,<nil>,<nil>,<nil>,<nil>,<nil>,<nil>,<nil>,764,<nil>
3924447053,<nil>,<nil>,<nil>,<nil>,<nil>,<nil>,<nil>,<nil>,784,<nil>
1834110809,<nil>,<nil>,<nil>,<nil>,<nil>,<nil>,<nil>,<nil>,366,<nil>
1757826892,<nil>,<nil>,<nil>,<nil>,<nil>,<nil>,<nil>,<nil>,351,<nil>
2844806988,<nil>,<nil>,<nil>,<nil>,<nil>,<nil>,<nil>,<nil>,568,<nil>
754732888,<nil>,<nil>,<nil>,<nil>,<nil>,<nil>,<nil>,<nil>,150,<nil>
2935639884,<nil>,<nil>,<nil>,<nil>,<nil>,<nil>,<nil>,<nil>,587,<nil>
2184400717,<nil>,<nil>,<nil>,<nil>,<nil>,<nil>,<nil>,<nil>,436,<nil>
2426556261,<nil>,<nil>,<nil>,<nil>,<nil>,<nil>,<nil>,<nil>,485,<nil>
1046466016,<nil>,<nil>,<nil>,<nil>,<nil>,<nil>,<nil>,<nil>,209,<nil>
3759886156,<nil>,<nil>,<nil>,<nil>,<nil>,<nil>,<nil>,<nil>,751,<nil>
2255114072,<nil>,<nil>,<nil>,<nil>,<nil>,<nil>,<nil>,<nil>,451,<nil>
1704808280,<nil>,<nil>,<nil>,<nil>,<nil>,<nil>,<nil>,<nil>,340,<nil>
65752921,<nil>,<nil>,<nil>,<nil>,<nil>,<nil>,<nil>,<nil>,13,<nil>
1214336868,<nil>,<nil>,<nil>,<nil>,<nil>,<nil>,<nil>,<nil>,242,<nil>
3727839053,<nil>,<nil>,<nil>,<nil>,<nil>,<nil>,<nil>,<nil>,745,<nil>
2500331172,<nil>,<nil>,<nil>,<nil>,<nil>,<nil>,<nil>,<nil>,500,<nil>
1288589144,<nil>,<nil>,<nil>,<nil>,<nil>,<nil>,<nil>,<nil>,257,<nil>
1200639821,<nil>,<nil>,<nil>,<nil>,<nil>,<nil>,<nil>,<nil>,240,<nil>
3104001869,<nil>,<nil>,<nil>,<nil>,<nil>,<nil>,<nil>,<nil>,620,<nil>
2328907597,<nil>,<nil>,<nil>,<nil>,<nil>,<nil>,<nil>,<nil>,465,<nil>
805785432,<nil>,<nil>,<nil>,<nil>,<nil>,<nil>,<nil>,<nil>,161,<nil>
1024413528,<nil>,<nil>,<nil>,<nil>,<nil>,<nil>,<nil>,<nil>,204,<nil>
3814018893,<nil>,<nil>,<nil>,<nil>,<nil>,<nil>,<nil>,<nil>,762,<nil>
2007191373,<nil>,<nil>,<nil>,<nil>,<nil>,<nil>,<nil>,<nil>,401,<nil>
791217838,<nil>,<nil>,<nil>,<nil>,<nil>,<nil>,<nil>,<nil>,158,<nil>
2875412312,<nil>,<nil>,<nil>,<nil>,<nil>,<nil>,<nil>,<nil>,575,<nil>
3266316304,<nil>,<nil>,<nil>,<nil>,<nil>,<nil>,<nil>,<nil>,653,<nil>
613568333,<nil>,<nil>,<nil>,<nil>,<nil>,<nil>,<nil>,<nil>,122,<nil>
2661961549,<nil>,<nil>,<nil>,<nil>,<nil>,<nil>,<nil>,<nil>,532,<nil>
1015828313,<nil>,<nil>,<nil>,<nil>,<nil>,<nil>,<nil>,<nil>,203,<nil>
204558156,<nil>,<nil>,<nil>,<nil>,<nil>,<nil>,<nil>,<nil>,40,<nil>
1260015461,<nil>,<nil>,<nil>,<nil>,<nil>,<nil>,<nil>,<nil>,252,<nil>
2346733400,<nil>,<nil>,<nil>,<nil>,<nil>,<nil>,<nil>,<nil>,469,<nil>
122572633,<nil>,<nil>,<nil>,<nil>,<nil>,<nil>,<nil>,<nil>,24,<nil>
701245289,<nil>,<nil>,<nil>,<nil>,<nil>,<nil>,<nil>,<nil>,140,<nil>
973950797,<nil>,<nil>,<nil>,<nil>,<nil>,<nil>,<nil>,<nil>,194,<nil>
3519237988,<nil>,<nil>,<nil>,<nil>,<nil>,<nil>,<nil>,<nil>,703,<nil>
2370981732,<nil>,<nil>,<nil>,<nil>,<nil>,<nil>,<nil>,<nil>,474,<nil>
2436761616,<nil>,<nil>,<nil>,<nil>,<nil>,<nil>,<nil>,<nil>,487,<nil>
168316761,<nil>,<nil>,<nil>,<nil>,<nil>,<nil>,<nil>,<nil>,33,<nil>
115147753,<nil>,<nil>,<nil>,<nil>,<nil>,<nil>,<nil>,<nil>,23,<nil>
2110345077,<nil>,<nil>,<nil>,<nil>,<nil>,<nil>,<nil>,<nil>,422,<nil>
1537953613,<nil>,<nil>,<nil>,<nil>,<nil>,<nil>,<nil>,<nil>,307,<nil>
1166298957,<nil>,<nil>,<nil>,<nil>,<nil>,<nil>,<nil>,<nil>,233,<nil>
3971884900,<nil>,<nil>,<nil>,<nil>,<nil>,<nil>,<nil>,<nil>,794,<nil>
3456847704,<nil>,<nil>,<nil>,<nil>,<nil>,<nil>,<nil>,<nil>,691,<nil>
2801291084,<nil>,<nil>,<nil>,<nil>,<nil>,<nil>,<nil>,<nil>,560,<nil>
2026590028,<nil>,<nil>,<nil>,<nil>,<nil>,<nil>,<nil>,<nil>,405,<nil>
4108865369,<nil>,<nil>,<nil>,<nil>,<nil>,<nil>,<nil>,<nil>,821,<nil>
776556365,<nil>,<nil>,<nil>,<nil>,<nil>,<nil>,<nil>,<nil>,155,<nil>
769543717,<nil>,<nil>,<nil>,<nil>,<nil>,<nil>,<nil>,<nil>,153,<nil>
2851538608,<nil>,<nil>,<nil>,<nil>,<nil>,<nil>,<nil>,<nil>,570,<nil>
448679768,<nil>,<nil>,<nil>,<nil>,<nil>,<nil>,<nil>,<nil>,89,<nil>
4134162265,<nil>,<nil>,<nil>,<nil>,<nil>,<nil>,<nil>,<nil>,826,<nil>
2333757273,<nil>,<nil>,<nil>,<nil>,<nil>,<nil>,<nil>,<nil>,466,<nil>
2063336424,<nil>,<nil>,<nil>,<nil>,<nil>,<nil>,<nil>,<nil>,412,<nil>
3891398696,<nil>,<nil>,<nil>,<nil>,<nil>,<nil>,<nil>,<nil>,778,<nil>
2741915469,<nil>,<nil>,<nil>,<nil>,<nil>,<nil>,<nil>,<nil>,548,<nil>
10571597,<nil>,<nil>,<nil>,<nil>,<nil>,<nil>,<nil>,<nil>,2,<nil>
3670232920,<nil>,<nil>,<nil>,<nil>,<nil>,<nil>,<nil>,<nil>,734,<nil>
3177533260,<nil>,<nil>,<nil>,<nil>,<nil>,<nil>,<nil>,<nil>,635,<nil>
1526746968,<nil>,<nil>,<nil>,<nil>,<nil>,<nil>,<nil>,<nil>,305,<nil>
1049448280,<nil>,<nil>,<nil>,<nil>,<nil>,<nil>,<nil>,<nil>,209,<nil>
1220366156,<nil>,<nil>,<nil>,<nil>,<nil>,<nil>,<nil>,<nil>,244,<nil>
4170207053,<nil>,<nil>,<nil>,<nil>,<nil>,<nil>,<nil>,<nil>,834,<nil>
2343653196,<nil>,<nil>,<nil>,<nil>,<nil>,<nil>,<nil>,<nil>,468,<nil>
1149652813,<nil>,<nil>,<nil>,<nil>,<nil>,<nil>,<nil>,<nil>,229,<nil>
2058637144,<nil>,<nil>,<nil>,<nil>,<nil>,<nil>,<nil>,<nil>,411,<nil>
1290686285,<nil>,<nil>,<nil>,<nil>,<nil>,<nil>,<nil>,<nil>,258,<nil>
2397307881,<nil>,<nil>,<nil>,<nil>,<nil>,<nil>,<nil>,<nil>,479,<nil>
1220497728,<nil>,<nil>,<nil>,<nil>,<nil>,<nil>,<nil>,<nil>,244,<nil>
1817706607,<nil>,<nil>,<nil>,<nil>,<nil>,<nil>,<nil>,<nil>,363,<nil>
4283388324,<nil>,<nil>,<nil>,<nil>,<nil>,<nil>,<nil>,<nil>,856,<nil>
2254000448,<nil>,<nil>,<nil>,<nil>,<nil>,<nil>,<nil>,<nil>,450,<nil>
1864912728,<nil>,<nil>,<nil>,<nil>,<nil>,<nil>,<nil>,<nil>,372,<nil>
666961582,<nil>,<nil>,<nil>,<nil>,<nil>,<nil>,<nil>,<nil>,133,<nil>
3672526680,<nil>,<nil>,<nil>,<nil>,<nil>,<nil>,<nil>,<nil>,734,<nil>
1767067469,<nil>,<nil>,<nil>,<nil>,<nil>,<nil>,<nil>,<nil>,353,<nil>
81809228,<nil>,<nil>,<nil>,<nil>,<nil>,<nil>,<nil>,<nil>,16,<nil>
4074590041,<nil>,<nil>,<nil>,<nil>,<nil>,<nil>,<nil>,<nil>,814,<nil>
641532905,<nil>,<nil>,<nil>,<nil>,<nil>,<nil>,<nil>,<nil>,128,<nil>
2758936795,<nil>,<nil>,<nil>,<nil>,<nil>,<nil>,<nil>,<nil>,551,<nil>
499535717,<nil>,<nil>,<nil>,<nil>,<nil>,<nil>,<nil>,<nil>,99,<nil>
2822590284,<nil>,<nil>,<nil>,<nil>,<nil>,<nil>,<nil>,<nil>,564,<nil>
585453413,<nil>,<nil>,<nil>,<nil>,<nil>,<nil>,<nil>,<nil>,117,<nil>
3427946316,<nil>,<nil>,<nil>,<nil>,<nil>,<nil>,<nil>,<nil>,685,<nil>
2798735180,<nil>,<nil>,<nil>,<nil>,<nil>,<nil>,<nil>,<nil>,559,<nil>
553013069,<nil>,<nil>,<nil>,<nil>,<nil>,<nil>,<nil>,<nil>,110,<nil>
3056881497,<nil>,<nil>,<nil>,<nil>,<nil>,<nil>,<nil>,<nil>,611,<nil>
1508790092,<nil>,<nil>,<nil>,<nil>,<nil>,<nil>,<nil>,<nil>,301,<nil>
32722777,<nil>,<nil>,<nil>,<nil>,<nil>,<nil>,<nil>,<nil>,6,<nil>
2809810777,<nil>,<nil>,<nil>,<nil>,<nil>,<nil>,<nil>,<nil>,561,<nil>
1157779289,<nil>,<nil>,<nil>,<nil>,<nil>,<nil>,<nil>,<nil>,231,<nil>
3921956685,<nil>,<nil>,<nil>,<nil>,<nil>,<nil>,<nil>,<nil>,784,<nil>
2569077750,<nil>,<nil>,<nil>,<nil>,<nil>,<nil>,<nil>,<nil>,513,<nil>
562628272,<nil>,<nil>,<nil>,<nil>,<nil>,<nil>,<nil>,<nil>,112,<nil>
2482065228,<nil>,<nil>,<nil>,<nil>,<nil>,<nil>,<nil>,<nil>,496,<nil>
1126059864,<nil>,<nil>,<nil>,<nil>,<nil>,<nil>,<nil>,<nil>,225,<nil>
3536277348,<nil>,<nil>,<nil>,<nil>,<nil>,<nil>,<nil>,<nil>,707,<nil>
1947225932,<nil>,<nil>,<nil>,<nil>,<nil>,<nil>,<nil>,<nil>,389,<nil>
305745741,<nil>,<nil>,<nil>,<nil>,<nil>,<nil>,<nil>,<nil>,61,<nil>
2503233357,<nil>,<nil>,<nil>,<nil>,<nil>,<nil>,<nil>,<nil>,500,<nil>
766904528,<nil>,<nil>,<nil>,<nil>,<nil>,<nil>,<nil>,<nil>,153,<nil>
3052228441,<nil>,<nil>,<nil>,<nil>,<nil>,<nil>,<nil>,<nil>,610,<nil>
1366970200,<nil>,<nil>,<nil>,<nil>,<nil>,<nil>,<nil>,<nil>,273,<nil>
3874443097,<nil>,<nil>,<nil>,<nil>,<nil>,<nil>,<nil>,<nil>,774,<nil>
2260488036,<nil>,<nil>,<nil>,<nil>,<nil>,<nil>,<nil>,<nil>,452,<nil>
375934796,<nil>,<nil>,<nil>,<nil>,<nil>,<nil>,<nil>,<nil>,75,<nil>
2718388044,<nil>,<nil>,<nil>,<nil>,<nil>,<nil>,<nil>,<nil>,543,<nil>
1068650328,<nil>,<nil>,<nil>,<nil>,<nil>,<nil>,<nil>,<nil>,213,<nil>
3274723149,<nil>,<nil>,<nil>,<nil>,<nil>,<nil>,<nil>,<nil>,654,<nil>
2033340236,<nil>,<nil>,<nil>,<nil>,<nil>,<nil>,<nil>,<nil>,406,<nil>
851332953,<nil>,<nil>,<nil>,<nil>,<nil>,<nil>,<nil>,<nil>,170,<nil>
3622588237,<nil>,<nil>,<nil>,<nil>,<nil>,<nil>,<nil>,<nil>,724,<nil>
2463584101,<nil>,<nil>,<nil>,<nil>,<nil>,<nil>,<nil>,<nil>,492,<nil>
598953805,<nil>,<nil>,<nil>,<nil>,<nil>,<nil>,<nil>,<nil>,119,<nil>
2951368554,<nil>,<nil>,<nil>,<nil>,<nil>,<nil>,<nil>,<nil>,590,<nil>
2754629453,<nil>,<nil>,<nil>,<nil>,<nil>,<nil>,<nil>,<nil>,550,<nil>
2396475225,<nil>,<nil>,<nil>,<nil>,<nil>,<nil>,<nil>,<nil>,479,<nil>
565792600,<nil>,<nil>,<nil>,<nil>,<nil>,<nil>,<nil>,<nil>,113,<nil>
2918469453,<nil>,<nil>,<nil>,<nil>,<nil>,<nil>,<nil>,<nil>,583,<nil>
2001358681,<nil>,<nil>,<nil>,<nil>,<nil>,<nil>,<nil>,<nil>,400,<nil>
1879985997,<nil>,<nil>,<nil>,<nil>,<nil>,<nil>,<nil>,<nil>,375,<nil>
536807440,<nil>,<nil>,<nil>,<nil>,<nil>,<nil>,<nil>,<nil>,107,<nil>
2859421517,<nil>,<nil>,<nil>,<nil>,<nil>,<nil>,<nil>,<nil>,571,<nil>
1412058969,<nil>,<nil>,<nil>,<nil>,<nil>,<nil>,<nil>,<nil>,282,<nil>
3753856857,<nil>,<nil>,<nil>,<nil>,<nil>,<nil>,<nil>,<nil>,750,<nil>
1945194329,<nil>,<nil>,<nil>,<nil>,<nil>,<nil>,<nil>,<nil>,389,<nil>
725682192,<nil>,<nil>,<nil>,<nil>,<nil>,<nil>,<nil>,<nil>,145,<nil>
1403932505,<nil>,<nil>,<nil>,<nil>,<nil>,<nil>,<nil>,<nil>,280,<nil>
4021899096,<nil>,<nil>,<nil>,<nil>,<nil>,<nil>,<nil>,<nil>,804,<nil>
3316666212,<nil>,<nil>,<nil>,<nil>,<nil>,<nil>,<nil>,<nil>,663,<nil>
2011058008,<nil>,<nil>,<nil>,<nil>,<nil>,<nil>,<nil>,<nil>,402,<nil>
4215951181,<nil>,<nil>,<nil>,<nil>,<nil>,<nil>,<nil>,<nil>,843,<nil>
20008792,<nil>,<nil>,<nil>,<nil>,<nil>,<nil>,<nil>,<nil>,4,<nil>
1588940633,<nil>,<nil>,<nil>,<nil>,<nil>,<nil>,<nil>,<nil>,317,<nil>
631525196,<nil>,<nil>,<nil>,<nil>,<nil>,<nil>,<nil>,<nil>,126,<nil>
1178029912,<nil>,<nil>,<nil>,<nil>,<nil>,<nil>,<nil>,<nil>,235,<nil>
3956297560,<nil>,<nil>,<nil>,<nil>,<nil>,<nil>,<nil>,<nil>,791,<nil>
2465204224,<nil>,<nil>,<nil>,<nil>,<nil>,<nil>,<nil>,<nil>,493,<nil>
358633293,<nil>,<nil>,<nil>,<nil>,<nil>,<nil>,<nil>,<nil>,71,<nil>
3723513689,<nil>,<nil>,<nil>,<nil>,<nil>,<nil>,<nil>,<nil>,744,<nil>
3208859468,<nil>,<nil>,<nil>,<nil>,<nil>,<nil>,<nil>,<nil>,641,<nil>
329338700,<nil>,<nil>,<nil>,<nil>,<nil>,<nil>,<nil>,<nil>,65,<nil>
2118405977,<nil>,<nil>,<nil>,<nil>,<nil>,<nil>,<nil>,<nil>,423,<nil>
152260429,<nil>,<nil>,<nil>,<nil>,<nil>,<nil>,<nil>,<nil>,30,<nil>
2787004237,<nil>,<nil>,<nil>,<nil>,<nil>,<nil>,<nil>,<nil>,557,<nil>
1560872960,<nil>,<nil>,<nil>,<nil>,<nil>,<nil>,<nil>,<nil>,312,<nil>
1949781836,<nil>,<nil>,<nil>,<nil>,<nil>,<nil>,<nil>,<nil>,389,<nil>
1200901965,<nil>,<nil>,<nil>,<nil>,<nil>,<nil>,<nil>,<nil>,240,<nil>
3537850189,<nil>,<nil>,<nil>,<nil>,<nil>,<nil>,<nil>,<nil>,707,<nil>
661868365,<nil>,<nil>,<nil>,<nil>,<nil>,<nil>,<nil>,<nil>,132,<nil>
3977185579,<nil>,<nil>,<nil>,<nil>,<nil>,<nil>,<nil>,<nil>,795,<nil>
1825197912,<nil>,<nil>,<nil>,<nil>,<nil>,<nil>,<nil>,<nil>,365,<nil>
444944204,<nil>,<nil>,<nil>,<nil>,<nil>,<nil>,<nil>,<nil>,88,<nil>
3040807048,<nil>,<nil>,<nil>,<nil>,<nil>,<nil>,<nil>,<nil>,608,<nil>
1096503156,<nil>,<nil>,<nil>,<nil>,<nil>,<nil>,<nil>,<nil>,219,<nil>
1352279912,<nil>,<nil>,<nil>,<nil>,<nil>,<nil>,<nil>,<nil>,270,<nil>
3945221964,<nil>,<nil>,<nil>,<nil>,<nil>,<nil>,<nil>,<nil>,789,<nil>
3347121129,<nil>,<nil>,<nil>,<nil>,<nil>,<nil>,<nil>,<nil>,669,<nil>
4018294617,<nil>,<nil>,<nil>,<nil>,<nil>,<nil>,<nil>,<nil>,803,<nil>
3384561497,<nil>,<nil>,<nil>,<nil>,<nil>,<nil>,<nil>,<nil>,676,<nil>
3445313369,<nil>,<nil>,<nil>,<nil>,<nil>,<nil>,<nil>,<nil>,689,<nil>
1561481061,<nil>,<nil>,<nil>,<nil>,<nil>,<nil>,<nil>,<nil>,312,<nil>
714559321,<nil>,<nil>,<nil>,<nil>,<nil>,<nil>,<nil>,<nil>,142,<nil>
2944618316,<nil>,<nil>,<nil>,<nil>,<nil>,<nil>,<nil>,<nil>,588,<nil>
864112461,<nil>,<nil>,<nil>,<nil>,<nil>,<nil>,<nil>,<nil>,172,<nil>
103829337,<nil>,<nil>,<nil>,<nil>,<nil>,<nil>,<nil>,<nil>,20,<nil>
1000820568,<nil>,<nil>,<nil>,<nil>,<nil>,<nil>,<nil>,<nil>,200,<nil>
3365490521,<nil>,<nil>,<nil>,<nil>,<nil>,<nil>,<nil>,<nil>,673,<nil>
1897549669,<nil>,<nil>,<nil>,<nil>,<nil>,<nil>,<nil>,<nil>,379,<nil>
635260761,<nil>,<nil>,<nil>,<nil>,<nil>,<nil>,<nil>,<nil>,127,<nil>
1819430733,<nil>,<nil>,<nil>,<nil>,<nil>,<nil>,<nil>,<nil>,363,<nil>
361844581,<nil>,<nil>,<nil>,<nil>,<nil>,<nil>,<nil>,<nil>,72,<nil>
3823325005,<nil>,<nil>,<nil>,<nil>,<nil>,<nil>,<nil>,<nil>,764,<nil>
296243020,<nil>,<nil>,<nil>,<nil>,<nil>,<nil>,<nil>,<nil>,59,<nil>
2650230616,<nil>,<nil>,<nil>,<nil>,<nil>,<nil>,<nil>,<nil>,530,<nil>
911232868,<nil>,<nil>,<nil>,<nil>,<nil>,<nil>,<nil>,<nil>,182,<nil>
4016787301,<nil>,<nil>,<nil>,<nil>,<nil>,<nil>,<nil>,<nil>,803,<nil>
1841057612,<nil>,<nil>,<nil>,<nil>,<nil>,<nil>,<nil>,<nil>,368,<nil>
1069829964,<nil>,<nil>,<nil>,<nil>,<nil>,<nil>,<nil>,<nil>,213,<nil>
21581669,<nil>,<nil>,<nil>,<nil>,<nil>,<nil>,<nil>,<nil>,4,<nil>
2455392077,<nil>,<nil>,<nil>,<nil>,<nil>,<nil>,<nil>,<nil>,491,<nil>
2440037352,<nil>,<nil>,<nil>,<nil>,<nil>,<nil>,<nil>,<nil>,488,<nil>
4291776332,<nil>,<nil>,<nil>,<nil>,<nil>,<nil>,<nil>,<nil>,858,<nil>
1440501604,<nil>,<nil>,<nil>,<nil>,<nil>,<nil>,<nil>,<nil>,288,<nil>
597053272,<nil>,<nil>,<nil>,<nil>,<nil>,<nil>,<nil>,<nil>,119,<nil>
393498456,<nil>,<nil>,<nil>,<nil>,<nil>,<nil>,<nil>,<nil>,78,<nil>
2426818380,<nil>,<nil>,<nil>,<nil>,<nil>,<nil>,<nil>,<nil>,485,<nil>
1537036121,<nil>,<nil>,<nil>,<nil>,<nil>,<nil>,<nil>,<nil>,307,<nil>
4268707660,<nil>,<nil>,<nil>,<nil>,<nil>,<nil>,<nil>,<nil>,853,<nil>
2607042380,<nil>,<nil>,<nil>,<nil>,<nil>,<nil>,<nil>,<nil>,521,<nil>
678186829,<nil>,<nil>,<nil>,<nil>,<nil>,<nil>,<nil>,<nil>,135,<nil>
4131850280,<nil>,<nil>,<nil>,<nil>,<nil>,<nil>,<nil>,<nil>,826,<nil>
3911864140,<nil>,<nil>,<nil>,<nil>,<nil>,<nil>,<nil>,<nil>,782,<nil>
1553616729,<nil>,<nil>,<nil>,<nil>,<nil>,<nil>,<nil>,<nil>,310,<nil>
2119239696,<nil>,<nil>,<nil>,<nil>,<nil>,<nil>,<nil>,<nil>,423,<nil>
3784462156,<nil>,<nil>,<nil>,<nil>,<nil>,<nil>,<nil>,<nil>,756,<nil>
2132168536,<nil>,<nil>,<nil>,<nil>,<nil>,<nil>,<nil>,<nil>,426,<nil>
1202081612,<nil>,<nil>,<nil>,<nil>,<nil>,<nil>,<nil>,<nil>,240,<nil>
2497531725,<nil>,<nil>,<nil>,<nil>,<nil>,<nil>,<nil>,<nil>,499,<nil>
979455821,<nil>,<nil>,<nil>,<nil>,<nil>,<nil>,<nil>,<nil>,195,<nil>
1111379989,<nil>,<nil>,<nil>,<nil>,<nil>,<nil>,<nil>,<nil>,222,<nil>
1181568844,<nil>,<nil>,<nil>,<nil>,<nil>,<nil>,<nil>,<nil>,236,<nil>
3836301133,<nil>,<nil>,<nil>,<nil>,<nil>,<nil>,<nil>,<nil>,767,<nil>
3041480524,<nil>,<nil>,<nil>,<nil>,<nil>,<nil>,<nil>,<nil>,608,<nil>
1159221068,<nil>,<nil>,<nil>,<nil>,<nil>,<nil>,<nil>,<nil>,231,<nil>
3242086233,<nil>,<nil>,<nil>,<nil>,<nil>,<nil>,<nil>,<nil>,648,<nil>
3402041385,<nil>,<nil>,<nil>,<nil>,<nil>,<nil>,<nil>,<nil>,680,<nil>
1361792857,<nil>,<nil>,<nil>,<nil>,<nil>,<nil>,<nil>,<nil>,272,<nil>
3811397452,<nil>,<nil>,<nil>,<nil>,<nil>,<nil>,<nil>,<nil>,762,<nil>
3204140877,<nil>,<nil>,<nil>,<nil>,<nil>,<nil>,<nil>,<nil>,640,<nil>
3046592344,<nil>,<nil>,<nil>,<nil>,<nil>,<nil>,<nil>,<nil>,609,<nil>
1392791373,<nil>,<nil>,<nil>,<nil>,<nil>,<nil>,<nil>,<nil>,278,<nil>
747458380,<nil>,<nil>,<nil>,<nil>,<nil>,<nil>,<nil>,<nil>,149,<nil>
1040394088,<nil>,<nil>,<nil>,<nil>,<nil>,<nil>,<nil>,<nil>,208,<nil>
3649130328,<nil>,<nil>,<nil>,<nil>,<nil>,<nil>,<nil>,<nil>,729,<nil>
2718453580,<nil>,<nil>,<nil>,<nil>,<nil>,<nil>,<nil>,<nil>,543,<nil>
744116057,<nil>,<nil>,<nil>,<nil>,<nil>,<nil>,<nil>,<nil>,148,<nil>
879822864,<nil>,<nil>,<nil>,<nil>,<nil>,<nil>,<nil>,<nil>,175,<nil>
760827725,<nil>,<nil>,<nil>,<nil>,<nil>,<nil>,<nil>,<nil>,152,<nil>
3537588056,<nil>,<nil>,<nil>,<nil>,<nil>,<nil>,<nil>,<nil>,707,<nil>
2135820329,<nil>,<nil>,<nil>,<nil>,<nil>,<nil>,<nil>,<nil>,427,<nil>
3371239633,<nil>,<nil>,<nil>,<nil>,<nil>,<nil>,<nil>,<nil>,674,<nil>
3102738480,<nil>,<nil>,<nil>,<nil>,<nil>,<nil>,<nil>,<nil>,620,<nil>
2771406669,<nil>,<nil>,<nil>,<nil>,<nil>,<nil>,<nil>,<nil>,554,<nil>
535121770,<nil>,<nil>,<nil>,<nil>,<nil>,<nil>,<nil>,<nil>,107,<nil>
471682904,<nil>,<nil>,<nil>,<nil>,<nil>,<nil>,<nil>,<nil>,94,<nil>
3433826320,<nil>,<nil>,<nil>,<nil>,<nil>,<nil>,<nil>,<nil>,686,<nil>
2277068633,<nil>,<nil>,<nil>,<nil>,<nil>,<nil>,<nil>,<nil>,455,<nil>
1133137765,<nil>,<nil>,<nil>,<nil>,<nil>,<nil>,<nil>,<nil>,226,<nil>
196562764,<nil>,<nil>,<nil>,<nil>,<nil>,<nil>,<nil>,<nil>,39,<nil>
2686668620,<nil>,<nil>,<nil>,<nil>,<nil>,<nil>,<nil>,<nil>,537,<nil>
423186264,<nil>,<nil>,<nil>,<nil>,<nil>,<nil>,<nil>,<nil>,84,<nil>
1339903832,<nil>,<nil>,<nil>,<nil>,<nil>,<nil>,<nil>,<nil>,267,<nil>
1054212108,<nil>,<nil>,<nil>,<nil>,<nil>,<nil>,<nil>,<nil>,210,<nil>
2119126860,<nil>,<nil>,<nil>,<nil>,<nil>,<nil>,<nil>,<nil>,423,<nil>
4043722573,<nil>,<nil>,<nil>,<nil>,<nil>,<nil>,<nil>,<nil>,808,<nil>
336144230,<nil>,<nil>,<nil>,<nil>,<nil>,<nil>,<nil>,<nil>,67,<nil>
3446296396,<nil>,<nil>,<nil>,<nil>,<nil>,<nil>,<nil>,<nil>,689,<nil>
1808617293,<nil>,<nil>,<nil>,<nil>,<nil>,<nil>,<nil>,<nil>,361,<nil>
1547306660,<nil>,<nil>,<nil>,<nil>,<nil>,<nil>,<nil>,<nil>,309,<nil>
236539737,<nil>,<nil>,<nil>,<nil>,<nil>,<nil>,<nil>,<nil>,47,<nil>
3493078884,<nil>,<nil>,<nil>,<nil>,<nil>,<nil>,<nil>,<nil>,698,<nil>
2220314456,<nil>,<nil>,<nil>,<nil>,<nil>,<nil>,<nil>,<nil>,444,<nil>
3497742157,<nil>,<nil>,<nil>,<nil>,<nil>,<nil>,<nil>,<nil>,699,<nil>
1855475545,<nil>,<nil>,<nil>,<nil>,<nil>,<nil>,<nil>,<nil>,371,<nil>
454905676,<nil>,<nil>,<nil>,<nil>,<nil>,<nil>,<nil>,<nil>,90,<nil>
4108865357,<nil>,<nil>,<nil>,<nil>,<nil>,<nil>,<nil>,<nil>,821,<nil>
2006667085,<nil>,<nil>,<nil>,<nil>,<nil>,<nil>,<nil>,<nil>,401,<nil>
506416985,<nil>,<nil>,<nil>,<nil>,<nil>,<nil>,<nil>,<nil>,101,<nil>
855920473,<nil>,<nil>,<nil>,<nil>,<nil>,<nil>,<nil>,<nil>,171,<nil>
3614658392,<nil>,<nil>,<nil>,<nil>,<nil>,<nil>,<nil>,<nil>,722,<nil>
2126008153,<nil>,<nil>,<nil>,<nil>,<nil>,<nil>,<nil>,<nil>,425,<nil>
2111000420,<nil>,<nil>,<nil>,<nil>,<nil>,<nil>,<nil>,<nil>,422,<nil>
1295339353,<nil>,<nil>,<nil>,<nil>,<nil>,<nil>,<nil>,<nil>,259,<nil>
4291776345,<nil>,<nil>,<nil>,<nil>,<nil>,<nil>,<nil>,<nil>,858,<nil>
2185580365,<nil>,<nil>,<nil>,<nil>,<nil>,<nil>,<nil>,<nil>,437,<nil>
1385844556,<nil>,<nil>,<nil>,<nil>,<nil>,<nil>,<nil>,<nil>,277,<nil>
2886225752,<nil>,<nil>,<nil>,<nil>,<nil>,<nil>,<nil>,<nil>,577,<nil>
1001541476,<nil>,<nil>,<nil>,<nil>,<nil>,<nil>,<nil>,<nil>,200,<nil>
4119988265,<nil>,<nil>,<nil>,<nil>,<nil>,<nil>,<nil>,<nil>,823,<nil>
3015200600,<nil>,<nil>,<nil>,<nil>,<nil>,<nil>,<nil>,<nil>,603,<nil>
2721500640,<nil>,<nil>,<nil>,<nil>,<nil>,<nil>,<nil>,<nil>,544,<nil>
545541964,<nil>,<nil>,<nil>,<nil>,<nil>,<nil>,<nil>,<nil>,109,<nil>
3788328781,<nil>,<nil>,<nil>,<nil>,<nil>,<nil>,<nil>,<nil>,757,<nil>
3348891784,<nil>,<nil>,<nil>,<nil>,<nil>,<nil>,<nil>,<nil>,669,<nil>
1213091685,<nil>,<nil>,<nil>,<nil>,<nil>,<nil>,<nil>,<nil>,242,<nil>
3578941284,<nil>,<nil>,<nil>,<nil>,<nil>,<nil>,<nil>,<nil>,715,<nil>
2384744268,<nil>,<nil>,<nil>,<nil>,<nil>,<nil>,<nil>,<nil>,476,<nil>
11816781,<nil>,<nil>,<nil>,<nil>,<nil>,<nil>,<nil>,<nil>,2,<nil>
4242558796,<nil>,<nil>,<nil>,<nil>,<nil>,<nil>,<nil>,<nil>,848,<nil>
2824294220,<nil>,<nil>,<nil>,<nil>,<nil>,<nil>,<nil>,<nil>,564,<nil>
1275351360,<nil>,<nil>,<nil>,<nil>,<nil>,<nil>,<nil>,<nil>,255,<nil>
4239722496,<nil>,<nil>,<nil>,<nil>,<nil>,<nil>,<nil>,<nil>,847,<nil>
1446006604,<nil>,<nil>,<nil>,<nil>,<nil>,<nil>,<nil>,<nil>,289,<nil>
3867365221,<nil>,<nil>,<nil>,<nil>,<nil>,<nil>,<nil>,<nil>,773,<nil>
2608156505,<nil>,<nil>,<nil>,<nil>,<nil>,<nil>,<nil>,<nil>,521,<nil>
852578124,<nil>,<nil>,<nil>,<nil>,<nil>,<nil>,<nil>,<nil>,170,<nil>
2719436645,<nil>,<nil>,<nil>,<nil>,<nil>,<nil>,<nil>,<nil>,543,<nil>
998723417,<nil>,<nil>,<nil>,<nil>,<nil>,<nil>,<nil>,<nil>,199,<nil>
4224143193,<nil>,<nil>,<nil>,<nil>,<nil>,<nil>,<nil>,<nil>,844,<nil>
2758233957,<nil>,<nil>,<nil>,<nil>,<nil>,<nil>,<nil>,<nil>,551,<nil>
1694584652,<nil>,<nil>,<nil>,<nil>,<nil>,<nil>,<nil>,<nil>,338,<nil>
3374600012,<nil>,<nil>,<nil>,<nil>,<nil>,<nil>,<nil>,<nil>,674,<nil>
1872449368,<nil>,<nil>,<nil>,<nil>,<nil>,<nil>,<nil>,<nil>,374,<nil>
4054798156,<nil>,<nil>,<nil>,<nil>,<nil>,<nil>,<nil>,<nil>,810,<nil>
3866971980,<nil>,<nil>,<nil>,<nil>,<nil>,<nil>,<nil>,<nil>,773,<nil>
924405581,<nil>,<nil>,<nil>,<nil>,<nil>,<nil>,<nil>,<nil>,184,<nil>
3841871704,<nil>,<nil>,<nil>,<nil>,<nil>,<nil>,<nil>,<nil>,768,<nil>
3201978188,<nil>,<nil>,<nil>,<nil>,<nil>,<nil>,<nil>,<nil>,640,<nil>
2776584012,<nil>,<nil>,<nil>,<nil>,<nil>,<nil>,<nil>,<nil>,555,<nil>
2735755084,<nil>,<nil>,<nil>,<nil>,<nil>,<nil>,<nil>,<nil>,547,<nil>
5066572,<nil>,<nil>,<nil>,<nil>,<nil>,<nil>,<nil>,<nil>,1,<nil>
2448885800,<nil>,<nil>,<nil>,<nil>,<nil>,<nil>,<nil>,<nil>,489,<nil>
270094157,<nil>,<nil>,<nil>,<nil>,<nil>,<nil>,<nil>,<nil>,54,<nil>
3790360397,<nil>,<nil>,<nil>,<nil>,<nil>,<nil>,<nil>,<nil>,758,<nil>
59443216,<nil>,<nil>,<nil>,<nil>,<nil>,<nil>,<nil>,<nil>,11,<nil>
2221887309,<nil>,<nil>,<nil>,<nil>,<nil>,<nil>,<nil>,<nil>,444,<nil>
1524387711,<nil>,<nil>,<nil>,<nil>,<nil>,<nil>,<nil>,<nil>,304,<nil>
3890564953,<nil>,<nil>,<nil>,<nil>,<nil>,<nil>,<nil>,<nil>,778,<nil>
2355056472,<nil>,<nil>,<nil>,<nil>,<nil>,<nil>,<nil>,<nil>,471,<nil>
1149325133,<nil>,<nil>,<nil>,<nil>,<nil>,<nil>,<nil>,<nil>,229,<nil>
4067905368,<nil>,<nil>,<nil>,<nil>,<nil>,<nil>,<nil>,<nil>,813,<nil>
3782430541,<nil>,<nil>,<nil>,<nil>,<nil>,<nil>,<nil>,<nil>,756,<nil>
2247511884,<nil>,<nil>,<nil>,<nil>,<nil>,<nil>,<nil>,<nil>,449,<nil>
1324633932,<nil>,<nil>,<nil>,<nil>,<nil>,<nil>,<nil>,<nil>,264,<nil>
4198584140,<nil>,<nil>,<nil>,<nil>,<nil>,<nil>,<nil>,<nil>,839,<nil>
2694401880,<nil>,<nil>,<nil>,<nil>,<nil>,<nil>,<nil>,<nil>,538,<nil>
1175080780,<nil>,<nil>,<nil>,<nil>,<nil>,<nil>,<nil>,<nil>,235,<nil>
998264664,<nil>,<nil>,<nil>,<nil>,<nil>,<nil>,<nil>,<nil>,199,<nil>
1027297101,<nil>,<nil>,<nil>,<nil>,<nil>,<nil>,<nil>,<nil>,205,<nil>
4012386153,<nil>,<nil>,<nil>,<nil>,<nil>,<nil>,<nil>,<nil>,802,<nil>
2879082328,<nil>,<nil>,<nil>,<nil>,<nil>,<nil>,<nil>,<nil>,575,<nil>
2271629157,<nil>,<nil>,<nil>,<nil>,<nil>,<nil>,<nil>,<nil>,454,<nil>
685199192,<nil>,<nil>,<nil>,<nil>,<nil>,<nil>,<nil>,<nil>,137,<nil>
3613740888,<nil>,<nil>,<nil>,<nil>,<nil>,<nil>,<nil>,<nil>,722,<nil>
4164046680,<nil>,<nil>,<nil>,<nil>,<nil>,<nil>,<nil>,<nil>,832,<nil>
2424459108,<nil>,<nil>,<nil>,<nil>,<nil>,<nil>,<nil>,<nil>,484,<nil>
1625032704,<nil>,<nil>,<nil>,<nil>,<nil>,<nil>,<nil>,<nil>,325,<nil>
3346354047,<nil>,<nil>,<nil>,<nil>,<nil>,<nil>,<nil>,<nil>,669,<nil>
1600671576,<nil>,<nil>,<nil>,<nil>,<nil>,<nil>,<nil>,<nil>,320,<nil>
1276774416,<nil>,<nil>,<nil>,<nil>,<nil>,<nil>,<nil>,<nil>,255,<nil>
2302693796,<nil>,<nil>,<nil>,<nil>,<nil>,<nil>,<nil>,<nil>,460,<nil>
308957016,<nil>,<nil>,<nil>,<nil>,<nil>,<nil>,<nil>,<nil>,61,<nil>
3839643469,<nil>,<nil>,<nil>,<nil>,<nil>,<nil>,<nil>,<nil>,767,<nil>
1289375577,<nil>,<nil>,<nil>,<nil>,<nil>,<nil>,<nil>,<nil>,257,<nil>
36458316,<nil>,<nil>,<nil>,<nil>,<nil>,<nil>,<nil>,<nil>,7,<nil>
2829602648,<nil>,<nil>,<nil>,<nil>,<nil>,<nil>,<nil>,<nil>,565,<nil>
1466978136,<nil>,<nil>,<nil>,<nil>,<nil>,<nil>,<nil>,<nil>,293,<nil>
664031064,<nil>,<nil>,<nil>,<nil>,<nil>,<nil>,<nil>,<nil>,132,<nil>
2622181209,<nil>,<nil>,<nil>,<nil>,<nil>,<nil>,<nil>,<nil>,524,<nil>
2432257881,<nil>,<nil>,<nil>,<nil>,<nil>,<nil>,<nil>,<nil>,486,<nil>
905924133,<nil>,<nil>,<nil>,<nil>,<nil>,<nil>,<nil>,<nil>,181,<nil>
3203682136,<nil>,<nil>,<nil>,<nil>,<nil>,<nil>,<nil>,<nil>,640,<nil>
2712489804,<nil>,<nil>,<nil>,<nil>,<nil>,<nil>,<nil>,<nil>,542,<nil>
1077104461,<nil>,<nil>,<nil>,<nil>,<nil>,<nil>,<nil>,<nil>,215,<nil>
3711717197,<nil>,<nil>,<nil>,<nil>,<nil>,<nil>,<nil>,<nil>,742,<nil>
2495958861,<nil>,<nil>,<nil>,<nil>,<nil>,<nil>,<nil>,<nil>,499,<nil>
363351897,<nil>,<nil>,<nil>,<nil>,<nil>,<nil>,<nil>,<nil>,72,<nil>
3060990952,<nil>,<nil>,<nil>,<nil>,<nil>,<nil>,<nil>,<nil>,612,<nil>
2273202021,<nil>,<nil>,<nil>,<nil>,<nil>,<nil>,<nil>,<nil>,454,<nil>
836259672,<nil>,<nil>,<nil>,<nil>,<nil>,<nil>,<nil>,<nil>,167,<nil>
35737421,<nil>,<nil>,<nil>,<nil>,<nil>,<nil>,<nil>,<nil>,7,<nil>
1161038033,<nil>,<nil>,<nil>,<nil>,<nil>,<nil>,<nil>,<nil>,232,<nil>
3480899429,<nil>,<nil>,<nil>,<nil>,<nil>,<nil>,<nil>,<nil>,696,<nil>
3361296204,<nil>,<nil>,<nil>,<nil>,<nil>,<nil>,<nil>,<nil>,672,<nil>
348213081,<nil>,<nil>,<nil>,<nil>,<nil>,<nil>,<nil>,<nil>,69,<nil>
3033681765,<nil>,<nil>,<nil>,<nil>,<nil>,<nil>,<nil>,<nil>,606,<nil>
1772113753,<nil>,<nil>,<nil>,<nil>,<nil>,<nil>,<nil>,<nil>,354,<nil>
2958839640,<nil>,<nil>,<nil>,<nil>,<nil>,<nil>,<nil>,<nil>,591,<nil>
1298485080,<nil>,<nil>,<nil>,<nil>,<nil>,<nil>,<nil>,<nil>,259,<nil>
808341324,<nil>,<nil>,<nil>,<nil>,<nil>,<nil>,<nil>,<nil>,161,<nil>
1988513625,<nil>,<nil>,<nil>,<nil>,<nil>,<nil>,<nil>,<nil>,397,<nil>
9654104,<nil>,<nil>,<nil>,<nil>,<nil>,<nil>,<nil>,<nil>,1,<nil>
4106243916,<nil>,<nil>,<nil>,<nil>,<nil>,<nil>,<nil>,<nil>,821,<nil>
2075152229,<nil>,<nil>,<nil>,<nil>,<nil>,<nil>,<nil>,<nil>,415,<nil>
310071116,<nil>,<nil>,<nil>,<nil>,<nil>,<nil>,<nil>,<nil>,62,<nil>
3977662284,<nil>,<nil>,<nil>,<nil>,<nil>,<nil>,<nil>,<nil>,795,<nil>
3067367256,<nil>,<nil>,<nil>,<nil>,<nil>,<nil>,<nil>,<nil>,613,<nil>
841437017,<nil>,<nil>,<nil>,<nil>,<nil>,<nil>,<nil>,<nil>,168,<nil>
3884011340,<nil>,<nil>,<nil>,<nil>,<nil>,<nil>,<nil>,<nil>,776,<nil>
2200522585,<nil>,<nil>,<nil>,<nil>,<nil>,<nil>,<nil>,<nil>,440,<nil>
960188248,<nil>,<nil>,<nil>,<nil>,<nil>,<nil>,<nil>,<nil>,192,<nil>
3969208170,<nil>,<nil>,<nil>,<nil>,<nil>,<nil>,<nil>,<nil>,793,<nil>
3289993049,<nil>,<nil>,<nil>,<nil>,<nil>,<nil>,<nil>,<nil>,657,<nil>
2627489612,<nil>,<nil>,<nil>,<nil>,<nil>,<nil>,<nil>,<nil>,525,<nil>
986730341,<nil>,<nil>,<nil>,<nil>,<nil>,<nil>,<nil>,<nil>,197,<nil>
3325316964,<nil>,<nil>,<nil>,<nil>,<nil>,<nil>,<nil>,<nil>,665,<nil>
2504281945,<nil>,<nil>,<nil>,<nil>,<nil>,<nil>,<nil>,<nil>,500,<nil>
2946977612,<nil>,<nil>,<nil>,<nil>,<nil>,<nil>,<nil>,<nil>,589,<nil>
1164136269,<nil>,<nil>,<nil>,<nil>,<nil>,<nil>,<nil>,<nil>,232,<nil>
820825568,<nil>,<nil>,<nil>,<nil>,<nil>,<nil>,<nil>,<nil>,164,<nil>
3685568356,<nil>,<nil>,<nil>,<nil>,<nil>,<nil>,<nil>,<nil>,737,<nil>
3145682765,<nil>,<nil>,<nil>,<nil>,<nil>,<nil>,<nil>,<nil>,629,<nil>
2478001996,<nil>,<nil>,<nil>,<nil>,<nil>,<nil>,<nil>,<nil>,495,<nil>
402673485,<nil>,<nil>,<nil>,<nil>,<nil>,<nil>,<nil>,<nil>,80,<nil>
3344650073,<nil>,<nil>,<nil>,<nil>,<nil>,<nil>,<nil>,<nil>,668,<nil>
4222111576,<nil>,<nil>,<nil>,<nil>,<nil>,<nil>,<nil>,<nil>,844,<nil>
2583318361,<nil>,<nil>,<nil>,<nil>,<nil>,<nil>,<nil>,<nil>,516,<nil>
969494372,<nil>,<nil>,<nil>,<nil>,<nil>,<nil>,<nil>,<nil>,193,<nil>
3674427212,<nil>,<nil>,<nil>,<nil>,<nil>,<nil>,<nil>,<nil>,734,<nil>
3230093132,<nil>,<nil>,<nil>,<nil>,<nil>,<nil>,<nil>,<nil>,646,<nil>
2454277964,<nil>,<nil>,<nil>,<nil>,<nil>,<nil>,<nil>,<nil>,490,<nil>
4025569101,<nil>,<nil>,<nil>,<nil>,<nil>,<nil>,<nil>,<nil>,805,<nil>
2781087744,<nil>,<nil>,<nil>,<nil>,<nil>,<nil>,<nil>,<nil>,556,<nil>
1736527693,<nil>,<nil>,<nil>,<nil>,<nil>,<nil>,<nil>,<nil>,347,<nil>
2503233406,<nil>,<nil>,<nil>,<nil>,<nil>,<nil>,<nil>,<nil>,500,<nil>
347557721,<nil>,<nil>,<nil>,<nil>,<nil>,<nil>,<nil>,<nil>,69,<nil>
3719188313,<nil>,<nil>,<nil>,<nil>,<nil>,<nil>,<nil>,<nil>,743,<nil>
3367456589,<nil>,<nil>,<nil>,<nil>,<nil>,<nil>,<nil>,<nil>,673,<nil>
1470386020,<nil>,<nil>,<nil>,<nil>,<nil>,<nil>,<nil>,<nil>,294,<nil>
71043291,<nil>,<nil>,<nil>,<nil>,<nil>,<nil>,<nil>,<nil>,14,<nil>
3105771340,<nil>,<nil>,<nil>,<nil>,<nil>,<nil>,<nil>,<nil>,621,<nil>
3749007193,<nil>,<nil>,<nil>,<nil>,<nil>,<nil>,<nil>,<nil>,749,<nil>
2360561496,<nil>,<nil>,<nil>,<nil>,<nil>,<nil>,<nil>,<nil>,472,<nil>
1142378328,<nil>,<nil>,<nil>,<nil>,<nil>,<nil>,<nil>,<nil>,228,<nil>
3377680205,<nil>,<nil>,<nil>,<nil>,<nil>,<nil>,<nil>,<nil>,675,<nil>
2005356376,<nil>,<nil>,<nil>,<nil>,<nil>,<nil>,<nil>,<nil>,401,<nil>
1697599321,<nil>,<nil>,<nil>,<nil>,<nil>,<nil>,<nil>,<nil>,339,<nil>
3506962444,<nil>,<nil>,<nil>,<nil>,<nil>,<nil>,<nil>,<nil>,701,<nil>
1728204810,<nil>,<nil>,<nil>,<nil>,<nil>,<nil>,<nil>,<nil>,345,<nil>
1430605668,<nil>,<nil>,<nil>,<nil>,<nil>,<nil>,<nil>,<nil>,286,<nil>
392187725,<nil>,<nil>,<nil>,<nil>,<nil>,<nil>,<nil>,<nil>,78,<nil>
2856013644,<nil>,<nil>,<nil>,<nil>,<nil>,<nil>,<nil>,<nil>,571,<nil>
2236108632,<nil>,<nil>,<nil>,<nil>,<nil>,<nil>,<nil>,<nil>,447,<nil>
3620472873,<nil>,<nil>,<nil>,<nil>,<nil>,<nil>,<nil>,<nil>,724,<nil>
1651593060,<nil>,<nil>,<nil>,<nil>,<nil>,<nil>,<nil>,<nil>,330,<nil>
1360613196,<nil>,<nil>,<nil>,<nil>,<nil>,<nil>,<nil>,<nil>,272,<nil>
3882962777,<nil>,<nil>,<nil>,<nil>,<nil>,<nil>,<nil>,<nil>,776,<nil>
959270757,<nil>,<nil>,<nil>,<nil>,<nil>,<nil>,<nil>,<nil>,191,<nil>
3952496460,<nil>,<nil>,<nil>,<nil>,<nil>,<nil>,<nil>,<nil>,790,<nil>
1717718872,<nil>,<nil>,<nil>,<nil>,<nil>,<nil>,<nil>,<nil>,343,<nil>
3774893901,<nil>,<nil>,<nil>,<nil>,<nil>,<nil>,<nil>,<nil>,754,<nil>
2128236377,<nil>,<nil>,<nil>,<nil>,<nil>,<nil>,<nil>,<nil>,425,<nil>
1465470796,<nil>,<nil>,<nil>,<nil>,<nil>,<nil>,<nil>,<nil>,293,<nil>
3949678412,<nil>,<nil>,<nil>,<nil>,<nil>,<nil>,<nil>,<nil>,789,<nil>
2758758221,<nil>,<nil>,<nil>,<nil>,<nil>,<nil>,<nil>,<nil>,551,<nil>
1076580172,<nil>,<nil>,<nil>,<nil>,<nil>,<nil>,<nil>,<nil>,215,<nil>
779112281,<nil>,<nil>,<nil>,<nil>,<nil>,<nil>,<nil>,<nil>,155,<nil>
3694219085,<nil>,<nil>,<nil>,<nil>,<nil>,<nil>,<nil>,<nil>,738,<nil>
2922729293,<nil>,<nil>,<nil>,<nil>,<nil>,<nil>,<nil>,<nil>,584,<nil>
1262505805,<nil>,<nil>,<nil>,<nil>,<nil>,<nil>,<nil>,<nil>,252,<nil>
4178202456,<nil>,<nil>,<nil>,<nil>,<nil>,<nil>,<nil>,<nil>,835,<nil>
2802601804,<nil>,<nil>,<nil>,<nil>,<nil>,<nil>,<nil>,<nil>,560,<nil>
1152649232,<nil>,<nil>,<nil>,<nil>,<nil>,<nil>,<nil>,<nil>,230,<nil>
3469233997,<nil>,<nil>,<nil>,<nil>,<nil>,<nil>,<nil>,<nil>,693,<nil>
2981711704,<nil>,<nil>,<nil>,<nil>,<nil>,<nil>,<nil>,<nil>,596,<nil>
2155171673,<nil>,<nil>,<nil>,<nil>,<nil>,<nil>,<nil>,<nil>,431,<nil>
480071501,<nil>,<nil>,<nil>,<nil>,<nil>,<nil>,<nil>,<nil>,96,<nil>
13061977,<nil>,<nil>,<nil>,<nil>,<nil>,<nil>,<nil>,<nil>,2,<nil>
4032122713,<nil>,<nil>,<nil>,<nil>,<nil>,<nil>,<nil>,<nil>,806,<nil>
3386199924,<nil>,<nil>,<nil>,<nil>,<nil>,<nil>,<nil>,<nil>,677,<nil>
1008095065,<nil>,<nil>,<nil>,<nil>,<nil>,<nil>,<nil>,<nil>,201,<nil>
3235925849,<nil>,<nil>,<nil>,<nil>,<nil>,<nil>,<nil>,<nil>,647,<nil>
3327872884,<nil>,<nil>,<nil>,<nil>,<nil>,<nil>,<nil>,<nil>,665,<nil>
1084706637,<nil>,<nil>,<nil>,<nil>,<nil>,<nil>,<nil>,<nil>,216,<nil>
3856289624,<nil>,<nil>,<nil>,<nil>,<nil>,<nil>,<nil>,<nil>,771,<nil>
2038517580,<nil>,<nil>,<nil>,<nil>,<nil>,<nil>,<nil>,<nil>,407,<nil>
1862815576,<nil>,<nil>,<nil>,<nil>,<nil>,<nil>,<nil>,<nil>,372,<nil>
2933870425,<nil>,<nil>,<nil>,<nil>,<nil>,<nil>,<nil>,<nil>,586,<nil>
3107409752,<nil>,<nil>,<nil>,<nil>,<nil>,<nil>,<nil>,<nil>,621,<nil>
1653606416,<nil>,<nil>,<nil>,<nil>,<nil>,<nil>,<nil>,<nil>,330,<nil>
32460645,<nil>,<nil>,<nil>,<nil>,<nil>,<nil>,<nil>,<nil>,6,<nil>
2243841880,<nil>,<nil>,<nil>,<nil>,<nil>,<nil>,<nil>,<nil>,448,<nil>
603017049,<nil>,<nil>,<nil>,<nil>,<nil>,<nil>,<nil>,<nil>,120,<nil>
4203480751,<nil>,<nil>,<nil>,<nil>,<nil>,<nil>,<nil>,<nil>,840,<nil>
3570093913,<nil>,<nil>,<nil>,<nil>,<nil>,<nil>,<nil>,<nil>,714,<nil>
3428778090,<nil>,<nil>,<nil>,<nil>,<nil>,<nil>,<nil>,<nil>,685,<nil>
3312668505,<nil>,<nil>,<nil>,<nil>,<nil>,<nil>,<nil>,<nil>,662,<nil>
2242072409,<nil>,<nil>,<nil>,<nil>,<nil>,<nil>,<nil>,<nil>,448,<nil>
288771929,<nil>,<nil>,<nil>,<nil>,<nil>,<nil>,<nil>,<nil>,57,<nil>
2118864717,<nil>,<nil>,<nil>,<nil>,<nil>,<nil>,<nil>,<nil>,423,<nil>
1792102233,<nil>,<nil>,<nil>,<nil>,<nil>,<nil>,<nil>,<nil>,358,<nil>
1736527704,<nil>,<nil>,<nil>,<nil>,<nil>,<nil>,<nil>,<nil>,347,<nil>
101535577,<nil>,<nil>,<nil>,<nil>,<nil>,<nil>,<nil>,<nil>,20,<nil>
2860339032,<nil>,<nil>,<nil>,<nil>,<nil>,<nil>,<nil>,<nil>,572,<nil>
2713061028,<nil>,<nil>,<nil>,<nil>,<nil>,<nil>,<nil>,<nil>,542,<nil>
1860372143,<nil>,<nil>,<nil>,<nil>,<nil>,<nil>,<nil>,<nil>,372,<nil>
4079570764,<nil>,<nil>,<nil>,<nil>,<nil>,<nil>,<nil>,<nil>,815,<nil>
3633121280,<nil>,<nil>,<nil>,<nil>,<nil>,<nil>,<nil>,<nil>,726,<nil>
2810531661,<nil>,<nil>,<nil>,<nil>,<nil>,<nil>,<nil>,<nil>,562,<nil>
1139953496,<nil>,<nil>,<nil>,<nil>,<nil>,<nil>,<nil>,<nil>,227,<nil>
603588648,<nil>,<nil>,<nil>,<nil>,<nil>,<nil>,<nil>,<nil>,120,<nil>
2118012761,<nil>,<nil>,<nil>,<nil>,<nil>,<nil>,<nil>,<nil>,423,<nil>
796665701,<nil>,<nil>,<nil>,<nil>,<nil>,<nil>,<nil>,<nil>,159,<nil>
3663023960,<nil>,<nil>,<nil>,<nil>,<nil>,<nil>,<nil>,<nil>,732,<nil>
1252085593,<nil>,<nil>,<nil>,<nil>,<nil>,<nil>,<nil>,<nil>,250,<nil>
885981196,<nil>,<nil>,<nil>,<nil>,<nil>,<nil>,<nil>,<nil>,177,<nil>
728911705,<nil>,<nil>,<nil>,<nil>,<nil>,<nil>,<nil>,<nil>,145,<nil>
3434893144,<nil>,<nil>,<nil>,<nil>,<nil>,<nil>,<nil>,<nil>,686,<nil>
1489653581,<nil>,<nil>,<nil>,<nil>,<nil>,<nil>,<nil>,<nil>,297,<nil>
4289679193,<nil>,<nil>,<nil>,<nil>,<nil>,<nil>,<nil>,<nil>,857,<nil>
4089073485,<nil>,<nil>,<nil>,<nil>,<nil>,<nil>,<nil>,<nil>,817,<nil>
1848397656,<nil>,<nil>,<nil>,<nil>,<nil>,<nil>,<nil>,<nil>,369,<nil>
4200877901,<nil>,<nil>,<nil>,<nil>,<nil>,<nil>,<nil>,<nil>,840,<nil>
3278589773,<nil>,<nil>,<nil>,<nil>,<nil>,<nil>,<nil>,<nil>,655,<nil>
2262107812,<nil>,<nil>,<nil>,<nil>,<nil>,<nil>,<nil>,<nil>,452,<nil>
2434879308,<nil>,<nil>,<nil>,<nil>,<nil>,<nil>,<nil>,<nil>,486,<nil>
1107167232,<nil>,<nil>,<nil>,<nil>,<nil>,<nil>,<nil>,<nil>,221,<nil>
228740965,<nil>,<nil>,<nil>,<nil>,<nil>,<nil>,<nil>,<nil>,45,<nil>
841371480,<nil>,<nil>,<nil>,<nil>,<nil>,<nil>,<nil>,<nil>,168,<nil>
349851468,<nil>,<nil>,<nil>,<nil>,<nil>,<nil>,<nil>,<nil>,69,<nil>
176639832,<nil>,<nil>,<nil>,<nil>,<nil>,<nil>,<nil>,<nil>,35,<nil>
2085506893,<nil>,<nil>,<nil>,<nil>,<nil>,<nil>,<nil>,<nil>,417,<nil>
1320898393,<nil>,<nil>,<nil>,<nil>,<nil>,<nil>,<nil>,<nil>,264,<nil>
3087804263,<nil>,<nil>,<nil>,<nil>,<nil>,<nil>,<nil>,<nil>,617,<nil>
1648643928,<nil>,<nil>,<nil>,<nil>,<nil>,<nil>,<nil>,<nil>,329,<nil>
1266306893,<nil>,<nil>,<nil>,<nil>,<nil>,<nil>,<nil>,<nil>,253,<nil>
4030943052,<nil>,<nil>,<nil>,<nil>,<nil>,<nil>,<nil>,<nil>,806,<nil>
2224049996,<nil>,<nil>,<nil>,<nil>,<nil>,<nil>,<nil>,<nil>,444,<nil>
735924045,<nil>,<nil>,<nil>,<nil>,<nil>,<nil>,<nil>,<nil>,147,<nil>
599084876,<nil>,<nil>,<nil>,<nil>,<nil>,<nil>,<nil>,<nil>,119,<nil>
3549384525,<nil>,<nil>,<nil>,<nil>,<nil>,<nil>,<nil>,<nil>,709,<nil>
2328973172,<nil>,<nil>,<nil>,<nil>,<nil>,<nil>,<nil>,<nil>,465,<nil>
3876015948,<nil>,<nil>,<nil>,<nil>,<nil>,<nil>,<nil>,<nil>,775,<nil>
2103529305,<nil>,<nil>,<nil>,<nil>,<nil>,<nil>,<nil>,<nil>,420,<nil>
1993494361,<nil>,<nil>,<nil>,<nil>,<nil>,<nil>,<nil>,<nil>,398,<nil>
1782665048,<nil>,<nil>,<nil>,<nil>,<nil>,<nil>,<nil>,<nil>,356,<nil>
2857717593,<nil>,<nil>,<nil>,<nil>,<nil>,<nil>,<nil>,<nil>,571,<nil>
1343835993,<nil>,<nil>,<nil>,<nil>,<nil>,<nil>,<nil>,<nil>,268,<nil>
3243724633,<nil>,<nil>,<nil>,<nil>,<nil>,<nil>,<nil>,<nil>,648,<nil>
2728283980,<nil>,<nil>,<nil>,<nil>,<nil>,<nil>,<nil>,<nil>,545,<nil>
2359361647,<nil>,<nil>,<nil>,<nil>,<nil>,<nil>,<nil>,<nil>,471,<nil>
3847901017,<nil>,<nil>,<nil>,<nil>,<nil>,<nil>,<nil>,<nil>,769,<nil>
3516794896,<nil>,<nil>,<nil>,<nil>,<nil>,<nil>,<nil>,<nil>,703,<nil>
528305996,<nil>,<nil>,<nil>,<nil>,<nil>,<nil>,<nil>,<nil>,105,<nil>
3310112588,<nil>,<nil>,<nil>,<nil>,<nil>,<nil>,<nil>,<nil>,662,<nil>
913657676,<nil>,<nil>,<nil>,<nil>,<nil>,<nil>,<nil>,<nil>,182,<nil>
4174991193,<nil>,<nil>,<nil>,<nil>,<nil>,<nil>,<nil>,<nil>,834,<nil>
1206538060,<nil>,<nil>,<nil>,<nil>,<nil>,<nil>,<nil>,<nil>,241,<nil>
4001189720,<nil>,<nil>,<nil>,<nil>,<nil>,<nil>,<nil>,<nil>,800,<nil>
2939965261,<nil>,<nil>,<nil>,<nil>,<nil>,<nil>,<nil>,<nil>,587,<nil>
797462361,<nil>,<nil>,<nil>,<nil>,<nil>,<nil>,<nil>,<nil>,159,<nil>
4191037286,<nil>,<nil>,<nil>,<nil>,<nil>,<nil>,<nil>,<nil>,838,<nil>
2770292556,<nil>,<nil>,<nil>,<nil>,<nil>,<nil>,<nil>,<nil>,554,<nil>
2729922380,<nil>,<nil>,<nil>,<nil>,<nil>,<nil>,<nil>,<nil>,545,<nil>
856510309,<nil>,<nil>,<nil>,<nil>,<nil>,<nil>,<nil>,<nil>,171,<nil>
4027404109,<nil>,<nil>,<nil>,<nil>,<nil>,<nil>,<nil>,<nil>,805,<nil>
4120923992,<nil>,<nil>,<nil>,<nil>,<nil>,<nil>,<nil>,<nil>,824,<nil>
2974568292,<nil>,<nil>,<nil>,<nil>,<nil>,<nil>,<nil>,<nil>,594,<nil>
1260801869,<nil>,<nil>,<nil>,<nil>,<nil>,<nil>,<nil>,<nil>,252,<nil>
326717272,<nil>,<nil>,<nil>,<nil>,<nil>,<nil>,<nil>,<nil>,65,<nil>
2920435544,<nil>,<nil>,<nil>,<nil>,<nil>,<nil>,<nil>,<nil>,584,<nil>
1183666020,<nil>,<nil>,<nil>,<nil>,<nil>,<nil>,<nil>,<nil>,236,<nil>
3334033241,<nil>,<nil>,<nil>,<nil>,<nil>,<nil>,<nil>,<nil>,666,<nil>
2412072793,<nil>,<nil>,<nil>,<nil>,<nil>,<nil>,<nil>,<nil>,482,<nil>
2409058137,<nil>,<nil>,<nil>,<nil>,<nil>,<nil>,<nil>,<nil>,481,<nil>
1013975056,<nil>,<nil>,<nil>,<nil>,<nil>,<nil>,<nil>,<nil>,202,<nil>
2631552845,<nil>,<nil>,<nil>,<nil>,<nil>,<nil>,<nil>,<nil>,526,<nil>
2095140685,<nil>,<nil>,<nil>,<nil>,<nil>,<nil>,<nil>,<nil>,419,<nil>
1780830053,<nil>,<nil>,<nil>,<nil>,<nil>,<nil>,<nil>,<nil>,356,<nil>
4225453913,<nil>,<nil>,<nil>,<nil>,<nil>,<nil>,<nil>,<nil>,845,<nil>
4161538144,<nil>,<nil>,<nil>,<nil>,<nil>,<nil>,<nil>,<nil>,832,<nil>
3979562840,<nil>,<nil>,<nil>,<nil>,<nil>,<nil>,<nil>,<nil>,795,<nil>
1949519717,<nil>,<nil>,<nil>,<nil>,<nil>,<nil>,<nil>,<nil>,389,<nil>
1842728416,<nil>,<nil>,<nil>,<nil>,<nil>,<nil>,<nil>,<nil>,368,<nil>
3565309773,<nil>,<nil>,<nil>,<nil>,<nil>,<nil>,<nil>,<nil>,713,<nil>
1757499213,<nil>,<nil>,<nil>,<nil>,<nil>,<nil>,<nil>,<nil>,351,<nil>
1451296987,<nil>,<nil>,<nil>,<nil>,<nil>,<nil>,<nil>,<nil>,290,<nil>
3402125144,<nil>,<nil>,<nil>,<nil>,<nil>,<nil>,<nil>,<nil>,680,<nil>
1325027161,<nil>,<nil>,<nil>,<nil>,<nil>,<nil>,<nil>,<nil>,265,<nil>
549932889,<nil>,<nil>,<nil>,<nil>,<nil>,<nil>,<nil>,<nil>,109,<nil>
1661620045,<nil>,<nil>,<nil>,<nil>,<nil>,<nil>,<nil>,<nil>,332,<nil>
146755405,<nil>,<nil>,<nil>,<nil>,<nil>,<nil>,<nil>,<nil>,29,<nil>
4170665829,<nil>,<nil>,<nil>,<nil>,<nil>,<nil>,<nil>,<nil>,834,<nil>
1025331045,<nil>,<nil>,<nil>,<nil>,<nil>,<nil>,<nil>,<nil>,205,<nil>
3772186621,<nil>,<nil>,<nil>,<nil>,<nil>,<nil>,<nil>,<nil>,754,<nil>
2808631129,<nil>,<nil>,<nil>,<nil>,<nil>,<nil>,<nil>,<nil>,561,<nil>
3181989708,<nil>,<nil>,<nil>,<nil>,<nil>,<nil>,<nil>,<nil>,636,<nil>
1827491672,<nil>,<nil>,<nil>,<nil>,<nil>,<nil>,<nil>,<nil>,365,<nil>
1200967512,<nil>,<nil>,<nil>,<nil>,<nil>,<nil>,<nil>,<nil>,240,<nil>
3997388621,<nil>,<nil>,<nil>,<nil>,<nil>,<nil>,<nil>,<nil>,799,<nil>
2189512525,<nil>,<nil>,<nil>,<nil>,<nil>,<nil>,<nil>,<nil>,437,<nil>
371674968,<nil>,<nil>,<nil>,<nil>,<nil>,<nil>,<nil>,<nil>,74,<nil>
35737432,<nil>,<nil>,<nil>,<nil>,<nil>,<nil>,<nil>,<nil>,7,<nil>
69816152,<nil>,<nil>,<nil>,<nil>,<nil>,<nil>,<nil>,<nil>,13,<nil>
2142326617,<nil>,<nil>,<nil>,<nil>,<nil>,<nil>,<nil>,<nil>,428,<nil>
1427197796,<nil>,<nil>,<nil>,<nil>,<nil>,<nil>,<nil>,<nil>,285,<nil>
818368333,<nil>,<nil>,<nil>,<nil>,<nil>,<nil>,<nil>,<nil>,163,<nil>
3317845849,<nil>,<nil>,<nil>,<nil>,<nil>,<nil>,<nil>,<nil>,663,<nil>
2725138265,<nil>,<nil>,<nil>,<nil>,<nil>,<nil>,<nil>,<nil>,545,<nil>
1196773197,<nil>,<nil>,<nil>,<nil>,<nil>,<nil>,<nil>,<nil>,239,<nil>
736972325,<nil>,<nil>,<nil>,<nil>,<nil>,<nil>,<nil>,<nil>,147,<nil>
2011385677,<nil>,<nil>,<nil>,<nil>,<nil>,<nil>,<nil>,<nil>,402,<nil>
328290124,<nil>,<nil>,<nil>,<nil>,<nil>,<nil>,<nil>,<nil>,65,<nil>
3582938969,<nil>,<nil>,<nil>,<nil>,<nil>,<nil>,<nil>,<nil>,716,<nil>
4176826188,<nil>,<nil>,<nil>,<nil>,<nil>,<nil>,<nil>,<nil>,835,<nil>
2403880793,<nil>,<nil>,<nil>,<nil>,<nil>,<nil>,<nil>,<nil>,480,<nil>
1042042713,<nil>,<nil>,<nil>,<nil>,<nil>,<nil>,<nil>,<nil>,208,<nil>
3949612888,<nil>,<nil>,<nil>,<nil>,<nil>,<nil>,<nil>,<nil>,789,<nil>
2392870733,<nil>,<nil>,<nil>,<nil>,<nil>,<nil>,<nil>,<nil>,478,<nil>
1334071129,<nil>,<nil>,<nil>,<nil>,<nil>,<nil>,<nil>,<nil>,266,<nil>
3810807629,<nil>,<nil>,<nil>,<nil>,<nil>,<nil>,<nil>,<nil>,762,<nil>
3452718924,<nil>,<nil>,<nil>,<nil>,<nil>,<nil>,<nil>,<nil>,690,<nil>
1582321509,<nil>,<nil>,<nil>,<nil>,<nil>,<nil>,<nil>,<nil>,316,<nil>
904726747,<nil>,<nil>,<nil>,<nil>,<nil>,<nil>,<nil>,<nil>,180,<nil>
2088652620,<nil>,<nil>,<nil>,<nil>,<nil>,<nil>,<nil>,<nil>,417,<nil>
1786039776,<nil>,<nil>,<nil>,<nil>,<nil>,<nil>,<nil>,<nil>,357,<nil>
3669643124,<nil>,<nil>,<nil>,<nil>,<nil>,<nil>,<nil>,<nil>,733,<nil>
1964134232,<nil>,<nil>,<nil>,<nil>,<nil>,<nil>,<nil>,<nil>,392,<nil>
1242549727,<nil>,<nil>,<nil>,<nil>,<nil>,<nil>,<nil>,<nil>,248,<nil>
3496955736,<nil>,<nil>,<nil>,<nil>,<nil>,<nil>,<nil>,<nil>,699,<nil>
1701203789,<nil>,<nil>,<nil>,<nil>,<nil>,<nil>,<nil>,<nil>,340,<nil>
268830760,<nil>,<nil>,<nil>,<nil>,<nil>,<nil>,<nil>,<nil>,53,<nil>
3282653017,<nil>,<nil>,<nil>,<nil>,<nil>,<nil>,<nil>,<nil>,656,<nil>
3708899172,<nil>,<nil>,<nil>,<nil>,<nil>,<nil>,<nil>,<nil>,741,<nil>
2594721625,<nil>,<nil>,<nil>,<nil>,<nil>,<nil>,<nil>,<nil>,518,<nil>
3367980889,<nil>,<nil>,<nil>,<nil>,<nil>,<nil>,<nil>,<nil>,673,<nil>
1697271629,<nil>,<nil>,<nil>,<nil>,<nil>,<nil>,<nil>,<nil>,339,<nil>
1069502285,<nil>,<nil>,<nil>,<nil>,<nil>,<nil>,<nil>,<nil>,213,<nil>
3365162841,<nil>,<nil>,<nil>,<nil>,<nil>,<nil>,<nil>,<nil>,673,<nil>
968642393,<nil>,<nil>,<nil>,<nil>,<nil>,<nil>,<nil>,<nil>,193,<nil>
476860237,<nil>,<nil>,<nil>,<nil>,<nil>,<nil>,<nil>,<nil>,95,<nil>
2730690212,<nil>,<nil>,<nil>,<nil>,<nil>,<nil>,<nil>,<nil>,546,<nil>
230379381,<nil>,<nil>,<nil>,<nil>,<nil>,<nil>,<nil>,<nil>,46,<nil>
3142471500,<nil>,<nil>,<nil>,<nil>,<nil>,<nil>,<nil>,<nil>,628,<nil>
917393229,<nil>,<nil>,<nil>,<nil>,<nil>,<nil>,<nil>,<nil>,183,<nil>
266096460,<nil>,<nil>,<nil>,<nil>,<nil>,<nil>,<nil>,<nil>,53,<nil>
492195684,<nil>,<nil>,<nil>,<nil>,<nil>,<nil>,<nil>,<nil>,98,<nil>
2934329177,<nil>,<nil>,<nil>,<nil>,<nil>,<nil>,<nil>,<nil>,586,<nil>
2358333310,<nil>,<nil>,<nil>,<nil>,<nil>,<nil>,<nil>,<nil>,471,<nil>
3691007820,<nil>,<nil>,<nil>,<nil>,<nil>,<nil>,<nil>,<nil>,738,<nil>
2051428173,<nil>,<nil>,<nil>,<nil>,<nil>,<nil>,<nil>,<nil>,410,<nil>
718612325,<nil>,<nil>,<nil>,<nil>,<nil>,<nil>,<nil>,<nil>,143,<nil>
3744091980,<nil>,<nil>,<nil>,<nil>,<nil>,<nil>,<nil>,<nil>,748,<nil>
3496103768,<nil>,<nil>,<nil>,<nil>,<nil>,<nil>,<nil>,<nil>,699,<nil>
1553223501,<nil>,<nil>,<nil>,<nil>,<nil>,<nil>,<nil>,<nil>,310,<nil>
3905441625,<nil>,<nil>,<nil>,<nil>,<nil>,<nil>,<nil>,<nil>,781,<nil>
3739748352,<nil>,<nil>,<nil>,<nil>,<nil>,<nil>,<nil>,<nil>,747,<nil>
3859351761,<nil>,<nil>,<nil>,<nil>,<nil>,<nil>,<nil>,<nil>,771,<nil>
2859224909,<nil>,<nil>,<nil>,<nil>,<nil>,<nil>,<nil>,<nil>,571,<nil>
2266320740,<nil>,<nil>,<nil>,<nil>,<nil>,<nil>,<nil>,<nil>,453,<nil>
2152353612,<nil>,<nil>,<nil>,<nil>,<nil>,<nil>,<nil>,<nil>,430,<nil>
368201549,<nil>,<nil>,<nil>,<nil>,<nil>,<nil>,<nil>,<nil>,73,<nil>
3815853912,<nil>,<nil>,<nil>,<nil>,<nil>,<nil>,<nil>,<nil>,763,<nil>
1447317337,<nil>,<nil>,<nil>,<nil>,<nil>,<nil>,<nil>,<nil>,289,<nil>
955076429,<nil>,<nil>,<nil>,<nil>,<nil>,<nil>,<nil>,<nil>,191,<nil>
1493061464,<nil>,<nil>,<nil>,<nil>,<nil>,<nil>,<nil>,<nil>,298,<nil>
3848556365,<nil>,<nil>,<nil>,<nil>,<nil>,<nil>,<nil>,<nil>,769,<nil>
3380301657,<nil>,<nil>,<nil>,<nil>,<nil>,<nil>,<nil>,<nil>,676,<nil>
908808012,<nil>,<nil>,<nil>,<nil>,<nil>,<nil>,<nil>,<nil>,181,<nil>
3286847321,<nil>,<nil>,<nil>,<nil>,<nil>,<nil>,<nil>,<nil>,657,<nil>
2846230190,<nil>,<nil>,<nil>,<nil>,<nil>,<nil>,<nil>,<nil>,569,<nil>
2750893913,<nil>,<nil>,<nil>,<nil>,<nil>,<nil>,<nil>,<nil>,550,<nil>
1203261260,<nil>,<nil>,<nil>,<nil>,<nil>,<nil>,<nil>,<nil>,240,<nil>
3541323596,<nil>,<nil>,<nil>,<nil>,<nil>,<nil>,<nil>,<nil>,708,<nil>
2652655449,<nil>,<nil>,<nil>,<nil>,<nil>,<nil>,<nil>,<nil>,530,<nil>
3039514444,<nil>,<nil>,<nil>,<nil>,<nil>,<nil>,<nil>,<nil>,607,<nil>
1172131684,<nil>,<nil>,<nil>,<nil>,<nil>,<nil>,<nil>,<nil>,234,<nil>
3313586009,<nil>,<nil>,<nil>,<nil>,<nil>,<nil>,<nil>,<nil>,662,<nil>
2689027929,<nil>,<nil>,<nil>,<nil>,<nil>,<nil>,<nil>,<nil>,537,<nil>
3377745752,<nil>,<nil>,<nil>,<nil>,<nil>,<nil>,<nil>,<nil>,675,<nil>
1495158629,<nil>,<nil>,<nil>,<nil>,<nil>,<nil>,<nil>,<nil>,299,<nil>
218124149,<nil>,<nil>,<nil>,<nil>,<nil>,<nil>,<nil>,<nil>,43,<nil>
2158514008,<nil>,<nil>,<nil>,<nil>,<nil>,<nil>,<nil>,<nil>,431,<nil>
365055821,<nil>,<nil>,<nil>,<nil>,<nil>,<nil>,<nil>,<nil>,73,<nil>
2425900889,<nil>,<nil>,<nil>,<nil>,<nil>,<nil>,<nil>,<nil>,485,<nil>
1207979865,<nil>,<nil>,<nil>,<nil>,<nil>,<nil>,<nil>,<nil>,241,<nil>
623464269,<nil>,<nil>,<nil>,<nil>,<nil>,<nil>,<nil>,<nil>,124,<nil>
3109834573,<nil>,<nil>,<nil>,<nil>,<nil>,<nil>,<nil>,<nil>,621,<nil>
3159951496,<nil>,<nil>,<nil>,<nil>,<nil>,<nil>,<nil>,<nil>,631,<nil>
2716946252,<nil>,<nil>,<nil>,<nil>,<nil>,<nil>,<nil>,<nil>,543,<nil>
786255693,<nil>,<nil>,<nil>,<nil>,<nil>,<nil>,<nil>,<nil>,157,<nil>
147017560,<nil>,<nil>,<nil>,<nil>,<nil>,<nil>,<nil>,<nil>,29,<nil>
1134513997,<nil>,<nil>,<nil>,<nil>,<nil>,<nil>,<nil>,<nil>,226,<nil>
3534376804,<nil>,<nil>,<nil>,<nil>,<nil>,<nil>,<nil>,<nil>,706,<nil>
3705556812,<nil>,<nil>,<nil>,<nil>,<nil>,<nil>,<nil>,<nil>,741,<nil>
650727268,<nil>,<nil>,<nil>,<nil>,<nil>,<nil>,<nil>,<nil>,130,<nil>
3367194456,<nil>,<nil>,<nil>,<nil>,<nil>,<nil>,<nil>,<nil>,673,<nil>
1773227876,<nil>,<nil>,<nil>,<nil>,<nil>,<nil>,<nil>,<nil>,354,<nil>
4115877733,<nil>,<nil>,<nil>,<nil>,<nil>,<nil>,<nil>,<nil>,823,<nil>
3407433548,<nil>,<nil>,<nil>,<nil>,<nil>,<nil>,<nil>,<nil>,681,<nil>
3090698073,<nil>,<nil>,<nil>,<nil>,<nil>,<nil>,<nil>,<nil>,618,<nil>
1121668941,<nil>,<nil>,<nil>,<nil>,<nil>,<nil>,<nil>,<nil>,224,<nil>
4188557144,<nil>,<nil>,<nil>,<nil>,<nil>,<nil>,<nil>,<nil>,837,<nil>
1955811149,<nil>,<nil>,<nil>,<nil>,<nil>,<nil>,<nil>,<nil>,391,<nil>
1238847332,<nil>,<nil>,<nil>,<nil>,<nil>,<nil>,<nil>,<nil>,247,<nil>
3645460300,<nil>,<nil>,<nil>,<nil>,<nil>,<nil>,<nil>,<nil>,729,<nil>
2016300889,<nil>,<nil>,<nil>,<nil>,<nil>,<nil>,<nil>,<nil>,403,<nil>
953306957,<nil>,<nil>,<nil>,<nil>,<nil>,<nil>,<nil>,<nil>,190,<nil>
4155133772,<nil>,<nil>,<nil>,<nil>,<nil>,<nil>,<nil>,<nil>,831,<nil>
1060261709,<nil>,<nil>,<nil>,<nil>,<nil>,<nil>,<nil>,<nil>,212,<nil>
3548991309,<nil>,<nil>,<nil>,<nil>,<nil>,<nil>,<nil>,<nil>,709,<nil>
1865568076,<nil>,<nil>,<nil>,<nil>,<nil>,<nil>,<nil>,<nil>,373,<nil>
1824608076,<nil>,<nil>,<nil>,<nil>,<nil>,<nil>,<nil>,<nil>,364,<nil>
3142864728,<nil>,<nil>,<nil>,<nil>,<nil>,<nil>,<nil>,<nil>,628,<nil>
1327451980,<nil>,<nil>,<nil>,<nil>,<nil>,<nil>,<nil>,<nil>,265,<nil>
419759780,<nil>,<nil>,<nil>,<nil>,<nil>,<nil>,<nil>,<nil>,83,<nil>
3745646633,<nil>,<nil>,<nil>,<nil>,<nil>,<nil>,<nil>,<nil>,749,<nil>
1759661950,<nil>,<nil>,<nil>,<nil>,<nil>,<nil>,<nil>,<nil>,351,<nil>
907890520,<nil>,<nil>,<nil>,<nil>,<nil>,<nil>,<nil>,<nil>,181,<nil>
2908835661,<nil>,<nil>,<nil>,<nil>,<nil>,<nil>,<nil>,<nil>,581,<nil>
1702037520,<nil>,<nil>,<nil>,<nil>,<nil>,<nil>,<nil>,<nil>,340,<nil>
2072596300,<nil>,<nil>,<nil>,<nil>,<nil>,<nil>,<nil>,<nil>,414,<nil>
3364245325,<nil>,<nil>,<nil>,<nil>,<nil>,<nil>,<nil>,<nil>,672,<nil>
1769866217,<nil>,<nil>,<nil>,<nil>,<nil>,<nil>,<nil>,<nil>,353,<nil>
761876300,<nil>,<nil>,<nil>,<nil>,<nil>,<nil>,<nil>,<nil>,152,<nil>
3255914317,<nil>,<nil>,<nil>,<nil>,<nil>,<nil>,<nil>,<nil>,651,<nil>
1884293120,<nil>,<nil>,<nil>,<nil>,<nil>,<nil>,<nil>,<nil>,376,<nil>
3936177997,<nil>,<nil>,<nil>,<nil>,<nil>,<nil>,<nil>,<nil>,787,<nil>
3258798090,<nil>,<nil>,<nil>,<nil>,<nil>,<nil>,<nil>,<nil>,651,<nil>
1820741464,<nil>,<nil>,<nil>,<nil>,<nil>,<nil>,<nil>,<nil>,364,<nil>
2948484953,<nil>,<nil>,<nil>,<nil>,<nil>,<nil>,<nil>,<nil>,589,<nil>
982994765,<nil>,<nil>,<nil>,<nil>,<nil>,<nil>,<nil>,<nil>,196,<nil>
479416140,<nil>,<nil>,<nil>,<nil>,<nil>,<nil>,<nil>,<nil>,95,<nil>
1749831500,<nil>,<nil>,<nil>,<nil>,<nil>,<nil>,<nil>,<nil>,349,<nil>
3966586701,<nil>,<nil>,<nil>,<nil>,<nil>,<nil>,<nil>,<nil>,793,<nil>
3498528601,<nil>,<nil>,<nil>,<nil>,<nil>,<nil>,<nil>,<nil>,699,<nil>
2109689688,<nil>,<nil>,<nil>,<nil>,<nil>,<nil>,<nil>,<nil>,421,<nil>
179064665,<nil>,<nil>,<nil>,<nil>,<nil>,<nil>,<nil>,<nil>,35,<nil>
3958787916,<nil>,<nil>,<nil>,<nil>,<nil>,<nil>,<nil>,<nil>,791,<nil>
3512094580,<nil>,<nil>,<nil>,<nil>,<nil>,<nil>,<nil>,<nil>,702,<nil>
1417629517,<nil>,<nil>,<nil>,<nil>,<nil>,<nil>,<nil>,<nil>,283,<nil>
1671974733,<nil>,<nil>,<nil>,<nil>,<nil>,<nil>,<nil>,<nil>,334,<nil>
3830402893,<nil>,<nil>,<nil>,<nil>,<nil>,<nil>,<nil>,<nil>,766,<nil>
2460241741,<nil>,<nil>,<nil>,<nil>,<nil>,<nil>,<nil>,<nil>,492,<nil>
2466973712,<nil>,<nil>,<nil>,<nil>,<nil>,<nil>,<nil>,<nil>,493,<nil>
3631350760,<nil>,<nil>,<nil>,<nil>,<nil>,<nil>,<nil>,<nil>,726,<nil>
2445870071,<nil>,<nil>,<nil>,<nil>,<nil>,<nil>,<nil>,<nil>,489,<nil>
3298643800,<nil>,<nil>,<nil>,<nil>,<nil>,<nil>,<nil>,<nil>,659,<nil>
1639075672,<nil>,<nil>,<nil>,<nil>,<nil>,<nil>,<nil>,<nil>,327,<nil>
3832237912,<nil>,<nil>,<nil>,<nil>,<nil>,<nil>,<nil>,<nil>,766,<nil>
3216658253,<nil>,<nil>,<nil>,<nil>,<nil>,<nil>,<nil>,<nil>,643,<nil>
2822983541,<nil>,<nil>,<nil>,<nil>,<nil>,<nil>,<nil>,<nil>,564,<nil>
1487078391,<nil>,<nil>,<nil>,<nil>,<nil>,<nil>,<nil>,<nil>,297,<nil>
3672450921,<nil>,<nil>,<nil>,<nil>,<nil>,<nil>,<nil>,<nil>,734,<nil>
2144423757,<nil>,<nil>,<nil>,<nil>,<nil>,<nil>,<nil>,<nil>,428,<nil>
552423244,<nil>,<nil>,<nil>,<nil>,<nil>,<nil>,<nil>,<nil>,110,<nil>
3564785509,<nil>,<nil>,<nil>,<nil>,<nil>,<nil>,<nil>,<nil>,712,<nil>
3947843428,<nil>,<nil>,<nil>,<nil>,<nil>,<nil>,<nil>,<nil>,789,<nil>
3978121036,<nil>,<nil>,<nil>,<nil>,<nil>,<nil>,<nil>,<nil>,795,<nil>
2743338671,<nil>,<nil>,<nil>,<nil>,<nil>,<nil>,<nil>,<nil>,548,<nil>
1999982424,<nil>,<nil>,<nil>,<nil>,<nil>,<nil>,<nil>,<nil>,399,<nil>
1160728397,<nil>,<nil>,<nil>,<nil>,<nil>,<nil>,<nil>,<nil>,232,<nil>
3941551949,<nil>,<nil>,<nil>,<nil>,<nil>,<nil>,<nil>,<nil>,788,<nil>
2568376152,<nil>,<nil>,<nil>,<nil>,<nil>,<nil>,<nil>,<nil>,513,<nil>
1882083160,<nil>,<nil>,<nil>,<nil>,<nil>,<nil>,<nil>,<nil>,376,<nil>
1409353947,<nil>,<nil>,<nil>,<nil>,<nil>,<nil>,<nil>,<nil>,281,<nil>
3290189644,<nil>,<nil>,<nil>,<nil>,<nil>,<nil>,<nil>,<nil>,658,<nil>
1643335512,<nil>,<nil>,<nil>,<nil>,<nil>,<nil>,<nil>,<nil>,328,<nil>
1442729804,<nil>,<nil>,<nil>,<nil>,<nil>,<nil>,<nil>,<nil>,288,<nil>
2345731748,<nil>,<nil>,<nil>,<nil>,<nil>,<nil>,<nil>,<nil>,469,<nil>
4276506468,<nil>,<nil>,<nil>,<nil>,<nil>,<nil>,<nil>,<nil>,855,<nil>
3274198861,<nil>,<nil>,<nil>,<nil>,<nil>,<nil>,<nil>,<nil>,654,<nil>
598560612,<nil>,<nil>,<nil>,<nil>,<nil>,<nil>,<nil>,<nil>,119,<nil>
3202418991,<nil>,<nil>,<nil>,<nil>,<nil>,<nil>,<nil>,<nil>,640,<nil>
2100121432,<nil>,<nil>,<nil>,<nil>,<nil>,<nil>,<nil>,<nil>,420,<nil>
996691801,<nil>,<nil>,<nil>,<nil>,<nil>,<nil>,<nil>,<nil>,199,<nil>
4013099049,<nil>,<nil>,<nil>,<nil>,<nil>,<nil>,<nil>,<nil>,802,<nil>
2833993560,<nil>,<nil>,<nil>,<nil>,<nil>,<nil>,<nil>,<nil>,566,<nil>
1186025293,<nil>,<nil>,<nil>,<nil>,<nil>,<nil>,<nil>,<nil>,237,<nil>
700862297,<nil>,<nil>,<nil>,<nil>,<nil>,<nil>,<nil>,<nil>,140,<nil>
3741601612,<nil>,<nil>,<nil>,<nil>,<nil>,<nil>,<nil>,<nil>,748,<nil>
2966245196,<nil>,<nil>,<nil>,<nil>,<nil>,<nil>,<nil>,<nil>,593,<nil>
828133196,<nil>,<nil>,<nil>,<nil>,<nil>,<nil>,<nil>,<nil>,165,<nil>
3346288473,<nil>,<nil>,<nil>,<nil>,<nil>,<nil>,<nil>,<nil>,669,<nil>
2876573696,<nil>,<nil>,<nil>,<nil>,<nil>,<nil>,<nil>,<nil>,575,<nil>
1394036569,<nil>,<nil>,<nil>,<nil>,<nil>,<nil>,<nil>,<nil>,278,<nil>
3723120461,<nil>,<nil>,<nil>,<nil>,<nil>,<nil>,<nil>,<nil>,744,<nil>
3378859864,<nil>,<nil>,<nil>,<nil>,<nil>,<nil>,<nil>,<nil>,675,<nil>
1448038233,<nil>,<nil>,<nil>,<nil>,<nil>,<nil>,<nil>,<nil>,289,<nil>
4120137548,<nil>,<nil>,<nil>,<nil>,<nil>,<nil>,<nil>,<nil>,824,<nil>
2618183512,<nil>,<nil>,<nil>,<nil>,<nil>,<nil>,<nil>,<nil>,523,<nil>
832065369,<nil>,<nil>,<nil>,<nil>,<nil>,<nil>,<nil>,<nil>,166,<nil>
3497723920,<nil>,<nil>,<nil>,<nil>,<nil>,<nil>,<nil>,<nil>,699,<nil>
1544114008,<nil>,<nil>,<nil>,<nil>,<nil>,<nil>,<nil>,<nil>,308,<nil>
2234666869,<nil>,<nil>,<nil>,<nil>,<nil>,<nil>,<nil>,<nil>,446,<nil>
727778295,<nil>,<nil>,<nil>,<nil>,<nil>,<nil>,<nil>,<nil>,145,<nil>
3522514777,<nil>,<nil>,<nil>,<nil>,<nil>,<nil>,<nil>,<nil>,704,<nil>
3111079768,<nil>,<nil>,<nil>,<nil>,<nil>,<nil>,<nil>,<nil>,622,<nil>
998133580,<nil>,<nil>,<nil>,<nil>,<nil>,<nil>,<nil>,<nil>,199,<nil>
3066711885,<nil>,<nil>,<nil>,<nil>,<nil>,<nil>,<nil>,<nil>,613,<nil>
3038924633,<nil>,<nil>,<nil>,<nil>,<nil>,<nil>,<nil>,<nil>,607,<nil>
2008960844,<nil>,<nil>,<nil>,<nil>,<nil>,<nil>,<nil>,<nil>,401,<nil>
4201336652,<nil>,<nil>,<nil>,<nil>,<nil>,<nil>,<nil>,<nil>,840,<nil>
3604303705,<nil>,<nil>,<nil>,<nil>,<nil>,<nil>,<nil>,<nil>,720,<nil>
3934605144,<nil>,<nil>,<nil>,<nil>,<nil>,<nil>,<nil>,<nil>,786,<nil>
2128301912,<nil>,<nil>,<nil>,<nil>,<nil>,<nil>,<nil>,<nil>,425,<nil>
308039500,<nil>,<nil>,<nil>,<nil>,<nil>,<nil>,<nil>,<nil>,61,<nil>
2389856089,<nil>,<nil>,<nil>,<nil>,<nil>,<nil>,<nil>,<nil>,477,<nil>
1025527628,<nil>,<nil>,<nil>,<nil>,<nil>,<nil>,<nil>,<nil>,205,<nil>
3587639312,<nil>,<nil>,<nil>,<nil>,<nil>,<nil>,<nil>,<nil>,717,<nil>
2331332441,<nil>,<nil>,<nil>,<nil>,<nil>,<nil>,<nil>,<nil>,466,<nil>
2079412045,<nil>,<nil>,<nil>,<nil>,<nil>,<nil>,<nil>,<nil>,415,<nil>
271863629,<nil>,<nil>,<nil>,<nil>,<nil>,<nil>,<nil>,<nil>,54,<nil>
3366594408,<nil>,<nil>,<nil>,<nil>,<nil>,<nil>,<nil>,<nil>,673,<nil>
2207797080,<nil>,<nil>,<nil>,<nil>,<nil>,<nil>,<nil>,<nil>,441,<nil>
261050189,<nil>,<nil>,<nil>,<nil>,<nil>,<nil>,<nil>,<nil>,52,<nil>
3138782185,<nil>,<nil>,<nil>,<nil>,<nil>,<nil>,<nil>,<nil>,627,<nil>
1809076044,<nil>,<nil>,<nil>,<nil>,<nil>,<nil>,<nil>,<nil>,361,<nil>
3141816152,<nil>,<nil>,<nil>,<nil>,<nil>,<nil>,<nil>,<nil>,628,<nil>
771116889,<nil>,<nil>,<nil>,<nil>,<nil>,<nil>,<nil>,<nil>,154,<nil>
728125273,<nil>,<nil>,<nil>,<nil>,<nil>,<nil>,<nil>,<nil>,145,<nil>
3124383576,<nil>,<nil>,<nil>,<nil>,<nil>,<nil>,<nil>,<nil>,624,<nil>
1611747160,<nil>,<nil>,<nil>,<nil>,<nil>,<nil>,<nil>,<nil>,322,<nil>
259477325,<nil>,<nil>,<nil>,<nil>,<nil>,<nil>,<nil>,<nil>,51,<nil>
884166477,<nil>,<nil>,<nil>,<nil>,<nil>,<nil>,<nil>,<nil>,176,<nil>
3088273241,<nil>,<nil>,<nil>,<nil>,<nil>,<nil>,<nil>,<nil>,617,<nil>
1428508505,<nil>,<nil>,<nil>,<nil>,<nil>,<nil>,<nil>,<nil>,285,<nil>
2056277836,<nil>,<nil>,<nil>,<nil>,<nil>,<nil>,<nil>,<nil>,411,<nil>
726093657,<nil>,<nil>,<nil>,<nil>,<nil>,<nil>,<nil>,<nil>,145,<nil>
1698254680,<nil>,<nil>,<nil>,<nil>,<nil>,<nil>,<nil>,<nil>,339,<nil>
37900120,<nil>,<nil>,<nil>,<nil>,<nil>,<nil>,<nil>,<nil>,7,<nil>
2550484825,<nil>,<nil>,<nil>,<nil>,<nil>,<nil>,<nil>,<nil>,510,<nil>
1744981861,<nil>,<nil>,<nil>,<nil>,<nil>,<nil>,<nil>,<nil>,348,<nil>
310792024,<nil>,<nil>,<nil>,<nil>,<nil>,<nil>,<nil>,<nil>,62,<nil>
3920298985,<nil>,<nil>,<nil>,<nil>,<nil>,<nil>,<nil>,<nil>,784,<nil>
951603044,<nil>,<nil>,<nil>,<nil>,<nil>,<nil>,<nil>,<nil>,190,<nil>
3795996492,<nil>,<nil>,<nil>,<nil>,<nil>,<nil>,<nil>,<nil>,759,<nil>
3221038951,<nil>,<nil>,<nil>,<nil>,<nil>,<nil>,<nil>,<nil>,644,<nil>
878858072,<nil>,<nil>,<nil>,<nil>,<nil>,<nil>,<nil>,<nil>,175,<nil>
3731488874,<nil>,<nil>,<nil>,<nil>,<nil>,<nil>,<nil>,<nil>,746,<nil>
2615365465,<nil>,<nil>,<nil>,<nil>,<nil>,<nil>,<nil>,<nil>,523,<nil>
2298957657,<nil>,<nil>,<nil>,<nil>,<nil>,<nil>,<nil>,<nil>,459,<nil>
828657508,<nil>,<nil>,<nil>,<nil>,<nil>,<nil>,<nil>,<nil>,165,<nil>
3004256089,<nil>,<nil>,<nil>,<nil>,<nil>,<nil>,<nil>,<nil>,600,<nil>
3444526949,<nil>,<nil>,<nil>,<nil>,<nil>,<nil>,<nil>,<nil>,688,<nil>
2151239512,<nil>,<nil>,<nil>,<nil>,<nil>,<nil>,<nil>,<nil>,430,<nil>
508579661,<nil>,<nil>,<nil>,<nil>,<nil>,<nil>,<nil>,<nil>,101,<nil>
2638303052,<nil>,<nil>,<nil>,<nil>,<nil>,<nil>,<nil>,<nil>,527,<nil>
1076693128,<nil>,<nil>,<nil>,<nil>,<nil>,<nil>,<nil>,<nil>,215,<nil>
221662757,<nil>,<nil>,<nil>,<nil>,<nil>,<nil>,<nil>,<nil>,44,<nil>
4240723788,<nil>,<nil>,<nil>,<nil>,<nil>,<nil>,<nil>,<nil>,848,<nil>
2736148312,<nil>,<nil>,<nil>,<nil>,<nil>,<nil>,<nil>,<nil>,547,<nil>
3339520160,<nil>,<nil>,<nil>,<nil>,<nil>,<nil>,<nil>,<nil>,667,<nil>
1714442061,<nil>,<nil>,<nil>,<nil>,<nil>,<nil>,<nil>,<nil>,342,<nil>
4240199512,<nil>,<nil>,<nil>,<nil>,<nil>,<nil>,<nil>,<nil>,848,<nil>
3460779864,<nil>,<nil>,<nil>,<nil>,<nil>,<nil>,<nil>,<nil>,692,<nil>
1628327757,<nil>,<nil>,<nil>,<nil>,<nil>,<nil>,<nil>,<nil>,325,<nil>
387993420,<nil>,<nil>,<nil>,<nil>,<nil>,<nil>,<nil>,<nil>,77,<nil>
3616821068,<nil>,<nil>,<nil>,<nil>,<nil>,<nil>,<nil>,<nil>,723,<nil>
2853719896,<nil>,<nil>,<nil>,<nil>,<nil>,<nil>,<nil>,<nil>,570,<nil>
768102221,<nil>,<nil>,<nil>,<nil>,<nil>,<nil>,<nil>,<nil>,153,<nil>
576802637,<nil>,<nil>,<nil>,<nil>,<nil>,<nil>,<nil>,<nil>,115,<nil>
3589099352,<nil>,<nil>,<nil>,<nil>,<nil>,<nil>,<nil>,<nil>,717,<nil>
2231914317,<nil>,<nil>,<nil>,<nil>,<nil>,<nil>,<nil>,<nil>,446,<nil>
1313754957,<nil>,<nil>,<nil>,<nil>,<nil>,<nil>,<nil>,<nil>,262,<nil>
3075100542,<nil>,<nil>,<nil>,<nil>,<nil>,<nil>,<nil>,<nil>,615,<nil>
1189826392,<nil>,<nil>,<nil>,<nil>,<nil>,<nil>,<nil>,<nil>,237,<nil>
432230233,<nil>,<nil>,<nil>,<nil>,<nil>,<nil>,<nil>,<nil>,86,<nil>
1999523672,<nil>,<nil>,<nil>,<nil>,<nil>,<nil>,<nil>,<nil>,399,<nil>
56643405,<nil>,<nil>,<nil>,<nil>,<nil>,<nil>,<nil>,<nil>,11,<nil>
4173614937,<nil>,<nil>,<nil>,<nil>,<nil>,<nil>,<nil>,<nil>,834,<nil>
1419923277,<nil>,<nil>,<nil>,<nil>,<nil>,<nil>,<nil>,<nil>,283,<nil>
4054601549,<nil>,<nil>,<nil>,<nil>,<nil>,<nil>,<nil>,<nil>,810,<nil>
3695791948,<nil>,<nil>,<nil>,<nil>,<nil>,<nil>,<nil>,<nil>,739,<nil>
1853968204,<nil>,<nil>,<nil>,<nil>,<nil>,<nil>,<nil>,<nil>,370,<nil>
967069529,<nil>,<nil>,<nil>,<nil>,<nil>,<nil>,<nil>,<nil>,193,<nil>
1060785997,<nil>,<nil>,<nil>,<nil>,<nil>,<nil>,<nil>,<nil>,212,<nil>
3404549965,<nil>,<nil>,<nil>,<nil>,<nil>,<nil>,<nil>,<nil>,680,<nil>
1612271449,<nil>,<nil>,<nil>,<nil>,<nil>,<nil>,<nil>,<nil>,322,<nil>
517754712,<nil>,<nil>,<nil>,<nil>,<nil>,<nil>,<nil>,<nil>,103,<nil>
3799797580,<nil>,<nil>,<nil>,<nil>,<nil>,<nil>,<nil>,<nil>,759,<nil>
2687109160,<nil>,<nil>,<nil>,<nil>,<nil>,<nil>,<nil>,<nil>,537,<nil>
1130366976,<nil>,<nil>,<nil>,<nil>,<nil>,<nil>,<nil>,<nil>,226,<nil>
696471385,<nil>,<nil>,<nil>,<nil>,<nil>,<nil>,<nil>,<nil>,139,<nil>
3461500760,<nil>,<nil>,<nil>,<nil>,<nil>,<nil>,<nil>,<nil>,692,<nil>
3535032153,<nil>,<nil>,<nil>,<nil>,<nil>,<nil>,<nil>,<nil>,707,<nil>
2431209292,<nil>,<nil>,<nil>,<nil>,<nil>,<nil>,<nil>,<nil>,486,<nil>
1455491208,<nil>,<nil>,<nil>,<nil>,<nil>,<nil>,<nil>,<nil>,291,<nil>
2216316749,<nil>,<nil>,<nil>,<nil>,<nil>,<nil>,<nil>,<nil>,443,<nil>
693063512,<nil>,<nil>,<nil>,<nil>,<nil>,<nil>,<nil>,<nil>,138,<nil>
4230238041,<nil>,<nil>,<nil>,<nil>,<nil>,<nil>,<nil>,<nil>,846,<nil>
1188056920,<nil>,<nil>,<nil>,<nil>,<nil>,<nil>,<nil>,<nil>,237,<nil>
3700182873,<nil>,<nil>,<nil>,<nil>,<nil>,<nil>,<nil>,<nil>,740,<nil>
3922546508,<nil>,<nil>,<nil>,<nil>,<nil>,<nil>,<nil>,<nil>,784,<nil>
902778701,<nil>,<nil>,<nil>,<nil>,<nil>,<nil>,<nil>,<nil>,180,<nil>
3526315864,<nil>,<nil>,<nil>,<nil>,<nil>,<nil>,<nil>,<nil>,705,<nil>
2522435428,<nil>,<nil>,<nil>,<nil>,<nil>,<nil>,<nil>,<nil>,504,<nil>
1298270304,<nil>,<nil>,<nil>,<nil>,<nil>,<nil>,<nil>,<nil>,259,<nil>
3731640330,<nil>,<nil>,<nil>,<nil>,<nil>,<nil>,<nil>,<nil>,746,<nil>
2638499673,<nil>,<nil>,<nil>,<nil>,<nil>,<nil>,<nil>,<nil>,527,<nil>
2103398232,<nil>,<nil>,<nil>,<nil>,<nil>,<nil>,<nil>,<nil>,420,<nil>
137580364,<nil>,<nil>,<nil>,<nil>,<nil>,<nil>,<nil>,<nil>,27,<nil>
4256059224,<nil>,<nil>,<nil>,<nil>,<nil>,<nil>,<nil>,<nil>,851,<nil>
2610824880,<nil>,<nil>,<nil>,<nil>,<nil>,<nil>,<nil>,<nil>,522,<nil>
282087244,<nil>,<nil>,<nil>,<nil>,<nil>,<nil>,<nil>,<nil>,56,<nil>
1226508424,<nil>,<nil>,<nil>,<nil>,<nil>,<nil>,<nil>,<nil>,245,<nil>
2129088333,<nil>,<nil>,<nil>,<nil>,<nil>,<nil>,<nil>,<nil>,425,<nil>
297946956,<nil>,<nil>,<nil>,<nil>,<nil>,<nil>,<nil>,<nil>,59,<nil>
110055244,<nil>,<nil>,<nil>,<nil>,<nil>,<nil>,<nil>,<nil>,22,<nil>
1796558680,<nil>,<nil>,<nil>,<nil>,<nil>,<nil>,<nil>,<nil>,359,<nil>
323291136,<nil>,<nil>,<nil>,<nil>,<nil>,<nil>,<nil>,<nil>,64,<nil>
2571895785,<nil>,<nil>,<nil>,<nil>,<nil>,<nil>,<nil>,<nil>,514,<nil>
3587133273,<nil>,<nil>,<nil>,<nil>,<nil>,<nil>,<nil>,<nil>,717,<nil>
1990722536,<nil>,<nil>,<nil>,<nil>,<nil>,<nil>,<nil>,<nil>,398,<nil>
1151684441,<nil>,<nil>,<nil>,<nil>,<nil>,<nil>,<nil>,<nil>,230,<nil>
3914092376,<nil>,<nil>,<nil>,<nil>,<nil>,<nil>,<nil>,<nil>,782,<nil>
144133965,<nil>,<nil>,<nil>,<nil>,<nil>,<nil>,<nil>,<nil>,28,<nil>
2352893785,<nil>,<nil>,<nil>,<nil>,<nil>,<nil>,<nil>,<nil>,470,<nil>
1726435161,<nil>,<nil>,<nil>,<nil>,<nil>,<nil>,<nil>,<nil>,345,<nil>
1191137101,<nil>,<nil>,<nil>,<nil>,<nil>,<nil>,<nil>,<nil>,238,<nil>
4138159961,<nil>,<nil>,<nil>,<nil>,<nil>,<nil>,<nil>,<nil>,827,<nil>
2467647309,<nil>,<nil>,<nil>,<nil>,<nil>,<nil>,<nil>,<nil>,493,<nil>
1450575888,<nil>,<nil>,<nil>,<nil>,<nil>,<nil>,<nil>,<nil>,290,<nil>
820268876,<nil>,<nil>,<nil>,<nil>,<nil>,<nil>,<nil>,<nil>,164,<nil>
1543178336,<nil>,<nil>,<nil>,<nil>,<nil>,<nil>,<nil>,<nil>,308,<nil>
3355183313,<nil>,<nil>,<nil>,<nil>,<nil>,<nil>,<nil>,<nil>,671,<nil>
2656587609,<nil>,<nil>,<nil>,<nil>,<nil>,<nil>,<nil>,<nil>,531,<nil>
612781900,<nil>,<nil>,<nil>,<nil>,<nil>,<nil>,<nil>,<nil>,122,<nil>
3137163097,<nil>,<nil>,<nil>,<nil>,<nil>,<nil>,<nil>,<nil>,627,<nil>
2043432792,<nil>,<nil>,<nil>,<nil>,<nil>,<nil>,<nil>,<nil>,408,<nil>
2690648064,<nil>,<nil>,<nil>,<nil>,<nil>,<nil>,<nil>,<nil>,538,<nil>
2219593549,<nil>,<nil>,<nil>,<nil>,<nil>,<nil>,<nil>,<nil>,443,<nil>
1897025369,<nil>,<nil>,<nil>,<nil>,<nil>,<nil>,<nil>,<nil>,379,<nil>
3643148304,<nil>,<nil>,<nil>,<nil>,<nil>,<nil>,<nil>,<nil>,728,<nil>
1486442328,<nil>,<nil>,<nil>,<nil>,<nil>,<nil>,<nil>,<nil>,297,<nil>
1177944109,<nil>,<nil>,<nil>,<nil>,<nil>,<nil>,<nil>,<nil>,235,<nil>
523634848,<nil>,<nil>,<nil>,<nil>,<nil>,<nil>,<nil>,<nil>,104,<nil>
3092795252,<nil>,<nil>,<nil>,<nil>,<nil>,<nil>,<nil>,<nil>,618,<nil>
1926975338,<nil>,<nil>,<nil>,<nil>,<nil>,<nil>,<nil>,<nil>,385,<nil>
4203499341,<nil>,<nil>,<nil>,<nil>,<nil>,<nil>,<nil>,<nil>,840,<nil>
3784724330,<nil>,<nil>,<nil>,<nil>,<nil>,<nil>,<nil>,<nil>,756,<nil>
963989337,<nil>,<nil>,<nil>,<nil>,<nil>,<nil>,<nil>,<nil>,192,<nil>
3728101208,<nil>,<nil>,<nil>,<nil>,<nil>,<nil>,<nil>,<nil>,745,<nil>
2872201061,<nil>,<nil>,<nil>,<nil>,<nil>,<nil>,<nil>,<nil>,574,<nil>
3778826072,<nil>,<nil>,<nil>,<nil>,<nil>,<nil>,<nil>,<nil>,755,<nil>
2041007972,<nil>,<nil>,<nil>,<nil>,<nil>,<nil>,<nil>,<nil>,408,<nil>
296636237,<nil>,<nil>,<nil>,<nil>,<nil>,<nil>,<nil>,<nil>,59,<nil>
3035497449,<nil>,<nil>,<nil>,<nil>,<nil>,<nil>,<nil>,<nil>,607,<nil>
1129205581,<nil>,<nil>,<nil>,<nil>,<nil>,<nil>,<nil>,<nil>,225,<nil>
4183641932,<nil>,<nil>,<nil>,<nil>,<nil>,<nil>,<nil>,<nil>,836,<nil>
3709620045,<nil>,<nil>,<nil>,<nil>,<nil>,<nil>,<nil>,<nil>,741,<nil>
1618693977,<nil>,<nil>,<nil>,<nil>,<nil>,<nil>,<nil>,<nil>,323,<nil>
110251864,<nil>,<nil>,<nil>,<nil>,<nil>,<nil>,<nil>,<nil>,22,<nil>
2022723405,<nil>,<nil>,<nil>,<nil>,<nil>,<nil>,<nil>,<nil>,404,<nil>
1072498352,<nil>,<nil>,<nil>,<nil>,<nil>,<nil>,<nil>,<nil>,214,<nil>
121655117,<nil>,<nil>,<nil>,<nil>,<nil>,<nil>,<nil>,<nil>,24,<nil>
2893041496,<nil>,<nil>,<nil>,<nil>,<nil>,<nil>,<nil>,<nil>,578,<nil>
1675972440,<nil>,<nil>,<nil>,<nil>,<nil>,<nil>,<nil>,<nil>,335,<nil>
2947370840,<nil>,<nil>,<nil>,<nil>,<nil>,<nil>,<nil>,<nil>,589,<nil>
1005211469,<nil>,<nil>,<nil>,<nil>,<nil>,<nil>,<nil>,<nil>,201,<nil>
3946336089,<nil>,<nil>,<nil>,<nil>,<nil>,<nil>,<nil>,<nil>,789,<nil>
3866578776,<nil>,<nil>,<nil>,<nil>,<nil>,<nil>,<nil>,<nil>,773,<nil>
2195738444,<nil>,<nil>,<nil>,<nil>,<nil>,<nil>,<nil>,<nil>,439,<nil>
1056329573,<nil>,<nil>,<nil>,<nil>,<nil>,<nil>,<nil>,<nil>,211,<nil>
177229657,<nil>,<nil>,<nil>,<nil>,<nil>,<nil>,<nil>,<nil>,35,<nil>
2375176025,<nil>,<nil>,<nil>,<nil>,<nil>,<nil>,<nil>,<nil>,475,<nil>
1430146904,<nil>,<nil>,<nil>,<nil>,<nil>,<nil>,<nil>,<nil>,286,<nil>
933234848,<nil>,<nil>,<nil>,<nil>,<nil>,<nil>,<nil>,<nil>,186,<nil>
3285583524,<nil>,<nil>,<nil>,<nil>,<nil>,<nil>,<nil>,<nil>,657,<nil>
2041925465,<nil>,<nil>,<nil>,<nil>,<nil>,<nil>,<nil>,<nil>,408,<nil>
1334857561,<nil>,<nil>,<nil>,<nil>,<nil>,<nil>,<nil>,<nil>,266,<nil>
4245114712,<nil>,<nil>,<nil>,<nil>,<nil>,<nil>,<nil>,<nil>,849,<nil>
2302562125,<nil>,<nil>,<nil>,<nil>,<nil>,<nil>,<nil>,<nil>,460,<nil>
1516654424,<nil>,<nil>,<nil>,<nil>,<nil>,<nil>,<nil>,<nil>,303,<nil>
605900621,<nil>,<nil>,<nil>,<nil>,<nil>,<nil>,<nil>,<nil>,121,<nil>
1347571544,<nil>,<nil>,<nil>,<nil>,<nil>,<nil>,<nil>,<nil>,269,<nil>
424169304,<nil>,<nil>,<nil>,<nil>,<nil>,<nil>,<nil>,<nil>,84,<nil>
2913619800,<nil>,<nil>,<nil>,<nil>,<nil>,<nil>,<nil>,<nil>,582,<nil>
1787318104,<nil>,<nil>,<nil>,<nil>,<nil>,<nil>,<nil>,<nil>,357,<nil>
4282273613,<nil>,<nil>,<nil>,<nil>,<nil>,<nil>,<nil>,<nil>,856,<nil>
3375976281,<nil>,<nil>,<nil>,<nil>,<nil>,<nil>,<nil>,<nil>,675,<nil>
1893355352,<nil>,<nil>,<nil>,<nil>,<nil>,<nil>,<nil>,<nil>,378,<nil>
4223815500,<nil>,<nil>,<nil>,<nil>,<nil>,<nil>,<nil>,<nil>,844,<nil>
2044350297,<nil>,<nil>,<nil>,<nil>,<nil>,<nil>,<nil>,<nil>,408,<nil>
1224888152,<nil>,<nil>,<nil>,<nil>,<nil>,<nil>,<nil>,<nil>,244,<nil>
3861401432,<nil>,<nil>,<nil>,<nil>,<nil>,<nil>,<nil>,<nil>,772,<nil>
3221507916,<nil>,<nil>,<nil>,<nil>,<nil>,<nil>,<nil>,<nil>,644,<nil>
4246622041,<nil>,<nil>,<nil>,<nil>,<nil>,<nil>,<nil>,<nil>,849,<nil>
2070040408,<nil>,<nil>,<nil>,<nil>,<nil>,<nil>,<nil>,<nil>,414,<nil>
409423704,<nil>,<nil>,<nil>,<nil>,<nil>,<nil>,<nil>,<nil>,81,<nil>
2887405388,<nil>,<nil>,<nil>,<nil>,<nil>,<nil>,<nil>,<nil>,577,<nil>
3377090392,<nil>,<nil>,<nil>,<nil>,<nil>,<nil>,<nil>,<nil>,675,<nil>
1849249612,<nil>,<nil>,<nil>,<nil>,<nil>,<nil>,<nil>,<nil>,369,<nil>
3929558873,<nil>,<nil>,<nil>,<nil>,<nil>,<nil>,<nil>,<nil>,785,<nil>
2534231884,<nil>,<nil>,<nil>,<nil>,<nil>,<nil>,<nil>,<nil>,506,<nil>
3306508108,<nil>,<nil>,<nil>,<nil>,<nil>,<nil>,<nil>,<nil>,661,<nil>
1375096653,<nil>,<nil>,<nil>,<nil>,<nil>,<nil>,<nil>,<nil>,275,<nil>
351948621,<nil>,<nil>,<nil>,<nil>,<nil>,<nil>,<nil>,<nil>,70,<nil>
3002224473,<nil>,<nil>,<nil>,<nil>,<nil>,<nil>,<nil>,<nil>,600,<nil>
4119940952,<nil>,<nil>,<nil>,<nil>,<nil>,<nil>,<nil>,<nil>,823,<nil>
2481540953,<nil>,<nil>,<nil>,<nil>,<nil>,<nil>,<nil>,<nil>,496,<nil>
1094340440,<nil>,<nil>,<nil>,<nil>,<nil>,<nil>,<nil>,<nil>,218,<nil>
4194717529,<nil>,<nil>,<nil>,<nil>,<nil>,<nil>,<nil>,<nil>,838,<nil>
2568638296,<nil>,<nil>,<nil>,<nil>,<nil>,<nil>,<nil>,<nil>,513,<nil>
760631128,<nil>,<nil>,<nil>,<nil>,<nil>,<nil>,<nil>,<nil>,152,<nil>
3119664985,<nil>,<nil>,<nil>,<nil>,<nil>,<nil>,<nil>,<nil>,623,<nil>
2326941528,<nil>,<nil>,<nil>,<nil>,<nil>,<nil>,<nil>,<nil>,465,<nil>
4100738892,<nil>,<nil>,<nil>,<nil>,<nil>,<nil>,<nil>,<nil>,820,<nil>
2034716505,<nil>,<nil>,<nil>,<nil>,<nil>,<nil>,<nil>,<nil>,406,<nil>
1235242840,<nil>,<nil>,<nil>,<nil>,<nil>,<nil>,<nil>,<nil>,247,<nil>
747327333,<nil>,<nil>,<nil>,<nil>,<nil>,<nil>,<nil>,<nil>,149,<nil>
3609743192,<nil>,<nil>,<nil>,<nil>,<nil>,<nil>,<nil>,<nil>,721,<nil>
2548322125,<nil>,<nil>,<nil>,<nil>,<nil>,<nil>,<nil>,<nil>,509,<nil>
285298509,<nil>,<nil>,<nil>,<nil>,<nil>,<nil>,<nil>,<nil>,57,<nil>
36294112,<nil>,<nil>,<nil>,<nil>,<nil>,<nil>,<nil>,<nil>,7,<nil>
1549619033,<nil>,<nil>,<nil>,<nil>,<nil>,<nil>,<nil>,<nil>,309,<nil>
532743145,<nil>,<nil>,<nil>,<nil>,<nil>,<nil>,<nil>,<nil>,106,<nil>
2830632624,<nil>,<nil>,<nil>,<nil>,<nil>,<nil>,<nil>,<nil>,566,<nil>
1284329304,<nil>,<nil>,<nil>,<nil>,<nil>,<nil>,<nil>,<nil>,256,<nil>
3531231064,<nil>,<nil>,<nil>,<nil>,<nil>,<nil>,<nil>,<nil>,706,<nil>
1882869581,<nil>,<nil>,<nil>,<nil>,<nil>,<nil>,<nil>,<nil>,376,<nil>
1400065869,<nil>,<nil>,<nil>,<nil>,<nil>,<nil>,<nil>,<nil>,280,<nil>
1040666456,<nil>,<nil>,<nil>,<nil>,<nil>,<nil>,<nil>,<nil>,208,<nil>
3388821325,<nil>,<nil>,<nil>,<nil>,<nil>,<nil>,<nil>,<nil>,677,<nil>
1747799897,<nil>,<nil>,<nil>,<nil>,<nil>,<nil>,<nil>,<nil>,349,<nil>
3140702040,<nil>,<nil>,<nil>,<nil>,<nil>,<nil>,<nil>,<nil>,628,<nil>
1487490893,<nil>,<nil>,<nil>,<nil>,<nil>,<nil>,<nil>,<nil>,297,<nil>
4104343372,<nil>,<nil>,<nil>,<nil>,<nil>,<nil>,<nil>,<nil>,820,<nil>
2333757273,<nil>,<nil>,<nil>,<nil>,<nil>,<nil>,<nil>,<nil>,466,<nil>
1760776012,<nil>,<nil>,<nil>,<nil>,<nil>,<nil>,<nil>,<nil>,352,<nil>
3985133401,<nil>,<nil>,<nil>,<nil>,<nil>,<nil>,<nil>,<nil>,797,<nil>
3054325581,<nil>,<nil>,<nil>,<nil>,<nil>,<nil>,<nil>,<nil>,610,<nil>
3150139224,<nil>,<nil>,<nil>,<nil>,<nil>,<nil>,<nil>,<nil>,630,<nil>
1418284901,<nil>,<nil>,<nil>,<nil>,<nil>,<nil>,<nil>,<nil>,283,<nil>
854544204,<nil>,<nil>,<nil>,<nil>,<nil>,<nil>,<nil>,<nil>,170,<nil>
2777304909,<nil>,<nil>,<nil>,<nil>,<nil>,<nil>,<nil>,<nil>,555,<nil>
959336280,<nil>,<nil>,<nil>,<nil>,<nil>,<nil>,<nil>,<nil>,191,<nil>
487000064,<nil>,<nil>,<nil>,<nil>,<nil>,<nil>,<nil>,<nil>,97,<nil>
3438825317,<nil>,<nil>,<nil>,<nil>,<nil>,<nil>,<nil>,<nil>,687,<nil>
1858162520,<nil>,<nil>,<nil>,<nil>,<nil>,<nil>,<nil>,<nil>,371,<nil>
1390151680,<nil>,<nil>,<nil>,<nil>,<nil>,<nil>,<nil>,<nil>,278,<nil>
2574602250,<nil>,<nil>,<nil>,<nil>,<nil>,<nil>,<nil>,<nil>,514,<nil>
602867728,<nil>,<nil>,<nil>,<nil>,<nil>,<nil>,<nil>,<nil>,120,<nil>
308301656,<nil>,<nil>,<nil>,<nil>,<nil>,<nil>,<nil>,<nil>,61,<nil>
2978023086,<nil>,<nil>,<nil>,<nil>,<nil>,<nil>,<nil>,<nil>,595,<nil>
2009091916,<nil>,<nil>,<nil>,<nil>,<nil>,<nil>,<nil>,<nil>,401,<nil>
3224635528,<nil>,<nil>,<nil>,<nil>,<nil>,<nil>,<nil>,<nil>,644,<nil>
1177702220,<nil>,<nil>,<nil>,<nil>,<nil>,<nil>,<nil>,<nil>,235,<nil>
326848037,<nil>,<nil>,<nil>,<nil>,<nil>,<nil>,<nil>,<nil>,65,<nil>
3799600984,<nil>,<nil>,<nil>,<nil>,<nil>,<nil>,<nil>,<nil>,759,<nil>
1719816025,<nil>,<nil>,<nil>,<nil>,<nil>,<nil>,<nil>,<nil>,343,<nil>
696143716,<nil>,<nil>,<nil>,<nil>,<nil>,<nil>,<nil>,<nil>,139,<nil>
1632587020,<nil>,<nil>,<nil>,<nil>,<nil>,<nil>,<nil>,<nil>,326,<nil>
1120620388,<nil>,<nil>,<nil>,<nil>,<nil>,<nil>,<nil>,<nil>,224,<nil>
286871373,<nil>,<nil>,<nil>,<nil>,<nil>,<nil>,<nil>,<nil>,57,<nil>
165826405,<nil>,<nil>,<nil>,<nil>,<nil>,<nil>,<nil>,<nil>,33,<nil>
3022671704,<nil>,<nil>,<nil>,<nil>,<nil>,<nil>,<nil>,<nil>,604,<nil>
1972457305,<nil>,<nil>,<nil>,<nil>,<nil>,<nil>,<nil>,<nil>,394,<nil>
1067732824,<nil>,<nil>,<nil>,<nil>,<nil>,<nil>,<nil>,<nil>,213,<nil>
3431681881,<nil>,<nil>,<nil>,<nil>,<nil>,<nil>,<nil>,<nil>,686,<nil>
3222949720,<nil>,<nil>,<nil>,<nil>,<nil>,<nil>,<nil>,<nil>,644,<nil>
3766374221,<nil>,<nil>,<nil>,<nil>,<nil>,<nil>,<nil>,<nil>,753,<nil>
3340717925,<nil>,<nil>,<nil>,<nil>,<nil>,<nil>,<nil>,<nil>,668,<nil>
4252454744,<nil>,<nil>,<nil>,<nil>,<nil>,<nil>,<nil>,<nil>,850,<nil>
2151173976,<nil>,<nil>,<nil>,<nil>,<nil>,<nil>,<nil>,<nil>,430,<nil>
1237667661,<nil>,<nil>,<nil>,<nil>,<nil>,<nil>,<nil>,<nil>,247,<nil>
2647936856,<nil>,<nil>,<nil>,<nil>,<nil>,<nil>,<nil>,<nil>,529,<nil>
1429950296,<nil>,<nil>,<nil>,<nil>,<nil>,<nil>,<nil>,<nil>,285,<nil>
4276113252,<nil>,<nil>,<nil>,<nil>,<nil>,<nil>,<nil>,<nil>,855,<nil>
2828881752,<nil>,<nil>,<nil>,<nil>,<nil>,<nil>,<nil>,<nil>,565,<nil>
1613760512,<nil>,<nil>,<nil>,<nil>,<nil>,<nil>,<nil>,<nil>,322,<nil>
3817361229,<nil>,<nil>,<nil>,<nil>,<nil>,<nil>,<nil>,<nil>,763,<nil>
1543786317,<nil>,<nil>,<nil>,<nil>,<nil>,<nil>,<nil>,<nil>,308,<nil>
603279180,<nil>,<nil>,<nil>,<nil>,<nil>,<nil>,<nil>,<nil>,120,<nil>
3533131596,<nil>,<nil>,<nil>,<nil>,<nil>,<nil>,<nil>,<nil>,706,<nil>
4253372261,<nil>,<nil>,<nil>,<nil>,<nil>,<nil>,<nil>,<nil>,850,<nil>
2673626968,<nil>,<nil>,<nil>,<nil>,<nil>,<nil>,<nil>,<nil>,534,<nil>
1607683928,<nil>,<nil>,<nil>,<nil>,<nil>,<nil>,<nil>,<nil>,321,<nil>
1582583629,<nil>,<nil>,<nil>,<nil>,<nil>,<nil>,<nil>,<nil>,316,<nil>
119689060,<nil>,<nil>,<nil>,<nil>,<nil>,<nil>,<nil>,<nil>,23,<nil>
3208597374,<nil>,<nil>,<nil>,<nil>,<nil>,<nil>,<nil>,<nil>,641,<nil>
1249267557,<nil>,<nil>,<nil>,<nil>,<nil>,<nil>,<nil>,<nil>,249,<nil>
1945259853,<nil>,<nil>,<nil>,<nil>,<nil>,<nil>,<nil>,<nil>,389,<nil>
567168856,<nil>,<nil>,<nil>,<nil>,<nil>,<nil>,<nil>,<nil>,113,<nil>
3505213261,<nil>,<nil>,<nil>,<nil>,<nil>,<nil>,<nil>,<nil>,701,<nil>
2873763690,<nil>,<nil>,<nil>,<nil>,<nil>,<nil>,<nil>,<nil>,574,<nil>
1444481233,<nil>,<nil>,<nil>,<nil>,<nil>,<nil>,<nil>,<nil>,288,<nil>
3980152652,<nil>,<nil>,<nil>,<nil>,<nil>,<nil>,<nil>,<nil>,796,<nil>
3501084492,<nil>,<nil>,<nil>,<nil>,<nil>,<nil>,<nil>,<nil>,700,<nil>
2268931945,<nil>,<nil>,<nil>,<nil>,<nil>,<nil>,<nil>,<nil>,453,<nil>
547442508,<nil>,<nil>,<nil>,<nil>,<nil>,<nil>,<nil>,<nil>,109,<nil>
3514126169,<nil>,<nil>,<nil>,<nil>,<nil>,<nil>,<nil>,<nil>,702,<nil>
2836483946,<nil>,<nil>,<nil>,<nil>,<nil>,<nil>,<nil>,<nil>,567,<nil>
1912360805,<nil>,<nil>,<nil>,<nil>,<nil>,<nil>,<nil>,<nil>,382,<nil>
211373913,<nil>,<nil>,<nil>,<nil>,<nil>,<nil>,<nil>,<nil>,42,<nil>
3289403225,<nil>,<nil>,<nil>,<nil>,<nil>,<nil>,<nil>,<nil>,657,<nil>
1845907876,<nil>,<nil>,<nil>,<nil>,<nil>,<nil>,<nil>,<nil>,369,<nil>
3803795276,<nil>,<nil>,<nil>,<nil>,<nil>,<nil>,<nil>,<nil>,760,<nil>
3058323289,<nil>,<nil>,<nil>,<nil>,<nil>,<nil>,<nil>,<nil>,611,<nil>
4052373336,<nil>,<nil>,<nil>,<nil>,<nil>,<nil>,<nil>,<nil>,810,<nil>
1309101913,<nil>,<nil>,<nil>,<nil>,<nil>,<nil>,<nil>,<nil>,261,<nil>
4065218392,<nil>,<nil>,<nil>,<nil>,<nil>,<nil>,<nil>,<nil>,813,<nil>
3441119064,<nil>,<nil>,<nil>,<nil>,<nil>,<nil>,<nil>,<nil>,688,<nil>
538922829,<nil>,<nil>,<nil>,<nil>,<nil>,<nil>,<nil>,<nil>,107,<nil>
3182645081,<nil>,<nil>,<nil>,<nil>,<nil>,<nil>,<nil>,<nil>,636,<nil>
2185318245,<nil>,<nil>,<nil>,<nil>,<nil>,<nil>,<nil>,<nil>,437,<nil>
3122548568,<nil>,<nil>,<nil>,<nil>,<nil>,<nil>,<nil>,<nil>,624,<nil>
1008357196,<nil>,<nil>,<nil>,<nil>,<nil>,<nil>,<nil>,<nil>,201,<nil>
3225046861,<nil>,<nil>,<nil>,<nil>,<nil>,<nil>,<nil>,<nil>,645,<nil>
2357677924,<nil>,<nil>,<nil>,<nil>,<nil>,<nil>,<nil>,<nil>,471,<nil>
4176301913,<nil>,<nil>,<nil>,<nil>,<nil>,<nil>,<nil>,<nil>,835,<nil>
3520155480,<nil>,<nil>,<nil>,<nil>,<nil>,<nil>,<nil>,<nil>,704,<nil>
2788970316,<nil>,<nil>,<nil>,<nil>,<nil>,<nil>,<nil>,<nil>,557,<nil>
713117517,<nil>,<nil>,<nil>,<nil>,<nil>,<nil>,<nil>,<nil>,142,<nil>
3972278120,<nil>,<nil>,<nil>,<nil>,<nil>,<nil>,<nil>,<nil>,794,<nil>
1995329356,<nil>,<nil>,<nil>,<nil>,<nil>,<nil>,<nil>,<nil>,399,<nil>
61820749,<nil>,<nil>,<nil>,<nil>,<nil>,<nil>,<nil>,<nil>,12,<nil>
3702935372,<nil>,<nil>,<nil>,<nil>,<nil>,<nil>,<nil>,<nil>,740,<nil>
2566475621,<nil>,<nil>,<nil>,<nil>,<nil>,<nil>,<nil>,<nil>,513,<nil>
830164812,<nil>,<nil>,<nil>,<nil>,<nil>,<nil>,<nil>,<nil>,166,<nil>
2652589901,<nil>,<nil>,<nil>,<nil>,<nil>,<nil>,<nil>,<nil>,530,<nil>
1747406681,<nil>,<nil>,<nil>,<nil>,<nil>,<nil>,<nil>,<nil>,349,<nil>
2062372685,<nil>,<nil>,<nil>,<nil>,<nil>,<nil>,<nil>,<nil>,412,<nil>
833441624,<nil>,<nil>,<nil>,<nil>,<nil>,<nil>,<nil>,<nil>,166,<nil>
4218900301,<nil>,<nil>,<nil>,<nil>,<nil>,<nil>,<nil>,<nil>,843,<nil>
3093824488,<nil>,<nil>,<nil>,<nil>,<nil>,<nil>,<nil>,<nil>,618,<nil>
208817996,<nil>,<nil>,<nil>,<nil>,<nil>,<nil>,<nil>,<nil>,41,<nil>
3826274175,<nil>,<nil>,<nil>,<nil>,<nil>,<nil>,<nil>,<nil>,765,<nil>
1809796953,<nil>,<nil>,<nil>,<nil>,<nil>,<nil>,<nil>,<nil>,361,<nil>
4285943629,<nil>,<nil>,<nil>,<nil>,<nil>,<nil>,<nil>,<nil>,857,<nil>
3953938253,<nil>,<nil>,<nil>,<nil>,<nil>,<nil>,<nil>,<nil>,790,<nil>
3245035353,<nil>,<nil>,<nil>,<nil>,<nil>,<nil>,<nil>,<nil>,649,<nil>
1923698533,<nil>,<nil>,<nil>,<nil>,<nil>,<nil>,<nil>,<nil>,384,<nil>
627986252,<nil>,<nil>,<nil>,<nil>,<nil>,<nil>,<nil>,<nil>,125,<nil>
205344589,<nil>,<nil>,<nil>,<nil>,<nil>,<nil>,<nil>,<nil>,41,<nil>
3342225253,<nil>,<nil>,<nil>,<nil>,<nil>,<nil>,<nil>,<nil>,668,<nil>
2681874280,<nil>,<nil>,<nil>,<nil>,<nil>,<nil>,<nil>,<nil>,536,<nil>
1329090392,<nil>,<nil>,<nil>,<nil>,<nil>,<nil>,<nil>,<nil>,265,<nil>
853036888,<nil>,<nil>,<nil>,<nil>,<nil>,<nil>,<nil>,<nil>,170,<nil>
3629469517,<nil>,<nil>,<nil>,<nil>,<nil>,<nil>,<nil>,<nil>,725,<nil>
2466185245,<nil>,<nil>,<nil>,<nil>,<nil>,<nil>,<nil>,<nil>,493,<nil>
1555769191,<nil>,<nil>,<nil>,<nil>,<nil>,<nil>,<nil>,<nil>,311,<nil>
3370209101,<nil>,<nil>,<nil>,<nil>,<nil>,<nil>,<nil>,<nil>,674,<nil>
1133465433,<nil>,<nil>,<nil>,<nil>,<nil>,<nil>,<nil>,<nil>,226,<nil>
629362520,<nil>,<nil>,<nil>,<nil>,<nil>,<nil>,<nil>,<nil>,125,<nil>
2951237464,<nil>,<nil>,<nil>,<nil>,<nil>,<nil>,<nil>,<nil>,590,<nil>
1302351693,<nil>,<nil>,<nil>,<nil>,<nil>,<nil>,<nil>,<nil>,260,<nil>
797462348,<nil>,<nil>,<nil>,<nil>,<nil>,<nil>,<nil>,<nil>,159,<nil>
2226147160,<nil>,<nil>,<nil>,<nil>,<nil>,<nil>,<nil>,<nil>,445,<nil>
559107916,<nil>,<nil>,<nil>,<nil>,<nil>,<nil>,<nil>,<nil>,111,<nil>
4086452056,<nil>,<nil>,<nil>,<nil>,<nil>,<nil>,<nil>,<nil>,817,<nil>
2638303093,<nil>,<nil>,<nil>,<nil>,<nil>,<nil>,<nil>,<nil>,527,<nil>
988827493,<nil>,<nil>,<nil>,<nil>,<nil>,<nil>,<nil>,<nil>,197,<nil>
746147661,<nil>,<nil>,<nil>,<nil>,<nil>,<nil>,<nil>,<nil>,149,<nil>
3534901081,<nil>,<nil>,<nil>,<nil>,<nil>,<nil>,<nil>,<nil>,706,<nil>
2180056740,<nil>,<nil>,<nil>,<nil>,<nil>,<nil>,<nil>,<nil>,436,<nil>
1068912460,<nil>,<nil>,<nil>,<nil>,<nil>,<nil>,<nil>,<nil>,213,<nil>
1930383193,<nil>,<nil>,<nil>,<nil>,<nil>,<nil>,<nil>,<nil>,386,<nil>
315969381,<nil>,<nil>,<nil>,<nil>,<nil>,<nil>,<nil>,<nil>,63,<nil>
3021885260,<nil>,<nil>,<nil>,<nil>,<nil>,<nil>,<nil>,<nil>,604,<nil>
1628655448,<nil>,<nil>,<nil>,<nil>,<nil>,<nil>,<nil>,<nil>,325,<nil>
3701100377,<nil>,<nil>,<nil>,<nil>,<nil>,<nil>,<nil>,<nil>,740,<nil>
2041139033,<nil>,<nil>,<nil>,<nil>,<nil>,<nil>,<nil>,<nil>,408,<nil>
3092401996,<nil>,<nil>,<nil>,<nil>,<nil>,<nil>,<nil>,<nil>,618,<nil>
1135431500,<nil>,<nil>,<nil>,<nil>,<nil>,<nil>,<nil>,<nil>,227,<nil>
675612672,<nil>,<nil>,<nil>,<nil>,<nil>,<nil>,<nil>,<nil>,135,<nil>
2891534181,<nil>,<nil>,<nil>,<nil>,<nil>,<nil>,<nil>,<nil>,578,<nil>
1386546153,<nil>,<nil>,<nil>,<nil>,<nil>,<nil>,<nil>,<nil>,277,<nil>
3613591215,<nil>,<nil>,<nil>,<nil>,<nil>,<nil>,<nil>,<nil>,722,<nil>
1522356045,<nil>,<nil>,<nil>,<nil>,<nil>,<nil>,<nil>,<nil>,304,<nil>
3862122317,<nil>,<nil>,<nil>,<nil>,<nil>,<nil>,<nil>,<nil>,772,<nil>
2725269375,<nil>,<nil>,<nil>,<nil>,<nil>,<nil>,<nil>,<nil>,545,<nil>
1169360912,<nil>,<nil>,<nil>,<nil>,<nil>,<nil>,<nil>,<nil>,233,<nil>
3183628109,<nil>,<nil>,<nil>,<nil>,<nil>,<nil>,<nil>,<nil>,636,<nil>
1055936332,<nil>,<nil>,<nil>,<nil>,<nil>,<nil>,<nil>,<nil>,211,<nil>
217403237,<nil>,<nil>,<nil>,<nil>,<nil>,<nil>,<nil>,<nil>,43,<nil>
2584563533,<nil>,<nil>,<nil>,<nil>,<nil>,<nil>,<nil>,<nil>,516,<nil>
680873844,<nil>,<nil>,<nil>,<nil>,<nil>,<nil>,<nil>,<nil>,136,<nil>
4291252056,<nil>,<nil>,<nil>,<nil>,<nil>,<nil>,<nil>,<nil>,858,<nil>
4068691800,<nil>,<nil>,<nil>,<nil>,<nil>,<nil>,<nil>,<nil>,813,<nil>
2576371545,<nil>,<nil>,<nil>,<nil>,<nil>,<nil>,<nil>,<nil>,515,<nil>
1335185240,<nil>,<nil>,<nil>,<nil>,<nil>,<nil>,<nil>,<nil>,267,<nil>
2008960844,<nil>,<nil>,<nil>,<nil>,<nil>,<nil>,<nil>,<nil>,401,<nil>
2570669912,<nil>,<nil>,<nil>,<nil>,<nil>,<nil>,<nil>,<nil>,514,<nil>
119099413,<nil>,<nil>,<nil>,<nil>,<nil>,<nil>,<nil>,<nil>,23,<nil>
1968376016,<nil>,<nil>,<nil>,<nil>,<nil>,<nil>,<nil>,<nil>,393,<nil>
1704087384,<nil>,<nil>,<nil>,<nil>,<nil>,<nil>,<nil>,<nil>,340,<nil>
1545293645,<nil>,<nil>,<nil>,<nil>,<nil>,<nil>,<nil>,<nil>,309,<nil>
677662564,<nil>,<nil>,<nil>,<nil>,<nil>,<nil>,<nil>,<nil>,135,<nil>
3260829517,<nil>,<nil>,<nil>,<nil>,<nil>,<nil>,<nil>,<nil>,652,<nil>
3094546473,<nil>,<nil>,<nil>,<nil>,<nil>,<nil>,<nil>,<nil>,618,<nil>
3255324493,<nil>,<nil>,<nil>,<nil>,<nil>,<nil>,<nil>,<nil>,651,<nil>
3982118757,<nil>,<nil>,<nil>,<nil>,<nil>,<nil>,<nil>,<nil>,796,<nil>
2377535320,<nil>,<nil>,<nil>,<nil>,<nil>,<nil>,<nil>,<nil>,475,<nil>
782585700,<nil>,<nil>,<nil>,<nil>,<nil>,<nil>,<nil>,<nil>,156,<nil>
2900709221,<nil>,<nil>,<nil>,<nil>,<nil>,<nil>,<nil>,<nil>,580,<nil>
1320963928,<nil>,<nil>,<nil>,<nil>,<nil>,<nil>,<nil>,<nil>,264,<nil>
919143414,<nil>,<nil>,<nil>,<nil>,<nil>,<nil>,<nil>,<nil>,183,<nil>
927354701,<nil>,<nil>,<nil>,<nil>,<nil>,<nil>,<nil>,<nil>,185,<nil>
3344453503,<nil>,<nil>,<nil>,<nil>,<nil>,<nil>,<nil>,<nil>,668,<nil>
2647478105,<nil>,<nil>,<nil>,<nil>,<nil>,<nil>,<nil>,<nil>,529,<nil>
1274040164,<nil>,<nil>,<nil>,<nil>,<nil>,<nil>,<nil>,<nil>,254,<nil>
4094437226,<nil>,<nil>,<nil>,<nil>,<nil>,<nil>,<nil>,<nil>,818,<nil>
2023556783,<nil>,<nil>,<nil>,<nil>,<nil>,<nil>,<nil>,<nil>,404,<nil>
3380694872,<nil>,<nil>,<nil>,<nil>,<nil>,<nil>,<nil>,<nil>,676,<nil>
1875332941,<nil>,<nil>,<nil>,<nil>,<nil>,<nil>,<nil>,<nil>,375,<nil>
957828941,<nil>,<nil>,<nil>,<nil>,<nil>,<nil>,<nil>,<nil>,191,<nil>
928272217,<nil>,<nil>,<nil>,<nil>,<nil>,<nil>,<nil>,<nil>,185,<nil>
3971895116,<nil>,<nil>,<nil>,<nil>,<nil>,<nil>,<nil>,<nil>,794,<nil>
3346878284,<nil>,<nil>,<nil>,<nil>,<nil>,<nil>,<nil>,<nil>,669,<nil>
2973323097,<nil>,<nil>,<nil>,<nil>,<nil>,<nil>,<nil>,<nil>,594,<nil>
1427590988,<nil>,<nil>,<nil>,<nil>,<nil>,<nil>,<nil>,<nil>,285,<nil>
244320272,<nil>,<nil>,<nil>,<nil>,<nil>,<nil>,<nil>,<nil>,48,<nil>
2815184717,<nil>,<nil>,<nil>,<nil>,<nil>,<nil>,<nil>,<nil>,563,<nil>
3060289368,<nil>,<nil>,<nil>,<nil>,<nil>,<nil>,<nil>,<nil>,612,<nil>
1399541592,<nil>,<nil>,<nil>,<nil>,<nil>,<nil>,<nil>,<nil>,279,<nil>
3611774809,<nil>,<nil>,<nil>,<nil>,<nil>,<nil>,<nil>,<nil>,722,<nil>
2388283213,<nil>,<nil>,<nil>,<nil>,<nil>,<nil>,<nil>,<nil>,477,<nil>
3472969578,<nil>,<nil>,<nil>,<nil>,<nil>,<nil>,<nil>,<nil>,694,<nil>
2429308760,<nil>,<nil>,<nil>,<nil>,<nil>,<nil>,<nil>,<nil>,485,<nil>
1448562532,<nil>,<nil>,<nil>,<nil>,<nil>,<nil>,<nil>,<nil>,289,<nil>
3848490840,<nil>,<nil>,<nil>,<nil>,<nil>,<nil>,<nil>,<nil>,769,<nil>
3528675149,<nil>,<nil>,<nil>,<nil>,<nil>,<nil>,<nil>,<nil>,705,<nil>
2805026661,<nil>,<nil>,<nil>,<nil>,<nil>,<nil>,<nil>,<nil>,561,<nil>
863504592,<nil>,<nil>,<nil>,<nil>,<nil>,<nil>,<nil>,<nil>,172,<nil>
4148121420,<nil>,<nil>,<nil>,<nil>,<nil>,<nil>,<nil>,<nil>,829,<nil>
2351255384,<nil>,<nil>,<nil>,<nil>,<nil>,<nil>,<nil>,<nil>,470,<nil>
700075853,<nil>,<nil>,<nil>,<nil>,<nil>,<nil>,<nil>,<nil>,140,<nil>
3138062377,<nil>,<nil>,<nil>,<nil>,<nil>,<nil>,<nil>,<nil>,627,<nil>
1374572376,<nil>,<nil>,<nil>,<nil>,<nil>,<nil>,<nil>,<nil>,274,<nil>
3703590732,<nil>,<nil>,<nil>,<nil>,<nil>,<nil>,<nil>,<nil>,740,<nil>
1895845708,<nil>,<nil>,<nil>,<nil>,<nil>,<nil>,<nil>,<nil>,379,<nil>
311775076,<nil>,<nil>,<nil>,<nil>,<nil>,<nil>,<nil>,<nil>,62,<nil>
3028307800,<nil>,<nil>,<nil>,<nil>,<nil>,<nil>,<nil>,<nil>,605,<nil>
1088900941,<nil>,<nil>,<nil>,<nil>,<nil>,<nil>,<nil>,<nil>,217,<nil>
3777056612,<nil>,<nil>,<nil>,<nil>,<nil>,<nil>,<nil>,<nil>,755,<nil>
1848248529,<nil>,<nil>,<nil>,<nil>,<nil>,<nil>,<nil>,<nil>,369,<nil>
4245770072,<nil>,<nil>,<nil>,<nil>,<nil>,<nil>,<nil>,<nil>,849,<nil>
2451132237,<nil>,<nil>,<nil>,<nil>,<nil>,<nil>,<nil>,<nil>,490,<nil>
933711693,<nil>,<nil>,<nil>,<nil>,<nil>,<nil>,<nil>,<nil>,186,<nil>
3711258456,<nil>,<nil>,<nil>,<nil>,<nil>,<nil>,<nil>,<nil>,742,<nil>
2800111437,<nil>,<nil>,<nil>,<nil>,<nil>,<nil>,<nil>,<nil>,560,<nil>
899436388,<nil>,<nil>,<nil>,<nil>,<nil>,<nil>,<nil>,<nil>,179,<nil>
3053211481,<nil>,<nil>,<nil>,<nil>,<nil>,<nil>,<nil>,<nil>,610,<nil>
2116177741,<nil>,<nil>,<nil>,<nil>,<nil>,<nil>,<nil>,<nil>,423,<nil>
4097068917,<nil>,<nil>,<nil>,<nil>,<nil>,<nil>,<nil>,<nil>,819,<nil>
2445496165,<nil>,<nil>,<nil>,<nil>,<nil>,<nil>,<nil>,<nil>,489,<nil>
2056671053,<nil>,<nil>,<nil>,<nil>,<nil>,<nil>,<nil>,<nil>,411,<nil>
3612986848,<nil>,<nil>,<nil>,<nil>,<nil>,<nil>,<nil>,<nil>,722,<nil>
1561069231,<nil>,<nil>,<nil>,<nil>,<nil>,<nil>,<nil>,<nil>,312,<nil>
144592728,<nil>,<nil>,<nil>,<nil>,<nil>,<nil>,<nil>,<nil>,28,<nil>
877416280,<nil>,<nil>,<nil>,<nil>,<nil>,<nil>,<nil>,<nil>,175,<nil>
3367259992,<nil>,<nil>,<nil>,<nil>,<nil>,<nil>,<nil>,<nil>,673,<nil>
1726566233,<nil>,<nil>,<nil>,<nil>,<nil>,<nil>,<nil>,<nil>,345,<nil>
476532556,<nil>,<nil>,<nil>,<nil>,<nil>,<nil>,<nil>,<nil>,95,<nil>
2935443288,<nil>,<nil>,<nil>,<nil>,<nil>,<nil>,<nil>,<nil>,587,<nil>
1050038117,<nil>,<nil>,<nil>,<nil>,<nil>,<nil>,<nil>,<nil>,210,<nil>
3899215692,<nil>,<nil>,<nil>,<nil>,<nil>,<nil>,<nil>,<nil>,779,<nil>
2103660376,<nil>,<nil>,<nil>,<nil>,<nil>,<nil>,<nil>,<nil>,420,<nil>
163532621,<nil>,<nil>,<nil>,<nil>,<nil>,<nil>,<nil>,<nil>,32,<nil>
129322853,<nil>,<nil>,<nil>,<nil>,<nil>,<nil>,<nil>,<nil>,25,<nil>
3296415565,<nil>,<nil>,<nil>,<nil>,<nil>,<nil>,<nil>,<nil>,659,<nil>
1635733325,<nil>,<nil>,<nil>,<nil>,<nil>,<nil>,<nil>,<nil>,327,<nil>
77004881,<nil>,<nil>,<nil>,<nil>,<nil>,<nil>,<nil>,<nil>,15,<nil>
2516191440,<nil>,<nil>,<nil>,<nil>,<nil>,<nil>,<nil>,<nil>,503,<nil>
3544600396,<nil>,<nil>,<nil>,<nil>,<nil>,<nil>,<nil>,<nil>,708,<nil>
1466388301,<nil>,<nil>,<nil>,<nil>,<nil>,<nil>,<nil>,<nil>,293,<nil>
3951710029,<nil>,<nil>,<nil>,<nil>,<nil>,<nil>,<nil>,<nil>,790,<nil>
2187218789,<nil>,<nil>,<nil>,<nil>,<nil>,<nil>,<nil>,<nil>,437,<nil>
607211352,<nil>,<nil>,<nil>,<nil>,<nil>,<nil>,<nil>,<nil>,121,<nil>
3100987213,<nil>,<nil>,<nil>,<nil>,<nil>,<nil>,<nil>,<nil>,620,<nil>
1571770188,<nil>,<nil>,<nil>,<nil>,<nil>,<nil>,<nil>,<nil>,314,<nil>
4082192205,<nil>,<nil>,<nil>,<nil>,<nil>,<nil>,<nil>,<nil>,816,<nil>
1033981785,<nil>,<nil>,<nil>,<nil>,<nil>,<nil>,<nil>,<nil>,206,<nil>
4220276556,<nil>,<nil>,<nil>,<nil>,<nil>,<nil>,<nil>,<nil>,844,<nil>
3330887513,<nil>,<nil>,<nil>,<nil>,<nil>,<nil>,<nil>,<nil>,666,<nil>
3557969740,<nil>,<nil>,<nil>,<nil>,<nil>,<nil>,<nil>,<nil>,711,<nil>
1185501005,<nil>,<nil>,<nil>,<nil>,<nil>,<nil>,<nil>,<nil>,237,<nil>
1120882508,<nil>,<nil>,<nil>,<nil>,<nil>,<nil>,<nil>,<nil>,224,<nil>
190533464,<nil>,<nil>,<nil>,<nil>,<nil>,<nil>,<nil>,<nil>,38,<nil>
2834059085,<nil>,<nil>,<nil>,<nil>,<nil>,<nil>,<nil>,<nil>,566,<nil>
2438531373,<nil>,<nil>,<nil>,<nil>,<nil>,<nil>,<nil>,<nil>,487,<nil>
4243541848,<nil>,<nil>,<nil>,<nil>,<nil>,<nil>,<nil>,<nil>,848,<nil>
3978430505,<nil>,<nil>,<nil>,<nil>,<nil>,<nil>,<nil>,<nil>,795,<nil>
3000109275,<nil>,<nil>,<nil>,<nil>,<nil>,<nil>,<nil>,<nil>,600,<nil>
530665293,<nil>,<nil>,<nil>,<nil>,<nil>,<nil>,<nil>,<nil>,106,<nil>
3307032397,<nil>,<nil>,<nil>,<nil>,<nil>,<nil>,<nil>,<nil>,661,<nil>
2171668689,<nil>,<nil>,<nil>,<nil>,<nil>,<nil>,<nil>,<nil>,434,<nil>
3353628504,<nil>,<nil>,<nil>,<nil>,<nil>,<nil>,<nil>,<nil>,670,<nil>
1849053005,<nil>,<nil>,<nil>,<nil>,<nil>,<nil>,<nil>,<nil>,369,<nil>
630542157,<nil>,<nil>,<nil>,<nil>,<nil>,<nil>,<nil>,<nil>,126,<nil>
2159497036,<nil>,<nil>,<nil>,<nil>,<nil>,<nil>,<nil>,<nil>,431,<nil>
229068621,<nil>,<nil>,<nil>,<nil>,<nil>,<nil>,<nil>,<nil>,45,<nil>
3360817168,<nil>,<nil>,<nil>,<nil>,<nil>,<nil>,<nil>,<nil>,672,<nil>
2753955880,<nil>,<nil>,<nil>,<nil>,<nil>,<nil>,<nil>,<nil>,550,<nil>
2112900952,<nil>,<nil>,<nil>,<nil>,<nil>,<nil>,<nil>,<nil>,422,<nil>
745951064,<nil>,<nil>,<nil>,<nil>,<nil>,<nil>,<nil>,<nil>,149,<nil>
3666104140,<nil>,<nil>,<nil>,<nil>,<nil>,<nil>,<nil>,<nil>,733,<nil>
2775000938,<nil>,<nil>,<nil>,<nil>,<nil>,<nil>,<nil>,<nil>,555,<nil>
1525221392,<nil>,<nil>,<nil>,<nil>,<nil>,<nil>,<nil>,<nil>,305,<nil>
2312195928,<nil>,<nil>,<nil>,<nil>,<nil>,<nil>,<nil>,<nil>,462,<nil>
798314328,<nil>,<nil>,<nil>,<nil>,<nil>,<nil>,<nil>,<nil>,159,<nil>
3298643789,<nil>,<nil>,<nil>,<nil>,<nil>,<nil>,<nil>,<nil>,659,<nil>
1406422910,<nil>,<nil>,<nil>,<nil>,<nil>,<nil>,<nil>,<nil>,281,<nil>
566120269,<nil>,<nil>,<nil>,<nil>,<nil>,<nil>,<nil>,<nil>,113,<nil>
3211349849,<nil>,<nil>,<nil>,<nil>,<nil>,<nil>,<nil>,<nil>,642,<nil>
1546669901,<nil>,<nil>,<nil>,<nil>,<nil>,<nil>,<nil>,<nil>,309,<nil>
85741412,<nil>,<nil>,<nil>,<nil>,<nil>,<nil>,<nil>,<nil>,17,<nil>
862736205,<nil>,<nil>,<nil>,<nil>,<nil>,<nil>,<nil>,<nil>,172,<nil>
390549337,<nil>,<nil>,<nil>,<nil>,<nil>,<nil>,<nil>,<nil>,78,<nil>
591023960,<nil>,<nil>,<nil>,<nil>,<nil>,<nil>,<nil>,<nil>,118,<nil>
3226816344,<nil>,<nil>,<nil>,<nil>,<nil>,<nil>,<nil>,<nil>,645,<nil>
1725779789,<nil>,<nil>,<nil>,<nil>,<nil>,<nil>,<nil>,<nil>,345,<nil>
594890573,<nil>,<nil>,<nil>,<nil>,<nil>,<nil>,<nil>,<nil>,118,<nil>
3662106456,<nil>,<nil>,<nil>,<nil>,<nil>,<nil>,<nil>,<nil>,732,<nil>
1721651021,<nil>,<nil>,<nil>,<nil>,<nil>,<nil>,<nil>,<nil>,344,<nil>
529663652,<nil>,<nil>,<nil>,<nil>,<nil>,<nil>,<nil>,<nil>,105,<nil>
4209790797,<nil>,<nil>,<nil>,<nil>,<nil>,<nil>,<nil>,<nil>,841,<nil>
2249936717,<nil>,<nil>,<nil>,<nil>,<nil>,<nil>,<nil>,<nil>,449,<nil>
1196773209,<nil>,<nil>,<nil>,<nil>,<nil>,<nil>,<nil>,<nil>,239,<nil>
3439218520,<nil>,<nil>,<nil>,<nil>,<nil>,<nil>,<nil>,<nil>,687,<nil>
1633570648,<nil>,<nil>,<nil>,<nil>,<nil>,<nil>,<nil>,<nil>,326,<nil>
1434734412,<nil>,<nil>,<nil>,<nil>,<nil>,<nil>,<nil>,<nil>,286,<nil>
2655145805,<nil>,<nil>,<nil>,<nil>,<nil>,<nil>,<nil>,<nil>,531,<nil>
700469069,<nil>,<nil>,<nil>,<nil>,<nil>,<nil>,<nil>,<nil>,140,<nil>
3094237029,<nil>,<nil>,<nil>,<nil>,<nil>,<nil>,<nil>,<nil>,618,<nil>
2419019609,<nil>,<nil>,<nil>,<nil>,<nil>,<nil>,<nil>,<nil>,483,<nil>
3184742271,<nil>,<nil>,<nil>,<nil>,<nil>,<nil>,<nil>,<nil>,636,<nil>
1156927309,<nil>,<nil>,<nil>,<nil>,<nil>,<nil>,<nil>,<nil>,231,<nil>
1833062220,<nil>,<nil>,<nil>,<nil>,<nil>,<nil>,<nil>,<nil>,366,<nil>
853495628,<nil>,<nil>,<nil>,<nil>,<nil>,<nil>,<nil>,<nil>,170,<nil>
84692824,<nil>,<nil>,<nil>,<nil>,<nil>,<nil>,<nil>,<nil>,16,<nil>
2586005325,<nil>,<nil>,<nil>,<nil>,<nil>,<nil>,<nil>,<nil>,517,<nil>
3078901580,<nil>,<nil>,<nil>,<nil>,<nil>,<nil>,<nil>,<nil>,615,<nil>
1895321433,<nil>,<nil>,<nil>,<nil>,<nil>,<nil>,<nil>,<nil>,379,<nil>
638438879,<nil>,<nil>,<nil>,<nil>,<nil>,<nil>,<nil>,<nil>,127,<nil>
2865450853,<nil>,<nil>,<nil>,<nil>,<nil>,<nil>,<nil>,<nil>,573,<nil>
1895583577,<nil>,<nil>,<nil>,<nil>,<nil>,<nil>,<nil>,<nil>,379,<nil>
3873984333,<nil>,<nil>,<nil>,<nil>,<nil>,<nil>,<nil>,<nil>,774,<nil>
2362068813,<nil>,<nil>,<nil>,<nil>,<nil>,<nil>,<nil>,<nil>,472,<nil>
270946137,<nil>,<nil>,<nil>,<nil>,<nil>,<nil>,<nil>,<nil>,54,<nil>
2799914852,<nil>,<nil>,<nil>,<nil>,<nil>,<nil>,<nil>,<nil>,559,<nil>
1978748761,<nil>,<nil>,<nil>,<nil>,<nil>,<nil>,<nil>,<nil>,395,<nil>
1133006668,<nil>,<nil>,<nil>,<nil>,<nil>,<nil>,<nil>,<nil>,226,<nil>
3654373209,<nil>,<nil>,<nil>,<nil>,<nil>,<nil>,<nil>,<nil>,730,<nil>
2846969676,<nil>,<nil>,<nil>,<nil>,<nil>,<nil>,<nil>,<nil>,569,<nil>
2520665956,<nil>,<nil>,<nil>,<nil>,<nil>,<nil>,<nil>,<nil>,504,<nil>
1532120920,<nil>,<nil>,<nil>,<nil>,<nil>,<nil>,<nil>,<nil>,306,<nil>
3757049508,<nil>,<nil>,<nil>,<nil>,<nil>,<nil>,<nil>,<nil>,751,<nil>
1772769700,<nil>,<nil>,<nil>,<nil>,<nil>,<nil>,<nil>,<nil>,354,<nil>
3654766425,<nil>,<nil>,<nil>,<nil>,<nil>,<nil>,<nil>,<nil>,730,<nil>
2965393240,<nil>,<nil>,<nil>,<nil>,<nil>,<nil>,<nil>,<nil>,593,<nil>
1306939224,<nil>,<nil>,<nil>,<nil>,<nil>,<nil>,<nil>,<nil>,261,<nil>
3668463449,<nil>,<nil>,<nil>,<nil>,<nil>,<nil>,<nil>,<nil>,733,<nil>
776752972,<nil>,<nil>,<nil>,<nil>,<nil>,<nil>,<nil>,<nil>,155,<nil>
2835173208,<nil>,<nil>,<nil>,<nil>,<nil>,<nil>,<nil>,<nil>,567,<nil>
1051873113,<nil>,<nil>,<nil>,<nil>,<nil>,<nil>,<nil>,<nil>,210,<nil>
3292727505,<nil>,<nil>,<nil>,<nil>,<nil>,<nil>,<nil>,<nil>,658,<nil>
1729963879,<nil>,<nil>,<nil>,<nil>,<nil>,<nil>,<nil>,<nil>,345,<nil>
4029173592,<nil>,<nil>,<nil>,<nil>,<nil>,<nil>,<nil>,<nil>,805,<nil>
372789069,<nil>,<nil>,<nil>,<nil>,<nil>,<nil>,<nil>,<nil>,74,<nil>
3019460441,<nil>,<nil>,<nil>,<nil>,<nil>,<nil>,<nil>,<nil>,603,<nil>
918835033,<nil>,<nil>,<nil>,<nil>,<nil>,<nil>,<nil>,<nil>,183,<nil>
549670732,<nil>,<nil>,<nil>,<nil>,<nil>,<nil>,<nil>,<nil>,109,<nil>
97079128,<nil>,<nil>,<nil>,<nil>,<nil>,<nil>,<nil>,<nil>,19,<nil>
2587447128,<nil>,<nil>,<nil>,<nil>,<nil>,<nil>,<nil>,<nil>,517,<nil>
2865319769,<nil>,<nil>,<nil>,<nil>,<nil>,<nil>,<nil>,<nil>,573,<nil>
1083770921,<nil>,<nil>,<nil>,<nil>,<nil>,<nil>,<nil>,<nil>,216,<nil>
265750191,<nil>,<nil>,<nil>,<nil>,<nil>,<nil>,<nil>,<nil>,53,<nil>
1604192272,<nil>,<nil>,<nil>,<nil>,<nil>,<nil>,<nil>,<nil>,320,<nil>
4231679821,<nil>,<nil>,<nil>,<nil>,<nil>,<nil>,<nil>,<nil>,846,<nil>
2332118884,<nil>,<nil>,<nil>,<nil>,<nil>,<nil>,<nil>,<nil>,466,<nil>
470306637,<nil>,<nil>,<nil>,<nil>,<nil>,<nil>,<nil>,<nil>,94,<nil>
4189802340,<nil>,<nil>,<nil>,<nil>,<nil>,<nil>,<nil>,<nil>,837,<nil>
2002997080,<nil>,<nil>,<nil>,<nil>,<nil>,<nil>,<nil>,<nil>,400,<nil>
1569849389,<nil>,<nil>,<nil>,<nil>,<nil>,<nil>,<nil>,<nil>,313,<nil>
3271184205,<nil>,<nil>,<nil>,<nil>,<nil>,<nil>,<nil>,<nil>,654,<nil>
2142372840,<nil>,<nil>,<nil>,<nil>,<nil>,<nil>,<nil>,<nil>,428,<nil>
887301988,<nil>,<nil>,<nil>,<nil>,<nil>,<nil>,<nil>,<nil>,177,<nil>
1944145752,<nil>,<nil>,<nil>,<nil>,<nil>,<nil>,<nil>,<nil>,388,<nil>
1034637133,<nil>,<nil>,<nil>,<nil>,<nil>,<nil>,<nil>,<nil>,206,<nil>
3441184638,<nil>,<nil>,<nil>,<nil>,<nil>,<nil>,<nil>,<nil>,688,<nil>
981225293,<nil>,<nil>,<nil>,<nil>,<nil>,<nil>,<nil>,<nil>,196,<nil>
634539864,<nil>,<nil>,<nil>,<nil>,<nil>,<nil>,<nil>,<nil>,126,<nil>
1573998424,<nil>,<nil>,<nil>,<nil>,<nil>,<nil>,<nil>,<nil>,314,<nil>
4051128140,<nil>,<nil>,<nil>,<nil>,<nil>,<nil>,<nil>,<nil>,810,<nil>
2410565453,<nil>,<nil>,<nil>,<nil>,<nil>,<nil>,<nil>,<nil>,482,<nil>
1802325861,<nil>,<nil>,<nil>,<nil>,<nil>,<nil>,<nil>,<nil>,360,<nil>
1254248280,<nil>,<nil>,<nil>,<nil>,<nil>,<nil>,<nil>,<nil>,250,<nil>
3663286116,<nil>,<nil>,<nil>,<nil>,<nil>,<nil>,<nil>,<nil>,732,<nil>
1013010264,<nil>,<nil>,<nil>,<nil>,<nil>,<nil>,<nil>,<nil>,202,<nil>
3575271269,<nil>,<nil>,<nil>,<nil>,<nil>,<nil>,<nil>,<nil>,715,<nil>
2737721165,<nil>,<nil>,<nil>,<nil>,<nil>,<nil>,<nil>,<nil>,547,<nil>
2642169689,<nil>,<nil>,<nil>,<nil>,<nil>,<nil>,<nil>,<nil>,528,<nil>
1389580108,<nil>,<nil>,<nil>,<nil>,<nil>,<nil>,<nil>,<nil>,277,<nil>
3605483341,<nil>,<nil>,<nil>,<nil>,<nil>,<nil>,<nil>,<nil>,721,<nil>
2247839577,<nil>,<nil>,<nil>,<nil>,<nil>,<nil>,<nil>,<nil>,449,<nil>
3493708,<nil>,<nil>,<nil>,<nil>,<nil>,<nil>,<nil>,<nil>,0,<nil>
2231521113,<nil>,<nil>,<nil>,<nil>,<nil>,<nil>,<nil>,<nil>,446,<nil>
1716735820,<nil>,<nil>,<nil>,<nil>,<nil>,<nil>,<nil>,<nil>,343,<nil>
12472152,<nil>,<nil>,<nil>,<nil>,<nil>,<nil>,<nil>,<nil>,2,<nil>
4109848396,<nil>,<nil>,<nil>,<nil>,<nil>,<nil>,<nil>,<nil>,821,<nil>
2890682201,<nil>,<nil>,<nil>,<nil>,<nil>,<nil>,<nil>,<nil>,578,<nil>
1567117156,<nil>,<nil>,<nil>,<nil>,<nil>,<nil>,<nil>,<nil>,313,<nil>
1085951844,<nil>,<nil>,<nil>,<nil>,<nil>,<nil>,<nil>,<nil>,217,<nil>
433147724,<nil>,<nil>,<nil>,<nil>,<nil>,<nil>,<nil>,<nil>,86,<nil>
3932245849,<nil>,<nil>,<nil>,<nil>,<nil>,<nil>,<nil>,<nil>,786,<nil>
2851360589,<nil>,<nil>,<nil>,<nil>,<nil>,<nil>,<nil>,<nil>,570,<nil>
1756385100,<nil>,<nil>,<nil>,<nil>,<nil>,<nil>,<nil>,<nil>,351,<nil>
2554464297,<nil>,<nil>,<nil>,<nil>,<nil>,<nil>,<nil>,<nil>,510,<nil>
1032267626,<nil>,<nil>,<nil>,<nil>,<nil>,<nil>,<nil>,<nil>,206,<nil>
2804633433,<nil>,<nil>,<nil>,<nil>,<nil>,<nil>,<nil>,<nil>,560,<nil>
1277448013,<nil>,<nil>,<nil>,<nil>,<nil>,<nil>,<nil>,<nil>,255,<nil>
640175960,<nil>,<nil>,<nil>,<nil>,<nil>,<nil>,<nil>,<nil>,128,<nil>
2852278105,<nil>,<nil>,<nil>,<nil>,<nil>,<nil>,<nil>,<nil>,570,<nil>
241585996,<nil>,<nil>,<nil>,<nil>,<nil>,<nil>,<nil>,<nil>,48,<nil>
2469482329,<nil>,<nil>,<nil>,<nil>,<nil>,<nil>,<nil>,<nil>,493,<nil>
1906182184,<nil>,<nil>,<nil>,<nil>,<nil>,<nil>,<nil>,<nil>,381,<nil>
571297636,<nil>,<nil>,<nil>,<nil>,<nil>,<nil>,<nil>,<nil>,114,<nil>
3572649804,<nil>,<nil>,<nil>,<nil>,<nil>,<nil>,<nil>,<nil>,714,<nil>
3567603545,<nil>,<nil>,<nil>,<nil>,<nil>,<nil>,<nil>,<nil>,713,<nil>
1955483493,<nil>,<nil>,<nil>,<nil>,<nil>,<nil>,<nil>,<nil>,391,<nil>
523849560,<nil>,<nil>,<nil>,<nil>,<nil>,<nil>,<nil>,<nil>,104,<nil>
3170914125,<nil>,<nil>,<nil>,<nil>,<nil>,<nil>,<nil>,<nil>,634,<nil>
1488408396,<nil>,<nil>,<nil>,<nil>,<nil>,<nil>,<nil>,<nil>,297,<nil>
3568455513,<nil>,<nil>,<nil>,<nil>,<nil>,<nil>,<nil>,<nil>,713,<nil>
2464239436,<nil>,<nil>,<nil>,<nil>,<nil>,<nil>,<nil>,<nil>,492,<nil>
676417357,<nil>,<nil>,<nil>,<nil>,<nil>,<nil>,<nil>,<nil>,135,<nil>
2866106188,<nil>,<nil>,<nil>,<nil>,<nil>,<nil>,<nil>,<nil>,573,<nil>
1303315433,<nil>,<nil>,<nil>,<nil>,<nil>,<nil>,<nil>,<nil>,260,<nil>
316886873,<nil>,<nil>,<nil>,<nil>,<nil>,<nil>,<nil>,<nil>,63,<nil>
3065204569,<nil>,<nil>,<nil>,<nil>,<nil>,<nil>,<nil>,<nil>,613,<nil>
1235963736,<nil>,<nil>,<nil>,<nil>,<nil>,<nil>,<nil>,<nil>,247,<nil>
524636005,<nil>,<nil>,<nil>,<nil>,<nil>,<nil>,<nil>,<nil>,104,<nil>
2351517517,<nil>,<nil>,<nil>,<nil>,<nil>,<nil>,<nil>,<nil>,470,<nil>
1122389848,<nil>,<nil>,<nil>,<nil>,<nil>,<nil>,<nil>,<nil>,224,<nil>
3634057049,<nil>,<nil>,<nil>,<nil>,<nil>,<nil>,<nil>,<nil>,726,<nil>
2161463140,<nil>,<nil>,<nil>,<nil>,<nil>,<nil>,<nil>,<nil>,432,<nil>
970084196,<nil>,<nil>,<nil>,<nil>,<nil>,<nil>,<nil>,<nil>,194,<nil>
1207258980,<nil>,<nil>,<nil>,<nil>,<nil>,<nil>,<nil>,<nil>,241,<nil>
4067905368,<nil>,<nil>,<nil>,<nil>,<nil>,<nil>,<nil>,<nil>,813,<nil>
2569293645,<nil>,<nil>,<nil>,<nil>,<nil>,<nil>,<nil>,<nil>,513,<nil>
405163852,<nil>,<nil>,<nil>,<nil>,<nil>,<nil>,<nil>,<nil>,81,<nil>
2923646809,<nil>,<nil>,<nil>,<nil>,<nil>,<nil>,<nil>,<nil>,584,<nil>
1971867468,<nil>,<nil>,<nil>,<nil>,<nil>,<nil>,<nil>,<nil>,394,<nil>
3761720875,<nil>,<nil>,<nil>,<nil>,<nil>,<nil>,<nil>,<nil>,752,<nil>
2327990104,<nil>,<nil>,<nil>,<nil>,<nil>,<nil>,<nil>,<nil>,465,<nil>
1575356432,<nil>,<nil>,<nil>,<nil>,<nil>,<nil>,<nil>,<nil>,315,<nil>
3719712588,<nil>,<nil>,<nil>,<nil>,<nil>,<nil>,<nil>,<nil>,743,<nil>
2272659552,<nil>,<nil>,<nil>,<nil>,<nil>,<nil>,<nil>,<nil>,454,<nil>
1433161548,<nil>,<nil>,<nil>,<nil>,<nil>,<nil>,<nil>,<nil>,286,<nil>
3649654605,<nil>,<nil>,<nil>,<nil>,<nil>,<nil>,<nil>,<nil>,729,<nil>
2335985509,<nil>,<nil>,<nil>,<nil>,<nil>,<nil>,<nil>,<nil>,467,<nil>
1567163368,<nil>,<nil>,<nil>,<nil>,<nil>,<nil>,<nil>,<nil>,313,<nil>
2118864741,<nil>,<nil>,<nil>,<nil>,<nil>,<nil>,<nil>,<nil>,423,<nil>
3022147416,<nil>,<nil>,<nil>,<nil>,<nil>,<nil>,<nil>,<nil>,604,<nil>
284174184,<nil>,<nil>,<nil>,<nil>,<nil>,<nil>,<nil>,<nil>,56,<nil>
468209484,<nil>,<nil>,<nil>,<nil>,<nil>,<nil>,<nil>,<nil>,93,<nil>
2199932748,<nil>,<nil>,<nil>,<nil>,<nil>,<nil>,<nil>,<nil>,439,<nil>
422465369,<nil>,<nil>,<nil>,<nil>,<nil>,<nil>,<nil>,<nil>,84,<nil>
4227124702,<nil>,<nil>,<nil>,<nil>,<nil>,<nil>,<nil>,<nil>,845,<nil>
2083016537,<nil>,<nil>,<nil>,<nil>,<nil>,<nil>,<nil>,<nil>,416,<nil>
390942540,<nil>,<nil>,<nil>,<nil>,<nil>,<nil>,<nil>,<nil>,78,<nil>
3492630349,<nil>,<nil>,<nil>,<nil>,<nil>,<nil>,<nil>,<nil>,698,<nil>
2562543449,<nil>,<nil>,<nil>,<nil>,<nil>,<nil>,<nil>,<nil>,512,<nil>
1780830040,<nil>,<nil>,<nil>,<nil>,<nil>,<nil>,<nil>,<nil>,356,<nil>
3555151705,<nil>,<nil>,<nil>,<nil>,<nil>,<nil>,<nil>,<nil>,711,<nil>
3489877848,<nil>,<nil>,<nil>,<nil>,<nil>,<nil>,<nil>,<nil>,697,<nil>
328027980,<nil>,<nil>,<nil>,<nil>,<nil>,<nil>,<nil>,<nil>,65,<nil>
3714862936,<nil>,<nil>,<nil>,<nil>,<nil>,<nil>,<nil>,<nil>,742,<nil>
1636585305,<nil>,<nil>,<nil>,<nil>,<nil>,<nil>,<nil>,<nil>,327,<nil>
1790463845,<nil>,<nil>,<nil>,<nil>,<nil>,<nil>,<nil>,<nil>,358,<nil>
501305176,<nil>,<nil>,<nil>,<nil>,<nil>,<nil>,<nil>,<nil>,100,<nil>
3646050148,<nil>,<nil>,<nil>,<nil>,<nil>,<nil>,<nil>,<nil>,729,<nil>
3680718668,<nil>,<nil>,<nil>,<nil>,<nil>,<nil>,<nil>,<nil>,736,<nil>
1467371353,<nil>,<nil>,<nil>,<nil>,<nil>,<nil>,<nil>,<nil>,293,<nil>
987058009,<nil>,<nil>,<nil>,<nil>,<nil>,<nil>,<nil>,<nil>,197,<nil>
3464843085,<nil>,<nil>,<nil>,<nil>,<nil>,<nil>,<nil>,<nil>,692,<nil>
2553499481,<nil>,<nil>,<nil>,<nil>,<nil>,<nil>,<nil>,<nil>,510,<nil>
2490781528,<nil>,<nil>,<nil>,<nil>,<nil>,<nil>,<nil>,<nil>,498,<nil>
702762841,<nil>,<nil>,<nil>,<nil>,<nil>,<nil>,<nil>,<nil>,140,<nil>
3633794905,<nil>,<nil>,<nil>,<nil>,<nil>,<nil>,<nil>,<nil>,726,<nil>
1634815850,<nil>,<nil>,<nil>,<nil>,<nil>,<nil>,<nil>,<nil>,326,<nil>
4160311117,<nil>,<nil>,<nil>,<nil>,<nil>,<nil>,<nil>,<nil>,832,<nil>
2649378637,<nil>,<nil>,<nil>,<nil>,<nil>,<nil>,<nil>,<nil>,529,<nil>
2546487146,<nil>,<nil>,<nil>,<nil>,<nil>,<nil>,<nil>,<nil>,509,<nil>
2154299498,<nil>,<nil>,<nil>,<nil>,<nil>,<nil>,<nil>,<nil>,430,<nil>
311054186,<nil>,<nil>,<nil>,<nil>,<nil>,<nil>,<nil>,<nil>,62,<nil>
3423995904,<nil>,<nil>,<nil>,<nil>,<nil>,<nil>,<nil>,<nil>,684,<nil>
2355121997,<nil>,<nil>,<nil>,<nil>,<nil>,<nil>,<nil>,<nil>,471,<nil>
2333232972,<nil>,<nil>,<nil>,<nil>,<nil>,<nil>,<nil>,<nil>,466,<nil>
535646040,<nil>,<nil>,<nil>,<nil>,<nil>,<nil>,<nil>,<nil>,107,<nil>
3634432000,<nil>,<nil>,<nil>,<nil>,<nil>,<nil>,<nil>,<nil>,726,<nil>
3187035992,<nil>,<nil>,<nil>,<nil>,<nil>,<nil>,<nil>,<nil>,637,<nil>
623529816,<nil>,<nil>,<nil>,<nil>,<nil>,<nil>,<nil>,<nil>,124,<nil>
3176091492,<nil>,<nil>,<nil>,<nil>,<nil>,<nil>,<nil>,<nil>,635,<nil>
2485604184,<nil>,<nil>,<nil>,<nil>,<nil>,<nil>,<nil>,<nil>,497,<nil>
2956067817,<nil>,<nil>,<nil>,<nil>,<nil>,<nil>,<nil>,<nil>,591,<nil>
1795379021,<nil>,<nil>,<nil>,<nil>,<nil>,<nil>,<nil>,<nil>,359,<nil>
124342104,<nil>,<nil>,<nil>,<nil>,<nil>,<nil>,<nil>,<nil>,24,<nil>
3225440089,<nil>,<nil>,<nil>,<nil>,<nil>,<nil>,<nil>,<nil>,645,<nil>
441274189,<nil>,<nil>,<nil>,<nil>,<nil>,<nil>,<nil>,<nil>,88,<nil>
82595660,<nil>,<nil>,<nil>,<nil>,<nil>,<nil>,<nil>,<nil>,16,<nil>
653676377,<nil>,<nil>,<nil>,<nil>,<nil>,<nil>,<nil>,<nil>,130,<nil>
3778563941,<nil>,<nil>,<nil>,<nil>,<nil>,<nil>,<nil>,<nil>,755,<nil>
399462221,<nil>,<nil>,<nil>,<nil>,<nil>,<nil>,<nil>,<nil>,79,<nil>
123031397,<nil>,<nil>,<nil>,<nil>,<nil>,<nil>,<nil>,<nil>,24,<nil>
3419426636,<nil>,<nil>,<nil>,<nil>,<nil>,<nil>,<nil>,<nil>,683,<nil>
3606794061,<nil>,<nil>,<nil>,<nil>,<nil>,<nil>,<nil>,<nil>,721,<nil>
3138080601,<nil>,<nil>,<nil>,<nil>,<nil>,<nil>,<nil>,<nil>,627,<nil>
385830744,<nil>,<nil>,<nil>,<nil>,<nil>,<nil>,<nil>,<nil>,77,<nil>
2735558477,<nil>,<nil>,<nil>,<nil>,<nil>,<nil>,<nil>,<nil>,547,<nil>
2116177753,<nil>,<nil>,<nil>,<nil>,<nil>,<nil>,<nil>,<nil>,423,<nil>
281890637,<nil>,<nil>,<nil>,<nil>,<nil>,<nil>,<nil>,<nil>,56,<nil>
3258066789,<nil>,<nil>,<nil>,<nil>,<nil>,<nil>,<nil>,<nil>,651,<nil>
2360871120,<nil>,<nil>,<nil>,<nil>,<nil>,<nil>,<nil>,<nil>,472,<nil>
762335053,<nil>,<nil>,<nil>,<nil>,<nil>,<nil>,<nil>,<nil>,152,<nil>
3267186509,<nil>,<nil>,<nil>,<nil>,<nil>,<nil>,<nil>,<nil>,653,<nil>
1249249280,<nil>,<nil>,<nil>,<nil>,<nil>,<nil>,<nil>,<nil>,249,<nil>
3441512281,<nil>,<nil>,<nil>,<nil>,<nil>,<nil>,<nil>,<nil>,688,<nil>
2189578060,<nil>,<nil>,<nil>,<nil>,<nil>,<nil>,<nil>,<nil>,437,<nil>
993068718,<nil>,<nil>,<nil>,<nil>,<nil>,<nil>,<nil>,<nil>,198,<nil>
2997309273,<nil>,<nil>,<nil>,<nil>,<nil>,<nil>,<nil>,<nil>,599,<nil>
1608994648,<nil>,<nil>,<nil>,<nil>,<nil>,<nil>,<nil>,<nil>,321,<nil>
4097724248,<nil>,<nil>,<nil>,<nil>,<nil>,<nil>,<nil>,<nil>,819,<nil>
4058599256,<nil>,<nil>,<nil>,<nil>,<nil>,<nil>,<nil>,<nil>,811,<nil>
4003942232,<nil>,<nil>,<nil>,<nil>,<nil>,<nil>,<nil>,<nil>,800,<nil>
3657125708,<nil>,<nil>,<nil>,<nil>,<nil>,<nil>,<nil>,<nil>,731,<nil>
2594525005,<nil>,<nil>,<nil>,<nil>,<nil>,<nil>,<nil>,<nil>,518,<nil>
1129513066,<nil>,<nil>,<nil>,<nil>,<nil>,<nil>,<nil>,<nil>,225,<nil>
4160048973,<nil>,<nil>,<nil>,<nil>,<nil>,<nil>,<nil>,<nil>,832,<nil>
3733868365,<nil>,<nil>,<nil>,<nil>,<nil>,<nil>,<nil>,<nil>,746,<nil>
1903578956,<nil>,<nil>,<nil>,<nil>,<nil>,<nil>,<nil>,<nil>,380,<nil>
130174809,<nil>,<nil>,<nil>,<nil>,<nil>,<nil>,<nil>,<nil>,26,<nil>
3651293017,<nil>,<nil>,<nil>,<nil>,<nil>,<nil>,<nil>,<nil>,730,<nil>
2218723369,<nil>,<nil>,<nil>,<nil>,<nil>,<nil>,<nil>,<nil>,443,<nil>
3605352280,<nil>,<nil>,<nil>,<nil>,<nil>,<nil>,<nil>,<nil>,721,<nil>
1786007372,<nil>,<nil>,<nil>,<nil>,<nil>,<nil>,<nil>,<nil>,357,<nil>
3645525836,<nil>,<nil>,<nil>,<nil>,<nil>,<nil>,<nil>,<nil>,729,<nil>
1850036056,<nil>,<nil>,<nil>,<nil>,<nil>,<nil>,<nil>,<nil>,370,<nil>
363679577,<nil>,<nil>,<nil>,<nil>,<nil>,<nil>,<nil>,<nil>,72,<nil>
1451446092,<nil>,<nil>,<nil>,<nil>,<nil>,<nil>,<nil>,<nil>,290,<nil>
3950006104,<nil>,<nil>,<nil>,<nil>,<nil>,<nil>,<nil>,<nil>,790,<nil>
3164032844,<nil>,<nil>,<nil>,<nil>,<nil>,<nil>,<nil>,<nil>,632,<nil>
3697954636,<nil>,<nil>,<nil>,<nil>,<nil>,<nil>,<nil>,<nil>,739,<nil>
4100149068,<nil>,<nil>,<nil>,<nil>,<nil>,<nil>,<nil>,<nil>,820,<nil>
1427394393,<nil>,<nil>,<nil>,<nil>,<nil>,<nil>,<nil>,<nil>,285,<nil>
4193341261,<nil>,<nil>,<nil>,<nil>,<nil>,<nil>,<nil>,<nil>,838,<nil>
3253030732,<nil>,<nil>,<nil>,<nil>,<nil>,<nil>,<nil>,<nil>,650,<nil>
2028031833,<nil>,<nil>,<nil>,<nil>,<nil>,<nil>,<nil>,<nil>,405,<nil>
2981318488,<nil>,<nil>,<nil>,<nil>,<nil>,<nil>,<nil>,<nil>,596,<nil>
3631042380,<nil>,<nil>,<nil>,<nil>,<nil>,<nil>,<nil>,<nil>,726,<nil>
1965707096,<nil>,<nil>,<nil>,<nil>,<nil>,<nil>,<nil>,<nil>,393,<nil>
1063145305,<nil>,<nil>,<nil>,<nil>,<nil>,<nil>,<nil>,<nil>,212,<nil>
1249595225,<nil>,<nil>,<nil>,<nil>,<nil>,<nil>,<nil>,<nil>,249,<nil>
4140322636,<nil>,<nil>,<nil>,<nil>,<nil>,<nil>,<nil>,<nil>,828,<nil>
771489903,<nil>,<nil>,<nil>,<nil>,<nil>,<nil>,<nil>,<nil>,154,<nil>
2678607704,<nil>,<nil>,<nil>,<nil>,<nil>,<nil>,<nil>,<nil>,535,<nil>
1968918372,<nil>,<nil>,<nil>,<nil>,<nil>,<nil>,<nil>,<nil>,393,<nil>
1297436492,<nil>,<nil>,<nil>,<nil>,<nil>,<nil>,<nil>,<nil>,259,<nil>
3490402124,<nil>,<nil>,<nil>,<nil>,<nil>,<nil>,<nil>,<nil>,698,<nil>
1571049305,<nil>,<nil>,<nil>,<nil>,<nil>,<nil>,<nil>,<nil>,314,<nil>
2994425677,<nil>,<nil>,<nil>,<nil>,<nil>,<nil>,<nil>,<nil>,598,<nil>
1735075690,<nil>,<nil>,<nil>,<nil>,<nil>,<nil>,<nil>,<nil>,347,<nil>
4024436399,<nil>,<nil>,<nil>,<nil>,<nil>,<nil>,<nil>,<nil>,804,<nil>
1168133988,<nil>,<nil>,<nil>,<nil>,<nil>,<nil>,<nil>,<nil>,233,<nil>
4013444952,<nil>,<nil>,<nil>,<nil>,<nil>,<nil>,<nil>,<nil>,802,<nil>
1930645337,<nil>,<nil>,<nil>,<nil>,<nil>,<nil>,<nil>,<nil>,386,<nil>
277237593,<nil>,<nil>,<nil>,<nil>,<nil>,<nil>,<nil>,<nil>,55,<nil>
784879448,<nil>,<nil>,<nil>,<nil>,<nil>,<nil>,<nil>,<nil>,156,<nil>
2988330829,<nil>,<nil>,<nil>,<nil>,<nil>,<nil>,<nil>,<nil>,597,<nil>
1488867161,<nil>,<nil>,<nil>,<nil>,<nil>,<nil>,<nil>,<nil>,297,<nil>
657674073,<nil>,<nil>,<nil>,<nil>,<nil>,<nil>,<nil>,<nil>,131,<nil>
2986102605,<nil>,<nil>,<nil>,<nil>,<nil>,<nil>,<nil>,<nil>,597,<nil>
2581351979,<nil>,<nil>,<nil>,<nil>,<nil>,<nil>,<nil>,<nil>,516,<nil>
91377485,<nil>,<nil>,<nil>,<nil>,<nil>,<nil>,<nil>,<nil>,18,<nil>
2925350756,<nil>,<nil>,<nil>,<nil>,<nil>,<nil>,<nil>,<nil>,585,<nil>
1630293836,<nil>,<nil>,<nil>,<nil>,<nil>,<nil>,<nil>,<nil>,326,<nil>
3702083405,<nil>,<nil>,<nil>,<nil>,<nil>,<nil>,<nil>,<nil>,740,<nil>
1436812265,<nil>,<nil>,<nil>,<nil>,<nil>,<nil>,<nil>,<nil>,287,<nil>
3316076389,<nil>,<nil>,<nil>,<nil>,<nil>,<nil>,<nil>,<nil>,663,<nil>
1418153816,<nil>,<nil>,<nil>,<nil>,<nil>,<nil>,<nil>,<nil>,283,<nil>
926437220,<nil>,<nil>,<nil>,<nil>,<nil>,<nil>,<nil>,<nil>,185,<nil>
518475597,<nil>,<nil>,<nil>,<nil>,<nil>,<nil>,<nil>,<nil>,103,<nil>
3583135576,<nil>,<nil>,<nil>,<nil>,<nil>,<nil>,<nil>,<nil>,716,<nil>
1495093069,<nil>,<nil>,<nil>,<nil>,<nil>,<nil>,<nil>,<nil>,299,<nil>
3237891929,<nil>,<nil>,<nil>,<nil>,<nil>,<nil>,<nil>,<nil>,647,<nil>
3496660448,<nil>,<nil>,<nil>,<nil>,<nil>,<nil>,<nil>,<nil>,699,<nil>
2246201164,<nil>,<nil>,<nil>,<nil>,<nil>,<nil>,<nil>,<nil>,449,<nil>
3242544973,<nil>,<nil>,<nil>,<nil>,<nil>,<nil>,<nil>,<nil>,648,<nil>
2896678368,<nil>,<nil>,<nil>,<nil>,<nil>,<nil>,<nil>,<nil>,579,<nil>
4020195160,<nil>,<nil>,<nil>,<nil>,<nil>,<nil>,<nil>,<nil>,804,<nil>
1651068761,<nil>,<nil>,<nil>,<nil>,<nil>,<nil>,<nil>,<nil>,330,<nil>
739837968,<nil>,<nil>,<nil>,<nil>,<nil>,<nil>,<nil>,<nil>,147,<nil>
4281804650,<nil>,<nil>,<nil>,<nil>,<nil>,<nil>,<nil>,<nil>,856,<nil>
3005089808,<nil>,<nil>,<nil>,<nil>,<nil>,<nil>,<nil>,<nil>,601,<nil>
1985171288,<nil>,<nil>,<nil>,<nil>,<nil>,<nil>,<nil>,<nil>,397,<nil>
4189409101,<nil>,<nil>,<nil>,<nil>,<nil>,<nil>,<nil>,<nil>,837,<nil>
2889830270,<nil>,<nil>,<nil>,<nil>,<nil>,<nil>,<nil>,<nil>,577,<nil>
4280354816,<nil>,<nil>,<nil>,<nil>,<nil>,<nil>,<nil>,<nil>,856,<nil>
2578534220,<nil>,<nil>,<nil>,<nil>,<nil>,<nil>,<nil>,<nil>,515,<nil>
218189657,<nil>,<nil>,<nil>,<nil>,<nil>,<nil>,<nil>,<nil>,43,<nil>
93605709,<nil>,<nil>,<nil>,<nil>,<nil>,<nil>,<nil>,<nil>,18,<nil>
2885504857,<nil>,<nil>,<nil>,<nil>,<nil>,<nil>,<nil>,<nil>,577,<nil>
2598457188,<nil>,<nil>,<nil>,<nil>,<nil>,<nil>,<nil>,<nil>,519,<nil>
1013337933,<nil>,<nil>,<nil>,<nil>,<nil>,<nil>,<nil>,<nil>,202,<nil>
3648606029,<nil>,<nil>,<nil>,<nil>,<nil>,<nil>,<nil>,<nil>,729,<nil>
2577551181,<nil>,<nil>,<nil>,<nil>,<nil>,<nil>,<nil>,<nil>,515,<nil>
1146703704,<nil>,<nil>,<nil>,<nil>,<nil>,<nil>,<nil>,<nil>,229,<nil>
3647688525,<nil>,<nil>,<nil>,<nil>,<nil>,<nil>,<nil>,<nil>,729,<nil>
2589347673,<nil>,<nil>,<nil>,<nil>,<nil>,<nil>,<nil>,<nil>,517,<nil>
3953348428,<nil>,<nil>,<nil>,<nil>,<nil>,<nil>,<nil>,<nil>,790,<nil>
2166640461,<nil>,<nil>,<nil>,<nil>,<nil>,<nil>,<nil>,<nil>,433,<nil>
1551257433,<nil>,<nil>,<nil>,<nil>,<nil>,<nil>,<nil>,<nil>,310,<nil>
1309280475,<nil>,<nil>,<nil>,<nil>,<nil>,<nil>,<nil>,<nil>,261,<nil>
3451735884,<nil>,<nil>,<nil>,<nil>,<nil>,<nil>,<nil>,<nil>,690,<nil>
1822773081,<nil>,<nil>,<nil>,<nil>,<nil>,<nil>,<nil>,<nil>,364,<nil>
1702973261,<nil>,<nil>,<nil>,<nil>,<nil>,<nil>,<nil>,<nil>,340,<nil>
624429056,<nil>,<nil>,<nil>,<nil>,<nil>,<nil>,<nil>,<nil>,124,<nil>
3416608589,<nil>,<nil>,<nil>,<nil>,<nil>,<nil>,<nil>,<nil>,683,<nil>
3778826060,<nil>,<nil>,<nil>,<nil>,<nil>,<nil>,<nil>,<nil>,755,<nil>
2296401753,<nil>,<nil>,<nil>,<nil>,<nil>,<nil>,<nil>,<nil>,459,<nil>
619597656,<nil>,<nil>,<nil>,<nil>,<nil>,<nil>,<nil>,<nil>,123,<nil>
495341388,<nil>,<nil>,<nil>,<nil>,<nil>,<nil>,<nil>,<nil>,99,<nil>
4029286400,<nil>,<nil>,<nil>,<nil>,<nil>,<nil>,<nil>,<nil>,805,<nil>
751128409,<nil>,<nil>,<nil>,<nil>,<nil>,<nil>,<nil>,<nil>,150,<nil>
3801567064,<nil>,<nil>,<nil>,<nil>,<nil>,<nil>,<nil>,<nil>,760,<nil>
2947174245,<nil>,<nil>,<nil>,<nil>,<nil>,<nil>,<nil>,<nil>,589,<nil>
2364362584,<nil>,<nil>,<nil>,<nil>,<nil>,<nil>,<nil>,<nil>,472,<nil>
770396005,<nil>,<nil>,<nil>,<nil>,<nil>,<nil>,<nil>,<nil>,154,<nil>
3994877981,<nil>,<nil>,<nil>,<nil>,<nil>,<nil>,<nil>,<nil>,798,<nil>
3050383209,<nil>,<nil>,<nil>,<nil>,<nil>,<nil>,<nil>,<nil>,610,<nil>
919228237,<nil>,<nil>,<nil>,<nil>,<nil>,<nil>,<nil>,<nil>,183,<nil>
621029221,<nil>,<nil>,<nil>,<nil>,<nil>,<nil>,<nil>,<nil>,124,<nil>
2585874252,<nil>,<nil>,<nil>,<nil>,<nil>,<nil>,<nil>,<nil>,517,<nil>
371740505,<nil>,<nil>,<nil>,<nil>,<nil>,<nil>,<nil>,<nil>,74,<nil>
4181919744,<nil>,<nil>,<nil>,<nil>,<nil>,<nil>,<nil>,<nil>,836,<nil>
1857441663,<nil>,<nil>,<nil>,<nil>,<nil>,<nil>,<nil>,<nil>,371,<nil>
1149128525,<nil>,<nil>,<nil>,<nil>,<nil>,<nil>,<nil>,<nil>,229,<nil>
3579072332,<nil>,<nil>,<nil>,<nil>,<nil>,<nil>,<nil>,<nil>,715,<nil>
2732281381,<nil>,<nil>,<nil>,<nil>,<nil>,<nil>,<nil>,<nil>,546,<nil>
2326810445,<nil>,<nil>,<nil>,<nil>,<nil>,<nil>,<nil>,<nil>,465,<nil>
2923515737,<nil>,<nil>,<nil>,<nil>,<nil>,<nil>,<nil>,<nil>,584,<nil>
972115801,<nil>,<nil>,<nil>,<nil>,<nil>,<nil>,<nil>,<nil>,194,<nil>
173100888,<nil>,<nil>,<nil>,<nil>,<nil>,<nil>,<nil>,<nil>,34,<nil>
1250381645,<nil>,<nil>,<nil>,<nil>,<nil>,<nil>,<nil>,<nil>,250,<nil>
4194520921,<nil>,<nil>,<nil>,<nil>,<nil>,<nil>,<nil>,<nil>,838,<nil>
2954514264,<nil>,<nil>,<nil>,<nil>,<nil>,<nil>,<nil>,<nil>,590,<nil>
2052673369,<nil>,<nil>,<nil>,<nil>,<nil>,<nil>,<nil>,<nil>,410,<nil>
2349748044,<nil>,<nil>,<nil>,<nil>,<nil>,<nil>,<nil>,<nil>,469,<nil>
568282957,<nil>,<nil>,<nil>,<nil>,<nil>,<nil>,<nil>,<nil>,113,<nil>
1252872024,<nil>,<nil>,<nil>,<nil>,<nil>,<nil>,<nil>,<nil>,250,<nil>
2696105804,<nil>,<nil>,<nil>,<nil>,<nil>,<nil>,<nil>,<nil>,539,<nil>
765349709,<nil>,<nil>,<nil>,<nil>,<nil>,<nil>,<nil>,<nil>,153,<nil>
3106164557,<nil>,<nil>,<nil>,<nil>,<nil>,<nil>,<nil>,<nil>,621,<nil>
1298747213,<nil>,<nil>,<nil>,<nil>,<nil>,<nil>,<nil>,<nil>,259,<nil>
3286126436,<nil>,<nil>,<nil>,<nil>,<nil>,<nil>,<nil>,<nil>,657,<nil>
1708412760,<nil>,<nil>,<nil>,<nil>,<nil>,<nil>,<nil>,<nil>,341,<nil>
638340952,<nil>,<nil>,<nil>,<nil>,<nil>,<nil>,<nil>,<nil>,127,<nil>
1301499736,<nil>,<nil>,<nil>,<nil>,<nil>,<nil>,<nil>,<nil>,260,<nil>
3481358156,<nil>,<nil>,<nil>,<nil>,<nil>,<nil>,<nil>,<nil>,696,<nil>
2445168473,<nil>,<nil>,<nil>,<nil>,<nil>,<nil>,<nil>,<nil>,489,<nil>
341332288,<nil>,<nil>,<nil>,<nil>,<nil>,<nil>,<nil>,<nil>,68,<nil>
2126663512,<nil>,<nil>,<nil>,<nil>,<nil>,<nil>,<nil>,<nil>,425,<nil>
827281253,<nil>,<nil>,<nil>,<nil>,<nil>,<nil>,<nil>,<nil>,165,<nil>
1485375504,<nil>,<nil>,<nil>,<nil>,<nil>,<nil>,<nil>,<nil>,297,<nil>
3451473765,<nil>,<nil>,<nil>,<nil>,<nil>,<nil>,<nil>,<nil>,690,<nil>
3094087728,<nil>,<nil>,<nil>,<nil>,<nil>,<nil>,<nil>,<nil>,618,<nil>
2220117837,<nil>,<nil>,<nil>,<nil>,<nil>,<nil>,<nil>,<nil>,444,<nil>
1445154637,<nil>,<nil>,<nil>,<nil>,<nil>,<nil>,<nil>,<nil>,289,<nil>
4049882968,<nil>,<nil>,<nil>,<nil>,<nil>,<nil>,<nil>,<nil>,809,<nil>
3311012049,<nil>,<nil>,<nil>,<nil>,<nil>,<nil>,<nil>,<nil>,662,<nil>
2605141836,<nil>,<nil>,<nil>,<nil>,<nil>,<nil>,<nil>,<nil>,521,<nil>
1396526936,<nil>,<nil>,<nil>,<nil>,<nil>,<nil>,<nil>,<nil>,279,<nil>
914116440,<nil>,<nil>,<nil>,<nil>,<nil>,<nil>,<nil>,<nil>,182,<nil>
2986954585,<nil>,<nil>,<nil>,<nil>,<nil>,<nil>,<nil>,<nil>,597,<nil>
1451511640,<nil>,<nil>,<nil>,<nil>,<nil>,<nil>,<nil>,<nil>,290,<nil>
3963178841,<nil>,<nil>,<nil>,<nil>,<nil>,<nil>,<nil>,<nil>,792,<nil>
2425507672,<nil>,<nil>,<nil>,<nil>,<nil>,<nil>,<nil>,<nil>,485,<nil>
774721357,<nil>,<nil>,<nil>,<nil>,<nil>,<nil>,<nil>,<nil>,154,<nil>
3114749773,<nil>,<nil>,<nil>,<nil>,<nil>,<nil>,<nil>,<nil>,622,<nil>
1898055899,<nil>,<nil>,<nil>,<nil>,<nil>,<nil>,<nil>,<nil>,379,<nil>
3586281317,<nil>,<nil>,<nil>,<nil>,<nil>,<nil>,<nil>,<nil>,717,<nil>
1834962776,<nil>,<nil>,<nil>,<nil>,<nil>,<nil>,<nil>,<nil>,366,<nil>
4040183629,<nil>,<nil>,<nil>,<nil>,<nil>,<nil>,<nil>,<nil>,808,<nil>
2810924888,<nil>,<nil>,<nil>,<nil>,<nil>,<nil>,<nil>,<nil>,562,<nil>
1151225688,<nil>,<nil>,<nil>,<nil>,<nil>,<nil>,<nil>,<nil>,230,<nil>
4093923149,<nil>,<nil>,<nil>,<nil>,<nil>,<nil>,<nil>,<nil>,818,<nil>
224987136,<nil>,<nil>,<nil>,<nil>,<nil>,<nil>,<nil>,<nil>,44,<nil>
2550878041,<nil>,<nil>,<nil>,<nil>,<nil>,<nil>,<nil>,<nil>,510,<nil>
1892765516,<nil>,<nil>,<nil>,<nil>,<nil>,<nil>,<nil>,<nil>,378,<nil>
97996632,<nil>,<nil>,<nil>,<nil>,<nil>,<nil>,<nil>,<nil>,19,<nil>
4081078105,<nil>,<nil>,<nil>,<nil>,<nil>,<nil>,<nil>,<nil>,816,<nil>
1805209421,<nil>,<nil>,<nil>,<nil>,<nil>,<nil>,<nil>,<nil>,361,<nil>
290541389,<nil>,<nil>,<nil>,<nil>,<nil>,<nil>,<nil>,<nil>,58,<nil>
2903527244,<nil>,<nil>,<nil>,<nil>,<nil>,<nil>,<nil>,<nil>,580,<nil>
402542436,<nil>,<nil>,<nil>,<nil>,<nil>,<nil>,<nil>,<nil>,80,<nil>
3864088397,<nil>,<nil>,<nil>,<nil>,<nil>,<nil>,<nil>,<nil>,772,<nil>
3129036644,<nil>,<nil>,<nil>,<nil>,<nil>,<nil>,<nil>,<nil>,625,<nil>
1265782605,<nil>,<nil>,<nil>,<nil>,<nil>,<nil>,<nil>,<nil>,253,<nil>
704270206,<nil>,<nil>,<nil>,<nil>,<nil>,<nil>,<nil>,<nil>,140,<nil>
2033471308,<nil>,<nil>,<nil>,<nil>,<nil>,<nil>,<nil>,<nil>,406,<nil>
1287802713,<nil>,<nil>,<nil>,<nil>,<nil>,<nil>,<nil>,<nil>,257,<nil>
4082567168,<nil>,<nil>,<nil>,<nil>,<nil>,<nil>,<nil>,<nil>,816,<nil>
979652428,<nil>,<nil>,<nil>,<nil>,<nil>,<nil>,<nil>,<nil>,195,<nil>
3862825169,<nil>,<nil>,<nil>,<nil>,<nil>,<nil>,<nil>,<nil>,772,<nil>
2114801496,<nil>,<nil>,<nil>,<nil>,<nil>,<nil>,<nil>,<nil>,422,<nil>
3113897817,<nil>,<nil>,<nil>,<nil>,<nil>,<nil>,<nil>,<nil>,622,<nil>
2053787480,<nil>,<nil>,<nil>,<nil>,<nil>,<nil>,<nil>,<nil>,410,<nil>
1007505241,<nil>,<nil>,<nil>,<nil>,<nil>,<nil>,<nil>,<nil>,201,<nil>
3787607897,<nil>,<nil>,<nil>,<nil>,<nil>,<nil>,<nil>,<nil>,757,<nil>
73682789,<nil>,<nil>,<nil>,<nil>,<nil>,<nil>,<nil>,<nil>,14,<nil>
2640793432,<nil>,<nil>,<nil>,<nil>,<nil>,<nil>,<nil>,<nil>,528,<nil>
1707102028,<nil>,<nil>,<nil>,<nil>,<nil>,<nil>,<nil>,<nil>,341,<nil>
2559004493,<nil>,<nil>,<nil>,<nil>,<nil>,<nil>,<nil>,<nil>,511,<nil>
1101614948,<nil>,<nil>,<nil>,<nil>,<nil>,<nil>,<nil>,<nil>,220,<nil>
3965538136,<nil>,<nil>,<nil>,<nil>,<nil>,<nil>,<nil>,<nil>,793,<nil>
1750880089,<nil>,<nil>,<nil>,<nil>,<nil>,<nil>,<nil>,<nil>,350,<nil>
4277161844,<nil>,<nil>,<nil>,<nil>,<nil>,<nil>,<nil>,<nil>,855,<nil>
2626375525,<nil>,<nil>,<nil>,<nil>,<nil>,<nil>,<nil>,<nil>,525,<nil>
1761300330,<nil>,<nil>,<nil>,<nil>,<nil>,<nil>,<nil>,<nil>,352,<nil>
1750814541,<nil>,<nil>,<nil>,<nil>,<nil>,<nil>,<nil>,<nil>,350,<nil>
519818720,<nil>,<nil>,<nil>,<nil>,<nil>,<nil>,<nil>,<nil>,103,<nil>
2365130961,<nil>,<nil>,<nil>,<nil>,<nil>,<nil>,<nil>,<nil>,473,<nil>
615010136,<nil>,<nil>,<nil>,<nil>,<nil>,<nil>,<nil>,<nil>,123,<nil>
3569373017,<nil>,<nil>,<nil>,<nil>,<nil>,<nil>,<nil>,<nil>,713,<nil>
2862436184,<nil>,<nil>,<nil>,<nil>,<nil>,<nil>,<nil>,<nil>,572,<nil>
1120667311,<nil>,<nil>,<nil>,<nil>,<nil>,<nil>,<nil>,<nil>,224,<nil>
573591384,<nil>,<nil>,<nil>,<nil>,<nil>,<nil>,<nil>,<nil>,114,<nil>
3150250000,<nil>,<nil>,<nil>,<nil>,<nil>,<nil>,<nil>,<nil>,630,<nil>
1334267724,<nil>,<nil>,<nil>,<nil>,<nil>,<nil>,<nil>,<nil>,266,<nil>
6508377,<nil>,<nil>,<nil>,<nil>,<nil>,<nil>,<nil>,<nil>,1,<nil>
2864140109,<nil>,<nil>,<nil>,<nil>,<nil>,<nil>,<nil>,<nil>,572,<nil>
1306069033,<nil>,<nil>,<nil>,<nil>,<nil>,<nil>,<nil>,<nil>,261,<nil>
4246734944,<nil>,<nil>,<nil>,<nil>,<nil>,<nil>,<nil>,<nil>,849,<nil>
2936622925,<nil>,<nil>,<nil>,<nil>,<nil>,<nil>,<nil>,<nil>,587,<nil>
1210142540,<nil>,<nil>,<nil>,<nil>,<nil>,<nil>,<nil>,<nil>,242,<nil>
652412944,<nil>,<nil>,<nil>,<nil>,<nil>,<nil>,<nil>,<nil>,130,<nil>
2487177037,<nil>,<nil>,<nil>,<nil>,<nil>,<nil>,<nil>,<nil>,497,<nil>
529157965,<nil>,<nil>,<nil>,<nil>,<nil>,<nil>,<nil>,<nil>,105,<nil>
3099611007,<nil>,<nil>,<nil>,<nil>,<nil>,<nil>,<nil>,<nil>,619,<nil>
2077314892,<nil>,<nil>,<nil>,<nil>,<nil>,<nil>,<nil>,<nil>,415,<nil>
1172524877,<nil>,<nil>,<nil>,<nil>,<nil>,<nil>,<nil>,<nil>,234,<nil>
3722071909,<nil>,<nil>,<nil>,<nil>,<nil>,<nil>,<nil>,<nil>,744,<nil>
1983401804,<nil>,<nil>,<nil>,<nil>,<nil>,<nil>,<nil>,<nil>,396,<nil>
1207390028,<nil>,<nil>,<nil>,<nil>,<nil>,<nil>,<nil>,<nil>,241,<nil>
2260338848,<nil>,<nil>,<nil>,<nil>,<nil>,<nil>,<nil>,<nil>,452,<nil>
551440216,<nil>,<nil>,<nil>,<nil>,<nil>,<nil>,<nil>,<nil>,110,<nil>
3053342541,<nil>,<nil>,<nil>,<nil>,<nil>,<nil>,<nil>,<nil>,610,<nil>
2924498954,<nil>,<nil>,<nil>,<nil>,<nil>,<nil>,<nil>,<nil>,584,<nil>
977817433,<nil>,<nil>,<nil>,<nil>,<nil>,<nil>,<nil>,<nil>,195,<nil>
3590737752,<nil>,<nil>,<nil>,<nil>,<nil>,<nil>,<nil>,<nil>,718,<nil>
395923288,<nil>,<nil>,<nil>,<nil>,<nil>,<nil>,<nil>,<nil>,79,<nil>
2804895588,<nil>,<nil>,<nil>,<nil>,<nil>,<nil>,<nil>,<nil>,560,<nil>
2524860237,<nil>,<nil>,<nil>,<nil>,<nil>,<nil>,<nil>,<nil>,504,<nil>
847400780,<nil>,<nil>,<nil>,<nil>,<nil>,<nil>,<nil>,<nil>,169,<nil>
4148973428,<nil>,<nil>,<nil>,<nil>,<nil>,<nil>,<nil>,<nil>,829,<nil>
4199960409,<nil>,<nil>,<nil>,<nil>,<nil>,<nil>,<nil>,<nil>,839,<nil>
2876788580,<nil>,<nil>,<nil>,<nil>,<nil>,<nil>,<nil>,<nil>,575,<nil>
2349027161,<nil>,<nil>,<nil>,<nil>,<nil>,<nil>,<nil>,<nil>,469,<nil>
554782552,<nil>,<nil>,<nil>,<nil>,<nil>,<nil>,<nil>,<nil>,110,<nil>
3807774720,<nil>,<nil>,<nil>,<nil>,<nil>,<nil>,<nil>,<nil>,761,<nil>
1787973465,<nil>,<nil>,<nil>,<nil>,<nil>,<nil>,<nil>,<nil>,357,<nil>
383602520,<nil>,<nil>,<nil>,<nil>,<nil>,<nil>,<nil>,<nil>,76,<nil>
4075900761,<nil>,<nil>,<nil>,<nil>,<nil>,<nil>,<nil>,<nil>,815,<nil>
2836877144,<nil>,<nil>,<nil>,<nil>,<nil>,<nil>,<nil>,<nil>,567,<nil>
1052397401,<nil>,<nil>,<nil>,<nil>,<nil>,<nil>,<nil>,<nil>,210,<nil>
4137635672,<nil>,<nil>,<nil>,<nil>,<nil>,<nil>,<nil>,<nil>,827,<nil>
3111210828,<nil>,<nil>,<nil>,<nil>,<nil>,<nil>,<nil>,<nil>,622,<nil>
1196183385,<nil>,<nil>,<nil>,<nil>,<nil>,<nil>,<nil>,<nil>,239,<nil>
2269531981,<nil>,<nil>,<nil>,<nil>,<nil>,<nil>,<nil>,<nil>,453,<nil>
1170132448,<nil>,<nil>,<nil>,<nil>,<nil>,<nil>,<nil>,<nil>,234,<nil>
3372353199,<nil>,<nil>,<nil>,<nil>,<nil>,<nil>,<nil>,<nil>,674,<nil>
1279348568,<nil>,<nil>,<nil>,<nil>,<nil>,<nil>,<nil>,<nil>,255,<nil>
663048013,<nil>,<nil>,<nil>,<nil>,<nil>,<nil>,<nil>,<nil>,132,<nil>
3185969152,<nil>,<nil>,<nil>,<nil>,<nil>,<nil>,<nil>,<nil>,637,<nil>
801460069,<nil>,<nil>,<nil>,<nil>,<nil>,<nil>,<nil>,<nil>,160,<nil>
3927986008,<nil>,<nil>,<nil>,<nil>,<nil>,<nil>,<nil>,<nil>,785,<nil>
780554073,<nil>,<nil>,<nil>,<nil>,<nil>,<nil>,<nil>,<nil>,156,<nil>
4200597520,<nil>,<nil>,<nil>,<nil>,<nil>,<nil>,<nil>,<nil>,840,<nil>
1808093054,<nil>,<nil>,<nil>,<nil>,<nil>,<nil>,<nil>,<nil>,361,<nil>
1996705613,<nil>,<nil>,<nil>,<nil>,<nil>,<nil>,<nil>,<nil>,399,<nil>
3970781005,<nil>,<nil>,<nil>,<nil>,<nil>,<nil>,<nil>,<nil>,794,<nil>
2584760140,<nil>,<nil>,<nil>,<nil>,<nil>,<nil>,<nil>,<nil>,516,<nil>
482692940,<nil>,<nil>,<nil>,<nil>,<nil>,<nil>,<nil>,<nil>,96,<nil>
3855109964,<nil>,<nil>,<nil>,<nil>,<nil>,<nil>,<nil>,<nil>,771,<nil>
4234891096,<nil>,<nil>,<nil>,<nil>,<nil>,<nil>,<nil>,<nil>,846,<nil>
2143899469,<nil>,<nil>,<nil>,<nil>,<nil>,<nil>,<nil>,<nil>,428,<nil>
2102284109,<nil>,<nil>,<nil>,<nil>,<nil>,<nil>,<nil>,<nil>,420,<nil>
2960525328,<nil>,<nil>,<nil>,<nil>,<nil>,<nil>,<nil>,<nil>,592,<nil>
540692301,<nil>,<nil>,<nil>,<nil>,<nil>,<nil>,<nil>,<nil>,108,<nil>
3752349528,<nil>,<nil>,<nil>,<nil>,<nil>,<nil>,<nil>,<nil>,750,<nil>
2382974808,<nil>,<nil>,<nil>,<nil>,<nil>,<nil>,<nil>,<nil>,476,<nil>
2195083085,<nil>,<nil>,<nil>,<nil>,<nil>,<nil>,<nil>,<nil>,439,<nil>
1312491536,<nil>,<nil>,<nil>,<nil>,<nil>,<nil>,<nil>,<nil>,262,<nil>
4044640088,<nil>,<nil>,<nil>,<nil>,<nil>,<nil>,<nil>,<nil>,808,<nil>
2779008845,<nil>,<nil>,<nil>,<nil>,<nil>,<nil>,<nil>,<nil>,555,<nil>
2475544032,<nil>,<nil>,<nil>,<nil>,<nil>,<nil>,<nil>,<nil>,495,<nil>
1135149101,<nil>,<nil>,<nil>,<nil>,<nil>,<nil>,<nil>,<nil>,227,<nil>
3546763084,<nil>,<nil>,<nil>,<nil>,<nil>,<nil>,<nil>,<nil>,709,<nil>
2966554624,<nil>,<nil>,<nil>,<nil>,<nil>,<nil>,<nil>,<nil>,593,<nil>
2602389336,<nil>,<nil>,<nil>,<nil>,<nil>,<nil>,<nil>,<nil>,520,<nil>
859983716,<nil>,<nil>,<nil>,<nil>,<nil>,<nil>,<nil>,<nil>,171,<nil>
333991769,<nil>,<nil>,<nil>,<nil>,<nil>,<nil>,<nil>,<nil>,66,<nil>
984764236,<nil>,<nil>,<nil>,<nil>,<nil>,<nil>,<nil>,<nil>,196,<nil>
3472641868,<nil>,<nil>,<nil>,<nil>,<nil>,<nil>,<nil>,<nil>,694,<nil>
3284684620,<nil>,<nil>,<nil>,<nil>,<nil>,<nil>,<nil>,<nil>,656,<nil>
1773424461,<nil>,<nil>,<nil>,<nil>,<nil>,<nil>,<nil>,<nil>,354,<nil>
102518616,<nil>,<nil>,<nil>,<nil>,<nil>,<nil>,<nil>,<nil>,20,<nil>
4196814668,<nil>,<nil>,<nil>,<nil>,<nil>,<nil>,<nil>,<nil>,839,<nil>
872632152,<nil>,<nil>,<nil>,<nil>,<nil>,<nil>,<nil>,<nil>,174,<nil>
3383185241,<nil>,<nil>,<nil>,<nil>,<nil>,<nil>,<nil>,<nil>,676,<nil>
2169490912,<nil>,<nil>,<nil>,<nil>,<nil>,<nil>,<nil>,<nil>,433,<nil>
3028963149,<nil>,<nil>,<nil>,<nil>,<nil>,<nil>,<nil>,<nil>,605,<nil>
1510035288,<nil>,<nil>,<nil>,<nil>,<nil>,<nil>,<nil>,<nil>,302,<nil>
4205727565,<nil>,<nil>,<nil>,<nil>,<nil>,<nil>,<nil>,<nil>,841,<nil>
2897563492,<nil>,<nil>,<nil>,<nil>,<nil>,<nil>,<nil>,<nil>,579,<nil>
2062241613,<nil>,<nil>,<nil>,<nil>,<nil>,<nil>,<nil>,<nil>,412,<nil>
3366932340,<nil>,<nil>,<nil>,<nil>,<nil>,<nil>,<nil>,<nil>,673,<nil>
1717325668,<nil>,<nil>,<nil>,<nil>,<nil>,<nil>,<nil>,<nil>,343,<nil>
2625916748,<nil>,<nil>,<nil>,<nil>,<nil>,<nil>,<nil>,<nil>,525,<nil>
842223437,<nil>,<nil>,<nil>,<nil>,<nil>,<nil>,<nil>,<nil>,168,<nil>
1035226956,<nil>,<nil>,<nil>,<nil>,<nil>,<nil>,<nil>,<nil>,207,<nil>
3409596249,<nil>,<nil>,<nil>,<nil>,<nil>,<nil>,<nil>,<nil>,681,<nil>
3203026777,<nil>,<nil>,<nil>,<nil>,<nil>,<nil>,<nil>,<nil>,640,<nil>
163401561,<nil>,<nil>,<nil>,<nil>,<nil>,<nil>,<nil>,<nil>,32,<nil>
3128887312,<nil>,<nil>,<nil>,<nil>,<nil>,<nil>,<nil>,<nil>,625,<nil>
1843482444,<nil>,<nil>,<nil>,<nil>,<nil>,<nil>,<nil>,<nil>,368,<nil>
4207824740,<nil>,<nil>,<nil>,<nil>,<nil>,<nil>,<nil>,<nil>,841,<nil>
3658960728,<nil>,<nil>,<nil>,<nil>,<nil>,<nil>,<nil>,<nil>,731,<nil>
3302248280,<nil>,<nil>,<nil>,<nil>,<nil>,<nil>,<nil>,<nil>,660,<nil>
2175946762,<nil>,<nil>,<nil>,<nil>,<nil>,<nil>,<nil>,<nil>,435,<nil>
134696792,<nil>,<nil>,<nil>,<nil>,<nil>,<nil>,<nil>,<nil>,26,<nil>
3291893581,<nil>,<nil>,<nil>,<nil>,<nil>,<nil>,<nil>,<nil>,658,<nil>
2226454640,<nil>,<nil>,<nil>,<nil>,<nil>,<nil>,<nil>,<nil>,445,<nil>
4152625152,<nil>,<nil>,<nil>,<nil>,<nil>,<nil>,<nil>,<nil>,830,<nil>
1898336089,<nil>,<nil>,<nil>,<nil>,<nil>,<nil>,<nil>,<nil>,379,<nil>
1914111652,<nil>,<nil>,<nil>,<nil>,<nil>,<nil>,<nil>,<nil>,382,<nil>
2579779404,<nil>,<nil>,<nil>,<nil>,<nil>,<nil>,<nil>,<nil>,515,<nil>
801984345,<nil>,<nil>,<nil>,<nil>,<nil>,<nil>,<nil>,<nil>,160,<nil>
3556265804,<nil>,<nil>,<nil>,<nil>,<nil>,<nil>,<nil>,<nil>,711,<nil>
1624657741,<nil>,<nil>,<nil>,<nil>,<nil>,<nil>,<nil>,<nil>,324,<nil>
2181582668,<nil>,<nil>,<nil>,<nil>,<nil>,<nil>,<nil>,<nil>,436,<nil>
99831629,<nil>,<nil>,<nil>,<nil>,<nil>,<nil>,<nil>,<nil>,19,<nil>
4046784512,<nil>,<nil>,<nil>,<nil>,<nil>,<nil>,<nil>,<nil>,809,<nil>
3243921240,<nil>,<nil>,<nil>,<nil>,<nil>,<nil>,<nil>,<nil>,648,<nil>
1933772800,<nil>,<nil>,<nil>,<nil>,<nil>,<nil>,<nil>,<nil>,386,<nil>
179064664,<nil>,<nil>,<nil>,<nil>,<nil>,<nil>,<nil>,<nil>,35,<nil>
3860156237,<nil>,<nil>,<nil>,<nil>,<nil>,<nil>,<nil>,<nil>,772,<nil>
2805354329,<nil>,<nil>,<nil>,<nil>,<nil>,<nil>,<nil>,<nil>,561,<nil>
838946637,<nil>,<nil>,<nil>,<nil>,<nil>,<nil>,<nil>,<nil>,167,<nil>
3329951953,<nil>,<nil>,<nil>,<nil>,<nil>,<nil>,<nil>,<nil>,665,<nil>
3695202154,<nil>,<nil>,<nil>,<nil>,<nil>,<nil>,<nil>,<nil>,739,<nil>
2061389645,<nil>,<nil>,<nil>,<nil>,<nil>,<nil>,<nil>,<nil>,412,<nil>
1498402272,<nil>,<nil>,<nil>,<nil>,<nil>,<nil>,<nil>,<nil>,299,<nil>
3647669935,<nil>,<nil>,<nil>,<nil>,<nil>,<nil>,<nil>,<nil>,729,<nil>
2981187404,<nil>,<nil>,<nil>,<nil>,<nil>,<nil>,<nil>,<nil>,596,<nil>
3816968024,<nil>,<nil>,<nil>,<nil>,<nil>,<nil>,<nil>,<nil>,763,<nil>
1931628388,<nil>,<nil>,<nil>,<nil>,<nil>,<nil>,<nil>,<nil>,386,<nil>
230969177,<nil>,<nil>,<nil>,<nil>,<nil>,<nil>,<nil>,<nil>,46,<nil>
3062320997,<nil>,<nil>,<nil>,<nil>,<nil>,<nil>,<nil>,<nil>,612,<nil>
3574615908,<nil>,<nil>,<nil>,<nil>,<nil>,<nil>,<nil>,<nil>,714,<nil>
1722371929,<nil>,<nil>,<nil>,<nil>,<nil>,<nil>,<nil>,<nil>,344,<nil>
1795706700,<nil>,<nil>,<nil>,<nil>,<nil>,<nil>,<nil>,<nil>,359,<nil>
1675757608,<nil>,<nil>,<nil>,<nil>,<nil>,<nil>,<nil>,<nil>,335,<nil>
4220800856,<nil>,<nil>,<nil>,<nil>,<nil>,<nil>,<nil>,<nil>,844,<nil>
3027455833,<nil>,<nil>,<nil>,<nil>,<nil>,<nil>,<nil>,<nil>,605,<nil>
1726304088,<nil>,<nil>,<nil>,<nil>,<nil>,<nil>,<nil>,<nil>,345,<nil>
1458917196,<nil>,<nil>,<nil>,<nil>,<nil>,<nil>,<nil>,<nil>,291,<nil>
572215129,<nil>,<nil>,<nil>,<nil>,<nil>,<nil>,<nil>,<nil>,114,<nil>
3465629516,<nil>,<nil>,<nil>,<nil>,<nil>,<nil>,<nil>,<nil>,693,<nil>
3741536089,<nil>,<nil>,<nil>,<nil>,<nil>,<nil>,<nil>,<nil>,748,<nil>
2690975760,<nil>,<nil>,<nil>,<nil>,<nil>,<nil>,<nil>,<nil>,538,<nil>
2657177421,<nil>,<nil>,<nil>,<nil>,<nil>,<nil>,<nil>,<nil>,531,<nil>
1947488076,<nil>,<nil>,<nil>,<nil>,<nil>,<nil>,<nil>,<nil>,389,<nil>
3880996697,<nil>,<nil>,<nil>,<nil>,<nil>,<nil>,<nil>,<nil>,776,<nil>
2922663756,<nil>,<nil>,<nil>,<nil>,<nil>,<nil>,<nil>,<nil>,584,<nil>
235884365,<nil>,<nil>,<nil>,<nil>,<nil>,<nil>,<nil>,<nil>,47,<nil>
430319476,<nil>,<nil>,<nil>,<nil>,<nil>,<nil>,<nil>,<nil>,86,<nil>
2719287392,<nil>,<nil>,<nil>,<nil>,<nil>,<nil>,<nil>,<nil>,543,<nil>
1119440717,<nil>,<nil>,<nil>,<nil>,<nil>,<nil>,<nil>,<nil>,223,<nil>
4025503564,<nil>,<nil>,<nil>,<nil>,<nil>,<nil>,<nil>,<nil>,805,<nil>
3642576717,<nil>,<nil>,<nil>,<nil>,<nil>,<nil>,<nil>,<nil>,728,<nil>
2492400617,<nil>,<nil>,<nil>,<nil>,<nil>,<nil>,<nil>,<nil>,498,<nil>
1249453926,<nil>,<nil>,<nil>,<nil>,<nil>,<nil>,<nil>,<nil>,249,<nil>
690442061,<nil>,<nil>,<nil>,<nil>,<nil>,<nil>,<nil>,<nil>,138,<nil>
857821029,<nil>,<nil>,<nil>,<nil>,<nil>,<nil>,<nil>,<nil>,171,<nil>
3463335756,<nil>,<nil>,<nil>,<nil>,<nil>,<nil>,<nil>,<nil>,692,<nil>
1658146636,<nil>,<nil>,<nil>,<nil>,<nil>,<nil>,<nil>,<nil>,331,<nil>
109119624,<nil>,<nil>,<nil>,<nil>,<nil>,<nil>,<nil>,<nil>,21,<nil>
3617261664,<nil>,<nil>,<nil>,<nil>,<nil>,<nil>,<nil>,<nil>,723,<nil>
1112737808,<nil>,<nil>,<nil>,<nil>,<nil>,<nil>,<nil>,<nil>,222,<nil>
3166326605,<nil>,<nil>,<nil>,<nil>,<nil>,<nil>,<nil>,<nil>,633,<nil>
3180220260,<nil>,<nil>,<nil>,<nil>,<nil>,<nil>,<nil>,<nil>,636,<nil>
3881895936,<nil>,<nil>,<nil>,<nil>,<nil>,<nil>,<nil>,<nil>,776,<nil>
2655014745,<nil>,<nil>,<nil>,<nil>,<nil>,<nil>,<nil>,<nil>,531,<nil>
2199539544,<nil>,<nil>,<nil>,<nil>,<nil>,<nil>,<nil>,<nil>,439,<nil>
3415869649,<nil>,<nil>,<nil>,<nil>,<nil>,<nil>,<nil>,<nil>,683,<nil>
2694926168,<nil>,<nil>,<nil>,<nil>,<nil>,<nil>,<nil>,<nil>,538,<nil>
898846541,<nil>,<nil>,<nil>,<nil>,<nil>,<nil>,<nil>,<nil>,179,<nil>
3509473112,<nil>,<nil>,<nil>,<nil>,<nil>,<nil>,<nil>,<nil>,701,<nil>
1867403097,<nil>,<nil>,<nil>,<nil>,<nil>,<nil>,<nil>,<nil>,373,<nil>
1811631961,<nil>,<nil>,<nil>,<nil>,<nil>,<nil>,<nil>,<nil>,362,<nil>
559238988,<nil>,<nil>,<nil>,<nil>,<nil>,<nil>,<nil>,<nil>,111,<nil>
3965800281,<nil>,<nil>,<nil>,<nil>,<nil>,<nil>,<nil>,<nil>,793,<nil>
2392215384,<nil>,<nil>,<nil>,<nil>,<nil>,<nil>,<nil>,<nil>,478,<nil>
461393753,<nil>,<nil>,<nil>,<nil>,<nil>,<nil>,<nil>,<nil>,92,<nil>
3288485732,<nil>,<nil>,<nil>,<nil>,<nil>,<nil>,<nil>,<nil>,657,<nil>
2445823832,<nil>,<nil>,<nil>,<nil>,<nil>,<nil>,<nil>,<nil>,489,<nil>
3597076480,<nil>,<nil>,<nil>,<nil>,<nil>,<nil>,<nil>,<nil>,719,<nil>
1758023512,<nil>,<nil>,<nil>,<nil>,<nil>,<nil>,<nil>,<nil>,351,<nil>
2651981824,<nil>,<nil>,<nil>,<nil>,<nil>,<nil>,<nil>,<nil>,530,<nil>
974147405,<nil>,<nil>,<nil>,<nil>,<nil>,<nil>,<nil>,<nil>,194,<nil>
3877064524,<nil>,<nil>,<nil>,<nil>,<nil>,<nil>,<nil>,<nil>,775,<nil>
4133441356,<nil>,<nil>,<nil>,<nil>,<nil>,<nil>,<nil>,<nil>,826,<nil>
4140322660,<nil>,<nil>,<nil>,<nil>,<nil>,<nil>,<nil>,<nil>,828,<nil>
2800158382,<nil>,<nil>,<nil>,<nil>,<nil>,<nil>,<nil>,<nil>,560,<nil>
1208766285,<nil>,<nil>,<nil>,<nil>,<nil>,<nil>,<nil>,<nil>,241,<nil>
850546521,<nil>,<nil>,<nil>,<nil>,<nil>,<nil>,<nil>,<nil>,170,<nil>
2122075980,<nil>,<nil>,<nil>,<nil>,<nil>,<nil>,<nil>,<nil>,424,<nil>
862343001,<nil>,<nil>,<nil>,<nil>,<nil>,<nil>,<nil>,<nil>,172,<nil>
3058716505,<nil>,<nil>,<nil>,<nil>,<nil>,<nil>,<nil>,<nil>,611,<nil>
2244890444,<nil>,<nil>,<nil>,<nil>,<nil>,<nil>,<nil>,<nil>,448,<nil>
311512909,<nil>,<nil>,<nil>,<nil>,<nil>,<nil>,<nil>,<nil>,62,<nil>
709119833,<nil>,<nil>,<nil>,<nil>,<nil>,<nil>,<nil>,<nil>,141,<nil>
3713468512,<nil>,<nil>,<nil>,<nil>,<nil>,<nil>,<nil>,<nil>,742,<nil>
3079622477,<nil>,<nil>,<nil>,<nil>,<nil>,<nil>,<nil>,<nil>,615,<nil>
1407733592,<nil>,<nil>,<nil>,<nil>,<nil>,<nil>,<nil>,<nil>,281,<nil>
1357270860,<nil>,<nil>,<nil>,<nil>,<nil>,<nil>,<nil>,<nil>,271,<nil>
3940896589,<nil>,<nil>,<nil>,<nil>,<nil>,<nil>,<nil>,<nil>,788,<nil>
3446951768,<nil>,<nil>,<nil>,<nil>,<nil>,<nil>,<nil>,<nil>,689,<nil>
3797897049,<nil>,<nil>,<nil>,<nil>,<nil>,<nil>,<nil>,<nil>,759,<nil>
2453997220,<nil>,<nil>,<nil>,<nil>,<nil>,<nil>,<nil>,<nil>,490,<nil>
677400420,<nil>,<nil>,<nil>,<nil>,<nil>,<nil>,<nil>,<nil>,135,<nil>
1799442276,<nil>,<nil>,<nil>,<nil>,<nil>,<nil>,<nil>,<nil>,359,<nil>
3892727641,<nil>,<nil>,<nil>,<nil>,<nil>,<nil>,<nil>,<nil>,778,<nil>
1083658072,<nil>,<nil>,<nil>,<nil>,<nil>,<nil>,<nil>,<nil>,216,<nil>
3103346509,<nil>,<nil>,<nil>,<nil>,<nil>,<nil>,<nil>,<nil>,620,<nil>
1273450316,<nil>,<nil>,<nil>,<nil>,<nil>,<nil>,<nil>,<nil>,254,<nil>
815091533,<nil>,<nil>,<nil>,<nil>,<nil>,<nil>,<nil>,<nil>,163,<nil>
1935232844,<nil>,<nil>,<nil>,<nil>,<nil>,<nil>,<nil>,<nil>,387,<nil>
1487949657,<nil>,<nil>,<nil>,<nil>,<nil>,<nil>,<nil>,<nil>,297,<nil>
544624472,<nil>,<nil>,<nil>,<nil>,<nil>,<nil>,<nil>,<nil>,108,<nil>
3316338508,<nil>,<nil>,<nil>,<nil>,<nil>,<nil>,<nil>,<nil>,663,<nil>
1067470668,<nil>,<nil>,<nil>,<nil>,<nil>,<nil>,<nil>,<nil>,213,<nil>
733040460,<nil>,<nil>,<nil>,<nil>,<nil>,<nil>,<nil>,<nil>,146,<nil>
232523792,<nil>,<nil>,<nil>,<nil>,<nil>,<nil>,<nil>,<nil>,46,<nil>
2804698968,<nil>,<nil>,<nil>,<nil>,<nil>,<nil>,<nil>,<nil>,560,<nil>
859918157,<nil>,<nil>,<nil>,<nil>,<nil>,<nil>,<nil>,<nil>,171,<nil>
999688208,<nil>,<nil>,<nil>,<nil>,<nil>,<nil>,<nil>,<nil>,199,<nil>
3727839064,<nil>,<nil>,<nil>,<nil>,<nil>,<nil>,<nil>,<nil>,745,<nil>
847466328,<nil>,<nil>,<nil>,<nil>,<nil>,<nil>,<nil>,<nil>,169,<nil>
3067367257,<nil>,<nil>,<nil>,<nil>,<nil>,<nil>,<nil>,<nil>,613,<nil>
1917079412,<nil>,<nil>,<nil>,<nil>,<nil>,<nil>,<nil>,<nil>,383,<nil>
1531203405,<nil>,<nil>,<nil>,<nil>,<nil>,<nil>,<nil>,<nil>,306,<nil>
2868334424,<nil>,<nil>,<nil>,<nil>,<nil>,<nil>,<nil>,<nil>,573,<nil>
1079070553,<nil>,<nil>,<nil>,<nil>,<nil>,<nil>,<nil>,<nil>,215,<nil>
3231565,<nil>,<nil>,<nil>,<nil>,<nil>,<nil>,<nil>,<nil>,0,<nil>
3386855245,<nil>,<nil>,<nil>,<nil>,<nil>,<nil>,<nil>,<nil>,677,<nil>
1935157092,<nil>,<nil>,<nil>,<nil>,<nil>,<nil>,<nil>,<nil>,387,<nil>
798838616,<nil>,<nil>,<nil>,<nil>,<nil>,<nil>,<nil>,<nil>,159,<nil>
1722896217,<nil>,<nil>,<nil>,<nil>,<nil>,<nil>,<nil>,<nil>,344,<nil>
1848117264,<nil>,<nil>,<nil>,<nil>,<nil>,<nil>,<nil>,<nil>,369,<nil>
2994360140,<nil>,<nil>,<nil>,<nil>,<nil>,<nil>,<nil>,<nil>,598,<nil>
892030796,<nil>,<nil>,<nil>,<nil>,<nil>,<nil>,<nil>,<nil>,178,<nil>
4276703064,<nil>,<nil>,<nil>,<nil>,<nil>,<nil>,<nil>,<nil>,855,<nil>
2266255192,<nil>,<nil>,<nil>,<nil>,<nil>,<nil>,<nil>,<nil>,453,<nil>
257511257,<nil>,<nil>,<nil>,<nil>,<nil>,<nil>,<nil>,<nil>,51,<nil>
3901706072,<nil>,<nil>,<nil>,<nil>,<nil>,<nil>,<nil>,<nil>,780,<nil>
2314471440,<nil>,<nil>,<nil>,<nil>,<nil>,<nil>,<nil>,<nil>,462,<nil>
625168205,<nil>,<nil>,<nil>,<nil>,<nil>,<nil>,<nil>,<nil>,125,<nil>
2674151269,<nil>,<nil>,<nil>,<nil>,<nil>,<nil>,<nil>,<nil>,534,<nil>
1092552368,<nil>,<nil>,<nil>,<nil>,<nil>,<nil>,<nil>,<nil>,218,<nil>
3489736550,<nil>,<nil>,<nil>,<nil>,<nil>,<nil>,<nil>,<nil>,697,<nil>
1435717464,<nil>,<nil>,<nil>,<nil>,<nil>,<nil>,<nil>,<nil>,287,<nil>
4071771992,<nil>,<nil>,<nil>,<nil>,<nil>,<nil>,<nil>,<nil>,814,<nil>
3362803556,<nil>,<nil>,<nil>,<nil>,<nil>,<nil>,<nil>,<nil>,672,<nil>
1085296485,<nil>,<nil>,<nil>,<nil>,<nil>,<nil>,<nil>,<nil>,217,<nil>
3626913624,<nil>,<nil>,<nil>,<nil>,<nil>,<nil>,<nil>,<nil>,725,<nil>
2578206553,<nil>,<nil>,<nil>,<nil>,<nil>,<nil>,<nil>,<nil>,515,<nil>
4135014221,<nil>,<nil>,<nil>,<nil>,<nil>,<nil>,<nil>,<nil>,827,<nil>
3572977509,<nil>,<nil>,<nil>,<nil>,<nil>,<nil>,<nil>,<nil>,714,<nil>
1700876109,<nil>,<nil>,<nil>,<nil>,<nil>,<nil>,<nil>,<nil>,340,<nil>
1988775780,<nil>,<nil>,<nil>,<nil>,<nil>,<nil>,<nil>,<nil>,397,<nil>
1472810841,<nil>,<nil>,<nil>,<nil>,<nil>,<nil>,<nil>,<nil>,294,<nil>
1902071652,<nil>,<nil>,<nil>,<nil>,<nil>,<nil>,<nil>,<nil>,380,<nil>
4239675236,<nil>,<nil>,<nil>,<nil>,<nil>,<nil>,<nil>,<nil>,847,<nil>
3712307033,<nil>,<nil>,<nil>,<nil>,<nil>,<nil>,<nil>,<nil>,742,<nil>
3799011172,<nil>,<nil>,<nil>,<nil>,<nil>,<nil>,<nil>,<nil>,759,<nil>
2497859404,<nil>,<nil>,<nil>,<nil>,<nil>,<nil>,<nil>,<nil>,499,<nil>
430919513,<nil>,<nil>,<nil>,<nil>,<nil>,<nil>,<nil>,<nil>,86,<nil>
4231614285,<nil>,<nil>,<nil>,<nil>,<nil>,<nil>,<nil>,<nil>,846,<nil>
3399896921,<nil>,<nil>,<nil>,<nil>,<nil>,<nil>,<nil>,<nil>,679,<nil>
1783451493,<nil>,<nil>,<nil>,<nil>,<nil>,<nil>,<nil>,<nil>,356,<nil>
80367449,<nil>,<nil>,<nil>,<nil>,<nil>,<nil>,<nil>,<nil>,16,<nil>
4162408280,<nil>,<nil>,<nil>,<nil>,<nil>,<nil>,<nil>,<nil>,832,<nil>
1963937624,<nil>,<nil>,<nil>,<nil>,<nil>,<nil>,<nil>,<nil>,392,<nil>
32919385,<nil>,<nil>,<nil>,<nil>,<nil>,<nil>,<nil>,<nil>,6,<nil>
4273557325,<nil>,<nil>,<nil>,<nil>,<nil>,<nil>,<nil>,<nil>,854,<nil>
2613104096,<nil>,<nil>,<nil>,<nil>,<nil>,<nil>,<nil>,<nil>,522,<nil>
514918063,<nil>,<nil>,<nil>,<nil>,<nil>,<nil>,<nil>,<nil>,102,<nil>
3231862616,<nil>,<nil>,<nil>,<nil>,<nil>,<nil>,<nil>,<nil>,646,<nil>
348081997,<nil>,<nil>,<nil>,<nil>,<nil>,<nil>,<nil>,<nil>,69,<nil>
3184611173,<nil>,<nil>,<nil>,<nil>,<nil>,<nil>,<nil>,<nil>,636,<nil>
2628144972,<nil>,<nil>,<nil>,<nil>,<nil>,<nil>,<nil>,<nil>,525,<nil>
4230678528,<nil>,<nil>,<nil>,<nil>,<nil>,<nil>,<nil>,<nil>,846,<nil>
3012972377,<nil>,<nil>,<nil>,<nil>,<nil>,<nil>,<nil>,<nil>,602,<nil>
1948190382,<nil>,<nil>,<nil>,<nil>,<nil>,<nil>,<nil>,<nil>,389,<nil>
690048844,<nil>,<nil>,<nil>,<nil>,<nil>,<nil>,<nil>,<nil>,138,<nil>
3688499216,<nil>,<nil>,<nil>,<nil>,<nil>,<nil>,<nil>,<nil>,737,<nil>
84823908,<nil>,<nil>,<nil>,<nil>,<nil>,<nil>,<nil>,<nil>,16,<nil>
312412320,<nil>,<nil>,<nil>,<nil>,<nil>,<nil>,<nil>,<nil>,62,<nil>
3032305485,<nil>,<nil>,<nil>,<nil>,<nil>,<nil>,<nil>,<nil>,606,<nil>
1373917005,<nil>,<nil>,<nil>,<nil>,<nil>,<nil>,<nil>,<nil>,274,<nil>
609963865,<nil>,<nil>,<nil>,<nil>,<nil>,<nil>,<nil>,<nil>,121,<nil>
106516312,<nil>,<nil>,<nil>,<nil>,<nil>,<nil>,<nil>,<nil>,21,<nil>
2998995040,<nil>,<nil>,<nil>,<nil>,<nil>,<nil>,<nil>,<nil>,599,<nil>
1883721572,<nil>,<nil>,<nil>,<nil>,<nil>,<nil>,<nil>,<nil>,376,<nil>
442847052,<nil>,<nil>,<nil>,<nil>,<nil>,<nil>,<nil>,<nil>,88,<nil>
3787720745,<nil>,<nil>,<nil>,<nil>,<nil>,<nil>,<nil>,<nil>,757,<nil>
3045871626,<nil>,<nil>,<nil>,<nil>,<nil>,<nil>,<nil>,<nil>,609,<nil>
3443543884,<nil>,<nil>,<nil>,<nil>,<nil>,<nil>,<nil>,<nil>,688,<nil>
1355173720,<nil>,<nil>,<nil>,<nil>,<nil>,<nil>,<nil>,<nil>,271,<nil>
54153077,<nil>,<nil>,<nil>,<nil>,<nil>,<nil>,<nil>,<nil>,10,<nil>
628313933,<nil>,<nil>,<nil>,<nil>,<nil>,<nil>,<nil>,<nil>,125,<nil>
269307724,<nil>,<nil>,<nil>,<nil>,<nil>,<nil>,<nil>,<nil>,53,<nil>
1248481100,<nil>,<nil>,<nil>,<nil>,<nil>,<nil>,<nil>,<nil>,249,<nil>
4063121241,<nil>,<nil>,<nil>,<nil>,<nil>,<nil>,<nil>,<nil>,812,<nil>
2961461068,<nil>,<nil>,<nil>,<nil>,<nil>,<nil>,<nil>,<nil>,592,<nil>
655904588,<nil>,<nil>,<nil>,<nil>,<nil>,<nil>,<nil>,<nil>,131,<nil>
4199960397,<nil>,<nil>,<nil>,<nil>,<nil>,<nil>,<nil>,<nil>,839,<nil>
3919138660,<nil>,<nil>,<nil>,<nil>,<nil>,<nil>,<nil>,<nil>,783,<nil>
2247970648,<nil>,<nil>,<nil>,<nil>,<nil>,<nil>,<nil>,<nil>,449,<nil>
1075251216,<nil>,<nil>,<nil>,<nil>,<nil>,<nil>,<nil>,<nil>,215,<nil>
503336780,<nil>,<nil>,<nil>,<nil>,<nil>,<nil>,<nil>,<nil>,100,<nil>
3297005400,<nil>,<nil>,<nil>,<nil>,<nil>,<nil>,<nil>,<nil>,659,<nil>
2241744717,<nil>,<nil>,<nil>,<nil>,<nil>,<nil>,<nil>,<nil>,448,<nil>
230051661,<nil>,<nil>,<nil>,<nil>,<nil>,<nil>,<nil>,<nil>,46,<nil>
3069857637,<nil>,<nil>,<nil>,<nil>,<nil>,<nil>,<nil>,<nil>,613,<nil>
3051160553,<nil>,<nil>,<nil>,<nil>,<nil>,<nil>,<nil>,<nil>,610,<nil>
2817591312,<nil>,<nil>,<nil>,<nil>,<nil>,<nil>,<nil>,<nil>,563,<nil>
550063961,<nil>,<nil>,<nil>,<nil>,<nil>,<nil>,<nil>,<nil>,110,<nil>
1096896345,<nil>,<nil>,<nil>,<nil>,<nil>,<nil>,<nil>,<nil>,219,<nil>
4196290393,<nil>,<nil>,<nil>,<nil>,<nil>,<nil>,<nil>,<nil>,839,<nil>
3133278208,<nil>,<nil>,<nil>,<nil>,<nil>,<nil>,<nil>,<nil>,626,<nil>
2862418222,<nil>,<nil>,<nil>,<nil>,<nil>,<nil>,<nil>,<nil>,572,<nil>
1246252917,<nil>,<nil>,<nil>,<nil>,<nil>,<nil>,<nil>,<nil>,249,<nil>
3695202137,<nil>,<nil>,<nil>,<nil>,<nil>,<nil>,<nil>,<nil>,739,<nil>
3202174797,<nil>,<nil>,<nil>,<nil>,<nil>,<nil>,<nil>,<nil>,640,<nil>
3030863705,<nil>,<nil>,<nil>,<nil>,<nil>,<nil>,<nil>,<nil>,606,<nil>
1359302477,<nil>,<nil>,<nil>,<nil>,<nil>,<nil>,<nil>,<nil>,271,<nil>
1036537689,<nil>,<nil>,<nil>,<nil>,<nil>,<nil>,<nil>,<nil>,207,<nil>
2222739277,<nil>,<nil>,<nil>,<nil>,<nil>,<nil>,<nil>,<nil>,444,<nil>
572346201,<nil>,<nil>,<nil>,<nil>,<nil>,<nil>,<nil>,<nil>,114,<nil>
363482968,<nil>,<nil>,<nil>,<nil>,<nil>,<nil>,<nil>,<nil>,72,<nil>
108135401,<nil>,<nil>,<nil>,<nil>,<nil>,<nil>,<nil>,<nil>,21,<nil>
1966278865,<nil>,<nil>,<nil>,<nil>,<nil>,<nil>,<nil>,<nil>,393,<nil>
2009747277,<nil>,<nil>,<nil>,<nil>,<nil>,<nil>,<nil>,<nil>,401,<nil>
2084065112,<nil>,<nil>,<nil>,<nil>,<nil>,<nil>,<nil>,<nil>,416,<nil>
1456099160,<nil>,<nil>,<nil>,<nil>,<nil>,<nil>,<nil>,<nil>,291,<nil>
661606232,<nil>,<nil>,<nil>,<nil>,<nil>,<nil>,<nil>,<nil>,132,<nil>
3169144665,<nil>,<nil>,<nil>,<nil>,<nil>,<nil>,<nil>,<nil>,633,<nil>
2252033881,<nil>,<nil>,<nil>,<nil>,<nil>,<nil>,<nil>,<nil>,450,<nil>
2932756313,<nil>,<nil>,<nil>,<nil>,<nil>,<nil>,<nil>,<nil>,586,<nil>
1680166732,<nil>,<nil>,<nil>,<nil>,<nil>,<nil>,<nil>,<nil>,336,<nil>
989548376,<nil>,<nil>,<nil>,<nil>,<nil>,<nil>,<nil>,<nil>,197,<nil>
3202502489,<nil>,<nil>,<nil>,<nil>,<nil>,<nil>,<nil>,<nil>,640,<nil>
1249660761,<nil>,<nil>,<nil>,<nil>,<nil>,<nil>,<nil>,<nil>,249,<nil>
1029984076,<nil>,<nil>,<nil>,<nil>,<nil>,<nil>,<nil>,<nil>,205,<nil>
3258601305,<nil>,<nil>,<nil>,<nil>,<nil>,<nil>,<nil>,<nil>,651,<nil>
150490957,<nil>,<nil>,<nil>,<nil>,<nil>,<nil>,<nil>,<nil>,30,<nil>
1706000,<nil>,<nil>,<nil>,<nil>,<nil>,<nil>,<nil>,<nil>,0,<nil>
3386527564,<nil>,<nil>,<nil>,<nil>,<nil>,<nil>,<nil>,<nil>,677,<nil>
1588350808,<nil>,<nil>,<nil>,<nil>,<nil>,<nil>,<nil>,<nil>,317,<nil>
1292881376,<nil>,<nil>,<nil>,<nil>,<nil>,<nil>,<nil>,<nil>,258,<nil>
4023865176,<nil>,<nil>,<nil>,<nil>,<nil>,<nil>,<nil>,<nil>,804,<nil>
3124645721,<nil>,<nil>,<nil>,<nil>,<nil>,<nil>,<nil>,<nil>,624,<nil>
2018463564,<nil>,<nil>,<nil>,<nil>,<nil>,<nil>,<nil>,<nil>,403,<nil>
3602141017,<nil>,<nil>,<nil>,<nil>,<nil>,<nil>,<nil>,<nil>,720,<nil>
2796015070,<nil>,<nil>,<nil>,<nil>,<nil>,<nil>,<nil>,<nil>,559,<nil>
1252544345,<nil>,<nil>,<nil>,<nil>,<nil>,<nil>,<nil>,<nil>,250,<nil>
3858976588,<nil>,<nil>,<nil>,<nil>,<nil>,<nil>,<nil>,<nil>,771,<nil>
3380694860,<nil>,<nil>,<nil>,<nil>,<nil>,<nil>,<nil>,<nil>,676,<nil>
2610122596,<nil>,<nil>,<nil>,<nil>,<nil>,<nil>,<nil>,<nil>,522,<nil>
1789349721,<nil>,<nil>,<nil>,<nil>,<nil>,<nil>,<nil>,<nil>,357,<nil>
3767160653,<nil>,<nil>,<nil>,<nil>,<nil>,<nil>,<nil>,<nil>,753,<nil>
2626816000,<nil>,<nil>,<nil>,<nil>,<nil>,<nil>,<nil>,<nil>,525,<nil>
867389260,<nil>,<nil>,<nil>,<nil>,<nil>,<nil>,<nil>,<nil>,173,<nil>
2106675021,<nil>,<nil>,<nil>,<nil>,<nil>,<nil>,<nil>,<nil>,421,<nil>
1052116654,<nil>,<nil>,<nil>,<nil>,<nil>,<nil>,<nil>,<nil>,210,<nil>
3269479973,<nil>,<nil>,<nil>,<nil>,<nil>,<nil>,<nil>,<nil>,653,<nil>
1103843148,<nil>,<nil>,<nil>,<nil>,<nil>,<nil>,<nil>,<nil>,220,<nil>
915165004,<nil>,<nil>,<nil>,<nil>,<nil>,<nil>,<nil>,<nil>,183,<nil>
1653690188,<nil>,<nil>,<nil>,<nil>,<nil>,<nil>,<nil>,<nil>,330,<nil>
3881979737,<nil>,<nil>,<nil>,<nil>,<nil>,<nil>,<nil>,<nil>,776,<nil>
2562281316,<nil>,<nil>,<nil>,<nil>,<nil>,<nil>,<nil>,<nil>,512,<nil>
1424510808,<nil>,<nil>,<nil>,<nil>,<nil>,<nil>,<nil>,<nil>,284,<nil>
3924119373,<nil>,<nil>,<nil>,<nil>,<nil>,<nil>,<nil>,<nil>,784,<nil>
4135258128,<nil>,<nil>,<nil>,<nil>,<nil>,<nil>,<nil>,<nil>,827,<nil>
2283032408,<nil>,<nil>,<nil>,<nil>,<nil>,<nil>,<nil>,<nil>,456,<nil>
1094668121,<nil>,<nil>,<nil>,<nil>,<nil>,<nil>,<nil>,<nil>,218,<nil>
3366735693,<nil>,<nil>,<nil>,<nil>,<nil>,<nil>,<nil>,<nil>,673,<nil>
3312799576,<nil>,<nil>,<nil>,<nil>,<nil>,<nil>,<nil>,<nil>,662,<nil>
1526419289,<nil>,<nil>,<nil>,<nil>,<nil>,<nil>,<nil>,<nil>,305,<nil>
449793869,<nil>,<nil>,<nil>,<nil>,<nil>,<nil>,<nil>,<nil>,89,<nil>
978997068,<nil>,<nil>,<nil>,<nil>,<nil>,<nil>,<nil>,<nil>,195,<nil>
3466809164,<nil>,<nil>,<nil>,<nil>,<nil>,<nil>,<nil>,<nil>,693,<nil>
2250657612,<nil>,<nil>,<nil>,<nil>,<nil>,<nil>,<nil>,<nil>,450,<nil>
3709937510,<nil>,<nil>,<nil>,<nil>,<nil>,<nil>,<nil>,<nil>,741,<nil>
3461435212,<nil>,<nil>,<nil>,<nil>,<nil>,<nil>,<nil>,<nil>,692,<nil>
3443150681,<nil>,<nil>,<nil>,<nil>,<nil>,<nil>,<nil>,<nil>,688,<nil>
861687641,<nil>,<nil>,<nil>,<nil>,<nil>,<nil>,<nil>,<nil>,172,<nil>
3786493785,<nil>,<nil>,<nil>,<nil>,<nil>,<nil>,<nil>,<nil>,757,<nil>
3818465130,<nil>,<nil>,<nil>,<nil>,<nil>,<nil>,<nil>,<nil>,763,<nil>
3394260824,<nil>,<nil>,<nil>,<nil>,<nil>,<nil>,<nil>,<nil>,678,<nil>
1609977689,<nil>,<nil>,<nil>,<nil>,<nil>,<nil>,<nil>,<nil>,321,<nil>
692014937,<nil>,<nil>,<nil>,<nil>,<nil>,<nil>,<nil>,<nil>,138,<nil>
927289176,<nil>,<nil>,<nil>,<nil>,<nil>,<nil>,<nil>,<nil>,185,<nil>
3413266264,<nil>,<nil>,<nil>,<nil>,<nil>,<nil>,<nil>,<nil>,682,<nil>
2583693352,<nil>,<nil>,<nil>,<nil>,<nil>,<nil>,<nil>,<nil>,516,<nil>
1074810713,<nil>,<nil>,<nil>,<nil>,<nil>,<nil>,<nil>,<nil>,214,<nil>
373557264,<nil>,<nil>,<nil>,<nil>,<nil>,<nil>,<nil>,<nil>,74,<nil>
535711576,<nil>,<nil>,<nil>,<nil>,<nil>,<nil>,<nil>,<nil>,107,<nil>
2883931981,<nil>,<nil>,<nil>,<nil>,<nil>,<nil>,<nil>,<nil>,576,<nil>
1524191053,<nil>,<nil>,<nil>,<nil>,<nil>,<nil>,<nil>,<nil>,304,<nil>
24072025,<nil>,<nil>,<nil>,<nil>,<nil>,<nil>,<nil>,<nil>,4,<nil>
2143833932,<nil>,<nil>,<nil>,<nil>,<nil>,<nil>,<nil>,<nil>,428,<nil>
41307980,<nil>,<nil>,<nil>,<nil>,<nil>,<nil>,<nil>,<nil>,8,<nil>
3290713933,<nil>,<nil>,<nil>,<nil>,<nil>,<nil>,<nil>,<nil>,658,<nil>
2245330960,<nil>,<nil>,<nil>,<nil>,<nil>,<nil>,<nil>,<nil>,449,<nil>
2852867928,<nil>,<nil>,<nil>,<nil>,<nil>,<nil>,<nil>,<nil>,570,<nil>
2674609997,<nil>,<nil>,<nil>,<nil>,<nil>,<nil>,<nil>,<nil>,534,<nil>
3500035929,<nil>,<nil>,<nil>,<nil>,<nil>,<nil>,<nil>,<nil>,700,<nil>
1990086489,<nil>,<nil>,<nil>,<nil>,<nil>,<nil>,<nil>,<nil>,398,<nil>
477253465,<nil>,<nil>,<nil>,<nil>,<nil>,<nil>,<nil>,<nil>,95,<nil>
463949669,<nil>,<nil>,<nil>,<nil>,<nil>,<nil>,<nil>,<nil>,92,<nil>
406915232,<nil>,<nil>,<nil>,<nil>,<nil>,<nil>,<nil>,<nil>,81,<nil>
3757068121,<nil>,<nil>,<nil>,<nil>,<nil>,<nil>,<nil>,<nil>,751,<nil>
3249295192,<nil>,<nil>,<nil>,<nil>,<nil>,<nil>,<nil>,<nil>,649,<nil>
1367756645,<nil>,<nil>,<nil>,<nil>,<nil>,<nil>,<nil>,<nil>,273,<nil>
707593193,<nil>,<nil>,<nil>,<nil>,<nil>,<nil>,<nil>,<nil>,141,<nil>
3493547557,<nil>,<nil>,<nil>,<nil>,<nil>,<nil>,<nil>,<nil>,698,<nil>
1042239309,<nil>,<nil>,<nil>,<nil>,<nil>,<nil>,<nil>,<nil>,208,<nil>
414273357,<nil>,<nil>,<nil>,<nil>,<nil>,<nil>,<nil>,<nil>,82,<nil>
4160358609,<nil>,<nil>,<nil>,<nil>,<nil>,<nil>,<nil>,<nil>,832,<nil>
3306639181,<nil>,<nil>,<nil>,<nil>,<nil>,<nil>,<nil>,<nil>,661,<nil>
3707064141,<nil>,<nil>,<nil>,<nil>,<nil>,<nil>,<nil>,<nil>,741,<nil>
1659522932,<nil>,<nil>,<nil>,<nil>,<nil>,<nil>,<nil>,<nil>,331,<nil>
3083095896,<nil>,<nil>,<nil>,<nil>,<nil>,<nil>,<nil>,<nil>,616,<nil>
1321423168,<nil>,<nil>,<nil>,<nil>,<nil>,<nil>,<nil>,<nil>,264,<nil>
3199749977,<nil>,<nil>,<nil>,<nil>,<nil>,<nil>,<nil>,<nil>,639,<nil>
1876316004,<nil>,<nil>,<nil>,<nil>,<nil>,<nil>,<nil>,<nil>,375,<nil>
2344636248,<nil>,<nil>,<nil>,<nil>,<nil>,<nil>,<nil>,<nil>,468,<nil>
549932877,<nil>,<nil>,<nil>,<nil>,<nil>,<nil>,<nil>,<nil>,109,<nil>
2134265677,<nil>,<nil>,<nil>,<nil>,<nil>,<nil>,<nil>,<nil>,426,<nil>
824594276,<nil>,<nil>,<nil>,<nil>,<nil>,<nil>,<nil>,<nil>,164,<nil>
3712634713,<nil>,<nil>,<nil>,<nil>,<nil>,<nil>,<nil>,<nil>,742,<nil>
1754353509,<nil>,<nil>,<nil>,<nil>,<nil>,<nil>,<nil>,<nil>,350,<nil>
4068691813,<nil>,<nil>,<nil>,<nil>,<nil>,<nil>,<nil>,<nil>,813,<nil>
2546224972,<nil>,<nil>,<nil>,<nil>,<nil>,<nil>,<nil>,<nil>,509,<nil>
2212777804,<nil>,<nil>,<nil>,<nil>,<nil>,<nil>,<nil>,<nil>,442,<nil>
2957791077,<nil>,<nil>,<nil>,<nil>,<nil>,<nil>,<nil>,<nil>,591,<nil>
1521962840,<nil>,<nil>,<nil>,<nil>,<nil>,<nil>,<nil>,<nil>,304,<nil>
1369984845,<nil>,<nil>,<nil>,<nil>,<nil>,<nil>,<nil>,<nil>,273,<nil>
509890404,<nil>,<nil>,<nil>,<nil>,<nil>,<nil>,<nil>,<nil>,101,<nil>
3076869976,<nil>,<nil>,<nil>,<nil>,<nil>,<nil>,<nil>,<nil>,615,<nil>
1426083661,<nil>,<nil>,<nil>,<nil>,<nil>,<nil>,<nil>,<nil>,285,<nil>
2805944141,<nil>,<nil>,<nil>,<nil>,<nil>,<nil>,<nil>,<nil>,561,<nil>
260263757,<nil>,<nil>,<nil>,<nil>,<nil>,<nil>,<nil>,<nil>,52,<nil>
376131417,<nil>,<nil>,<nil>,<nil>,<nil>,<nil>,<nil>,<nil>,75,<nil>
242110296,<nil>,<nil>,<nil>,<nil>,<nil>,<nil>,<nil>,<nil>,48,<nil>
2437304152,<nil>,<nil>,<nil>,<nil>,<nil>,<nil>,<nil>,<nil>,487,<nil>
1233473357,<nil>,<nil>,<nil>,<nil>,<nil>,<nil>,<nil>,<nil>,246,<nil>
2379548712,<nil>,<nil>,<nil>,<nil>,<nil>,<nil>,<nil>,<nil>,475,<nil>
618286924,<nil>,<nil>,<nil>,<nil>,<nil>,<nil>,<nil>,<nil>,123,<nil>
4146810712,<nil>,<nil>,<nil>,<nil>,<nil>,<nil>,<nil>,<nil>,829,<nil>
3314569048,<nil>,<nil>,<nil>,<nil>,<nil>,<nil>,<nil>,<nil>,662,<nil>
933580621,<nil>,<nil>,<nil>,<nil>,<nil>,<nil>,<nil>,<nil>,186,<nil>
214716260,<nil>,<nil>,<nil>,<nil>,<nil>,<nil>,<nil>,<nil>,42,<nil>
1389430784,<nil>,<nil>,<nil>,<nil>,<nil>,<nil>,<nil>,<nil>,277,<nil>
3700313944,<nil>,<nil>,<nil>,<nil>,<nil>,<nil>,<nil>,<nil>,740,<nil>
2244169560,<nil>,<nil>,<nil>,<nil>,<nil>,<nil>,<nil>,<nil>,448,<nil>
1801193691,<nil>,<nil>,<nil>,<nil>,<nil>,<nil>,<nil>,<nil>,360,<nil>
123013136,<nil>,<nil>,<nil>,<nil>,<nil>,<nil>,<nil>,<nil>,24,<nil>
3152629580,<nil>,<nil>,<nil>,<nil>,<nil>,<nil>,<nil>,<nil>,630,<nil>
3862450009,<nil>,<nil>,<nil>,<nil>,<nil>,<nil>,<nil>,<nil>,772,<nil>
2735605801,<nil>,<nil>,<nil>,<nil>,<nil>,<nil>,<nil>,<nil>,547,<nil>
1398886220,<nil>,<nil>,<nil>,<nil>,<nil>,<nil>,<nil>,<nil>,279,<nil>
329338700,<nil>,<nil>,<nil>,<nil>,<nil>,<nil>,<nil>,<nil>,65,<nil>
225005400,<nil>,<nil>,<nil>,<nil>,<nil>,<nil>,<nil>,<nil>,45,<nil>
2564706136,<nil>,<nil>,<nil>,<nil>,<nil>,<nil>,<nil>,<nil>,512,<nil>
680873828,<nil>,<nil>,<nil>,<nil>,<nil>,<nil>,<nil>,<nil>,136,<nil>
3839840088,<nil>,<nil>,<nil>,<nil>,<nil>,<nil>,<nil>,<nil>,767,<nil>
2471579493,<nil>,<nil>,<nil>,<nil>,<nil>,<nil>,<nil>,<nil>,494,<nil>
1921208153,<nil>,<nil>,<nil>,<nil>,<nil>,<nil>,<nil>,<nil>,384,<nil>
2594525005,<nil>,<nil>,<nil>,<nil>,<nil>,<nil>,<nil>,<nil>,518,<nil>
651382617,<nil>,<nil>,<nil>,<nil>,<nil>,<nil>,<nil>,<nil>,130,<nil>
148655960,<nil>,<nil>,<nil>,<nil>,<nil>,<nil>,<nil>,<nil>,29,<nil>
4106899288,<nil>,<nil>,<nil>,<nil>,<nil>,<nil>,<nil>,<nil>,821,<nil>
944328537,<nil>,<nil>,<nil>,<nil>,<nil>,<nil>,<nil>,<nil>,188,<nil>
4239591440,<nil>,<nil>,<nil>,<nil>,<nil>,<nil>,<nil>,<nil>,847,<nil>
1066946393,<nil>,<nil>,<nil>,<nil>,<nil>,<nil>,<nil>,<nil>,213,<nil>
423055181,<nil>,<nil>,<nil>,<nil>,<nil>,<nil>,<nil>,<nil>,84,<nil>
1039093592,<nil>,<nil>,<nil>,<nil>,<nil>,<nil>,<nil>,<nil>,207,<nil>
3596177253,<nil>,<nil>,<nil>,<nil>,<nil>,<nil>,<nil>,<nil>,719,<nil>
2900578136,<nil>,<nil>,<nil>,<nil>,<nil>,<nil>,<nil>,<nil>,580,<nil>
615403353,<nil>,<nil>,<nil>,<nil>,<nil>,<nil>,<nil>,<nil>,123,<nil>
3513536332,<nil>,<nil>,<nil>,<nil>,<nil>,<nil>,<nil>,<nil>,702,<nil>
2628079449,<nil>,<nil>,<nil>,<nil>,<nil>,<nil>,<nil>,<nil>,525,<nil>
3284619096,<nil>,<nil>,<nil>,<nil>,<nil>,<nil>,<nil>,<nil>,656,<nil>
3242544984,<nil>,<nil>,<nil>,<nil>,<nil>,<nil>,<nil>,<nil>,648,<nil>
1610633049,<nil>,<nil>,<nil>,<nil>,<nil>,<nil>,<nil>,<nil>,322,<nil>
1386696524,<nil>,<nil>,<nil>,<nil>,<nil>,<nil>,<nil>,<nil>,277,<nil>
3471200089,<nil>,<nil>,<nil>,<nil>,<nil>,<nil>,<nil>,<nil>,694,<nil>
2956218188,<nil>,<nil>,<nil>,<nil>,<nil>,<nil>,<nil>,<nil>,591,<nil>
1309855200,<nil>,<nil>,<nil>,<nil>,<nil>,<nil>,<nil>,<nil>,261,<nil>
4021026917,<nil>,<nil>,<nil>,<nil>,<nil>,<nil>,<nil>,<nil>,804,<nil>
3101183820,<nil>,<nil>,<nil>,<nil>,<nil>,<nil>,<nil>,<nil>,620,<nil>
1735151436,<nil>,<nil>,<nil>,<nil>,<nil>,<nil>,<nil>,<nil>,347,<nil>
101994317,<nil>,<nil>,<nil>,<nil>,<nil>,<nil>,<nil>,<nil>,20,<nil>
4049555288,<nil>,<nil>,<nil>,<nil>,<nil>,<nil>,<nil>,<nil>,809,<nil>
2376879948,<nil>,<nil>,<nil>,<nil>,<nil>,<nil>,<nil>,<nil>,475,<nil>
455102297,<nil>,<nil>,<nil>,<nil>,<nil>,<nil>,<nil>,<nil>,91,<nil>
3724496741,<nil>,<nil>,<nil>,<nil>,<nil>,<nil>,<nil>,<nil>,744,<nil>
1860718413,<nil>,<nil>,<nil>,<nil>,<nil>,<nil>,<nil>,<nil>,372,<nil>
1307332479,<nil>,<nil>,<nil>,<nil>,<nil>,<nil>,<nil>,<nil>,261,<nil>
80760665,<nil>,<nil>,<nil>,<nil>,<nil>,<nil>,<nil>,<nil>,16,<nil>
2509131596,<nil>,<nil>,<nil>,<nil>,<nil>,<nil>,<nil>,<nil>,501,<nil>
2876526424,<nil>,<nil>,<nil>,<nil>,<nil>,<nil>,<nil>,<nil>,575,<nil>
614747980,<nil>,<nil>,<nil>,<nil>,<nil>,<nil>,<nil>,<nil>,122,<nil>
3249950540,<nil>,<nil>,<nil>,<nil>,<nil>,<nil>,<nil>,<nil>,649,<nil>
1160400728,<nil>,<nil>,<nil>,<nil>,<nil>,<nil>,<nil>,<nil>,232,<nil>
4262725632,<nil>,<nil>,<nil>,<nil>,<nil>,<nil>,<nil>,<nil>,852,<nil>
1999916877,<nil>,<nil>,<nil>,<nil>,<nil>,<nil>,<nil>,<nil>,399,<nil>
1086672729,<nil>,<nil>,<nil>,<nil>,<nil>,<nil>,<nil>,<nil>,217,<nil>
3136704362,<nil>,<nil>,<nil>,<nil>,<nil>,<nil>,<nil>,<nil>,627,<nil>
92557132,<nil>,<nil>,<nil>,<nil>,<nil>,<nil>,<nil>,<nil>,18,<nil>
2727825228,<nil>,<nil>,<nil>,<nil>,<nil>,<nil>,<nil>,<nil>,545,<nil>
1604013950,<nil>,<nil>,<nil>,<nil>,<nil>,<nil>,<nil>,<nil>,320,<nil>
3909701453,<nil>,<nil>,<nil>,<nil>,<nil>,<nil>,<nil>,<nil>,781,<nil>
4249243480,<nil>,<nil>,<nil>,<nil>,<nil>,<nil>,<nil>,<nil>,849,<nil>
2908573529,<nil>,<nil>,<nil>,<nil>,<nil>,<nil>,<nil>,<nil>,581,<nil>
583356266,<nil>,<nil>,<nil>,<nil>,<nil>,<nil>,<nil>,<nil>,116,<nil>
3921825612,<nil>,<nil>,<nil>,<nil>,<nil>,<nil>,<nil>,<nil>,784,<nil>
3134213976,<nil>,<nil>,<nil>,<nil>,<nil>,<nil>,<nil>,<nil>,626,<nil>
1314803545,<nil>,<nil>,<nil>,<nil>,<nil>,<nil>,<nil>,<nil>,262,<nil>
3778039640,<nil>,<nil>,<nil>,<nil>,<nil>,<nil>,<nil>,<nil>,755,<nil>
1835552589,<nil>,<nil>,<nil>,<nil>,<nil>,<nil>,<nil>,<nil>,367,<nil>
3812708184,<nil>,<nil>,<nil>,<nil>,<nil>,<nil>,<nil>,<nil>,762,<nil>
2153336664,<nil>,<nil>,<nil>,<nil>,<nil>,<nil>,<nil>,<nil>,430,<nil>
947998541,<nil>,<nil>,<nil>,<nil>,<nil>,<nil>,<nil>,<nil>,189,<nil>
599412581,<nil>,<nil>,<nil>,<nil>,<nil>,<nil>,<nil>,<nil>,119,<nil>
3604172632,<nil>,<nil>,<nil>,<nil>,<nil>,<nil>,<nil>,<nil>,720,<nil>
2480277544,<nil>,<nil>,<nil>,<nil>,<nil>,<nil>,<nil>,<nil>,496,<nil>
3982708557,<nil>,<nil>,<nil>,<nil>,<nil>,<nil>,<nil>,<nil>,796,<nil>
1595297625,<nil>,<nil>,<nil>,<nil>,<nil>,<nil>,<nil>,<nil>,319,<nil>
1782319240,<nil>,<nil>,<nil>,<nil>,<nil>,<nil>,<nil>,<nil>,356,<nil>
3249033048,<nil>,<nil>,<nil>,<nil>,<nil>,<nil>,<nil>,<nil>,649,<nil>
1011306317,<nil>,<nil>,<nil>,<nil>,<nil>,<nil>,<nil>,<nil>,202,<nil>
967790413,<nil>,<nil>,<nil>,<nil>,<nil>,<nil>,<nil>,<nil>,193,<nil>
1009405773,<nil>,<nil>,<nil>,<nil>,<nil>,<nil>,<nil>,<nil>,201,<nil>
3815180304,<nil>,<nil>,<nil>,<nil>,<nil>,<nil>,<nil>,<nil>,763,<nil>
1541361485,<nil>,<nil>,<nil>,<nil>,<nil>,<nil>,<nil>,<nil>,308,<nil>
1185632076,<nil>,<nil>,<nil>,<nil>,<nil>,<nil>,<nil>,<nil>,237,<nil>
3948630436,<nil>,<nil>,<nil>,<nil>,<nil>,<nil>,<nil>,<nil>,789,<nil>
4244131661,<nil>,<nil>,<nil>,<nil>,<nil>,<nil>,<nil>,<nil>,848,<nil>
2865254232,<nil>,<nil>,<nil>,<nil>,<nil>,<nil>,<nil>,<nil>,573,<nil>
1502629720,<nil>,<nil>,<nil>,<nil>,<nil>,<nil>,<nil>,<nil>,300,<nil>
2910342988,<nil>,<nil>,<nil>,<nil>,<nil>,<nil>,<nil>,<nil>,582,<nil>
1103974220,<nil>,<nil>,<nil>,<nil>,<nil>,<nil>,<nil>,<nil>,220,<nil>
3319942989,<nil>,<nil>,<nil>,<nil>,<nil>,<nil>,<nil>,<nil>,663,<nil>
2386382680,<nil>,<nil>,<nil>,<nil>,<nil>,<nil>,<nil>,<nil>,477,<nil>
1431654233,<nil>,<nil>,<nil>,<nil>,<nil>,<nil>,<nil>,<nil>,286,<nil>
791629645,<nil>,<nil>,<nil>,<nil>,<nil>,<nil>,<nil>,<nil>,158,<nil>
1722503001,<nil>,<nil>,<nil>,<nil>,<nil>,<nil>,<nil>,<nil>,344,<nil>
4211232601,<nil>,<nil>,<nil>,<nil>,<nil>,<nil>,<nil>,<nil>,842,<nil>
2552909657,<nil>,<nil>,<nil>,<nil>,<nil>,<nil>,<nil>,<nil>,510,<nil>
420499301,<nil>,<nil>,<nil>,<nil>,<nil>,<nil>,<nil>,<nil>,84,<nil>
2851229517,<nil>,<nil>,<nil>,<nil>,<nil>,<nil>,<nil>,<nil>,570,<nil>
2693793808,<nil>,<nil>,<nil>,<nil>,<nil>,<nil>,<nil>,<nil>,538,<nil>
685789004,<nil>,<nil>,<nil>,<nil>,<nil>,<nil>,<nil>,<nil>,137,<nil>
3176681292,<nil>,<nil>,<nil>,<nil>,<nil>,<nil>,<nil>,<nil>,635,<nil>
2254655308,<nil>,<nil>,<nil>,<nil>,<nil>,<nil>,<nil>,<nil>,450,<nil>
3641331533,<nil>,<nil>,<nil>,<nil>,<nil>,<nil>,<nil>,<nil>,728,<nil>
1186418549,<nil>,<nil>,<nil>,<nil>,<nil>,<nil>,<nil>,<nil>,237,<nil>
627199833,<nil>,<nil>,<nil>,<nil>,<nil>,<nil>,<nil>,<nil>,125,<nil>
3778938896,<nil>,<nil>,<nil>,<nil>,<nil>,<nil>,<nil>,<nil>,755,<nil>
1728119785,<nil>,<nil>,<nil>,<nil>,<nil>,<nil>,<nil>,<nil>,345,<nil>
295259980,<nil>,<nil>,<nil>,<nil>,<nil>,<nil>,<nil>,<nil>,59,<nil>
2306428749,<nil>,<nil>,<nil>,<nil>,<nil>,<nil>,<nil>,<nil>,461,<nil>
1078480728,<nil>,<nil>,<nil>,<nil>,<nil>,<nil>,<nil>,<nil>,215,<nil>
4179316569,<nil>,<nil>,<nil>,<nil>,<nil>,<nil>,<nil>,<nil>,835,<nil>
1189685097,<nil>,<nil>,<nil>,<nil>,<nil>,<nil>,<nil>,<nil>,237,<nil>
3493744473,<nil>,<nil>,<nil>,<nil>,<nil>,<nil>,<nil>,<nil>,698,<nil>
2108641112,<nil>,<nil>,<nil>,<nil>,<nil>,<nil>,<nil>,<nil>,421,<nil>
4252454732,<nil>,<nil>,<nil>,<nil>,<nil>,<nil>,<nil>,<nil>,850,<nil>
2174504781,<nil>,<nil>,<nil>,<nil>,<nil>,<nil>,<nil>,<nil>,434,<nil>
2234189960,<nil>,<nil>,<nil>,<nil>,<nil>,<nil>,<nil>,<nil>,446,<nil>
3531558732,<nil>,<nil>,<nil>,<nil>,<nil>,<nil>,<nil>,<nil>,706,<nil>
1602113357,<nil>,<nil>,<nil>,<nil>,<nil>,<nil>,<nil>,<nil>,320,<nil>
1469730661,<nil>,<nil>,<nil>,<nil>,<nil>,<nil>,<nil>,<nil>,293,<nil>
3460255588,<nil>,<nil>,<nil>,<nil>,<nil>,<nil>,<nil>,<nil>,692,<nil>
1943687488,<nil>,<nil>,<nil>,<nil>,<nil>,<nil>,<nil>,<nil>,388,<nil>
375261392,<nil>,<nil>,<nil>,<nil>,<nil>,<nil>,<nil>,<nil>,75,<nil>
2153402188,<nil>,<nil>,<nil>,<nil>,<nil>,<nil>,<nil>,<nil>,430,<nil>
1099845464,<nil>,<nil>,<nil>,<nil>,<nil>,<nil>,<nil>,<nil>,219,<nil>
3463991129,<nil>,<nil>,<nil>,<nil>,<nil>,<nil>,<nil>,<nil>,692,<nil>
4135931736,<nil>,<nil>,<nil>,<nil>,<nil>,<nil>,<nil>,<nil>,827,<nil>
1913933657,<nil>,<nil>,<nil>,<nil>,<nil>,<nil>,<nil>,<nil>,382,<nil>
1103843148,<nil>,<nil>,<nil>,<nil>,<nil>,<nil>,<nil>,<nil>,220,<nil>
2821672781,<nil>,<nil>,<nil>,<nil>,<nil>,<nil>,<nil>,<nil>,564,<nil>
2054377305,<nil>,<nil>,<nil>,<nil>,<nil>,<nil>,<nil>,<nil>,410,<nil>
669405016,<nil>,<nil>,<nil>,<nil>,<nil>,<nil>,<nil>,<nil>,133,<nil>
1634815820,<nil>,<nil>,<nil>,<nil>,<nil>,<nil>,<nil>,<nil>,326,<nil>
719867736,<nil>,<nil>,<nil>,<nil>,<nil>,<nil>,<nil>,<nil>,143,<nil>
1661077664,<nil>,<nil>,<nil>,<nil>,<nil>,<nil>,<nil>,<nil>,332,<nil>
4082174048,<nil>,<nil>,<nil>,<nil>,<nil>,<nil>,<nil>,<nil>,816,<nil>
1779584844,<nil>,<nil>,<nil>,<nil>,<nil>,<nil>,<nil>,<nil>,355,<nil>
867848024,<nil>,<nil>,<nil>,<nil>,<nil>,<nil>,<nil>,<nil>,173,<nil>
2692829016,<nil>,<nil>,<nil>,<nil>,<nil>,<nil>,<nil>,<nil>,538,<nil>
1245269861,<nil>,<nil>,<nil>,<nil>,<nil>,<nil>,<nil>,<nil>,249,<nil>
707809101,<nil>,<nil>,<nil>,<nil>,<nil>,<nil>,<nil>,<nil>,141,<nil>
2928627544,<nil>,<nil>,<nil>,<nil>,<nil>,<nil>,<nil>,<nil>,585,<nil>
1139625817,<nil>,<nil>,<nil>,<nil>,<nil>,<nil>,<nil>,<nil>,227,<nil>
1981286416,<nil>,<nil>,<nil>,<nil>,<nil>,<nil>,<nil>,<nil>,396,<nil>
3316207436,<nil>,<nil>,<nil>,<nil>,<nil>,<nil>,<nil>,<nil>,663,<nil>
1402163033,<nil>,<nil>,<nil>,<nil>,<nil>,<nil>,<nil>,<nil>,280,<nil>
36327257,<nil>,<nil>,<nil>,<nil>,<nil>,<nil>,<nil>,<nil>,7,<nil>
2514177881,<nil>,<nil>,<nil>,<nil>,<nil>,<nil>,<nil>,<nil>,502,<nil>
1981435725,<nil>,<nil>,<nil>,<nil>,<nil>,<nil>,<nil>,<nil>,396,<nil>
1077432153,<nil>,<nil>,<nil>,<nil>,<nil>,<nil>,<nil>,<nil>,215,<nil>
3860877145,<nil>,<nil>,<nil>,<nil>,<nil>,<nil>,<nil>,<nil>,772,<nil>
2012499801,<nil>,<nil>,<nil>,<nil>,<nil>,<nil>,<nil>,<nil>,402,<nil>
642582528,<nil>,<nil>,<nil>,<nil>,<nil>,<nil>,<nil>,<nil>,128,<nil>
1937854297,<nil>,<nil>,<nil>,<nil>,<nil>,<nil>,<nil>,<nil>,387,<nil>
278660072,<nil>,<nil>,<nil>,<nil>,<nil>,<nil>,<nil>,<nil>,55,<nil>
3430829900,<nil>,<nil>,<nil>,<nil>,<nil>,<nil>,<nil>,<nil>,686,<nil>
3213250381,<nil>,<nil>,<nil>,<nil>,<nil>,<nil>,<nil>,<nil>,642,<nil>
1566789465,<nil>,<nil>,<nil>,<nil>,<nil>,<nil>,<nil>,<nil>,313,<nil>
3957739390,<nil>,<nil>,<nil>,<nil>,<nil>,<nil>,<nil>,<nil>,791,<nil>
2504871756,<nil>,<nil>,<nil>,<nil>,<nil>,<nil>,<nil>,<nil>,500,<nil>
3554609193,<nil>,<nil>,<nil>,<nil>,<nil>,<nil>,<nil>,<nil>,710,<nil>
1358516057,<nil>,<nil>,<nil>,<nil>,<nil>,<nil>,<nil>,<nil>,271,<nil>
3333902196,<nil>,<nil>,<nil>,<nil>,<nil>,<nil>,<nil>,<nil>,666,<nil>
3215150937,<nil>,<nil>,<nil>,<nil>,<nil>,<nil>,<nil>,<nil>,643,<nil>
2387627865,<nil>,<nil>,<nil>,<nil>,<nil>,<nil>,<nil>,<nil>,477,<nil>
870469642,<nil>,<nil>,<nil>,<nil>,<nil>,<nil>,<nil>,<nil>,174,<nil>
142692196,<nil>,<nil>,<nil>,<nil>,<nil>,<nil>,<nil>,<nil>,28,<nil>
4204603240,<nil>,<nil>,<nil>,<nil>,<nil>,<nil>,<nil>,<nil>,840,<nil>
1999982412,<nil>,<nil>,<nil>,<nil>,<nil>,<nil>,<nil>,<nil>,399,<nil>
80695129,<nil>,<nil>,<nil>,<nil>,<nil>,<nil>,<nil>,<nil>,16,<nil>
3453964121,<nil>,<nil>,<nil>,<nil>,<nil>,<nil>,<nil>,<nil>,690,<nil>
2211270488,<nil>,<nil>,<nil>,<nil>,<nil>,<nil>,<nil>,<nil>,442,<nil>
264589133,<nil>,<nil>,<nil>,<nil>,<nil>,<nil>,<nil>,<nil>,52,<nil>
3243705320,<nil>,<nil>,<nil>,<nil>,<nil>,<nil>,<nil>,<nil>,648,<nil>
3431878476,<nil>,<nil>,<nil>,<nil>,<nil>,<nil>,<nil>,<nil>,686,<nil>
2382647117,<nil>,<nil>,<nil>,<nil>,<nil>,<nil>,<nil>,<nil>,476,<nil>
2882686808,<nil>,<nil>,<nil>,<nil>,<nil>,<nil>,<nil>,<nil>,576,<nil>
803622745,<nil>,<nil>,<nil>,<nil>,<nil>,<nil>,<nil>,<nil>,160,<nil>
3846786892,<nil>,<nil>,<nil>,<nil>,<nil>,<nil>,<nil>,<nil>,769,<nil>
2982039372,<nil>,<nil>,<nil>,<nil>,<nil>,<nil>,<nil>,<nil>,596,<nil>
1909935948,<nil>,<nil>,<nil>,<nil>,<nil>,<nil>,<nil>,<nil>,381,<nil>
4140781401,<nil>,<nil>,<nil>,<nil>,<nil>,<nil>,<nil>,<nil>,828,<nil>
2692221147,<nil>,<nil>,<nil>,<nil>,<nil>,<nil>,<nil>,<nil>,538,<nil>
1062817612,<nil>,<nil>,<nil>,<nil>,<nil>,<nil>,<nil>,<nil>,212,<nil>
961826648,<nil>,<nil>,<nil>,<nil>,<nil>,<nil>,<nil>,<nil>,192,<nil>
2128236377,<nil>,<nil>,<nil>,<nil>,<nil>,<nil>,<nil>,<nil>,425,<nil>
886394712,<nil>,<nil>,<nil>,<nil>,<nil>,<nil>,<nil>,<nil>,177,<nil>
3105050457,<nil>,<nil>,<nil>,<nil>,<nil>,<nil>,<nil>,<nil>,621,<nil>
1851346764,<nil>,<nil>,<nil>,<nil>,<nil>,<nil>,<nil>,<nil>,370,<nil>
1350848345,<nil>,<nil>,<nil>,<nil>,<nil>,<nil>,<nil>,<nil>,270,<nil>
110186328,<nil>,<nil>,<nil>,<nil>,<nil>,<nil>,<nil>,<nil>,22,<nil>
3355660121,<nil>,<nil>,<nil>,<nil>,<nil>,<nil>,<nil>,<nil>,671,<nil>
1597460325,<nil>,<nil>,<nil>,<nil>,<nil>,<nil>,<nil>,<nil>,319,<nil>
3382398837,<nil>,<nil>,<nil>,<nil>,<nil>,<nil>,<nil>,<nil>,676,<nil>
3672002380,<nil>,<nil>,<nil>,<nil>,<nil>,<nil>,<nil>,<nil>,734,<nil>
1728925528,<nil>,<nil>,<nil>,<nil>,<nil>,<nil>,<nil>,<nil>,345,<nil>
667635533,<nil>,<nil>,<nil>,<nil>,<nil>,<nil>,<nil>,<nil>,133,<nil>
3160231757,<nil>,<nil>,<nil>,<nil>,<nil>,<nil>,<nil>,<nil>,632,<nil>
488114192,<nil>,<nil>,<nil>,<nil>,<nil>,<nil>,<nil>,<nil>,97,<nil>
3694134960,<nil>,<nil>,<nil>,<nil>,<nil>,<nil>,<nil>,<nil>,738,<nil>
1413697368,<nil>,<nil>,<nil>,<nil>,<nil>,<nil>,<nil>,<nil>,282,<nil>
206524237,<nil>,<nil>,<nil>,<nil>,<nil>,<nil>,<nil>,<nil>,41,<nil>
1585776304,<nil>,<nil>,<nil>,<nil>,<nil>,<nil>,<nil>,<nil>,317,<nil>
3610136996,<nil>,<nil>,<nil>,<nil>,<nil>,<nil>,<nil>,<nil>,722,<nil>
1452822361,<nil>,<nil>,<nil>,<nil>,<nil>,<nil>,<nil>,<nil>,290,<nil>
521734144,<nil>,<nil>,<nil>,<nil>,<nil>,<nil>,<nil>,<nil>,104,<nil>
656428876,<nil>,<nil>,<nil>,<nil>,<nil>,<nil>,<nil>,<nil>,131,<nil>
2422559140,<nil>,<nil>,<nil>,<nil>,<nil>,<nil>,<nil>,<nil>,484,<nil>
559818600,<nil>,<nil>,<nil>,<nil>,<nil>,<nil>,<nil>,<nil>,111,<nil>
4207562585,<nil>,<nil>,<nil>,<nil>,<nil>,<nil>,<nil>,<nil>,841,<nil>
3402387277,<nil>,<nil>,<nil>,<nil>,<nil>,<nil>,<nil>,<nil>,680,<nil>
1590447949,<nil>,<nil>,<nil>,<nil>,<nil>,<nil>,<nil>,<nil>,318,<nil>
571344992,<nil>,<nil>,<nil>,<nil>,<nil>,<nil>,<nil>,<nil>,114,<nil>
575491917,<nil>,<nil>,<nil>,<nil>,<nil>,<nil>,<nil>,<nil>,115,<nil>
4095692621,<nil>,<nil>,<nil>,<nil>,<nil>,<nil>,<nil>,<nil>,819,<nil>
2144489293,<nil>,<nil>,<nil>,<nil>,<nil>,<nil>,<nil>,<nil>,428,<nil>
1217810253,<nil>,<nil>,<nil>,<nil>,<nil>,<nil>,<nil>,<nil>,243,<nil>
141053784,<nil>,<nil>,<nil>,<nil>,<nil>,<nil>,<nil>,<nil>,28,<nil>
4096806733,<nil>,<nil>,<nil>,<nil>,<nil>,<nil>,<nil>,<nil>,819,<nil>
3470675789,<nil>,<nil>,<nil>,<nil>,<nil>,<nil>,<nil>,<nil>,694,<nil>
901926733,<nil>,<nil>,<nil>,<nil>,<nil>,<nil>,<nil>,<nil>,180,<nil>
3717203968,<nil>,<nil>,<nil>,<nil>,<nil>,<nil>,<nil>,<nil>,743,<nil>
1365987199,<nil>,<nil>,<nil>,<nil>,<nil>,<nil>,<nil>,<nil>,273,<nil>
48975692,<nil>,<nil>,<nil>,<nil>,<nil>,<nil>,<nil>,<nil>,9,<nil>
3275892584,<nil>,<nil>,<nil>,<nil>,<nil>,<nil>,<nil>,<nil>,655,<nil>
2015842136,<nil>,<nil>,<nil>,<nil>,<nil>,<nil>,<nil>,<nil>,403,<nil>
3882307404,<nil>,<nil>,<nil>,<nil>,<nil>,<nil>,<nil>,<nil>,776,<nil>
1521241945,<nil>,<nil>,<nil>,<nil>,<nil>,<nil>,<nil>,<nil>,304,<nil>
3863367513,<nil>,<nil>,<nil>,<nil>,<nil>,<nil>,<nil>,<nil>,772,<nil>
2486849357,<nil>,<nil>,<nil>,<nil>,<nil>,<nil>,<nil>,<nil>,497,<nil>
25907033,<nil>,<nil>,<nil>,<nil>,<nil>,<nil>,<nil>,<nil>,5,<nil>
3077001048,<nil>,<nil>,<nil>,<nil>,<nil>,<nil>,<nil>,<nil>,615,<nil>
2618689536,<nil>,<nil>,<nil>,<nil>,<nil>,<nil>,<nil>,<nil>,523,<nil>
1352617804,<nil>,<nil>,<nil>,<nil>,<nil>,<nil>,<nil>,<nil>,270,<nil>
3838398284,<nil>,<nil>,<nil>,<nil>,<nil>,<nil>,<nil>,<nil>,767,<nil>
1897811800,<nil>,<nil>,<nil>,<nil>,<nil>,<nil>,<nil>,<nil>,379,<nil>
827084632,<nil>,<nil>,<nil>,<nil>,<nil>,<nil>,<nil>,<nil>,165,<nil>
2987526160,<nil>,<nil>,<nil>,<nil>,<nil>,<nil>,<nil>,<nil>,597,<nil>
996364121,<nil>,<nil>,<nil>,<nil>,<nil>,<nil>,<nil>,<nil>,199,<nil>
3672788837,<nil>,<nil>,<nil>,<nil>,<nil>,<nil>,<nil>,<nil>,734,<nil>
884690777,<nil>,<nil>,<nil>,<nil>,<nil>,<nil>,<nil>,<nil>,176,<nil>
4127270759,<nil>,<nil>,<nil>,<nil>,<nil>,<nil>,<nil>,<nil>,825,<nil>
2857520972,<nil>,<nil>,<nil>,<nil>,<nil>,<nil>,<nil>,<nil>,571,<nil>
2704494412,<nil>,<nil>,<nil>,<nil>,<nil>,<nil>,<nil>,<nil>,540,<nil>
923553613,<nil>,<nil>,<nil>,<nil>,<nil>,<nil>,<nil>,<nil>,184,<nil>
1462093,<nil>,<nil>,<nil>,<nil>,<nil>,<nil>,<nil>,<nil>,0,<nil>
2653488104,<nil>,<nil>,<nil>,<nil>,<nil>,<nil>,<nil>,<nil>,530,<nil>
654510080,<nil>,<nil>,<nil>,<nil>,<nil>,<nil>,<nil>,<nil>,130,<nil>
3880406873,<nil>,<nil>,<nil>,<nil>,<nil>,<nil>,<nil>,<nil>,776,<nil>
3048230745,<nil>,<nil>,<nil>,<nil>,<nil>,<nil>,<nil>,<nil>,609,<nil>
2048806756,<nil>,<nil>,<nil>,<nil>,<nil>,<nil>,<nil>,<nil>,409,<nil>
2627227468,<nil>,<nil>,<nil>,<nil>,<nil>,<nil>,<nil>,<nil>,525,<nil>
1113083724,<nil>,<nil>,<nil>,<nil>,<nil>,<nil>,<nil>,<nil>,222,<nil>
4294051880,<nil>,<nil>,<nil>,<nil>,<nil>,<nil>,<nil>,<nil>,858,<nil>
2565524960,<nil>,<nil>,<nil>,<nil>,<nil>,<nil>,<nil>,<nil>,513,<nil>
368594776,<nil>,<nil>,<nil>,<nil>,<nil>,<nil>,<nil>,<nil>,73,<nil>
2845003596,<nil>,<nil>,<nil>,<nil>,<nil>,<nil>,<nil>,<nil>,569,<nil>
2388741965,<nil>,<nil>,<nil>,<nil>,<nil>,<nil>,<nil>,<nil>,477,<nil>
3890630476,<nil>,<nil>,<nil>,<nil>,<nil>,<nil>,<nil>,<nil>,778,<nil>
1960333133,<nil>,<nil>,<nil>,<nil>,<nil>,<nil>,<nil>,<nil>,392,<nil>
1374618601,<nil>,<nil>,<nil>,<nil>,<nil>,<nil>,<nil>,<nil>,274,<nil>
4217392973,<nil>,<nil>,<nil>,<nil>,<nil>,<nil>,<nil>,<nil>,843,<nil>
2275823449,<nil>,<nil>,<nil>,<nil>,<nil>,<nil>,<nil>,<nil>,455,<nil>
1626099557,<nil>,<nil>,<nil>,<nil>,<nil>,<nil>,<nil>,<nil>,325,<nil>
3923988313,<nil>,<nil>,<nil>,<nil>,<nil>,<nil>,<nil>,<nil>,784,<nil>
3136442189,<nil>,<nil>,<nil>,<nil>,<nil>,<nil>,<nil>,<nil>,627,<nil>
3484766029,<nil>,<nil>,<nil>,<nil>,<nil>,<nil>,<nil>,<nil>,696,<nil>
1836994393,<nil>,<nil>,<nil>,<nil>,<nil>,<nil>,<nil>,<nil>,367,<nil>
301813592,<nil>,<nil>,<nil>,<nil>,<nil>,<nil>,<nil>,<nil>,60,<nil>
4116270936,<nil>,<nil>,<nil>,<nil>,<nil>,<nil>,<nil>,<nil>,823,<nil>
511463245,<nil>,<nil>,<nil>,<nil>,<nil>,<nil>,<nil>,<nil>,102,<nil>
3896987481,<nil>,<nil>,<nil>,<nil>,<nil>,<nil>,<nil>,<nil>,779,<nil>
2231521113,<nil>,<nil>,<nil>,<nil>,<nil>,<nil>,<nil>,<nil>,446,<nil>
3011268428,<nil>,<nil>,<nil>,<nil>,<nil>,<nil>,<nil>,<nil>,602,<nil>
1238585177,<nil>,<nil>,<nil>,<nil>,<nil>,<nil>,<nil>,<nil>,247,<nil>
1858341073,<nil>,<nil>,<nil>,<nil>,<nil>,<nil>,<nil>,<nil>,371,<nil>
1273319244,<nil>,<nil>,<nil>,<nil>,<nil>,<nil>,<nil>,<nil>,254,<nil>
779243365,<nil>,<nil>,<nil>,<nil>,<nil>,<nil>,<nil>,<nil>,155,<nil>
1396180992,<nil>,<nil>,<nil>,<nil>,<nil>,<nil>,<nil>,<nil>,279,<nil>
3339145087,<nil>,<nil>,<nil>,<nil>,<nil>,<nil>,<nil>,<nil>,667,<nil>
681922381,<nil>,<nil>,<nil>,<nil>,<nil>,<nil>,<nil>,<nil>,136,<nil>
30625612,<nil>,<nil>,<nil>,<nil>,<nil>,<nil>,<nil>,<nil>,6,<nil>
2533642072,<nil>,<nil>,<nil>,<nil>,<nil>,<nil>,<nil>,<nil>,506,<nil>
2772062040,<nil>,<nil>,<nil>,<nil>,<nil>,<nil>,<nil>,<nil>,554,<nil>
2288865112,<nil>,<nil>,<nil>,<nil>,<nil>,<nil>,<nil>,<nil>,457,<nil>
1315571808,<nil>,<nil>,<nil>,<nil>,<nil>,<nil>,<nil>,<nil>,263,<nil>
3145092953,<nil>,<nil>,<nil>,<nil>,<nil>,<nil>,<nil>,<nil>,629,<nil>
693325644,<nil>,<nil>,<nil>,<nil>,<nil>,<nil>,<nil>,<nil>,138,<nil>
3476115276,<nil>,<nil>,<nil>,<nil>,<nil>,<nil>,<nil>,<nil>,695,<nil>
1673856676,<nil>,<nil>,<nil>,<nil>,<nil>,<nil>,<nil>,<nil>,334,<nil>
330322340,<nil>,<nil>,<nil>,<nil>,<nil>,<nil>,<nil>,<nil>,66,<nil>
3333115736,<nil>,<nil>,<nil>,<nil>,<nil>,<nil>,<nil>,<nil>,666,<nil>
1444892516,<nil>,<nil>,<nil>,<nil>,<nil>,<nil>,<nil>,<nil>,288,<nil>
790973989,<nil>,<nil>,<nil>,<nil>,<nil>,<nil>,<nil>,<nil>,158,<nil>
2475183973,<nil>,<nil>,<nil>,<nil>,<nil>,<nil>,<nil>,<nil>,495,<nil>
605048664,<nil>,<nil>,<nil>,<nil>,<nil>,<nil>,<nil>,<nil>,121,<nil>
3621605220,<nil>,<nil>,<nil>,<nil>,<nil>,<nil>,<nil>,<nil>,724,<nil>
2313572184,<nil>,<nil>,<nil>,<nil>,<nil>,<nil>,<nil>,<nil>,462,<nil>
1235308364,<nil>,<nil>,<nil>,<nil>,<nil>,<nil>,<nil>,<nil>,247,<nil>
2033451020,<nil>,<nil>,<nil>,<nil>,<nil>,<nil>,<nil>,<nil>,406,<nil>
109989708,<nil>,<nil>,<nil>,<nil>,<nil>,<nil>,<nil>,<nil>,21,<nil>
1122324301,<nil>,<nil>,<nil>,<nil>,<nil>,<nil>,<nil>,<nil>,224,<nil>
4159688160,<nil>,<nil>,<nil>,<nil>,<nil>,<nil>,<nil>,<nil>,831,<nil>
2682474328,<nil>,<nil>,<nil>,<nil>,<nil>,<nil>,<nil>,<nil>,536,<nil>
2361872205,<nil>,<nil>,<nil>,<nil>,<nil>,<nil>,<nil>,<nil>,472,<nil>
753684325,<nil>,<nil>,<nil>,<nil>,<nil>,<nil>,<nil>,<nil>,150,<nil>
4050276172,<nil>,<nil>,<nil>,<nil>,<nil>,<nil>,<nil>,<nil>,810,<nil>
2656522072,<nil>,<nil>,<nil>,<nil>,<nil>,<nil>,<nil>,<nil>,531,<nil>
558911320,<nil>,<nil>,<nil>,<nil>,<nil>,<nil>,<nil>,<nil>,111,<nil>
3647622989,<nil>,<nil>,<nil>,<nil>,<nil>,<nil>,<nil>,<nil>,729,<nil>
1936084825,<nil>,<nil>,<nil>,<nil>,<nil>,<nil>,<nil>,<nil>,387,<nil>
636702591,<nil>,<nil>,<nil>,<nil>,<nil>,<nil>,<nil>,<nil>,127,<nil>
1038634829,<nil>,<nil>,<nil>,<nil>,<nil>,<nil>,<nil>,<nil>,207,<nil>
4143057056,<nil>,<nil>,<nil>,<nil>,<nil>,<nil>,<nil>,<nil>,828,<nil>
2661109593,<nil>,<nil>,<nil>,<nil>,<nil>,<nil>,<nil>,<nil>,532,<nil>
859131737,<nil>,<nil>,<nil>,<nil>,<nil>,<nil>,<nil>,<nil>,171,<nil>
6620137,<nil>,<nil>,<nil>,<nil>,<nil>,<nil>,<nil>,<nil>,1,<nil>
2107395928,<nil>,<nil>,<nil>,<nil>,<nil>,<nil>,<nil>,<nil>,421,<nil>
2504544077,<nil>,<nil>,<nil>,<nil>,<nil>,<nil>,<nil>,<nil>,500,<nil>
1411862348,<nil>,<nil>,<nil>,<nil>,<nil>,<nil>,<nil>,<nil>,282,<nil>
3627437901,<nil>,<nil>,<nil>,<nil>,<nil>,<nil>,<nil>,<nil>,725,<nil>
2532396876,<nil>,<nil>,<nil>,<nil>,<nil>,<nil>,<nil>,<nil>,506,<nil>
875777868,<nil>,<nil>,<nil>,<nil>,<nil>,<nil>,<nil>,<nil>,175,<nil>
2810007385,<nil>,<nil>,<nil>,<nil>,<nil>,<nil>,<nil>,<nil>,562,<nil>
1409503052,<nil>,<nil>,<nil>,<nil>,<nil>,<nil>,<nil>,<nil>,281,<nil>
589385560,<nil>,<nil>,<nil>,<nil>,<nil>,<nil>,<nil>,<nil>,117,<nil>
3078704984,<nil>,<nil>,<nil>,<nil>,<nil>,<nil>,<nil>,<nil>,615,<nil>
1001082713,<nil>,<nil>,<nil>,<nil>,<nil>,<nil>,<nil>,<nil>,200,<nil>
1978008552,<nil>,<nil>,<nil>,<nil>,<nil>,<nil>,<nil>,<nil>,395,<nil>
4107882328,<nil>,<nil>,<nil>,<nil>,<nil>,<nil>,<nil>,<nil>,821,<nil>
2591706968,<nil>,<nil>,<nil>,<nil>,<nil>,<nil>,<nil>,<nil>,518,<nil>
369184601,<nil>,<nil>,<nil>,<nil>,<nil>,<nil>,<nil>,<nil>,73,<nil>
3705229132,<nil>,<nil>,<nil>,<nil>,<nil>,<nil>,<nil>,<nil>,741,<nil>
1477005133,<nil>,<nil>,<nil>,<nil>,<nil>,<nil>,<nil>,<nil>,295,<nil>
411127629,<nil>,<nil>,<nil>,<nil>,<nil>,<nil>,<nil>,<nil>,82,<nil>
569573392,<nil>,<nil>,<nil>,<nil>,<nil>,<nil>,<nil>,<nil>,113,<nil>
2960871256,<nil>,<nil>,<nil>,<nil>,<nil>,<nil>,<nil>,<nil>,592,<nil>
937905996,<nil>,<nil>,<nil>,<nil>,<nil>,<nil>,<nil>,<nil>,187,<nil>
3151908685,<nil>,<nil>,<nil>,<nil>,<nil>,<nil>,<nil>,<nil>,630,<nil>
2943438668,<nil>,<nil>,<nil>,<nil>,<nil>,<nil>,<nil>,<nil>,588,<nil>
3212136280,<nil>,<nil>,<nil>,<nil>,<nil>,<nil>,<nil>,<nil>,642,<nil>
1396854604,<nil>,<nil>,<nil>,<nil>,<nil>,<nil>,<nil>,<nil>,279,<nil>
891029545,<nil>,<nil>,<nil>,<nil>,<nil>,<nil>,<nil>,<nil>,178,<nil>
2855292749,<nil>,<nil>,<nil>,<nil>,<nil>,<nil>,<nil>,<nil>,571,<nil>
1328631640,<nil>,<nil>,<nil>,<nil>,<nil>,<nil>,<nil>,<nil>,265,<nil>
702107480,<nil>,<nil>,<nil>,<nil>,<nil>,<nil>,<nil>,<nil>,140,<nil>
2516733785,<nil>,<nil>,<nil>,<nil>,<nil>,<nil>,<nil>,<nil>,503,<nil>
628379493,<nil>,<nil>,<nil>,<nil>,<nil>,<nil>,<nil>,<nil>,125,<nil>
3362465639,<nil>,<nil>,<nil>,<nil>,<nil>,<nil>,<nil>,<nil>,672,<nil>
3117567820,<nil>,<nil>,<nil>,<nil>,<nil>,<nil>,<nil>,<nil>,623,<nil>
2515291981,<nil>,<nil>,<nil>,<nil>,<nil>,<nil>,<nil>,<nil>,503,<nil>
4029632356,<nil>,<nil>,<nil>,<nil>,<nil>,<nil>,<nil>,<nil>,805,<nil>
2719633240,<nil>,<nil>,<nil>,<nil>,<nil>,<nil>,<nil>,<nil>,543,<nil>
757419852,<nil>,<nil>,<nil>,<nil>,<nil>,<nil>,<nil>,<nil>,151,<nil>
128733004,<nil>,<nil>,<nil>,<nil>,<nil>,<nil>,<nil>,<nil>,25,<nil>
4130099021,<nil>,<nil>,<nil>,<nil>,<nil>,<nil>,<nil>,<nil>,826,<nil>
2382122852,<nil>,<nil>,<nil>,<nil>,<nil>,<nil>,<nil>,<nil>,476,<nil>
434833616,<nil>,<nil>,<nil>,<nil>,<nil>,<nil>,<nil>,<nil>,86,<nil>
14962508,<nil>,<nil>,<nil>,<nil>,<nil>,<nil>,<nil>,<nil>,2,<nil>
4024192856,<nil>,<nil>,<nil>,<nil>,<nil>,<nil>,<nil>,<nil>,804,<nil>
2518961997,<nil>,<nil>,<nil>,<nil>,<nil>,<nil>,<nil>,<nil>,503,<nil>
1789339493,<nil>,<nil>,<nil>,<nil>,<nil>,<nil>,<nil>,<nil>,357,<nil>
4104343422,<nil>,<nil>,<nil>,<nil>,<nil>,<nil>,<nil>,<nil>,820,<nil>
2350141260,<nil>,<nil>,<nil>,<nil>,<nil>,<nil>,<nil>,<nil>,470,<nil>
845893464,<nil>,<nil>,<nil>,<nil>,<nil>,<nil>,<nil>,<nil>,169,<nil>
4234694477,<nil>,<nil>,<nil>,<nil>,<nil>,<nil>,<nil>,<nil>,846,<nil>
2599815209,<nil>,<nil>,<nil>,<nil>,<nil>,<nil>,<nil>,<nil>,519,<nil>
1042876635,<nil>,<nil>,<nil>,<nil>,<nil>,<nil>,<nil>,<nil>,208,<nil>
4077801305,<nil>,<nil>,<nil>,<nil>,<nil>,<nil>,<nil>,<nil>,815,<nil>
1375522270,<nil>,<nil>,<nil>,<nil>,<nil>,<nil>,<nil>,<nil>,275,<nil>
3609481048,<nil>,<nil>,<nil>,<nil>,<nil>,<nil>,<nil>,<nil>,721,<nil>
2381074252,<nil>,<nil>,<nil>,<nil>,<nil>,<nil>,<nil>,<nil>,476,<nil>
1594904408,<nil>,<nil>,<nil>,<nil>,<nil>,<nil>,<nil>,<nil>,318,<nil>
1611008160,<nil>,<nil>,<nil>,<nil>,<nil>,<nil>,<nil>,<nil>,322,<nil>
4123920046,<nil>,<nil>,<nil>,<nil>,<nil>,<nil>,<nil>,<nil>,824,<nil>
2082885452,<nil>,<nil>,<nil>,<nil>,<nil>,<nil>,<nil>,<nil>,416,<nil>
1021464408,<nil>,<nil>,<nil>,<nil>,<nil>,<nil>,<nil>,<nil>,204,<nil>
678580057,<nil>,<nil>,<nil>,<nil>,<nil>,<nil>,<nil>,<nil>,135,<nil>
3718991692,<nil>,<nil>,<nil>,<nil>,<nil>,<nil>,<nil>,<nil>,743,<nil>
2834255705,<nil>,<nil>,<nil>,<nil>,<nil>,<nil>,<nil>,<nil>,566,<nil>
1824983176,<nil>,<nil>,<nil>,<nil>,<nil>,<nil>,<nil>,<nil>,364,<nil>
166448608,<nil>,<nil>,<nil>,<nil>,<nil>,<nil>,<nil>,<nil>,33,<nil>
4099821401,<nil>,<nil>,<nil>,<nil>,<nil>,<nil>,<nil>,<nil>,819,<nil>
196300621,<nil>,<nil>,<nil>,<nil>,<nil>,<nil>,<nil>,<nil>,39,<nil>
3997257560,<nil>,<nil>,<nil>,<nil>,<nil>,<nil>,<nil>,<nil>,799,<nil>
376131416,<nil>,<nil>,<nil>,<nil>,<nil>,<nil>,<nil>,<nil>,75,<nil>
2677952333,<nil>,<nil>,<nil>,<nil>,<nil>,<nil>,<nil>,<nil>,535,<nil>
1165840205,<nil>,<nil>,<nil>,<nil>,<nil>,<nil>,<nil>,<nil>,233,<nil>
3003666292,<nil>,<nil>,<nil>,<nil>,<nil>,<nil>,<nil>,<nil>,600,<nil>
3260350570,<nil>,<nil>,<nil>,<nil>,<nil>,<nil>,<nil>,<nil>,652,<nil>
3168161624,<nil>,<nil>,<nil>,<nil>,<nil>,<nil>,<nil>,<nil>,633,<nil>
3273215820,<nil>,<nil>,<nil>,<nil>,<nil>,<nil>,<nil>,<nil>,654,<nil>
1466715980,<nil>,<nil>,<nil>,<nil>,<nil>,<nil>,<nil>,<nil>,293,<nil>
3825684301,<nil>,<nil>,<nil>,<nil>,<nil>,<nil>,<nil>,<nil>,765,<nil>
3610333005,<nil>,<nil>,<nil>,<nil>,<nil>,<nil>,<nil>,<nil>,722,<nil>
1212632909,<nil>,<nil>,<nil>,<nil>,<nil>,<nil>,<nil>,<nil>,242,<nil>
115822412,<nil>,<nil>,<nil>,<nil>,<nil>,<nil>,<nil>,<nil>,23,<nil>
853036889,<nil>,<nil>,<nil>,<nil>,<nil>,<nil>,<nil>,<nil>,170,<nil>
3489812313,<nil>,<nil>,<nil>,<nil>,<nil>,<nil>,<nil>,<nil>,697,<nil>
1941589836,<nil>,<nil>,<nil>,<nil>,<nil>,<nil>,<nil>,<nil>,388,<nil>
1388859236,<nil>,<nil>,<nil>,<nil>,<nil>,<nil>,<nil>,<nil>,277,<nil>
3758051160,<nil>,<nil>,<nil>,<nil>,<nil>,<nil>,<nil>,<nil>,751,<nil>
1680691033,<nil>,<nil>,<nil>,<nil>,<nil>,<nil>,<nil>,<nil>,336,<nil>
2515993577,<nil>,<nil>,<nil>,<nil>,<nil>,<nil>,<nil>,<nil>,503,<nil>
481251148,<nil>,<nil>,<nil>,<nil>,<nil>,<nil>,<nil>,<nil>,96,<nil>
3423555416,<nil>,<nil>,<nil>,<nil>,<nil>,<nil>,<nil>,<nil>,684,<nil>
2156089165,<nil>,<nil>,<nil>,<nil>,<nil>,<nil>,<nil>,<nil>,431,<nil>
1376603992,<nil>,<nil>,<nil>,<nil>,<nil>,<nil>,<nil>,<nil>,275,<nil>
3556331340,<nil>,<nil>,<nil>,<nil>,<nil>,<nil>,<nil>,<nil>,711,<nil>
1784172377,<nil>,<nil>,<nil>,<nil>,<nil>,<nil>,<nil>,<nil>,356,<nil>
740100112,<nil>,<nil>,<nil>,<nil>,<nil>,<nil>,<nil>,<nil>,148,<nil>
3050524505,<nil>,<nil>,<nil>,<nil>,<nil>,<nil>,<nil>,<nil>,610,<nil>
1400459085,<nil>,<nil>,<nil>,<nil>,<nil>,<nil>,<nil>,<nil>,280,<nil>
3967682769,<nil>,<nil>,<nil>,<nil>,<nil>,<nil>,<nil>,<nil>,793,<nil>
3857451008,<nil>,<nil>,<nil>,<nil>,<nil>,<nil>,<nil>,<nil>,771,<nil>
1613516633,<nil>,<nil>,<nil>,<nil>,<nil>,<nil>,<nil>,<nil>,322,<nil>
676482893,<nil>,<nil>,<nil>,<nil>,<nil>,<nil>,<nil>,<nil>,135,<nil>
3397799807,<nil>,<nil>,<nil>,<nil>,<nil>,<nil>,<nil>,<nil>,679,<nil>
1753698137,<nil>,<nil>,<nil>,<nil>,<nil>,<nil>,<nil>,<nil>,350,<nil>
4246228825,<nil>,<nil>,<nil>,<nil>,<nil>,<nil>,<nil>,<nil>,849,<nil>
3175305049,<nil>,<nil>,<nil>,<nil>,<nil>,<nil>,<nil>,<nil>,635,<nil>
65818485,<nil>,<nil>,<nil>,<nil>,<nil>,<nil>,<nil>,<nil>,13,<nil>
220614488,<nil>,<nil>,<nil>,<nil>,<nil>,<nil>,<nil>,<nil>,44,<nil>
2998816600,<nil>,<nil>,<nil>,<nil>,<nil>,<nil>,<nil>,<nil>,599,<nil>
925454169,<nil>,<nil>,<nil>,<nil>,<nil>,<nil>,<nil>,<nil>,185,<nil>
3389804376,<nil>,<nil>,<nil>,<nil>,<nil>,<nil>,<nil>,<nil>,677,<nil>
1741705037,<nil>,<nil>,<nil>,<nil>,<nil>,<nil>,<nil>,<nil>,348,<nil>
239030105,<nil>,<nil>,<nil>,<nil>,<nil>,<nil>,<nil>,<nil>,47,<nil>
150032204,<nil>,<nil>,<nil>,<nil>,<nil>,<nil>,<nil>,<nil>,30,<nil>
2804502349,<nil>,<nil>,<nil>,<nil>,<nil>,<nil>,<nil>,<nil>,560,<nil>
1636696175,<nil>,<nil>,<nil>,<nil>,<nil>,<nil>,<nil>,<nil>,327,<nil>
1270304601,<nil>,<nil>,<nil>,<nil>,<nil>,<nil>,<nil>,<nil>,254,<nil>
3799994212,<nil>,<nil>,<nil>,<nil>,<nil>,<nil>,<nil>,<nil>,759,<nil>
4164636505,<nil>,<nil>,<nil>,<nil>,<nil>,<nil>,<nil>,<nil>,832,<nil>
330780493,<nil>,<nil>,<nil>,<nil>,<nil>,<nil>,<nil>,<nil>,66,<nil>
4042066080,<nil>,<nil>,<nil>,<nil>,<nil>,<nil>,<nil>,<nil>,808,<nil>
1106399053,<nil>,<nil>,<nil>,<nil>,<nil>,<nil>,<nil>,<nil>,221,<nil>
1322078028,<nil>,<nil>,<nil>,<nil>,<nil>,<nil>,<nil>,<nil>,264,<nil>
1263357772,<nil>,<nil>,<nil>,<nil>,<nil>,<nil>,<nil>,<nil>,252,<nil>
4097050640,<nil>,<nil>,<nil>,<nil>,<nil>,<nil>,<nil>,<nil>,819,<nil>
3207155557,<nil>,<nil>,<nil>,<nil>,<nil>,<nil>,<nil>,<nil>,641,<nil>
4247736140,<nil>,<nil>,<nil>,<nil>,<nil>,<nil>,<nil>,<nil>,849,<nil>
2180730713,<nil>,<nil>,<nil>,<nil>,<nil>,<nil>,<nil>,<nil>,436,<nil>
2307721232,<nil>,<nil>,<nil>,<nil>,<nil>,<nil>,<nil>,<nil>,461,<nil>
3636088665,<nil>,<nil>,<nil>,<nil>,<nil>,<nil>,<nil>,<nil>,727,<nil>
2312195940,<nil>,<nil>,<nil>,<nil>,<nil>,<nil>,<nil>,<nil>,462,<nil>
1190940493,<nil>,<nil>,<nil>,<nil>,<nil>,<nil>,<nil>,<nil>,238,<nil>
2417971033,<nil>,<nil>,<nil>,<nil>,<nil>,<nil>,<nil>,<nil>,483,<nil>
869945164,<nil>,<nil>,<nil>,<nil>,<nil>,<nil>,<nil>,<nil>,173,<nil>
3734785892,<nil>,<nil>,<nil>,<nil>,<nil>,<nil>,<nil>,<nil>,746,<nil>
2724220761,<nil>,<nil>,<nil>,<nil>,<nil>,<nil>,<nil>,<nil>,544,<nil>
1057378125,<nil>,<nil>,<nil>,<nil>,<nil>,<nil>,<nil>,<nil>,211,<nil>
723781932,<nil>,<nil>,<nil>,<nil>,<nil>,<nil>,<nil>,<nil>,144,<nil>
559762981,<nil>,<nil>,<nil>,<nil>,<nil>,<nil>,<nil>,<nil>,111,<nil>
3439939416,<nil>,<nil>,<nil>,<nil>,<nil>,<nil>,<nil>,<nil>,687,<nil>
626085732,<nil>,<nil>,<nil>,<nil>,<nil>,<nil>,<nil>,<nil>,125,<nil>
3405251561,<nil>,<nil>,<nil>,<nil>,<nil>,<nil>,<nil>,<nil>,681,<nil>
1555891888,<nil>,<nil>,<nil>,<nil>,<nil>,<nil>,<nil>,<nil>,311,<nil>
2383695704,<nil>,<nil>,<nil>,<nil>,<nil>,<nil>,<nil>,<nil>,476,<nil>
440749901,<nil>,<nil>,<nil>,<nil>,<nil>,<nil>,<nil>,<nil>,88,<nil>
4002809952,<nil>,<nil>,<nil>,<nil>,<nil>,<nil>,<nil>,<nil>,800,<nil>
3126153037,<nil>,<nil>,<nil>,<nil>,<nil>,<nil>,<nil>,<nil>,625,<nil>
1380667236,<nil>,<nil>,<nil>,<nil>,<nil>,<nil>,<nil>,<nil>,276,<nil>
903827301,<nil>,<nil>,<nil>,<nil>,<nil>,<nil>,<nil>,<nil>,180,<nil>
1323519832,<nil>,<nil>,<nil>,<nil>,<nil>,<nil>,<nil>,<nil>,264,<nil>
3834531673,<nil>,<nil>,<nil>,<nil>,<nil>,<nil>,<nil>,<nil>,766,<nil>
2606190602,<nil>,<nil>,<nil>,<nil>,<nil>,<nil>,<nil>,<nil>,521,<nil>
582111053,<nil>,<nil>,<nil>,<nil>,<nil>,<nil>,<nil>,<nil>,116,<nil>
3506917197,<nil>,<nil>,<nil>,<nil>,<nil>,<nil>,<nil>,<nil>,701,<nil>
3155251020,<nil>,<nil>,<nil>,<nil>,<nil>,<nil>,<nil>,<nil>,631,<nil>
827871052,<nil>,<nil>,<nil>,<nil>,<nil>,<nil>,<nil>,<nil>,165,<nil>
3048886093,<nil>,<nil>,<nil>,<nil>,<nil>,<nil>,<nil>,<nil>,609,<nil>
1536184141,<nil>,<nil>,<nil>,<nil>,<nil>,<nil>,<nil>,<nil>,307,<nil>
4182986585,<nil>,<nil>,<nil>,<nil>,<nil>,<nil>,<nil>,<nil>,836,<nil>
2500022104,<nil>,<nil>,<nil>,<nil>,<nil>,<nil>,<nil>,<nil>,500,<nil>
852184909,<nil>,<nil>,<nil>,<nil>,<nil>,<nil>,<nil>,<nil>,170,<nil>
4292890444,<nil>,<nil>,<nil>,<nil>,<nil>,<nil>,<nil>,<nil>,858,<nil>
2497007448,<nil>,<nil>,<nil>,<nil>,<nil>,<nil>,<nil>,<nil>,499,<nil>
124342105,<nil>,<nil>,<nil>,<nil>,<nil>,<nil>,<nil>,<nil>,24,<nil>
734396461,<nil>,<nil>,<nil>,<nil>,<nil>,<nil>,<nil>,<nil>,146,<nil>
3447344973,<nil>,<nil>,<nil>,<nil>,<nil>,<nil>,<nil>,<nil>,689,<nil>
3705491277,<nil>,<nil>,<nil>,<nil>,<nil>,<nil>,<nil>,<nil>,741,<nil>
1908625241,<nil>,<nil>,<nil>,<nil>,<nil>,<nil>,<nil>,<nil>,381,<nil>
1022428846,<nil>,<nil>,<nil>,<nil>,<nil>,<nil>,<nil>,<nil>,204,<nil>
359550809,<nil>,<nil>,<nil>,<nil>,<nil>,<nil>,<nil>,<nil>,71,<nil>
4284174156,<nil>,<nil>,<nil>,<nil>,<nil>,<nil>,<nil>,<nil>,856,<nil>
3741583376,<nil>,<nil>,<nil>,<nil>,<nil>,<nil>,<nil>,<nil>,748,<nil>
1421954904,<nil>,<nil>,<nil>,<nil>,<nil>,<nil>,<nil>,<nil>,284,<nil>
520507225,<nil>,<nil>,<nil>,<nil>,<nil>,<nil>,<nil>,<nil>,104,<nil>
2370654029,<nil>,<nil>,<nil>,<nil>,<nil>,<nil>,<nil>,<nil>,474,<nil>
214323060,<nil>,<nil>,<nil>,<nil>,<nil>,<nil>,<nil>,<nil>,42,<nil>
71323480,<nil>,<nil>,<nil>,<nil>,<nil>,<nil>,<nil>,<nil>,14,<nil>
1074089817,<nil>,<nil>,<nil>,<nil>,<nil>,<nil>,<nil>,<nil>,214,<nil>
3711258457,<nil>,<nil>,<nil>,<nil>,<nil>,<nil>,<nil>,<nil>,742,<nil>
2911653720,<nil>,<nil>,<nil>,<nil>,<nil>,<nil>,<nil>,<nil>,582,<nil>
3309326157,<nil>,<nil>,<nil>,<nil>,<nil>,<nil>,<nil>,<nil>,661,<nil>
1933004632,<nil>,<nil>,<nil>,<nil>,<nil>,<nil>,<nil>,<nil>,386,<nil>
2957135717,<nil>,<nil>,<nil>,<nil>,<nil>,<nil>,<nil>,<nil>,591,<nil>
1003966308,<nil>,<nil>,<nil>,<nil>,<nil>,<nil>,<nil>,<nil>,200,<nil>
3603976202,<nil>,<nil>,<nil>,<nil>,<nil>,<nil>,<nil>,<nil>,720,<nil>
1752715084,<nil>,<nil>,<nil>,<nil>,<nil>,<nil>,<nil>,<nil>,350,<nil>
569593689,<nil>,<nil>,<nil>,<nil>,<nil>,<nil>,<nil>,<nil>,113,<nil>
2131906392,<nil>,<nil>,<nil>,<nil>,<nil>,<nil>,<nil>,<nil>,426,<nil>
4176742416,<nil>,<nil>,<nil>,<nil>,<nil>,<nil>,<nil>,<nil>,835,<nil>
2909818713,<nil>,<nil>,<nil>,<nil>,<nil>,<nil>,<nil>,<nil>,581,<nil>
2265075533,<nil>,<nil>,<nil>,<nil>,<nil>,<nil>,<nil>,<nil>,453,<nil>
4110962509,<nil>,<nil>,<nil>,<nil>,<nil>,<nil>,<nil>,<nil>,822,<nil>
2360168293,<nil>,<nil>,<nil>,<nil>,<nil>,<nil>,<nil>,<nil>,472,<nil>
924733272,<nil>,<nil>,<nil>,<nil>,<nil>,<nil>,<nil>,<nil>,184,<nil>
165367629,<nil>,<nil>,<nil>,<nil>,<nil>,<nil>,<nil>,<nil>,33,<nil>
1662537560,<nil>,<nil>,<nil>,<nil>,<nil>,<nil>,<nil>,<nil>,332,<nil>
3991818060,<nil>,<nil>,<nil>,<nil>,<nil>,<nil>,<nil>,<nil>,798,<nil>
2738620552,<nil>,<nil>,<nil>,<nil>,<nil>,<nil>,<nil>,<nil>,547,<nil>
3491516249,<nil>,<nil>,<nil>,<nil>,<nil>,<nil>,<nil>,<nil>,698,<nil>
2825408332,<nil>,<nil>,<nil>,<nil>,<nil>,<nil>,<nil>,<nil>,565,<nil>
1725910861,<nil>,<nil>,<nil>,<nil>,<nil>,<nil>,<nil>,<nil>,345,<nil>
337727308,<nil>,<nil>,<nil>,<nil>,<nil>,<nil>,<nil>,<nil>,67,<nil>
3120648012,<nil>,<nil>,<nil>,<nil>,<nil>,<nil>,<nil>,<nil>,624,<nil>
3188328100,<nil>,<nil>,<nil>,<nil>,<nil>,<nil>,<nil>,<nil>,637,<nil>
777604940,<nil>,<nil>,<nil>,<nil>,<nil>,<nil>,<nil>,<nil>,155,<nil>
226512741,<nil>,<nil>,<nil>,<nil>,<nil>,<nil>,<nil>,<nil>,45,<nil>
1432964952,<nil>,<nil>,<nil>,<nil>,<nil>,<nil>,<nil>,<nil>,286,<nil>
4177513950,<nil>,<nil>,<nil>,<nil>,<nil>,<nil>,<nil>,<nil>,835,<nil>
1967148888,<nil>,<nil>,<nil>,<nil>,<nil>,<nil>,<nil>,<nil>,393,<nil>
3550236505,<nil>,<nil>,<nil>,<nil>,<nil>,<nil>,<nil>,<nil>,710,<nil>
1725845336,<nil>,<nil>,<nil>,<nil>,<nil>,<nil>,<nil>,<nil>,345,<nil>
667701069,<nil>,<nil>,<nil>,<nil>,<nil>,<nil>,<nil>,<nil>,133,<nil>
323243864,<nil>,<nil>,<nil>,<nil>,<nil>,<nil>,<nil>,<nil>,64,<nil>
4281421656,<nil>,<nil>,<nil>,<nil>,<nil>,<nil>,<nil>,<nil>,856,<nil>
714821465,<nil>,<nil>,<nil>,<nil>,<nil>,<nil>,<nil>,<nil>,142,<nil>
3904261964,<nil>,<nil>,<nil>,<nil>,<nil>,<nil>,<nil>,<nil>,780,<nil>
1835945817,<nil>,<nil>,<nil>,<nil>,<nil>,<nil>,<nil>,<nil>,367,<nil>
842944332,<nil>,<nil>,<nil>,<nil>,<nil>,<nil>,<nil>,<nil>,168,<nil>
3499773773,<nil>,<nil>,<nil>,<nil>,<nil>,<nil>,<nil>,<nil>,699,<nil>
2941256680,<nil>,<nil>,<nil>,<nil>,<nil>,<nil>,<nil>,<nil>,588,<nil>
2734491311,<nil>,<nil>,<nil>,<nil>,<nil>,<nil>,<nil>,<nil>,546,<nil>
262754136,<nil>,<nil>,<nil>,<nil>,<nil>,<nil>,<nil>,<nil>,52,<nil>
77287256,<nil>,<nil>,<nil>,<nil>,<nil>,<nil>,<nil>,<nil>,15,<nil>
4028256077,<nil>,<nil>,<nil>,<nil>,<nil>,<nil>,<nil>,<nil>,805,<nil>
2468481065,<nil>,<nil>,<nil>,<nil>,<nil>,<nil>,<nil>,<nil>,493,<nil>
1132678988,<nil>,<nil>,<nil>,<nil>,<nil>,<nil>,<nil>,<nil>,226,<nil>
584142669,<nil>,<nil>,<nil>,<nil>,<nil>,<nil>,<nil>,<nil>,116,<nil>
75386700,<nil>,<nil>,<nil>,<nil>,<nil>,<nil>,<nil>,<nil>,15,<nil>
1188188005,<nil>,<nil>,<nil>,<nil>,<nil>,<nil>,<nil>,<nil>,237,<nil>
4149038924,<nil>,<nil>,<nil>,<nil>,<nil>,<nil>,<nil>,<nil>,829,<nil>
111562572,<nil>,<nil>,<nil>,<nil>,<nil>,<nil>,<nil>,<nil>,22,<nil>
296832844,<nil>,<nil>,<nil>,<nil>,<nil>,<nil>,<nil>,<nil>,59,<nil>
2818461529,<nil>,<nil>,<nil>,<nil>,<nil>,<nil>,<nil>,<nil>,563,<nil>
2268399752,<nil>,<nil>,<nil>,<nil>,<nil>,<nil>,<nil>,<nil>,453,<nil>
3828614820,<nil>,<nil>,<nil>,<nil>,<nil>,<nil>,<nil>,<nil>,765,<nil>
1811744768,<nil>,<nil>,<nil>,<nil>,<nil>,<nil>,<nil>,<nil>,362,<nil>
3750580068,<nil>,<nil>,<nil>,<nil>,<nil>,<nil>,<nil>,<nil>,750,<nil>
3327151960,<nil>,<nil>,<nil>,<nil>,<nil>,<nil>,<nil>,<nil>,665,<nil>
1854295897,<nil>,<nil>,<nil>,<nil>,<nil>,<nil>,<nil>,<nil>,370,<nil>
3889712973,<nil>,<nil>,<nil>,<nil>,<nil>,<nil>,<nil>,<nil>,777,<nil>
2525581133,<nil>,<nil>,<nil>,<nil>,<nil>,<nil>,<nil>,<nil>,505,<nil>
1660618793,<nil>,<nil>,<nil>,<nil>,<nil>,<nil>,<nil>,<nil>,332,<nil>
210175663,<nil>,<nil>,<nil>,<nil>,<nil>,<nil>,<nil>,<nil>,42,<nil>
2971291480,<nil>,<nil>,<nil>,<nil>,<nil>,<nil>,<nil>,<nil>,594,<nil>
1149783897,<nil>,<nil>,<nil>,<nil>,<nil>,<nil>,<nil>,<nil>,229,<nil>
3479850829,<nil>,<nil>,<nil>,<nil>,<nil>,<nil>,<nil>,<nil>,695,<nil>
1685081945,<nil>,<nil>,<nil>,<nil>,<nil>,<nil>,<nil>,<nil>,337,<nil>
2713931596,<nil>,<nil>,<nil>,<nil>,<nil>,<nil>,<nil>,<nil>,542,<nil>
2165049360,<nil>,<nil>,<nil>,<nil>,<nil>,<nil>,<nil>,<nil>,433,<nil>
2916831052,<nil>,<nil>,<nil>,<nil>,<nil>,<nil>,<nil>,<nil>,583,<nil>
974540632,<nil>,<nil>,<nil>,<nil>,<nil>,<nil>,<nil>,<nil>,194,<nil>
4064300877,<nil>,<nil>,<nil>,<nil>,<nil>,<nil>,<nil>,<nil>,812,<nil>
950274088,<nil>,<nil>,<nil>,<nil>,<nil>,<nil>,<nil>,<nil>,190,<nil>
3714123776,<nil>,<nil>,<nil>,<nil>,<nil>,<nil>,<nil>,<nil>,742,<nil>
1531203404,<nil>,<nil>,<nil>,<nil>,<nil>,<nil>,<nil>,<nil>,306,<nil>
2277658456,<nil>,<nil>,<nil>,<nil>,<nil>,<nil>,<nil>,<nil>,455,<nil>
4189146957,<nil>,<nil>,<nil>,<nil>,<nil>,<nil>,<nil>,<nil>,837,<nil>
2537770841,<nil>,<nil>,<nil>,<nil>,<nil>,<nil>,<nil>,<nil>,507,<nil>
2479050584,<nil>,<nil>,<nil>,<nil>,<nil>,<nil>,<nil>,<nil>,495,<nil>
3735291904,<nil>,<nil>,<nil>,<nil>,<nil>,<nil>,<nil>,<nil>,747,<nil>
2509328216,<nil>,<nil>,<nil>,<nil>,<nil>,<nil>,<nil>,<nil>,501,<nil>
3325841229,<nil>,<nil>,<nil>,<nil>,<nil>,<nil>,<nil>,<nil>,665,<nil>
1628962922,<nil>,<nil>,<nil>,<nil>,<nil>,<nil>,<nil>,<nil>,325,<nil>
2763673432,<nil>,<nil>,<nil>,<nil>,<nil>,<nil>,<nil>,<nil>,552,<nil>
1396133720,<nil>,<nil>,<nil>,<nil>,<nil>,<nil>,<nil>,<nil>,279,<nil>
767709016,<nil>,<nil>,<nil>,<nil>,<nil>,<nil>,<nil>,<nil>,153,<nil>
3985198925,<nil>,<nil>,<nil>,<nil>,<nil>,<nil>,<nil>,<nil>,797,<nil>
2922467149,<nil>,<nil>,<nil>,<nil>,<nil>,<nil>,<nil>,<nil>,584,<nil>
1047136465,<nil>,<nil>,<nil>,<nil>,<nil>,<nil>,<nil>,<nil>,209,<nil>
1927499608,<nil>,<nil>,<nil>,<nil>,<nil>,<nil>,<nil>,<nil>,385,<nil>
1437945676,<nil>,<nil>,<nil>,<nil>,<nil>,<nil>,<nil>,<nil>,287,<nil>
4109389674,<nil>,<nil>,<nil>,<nil>,<nil>,<nil>,<nil>,<nil>,821,<nil>
1972701184,<nil>,<nil>,<nil>,<nil>,<nil>,<nil>,<nil>,<nil>,394,<nil>
864243532,<nil>,<nil>,<nil>,<nil>,<nil>,<nil>,<nil>,<nil>,172,<nil>
675565388,<nil>,<nil>,<nil>,<nil>,<nil>,<nil>,<nil>,<nil>,135,<nil>
3028242264,<nil>,<nil>,<nil>,<nil>,<nil>,<nil>,<nil>,<nil>,605,<nil>
4206317389,<nil>,<nil>,<nil>,<nil>,<nil>,<nil>,<nil>,<nil>,841,<nil>
1978421092,<nil>,<nil>,<nil>,<nil>,<nil>,<nil>,<nil>,<nil>,395,<nil>
545541976,<nil>,<nil>,<nil>,<nil>,<nil>,<nil>,<nil>,<nil>,109,<nil>
4265027428,<nil>,<nil>,<nil>,<nil>,<nil>,<nil>,<nil>,<nil>,853,<nil>
1060523864,<nil>,<nil>,<nil>,<nil>,<nil>,<nil>,<nil>,<nil>,212,<nil>
3132313433,<nil>,<nil>,<nil>,<nil>,<nil>,<nil>,<nil>,<nil>,626,<nil>
2469285708,<nil>,<nil>,<nil>,<nil>,<nil>,<nil>,<nil>,<nil>,493,<nil>
1220169549,<nil>,<nil>,<nil>,<nil>,<nil>,<nil>,<nil>,<nil>,244,<nil>
137645912,<nil>,<nil>,<nil>,<nil>,<nil>,<nil>,<nil>,<nil>,27,<nil>
3958230496,<nil>,<nil>,<nil>,<nil>,<nil>,<nil>,<nil>,<nil>,791,<nil>
46598352,<nil>,<nil>,<nil>,<nil>,<nil>,<nil>,<nil>,<nil>,9,<nil>
3183234892,<nil>,<nil>,<nil>,<nil>,<nil>,<nil>,<nil>,<nil>,636,<nil>
1563756560,<nil>,<nil>,<nil>,<nil>,<nil>,<nil>,<nil>,<nil>,312,<nil>
2186891108,<nil>,<nil>,<nil>,<nil>,<nil>,<nil>,<nil>,<nil>,437,<nil>
1650347853,<nil>,<nil>,<nil>,<nil>,<nil>,<nil>,<nil>,<nil>,330,<nil>
4243083097,<nil>,<nil>,<nil>,<nil>,<nil>,<nil>,<nil>,<nil>,848,<nil>
759779148,<nil>,<nil>,<nil>,<nil>,<nil>,<nil>,<nil>,<nil>,151,<nil>
3543093068,<nil>,<nil>,<nil>,<nil>,<nil>,<nil>,<nil>,<nil>,708,<nil>
1918390122,<nil>,<nil>,<nil>,<nil>,<nil>,<nil>,<nil>,<nil>,383,<nil>
3328986981,<nil>,<nil>,<nil>,<nil>,<nil>,<nil>,<nil>,<nil>,665,<nil>
2791264077,<nil>,<nil>,<nil>,<nil>,<nil>,<nil>,<nil>,<nil>,558,<nil>
333336436,<nil>,<nil>,<nil>,<nil>,<nil>,<nil>,<nil>,<nil>,66,<nil>
287461208,<nil>,<nil>,<nil>,<nil>,<nil>,<nil>,<nil>,<nil>,57,<nil>
249974616,<nil>,<nil>,<nil>,<nil>,<nil>,<nil>,<nil>,<nil>,49,<nil>
487411544,<nil>,<nil>,<nil>,<nil>,<nil>,<nil>,<nil>,<nil>,97,<nil>
3441100800,<nil>,<nil>,<nil>,<nil>,<nil>,<nil>,<nil>,<nil>,688,<nil>
2271684456,<nil>,<nil>,<nil>,<nil>,<nil>,<nil>,<nil>,<nil>,454,<nil>
4226681051,<nil>,<nil>,<nil>,<nil>,<nil>,<nil>,<nil>,<nil>,845,<nil>
2150190924,<nil>,<nil>,<nil>,<nil>,<nil>,<nil>,<nil>,<nil>,430,<nil>
2453688153,<nil>,<nil>,<nil>,<nil>,<nil>,<nil>,<nil>,<nil>,490,<nil>
1917079385,<nil>,<nil>,<nil>,<nil>,<nil>,<nil>,<nil>,<nil>,383,<nil>
990203725,<nil>,<nil>,<nil>,<nil>,<nil>,<nil>,<nil>,<nil>,198,<nil>
1111707481,<nil>,<nil>,<nil>,<nil>,<nil>,<nil>,<nil>,<nil>,222,<nil>
3599060825,<nil>,<nil>,<nil>,<nil>,<nil>,<nil>,<nil>,<nil>,719,<nil>
1643859801,<nil>,<nil>,<nil>,<nil>,<nil>,<nil>,<nil>,<nil>,328,<nil>
2421247821,<nil>,<nil>,<nil>,<nil>,<nil>,<nil>,<nil>,<nil>,484,<nil>
1280182313,<nil>,<nil>,<nil>,<nil>,<nil>,<nil>,<nil>,<nil>,256,<nil>
4007004176,<nil>,<nil>,<nil>,<nil>,<nil>,<nil>,<nil>,<nil>,801,<nil>
3099873125,<nil>,<nil>,<nil>,<nil>,<nil>,<nil>,<nil>,<nil>,619,<nil>
403263308,<nil>,<nil>,<nil>,<nil>,<nil>,<nil>,<nil>,<nil>,80,<nil>
2766163789,<nil>,<nil>,<nil>,<nil>,<nil>,<nil>,<nil>,<nil>,553,<nil>
813059917,<nil>,<nil>,<nil>,<nil>,<nil>,<nil>,<nil>,<nil>,162,<nil>
4026486616,<nil>,<nil>,<nil>,<nil>,<nil>,<nil>,<nil>,<nil>,805,<nil>
1683771225,<nil>,<nil>,<nil>,<nil>,<nil>,<nil>,<nil>,<nil>,336,<nil>
285691724,<nil>,<nil>,<nil>,<nil>,<nil>,<nil>,<nil>,<nil>,57,<nil>
2650689357,<nil>,<nil>,<nil>,<nil>,<nil>,<nil>,<nil>,<nil>,530,<nil>
3180547916,<nil>,<nil>,<nil>,<nil>,<nil>,<nil>,<nil>,<nil>,636,<nil>
2290765657,<nil>,<nil>,<nil>,<nil>,<nil>,<nil>,<nil>,<nil>,458,<nil>
905596760,<nil>,<nil>,<nil>,<nil>,<nil>,<nil>,<nil>,<nil>,181,<nil>
3685306200,<nil>,<nil>,<nil>,<nil>,<nil>,<nil>,<nil>,<nil>,737,<nil>
1238060889,<nil>,<nil>,<nil>,<nil>,<nil>,<nil>,<nil>,<nil>,247,<nil>
301944653,<nil>,<nil>,<nil>,<nil>,<nil>,<nil>,<nil>,<nil>,60,<nil>
2442284917,<nil>,<nil>,<nil>,<nil>,<nil>,<nil>,<nil>,<nil>,488,<nil>
2958577496,<nil>,<nil>,<nil>,<nil>,<nil>,<nil>,<nil>,<nil>,591,<nil>
2029014860,<nil>,<nil>,<nil>,<nil>,<nil>,<nil>,<nil>,<nil>,405,<nil>
3156889421,<nil>,<nil>,<nil>,<nil>,<nil>,<nil>,<nil>,<nil>,631,<nil>
2948616012,<nil>,<nil>,<nil>,<nil>,<nil>,<nil>,<nil>,<nil>,589,<nil>
2503084048,<nil>,<nil>,<nil>,<nil>,<nil>,<nil>,<nil>,<nil>,500,<nil>
944852824,<nil>,<nil>,<nil>,<nil>,<nil>,<nil>,<nil>,<nil>,188,<nil>
3454619481,<nil>,<nil>,<nil>,<nil>,<nil>,<nil>,<nil>,<nil>,690,<nil>
979586904,<nil>,<nil>,<nil>,<nil>,<nil>,<nil>,<nil>,<nil>,195,<nil>
3762311000,<nil>,<nil>,<nil>,<nil>,<nil>,<nil>,<nil>,<nil>,752,<nil>
2115063629,<nil>,<nil>,<nil>,<nil>,<nil>,<nil>,<nil>,<nil>,423,<nil>
1763594061,<nil>,<nil>,<nil>,<nil>,<nil>,<nil>,<nil>,<nil>,352,<nil>
522997580,<nil>,<nil>,<nil>,<nil>,<nil>,<nil>,<nil>,<nil>,104,<nil>
641421144,<nil>,<nil>,<nil>,<nil>,<nil>,<nil>,<nil>,<nil>,128,<nil>
281497421,<nil>,<nil>,<nil>,<nil>,<nil>,<nil>,<nil>,<nil>,56,<nil>
2831306597,<nil>,<nil>,<nil>,<nil>,<nil>,<nil>,<nil>,<nil>,566,<nil>
1863864153,<nil>,<nil>,<nil>,<nil>,<nil>,<nil>,<nil>,<nil>,372,<nil>
1101400080,<nil>,<nil>,<nil>,<nil>,<nil>,<nil>,<nil>,<nil>,220,<nil>
1711689561,<nil>,<nil>,<nil>,<nil>,<nil>,<nil>,<nil>,<nil>,342,<nil>
202002265,<nil>,<nil>,<nil>,<nil>,<nil>,<nil>,<nil>,<nil>,40,<nil>
2114342732,<nil>,<nil>,<nil>,<nil>,<nil>,<nil>,<nil>,<nil>,422,<nil>
4185280333,<nil>,<nil>,<nil>,<nil>,<nil>,<nil>,<nil>,<nil>,837,<nil>
4149104461,<nil>,<nil>,<nil>,<nil>,<nil>,<nil>,<nil>,<nil>,829,<nil>
2126139224,<nil>,<nil>,<nil>,<nil>,<nil>,<nil>,<nil>,<nil>,425,<nil>
2120353454,<nil>,<nil>,<nil>,<nil>,<nil>,<nil>,<nil>,<nil>,424,<nil>
4122234700,<nil>,<nil>,<nil>,<nil>,<nil>,<nil>,<nil>,<nil>,824,<nil>
2447527757,<nil>,<nil>,<nil>,<nil>,<nil>,<nil>,<nil>,<nil>,489,<nil>
1927415856,<nil>,<nil>,<nil>,<nil>,<nil>,<nil>,<nil>,<nil>,385,<nil>
101404492,<nil>,<nil>,<nil>,<nil>,<nil>,<nil>,<nil>,<nil>,20,<nil>
2736541516,<nil>,<nil>,<nil>,<nil>,<nil>,<nil>,<nil>,<nil>,547,<nil>
3059109720,<nil>,<nil>,<nil>,<nil>,<nil>,<nil>,<nil>,<nil>,611,<nil>
1092505420,<nil>,<nil>,<nil>,<nil>,<nil>,<nil>,<nil>,<nil>,218,<nil>
3580841804,<nil>,<nil>,<nil>,<nil>,<nil>,<nil>,<nil>,<nil>,716,<nil>
1850691429,<nil>,<nil>,<nil>,<nil>,<nil>,<nil>,<nil>,<nil>,370,<nil>
125914968,<nil>,<nil>,<nil>,<nil>,<nil>,<nil>,<nil>,<nil>,25,<nil>
2625589069,<nil>,<nil>,<nil>,<nil>,<nil>,<nil>,<nil>,<nil>,525,<nil>
1113804621,<nil>,<nil>,<nil>,<nil>,<nil>,<nil>,<nil>,<nil>,222,<nil>
2255900493,<nil>,<nil>,<nil>,<nil>,<nil>,<nil>,<nil>,<nil>,451,<nil>
797003620,<nil>,<nil>,<nil>,<nil>,<nil>,<nil>,<nil>,<nil>,159,<nil>
3814739829,<nil>,<nil>,<nil>,<nil>,<nil>,<nil>,<nil>,<nil>,762,<nil>
2427015000,<nil>,<nil>,<nil>,<nil>,<nil>,<nil>,<nil>,<nil>,485,<nil>
575867099,<nil>,<nil>,<nil>,<nil>,<nil>,<nil>,<nil>,<nil>,115,<nil>
4275523404,<nil>,<nil>,<nil>,<nil>,<nil>,<nil>,<nil>,<nil>,855,<nil>
1146441549,<nil>,<nil>,<nil>,<nil>,<nil>,<nil>,<nil>,<nil>,229,<nil>
1228605440,<nil>,<nil>,<nil>,<nil>,<nil>,<nil>,<nil>,<nil>,245,<nil>
151932760,<nil>,<nil>,<nil>,<nil>,<nil>,<nil>,<nil>,<nil>,30,<nil>
1440304972,<nil>,<nil>,<nil>,<nil>,<nil>,<nil>,<nil>,<nil>,288,<nil>
1900891980,<nil>,<nil>,<nil>,<nil>,<nil>,<nil>,<nil>,<nil>,380,<nil>
4094447436,<nil>,<nil>,<nil>,<nil>,<nil>,<nil>,<nil>,<nil>,818,<nil>
3230224216,<nil>,<nil>,<nil>,<nil>,<nil>,<nil>,<nil>,<nil>,646,<nil>
1564364620,<nil>,<nil>,<nil>,<nil>,<nil>,<nil>,<nil>,<nil>,312,<nil>
3694088024,<nil>,<nil>,<nil>,<nil>,<nil>,<nil>,<nil>,<nil>,738,<nil>
2058833753,<nil>,<nil>,<nil>,<nil>,<nil>,<nil>,<nil>,<nil>,411,<nil>
1426345817,<nil>,<nil>,<nil>,<nil>,<nil>,<nil>,<nil>,<nil>,285,<nil>
1599866896,<nil>,<nil>,<nil>,<nil>,<nil>,<nil>,<nil>,<nil>,319,<nil>
3627765581,<nil>,<nil>,<nil>,<nil>,<nil>,<nil>,<nil>,<nil>,725,<nil>
2643331291,<nil>,<nil>,<nil>,<nil>,<nil>,<nil>,<nil>,<nil>,528,<nil>
1531839464,<nil>,<nil>,<nil>,<nil>,<nil>,<nil>,<nil>,<nil>,306,<nil>
470437709,<nil>,<nil>,<nil>,<nil>,<nil>,<nil>,<nil>,<nil>,94,<nil>
1988054873,<nil>,<nil>,<nil>,<nil>,<nil>,<nil>,<nil>,<nil>,397,<nil>
1196117848,<nil>,<nil>,<nil>,<nil>,<nil>,<nil>,<nil>,<nil>,239,<nil>
1077020336,<nil>,<nil>,<nil>,<nil>,<nil>,<nil>,<nil>,<nil>,215,<nil>
3305711460,<nil>,<nil>,<nil>,<nil>,<nil>,<nil>,<nil>,<nil>,661,<nil>
2061782873,<nil>,<nil>,<nil>,<nil>,<nil>,<nil>,<nil>,<nil>,412,<nil>
198135641,<nil>,<nil>,<nil>,<nil>,<nil>,<nil>,<nil>,<nil>,39,<nil>
2957528920,<nil>,<nil>,<nil>,<nil>,<nil>,<nil>,<nil>,<nil>,591,<nil>
868372301,<nil>,<nil>,<nil>,<nil>,<nil>,<nil>,<nil>,<nil>,173,<nil>
2139293696,<nil>,<nil>,<nil>,<nil>,<nil>,<nil>,<nil>,<nil>,427,<nil>
4290596684,<nil>,<nil>,<nil>,<nil>,<nil>,<nil>,<nil>,<nil>,858,<nil>
4103425868,<nil>,<nil>,<nil>,<nil>,<nil>,<nil>,<nil>,<nil>,820,<nil>
3459829216,<nil>,<nil>,<nil>,<nil>,<nil>,<nil>,<nil>,<nil>,691,<nil>
1902333784,<nil>,<nil>,<nil>,<nil>,<nil>,<nil>,<nil>,<nil>,380,<nil>
249057101,<nil>,<nil>,<nil>,<nil>,<nil>,<nil>,<nil>,<nil>,49,<nil>
3380236108,<nil>,<nil>,<nil>,<nil>,<nil>,<nil>,<nil>,<nil>,676,<nil>
2187546445,<nil>,<nil>,<nil>,<nil>,<nil>,<nil>,<nil>,<nil>,437,<nil>
1217220441,<nil>,<nil>,<nil>,<nil>,<nil>,<nil>,<nil>,<nil>,243,<nil>
4262874956,<nil>,<nil>,<nil>,<nil>,<nil>,<nil>,<nil>,<nil>,852,<nil>
2782941005,<nil>,<nil>,<nil>,<nil>,<nil>,<nil>,<nil>,<nil>,556,<nil>
3522103312,<nil>,<nil>,<nil>,<nil>,<nil>,<nil>,<nil>,<nil>,704,<nil>
4014362457,<nil>,<nil>,<nil>,<nil>,<nil>,<nil>,<nil>,<nil>,802,<nil>
3497086796,<nil>,<nil>,<nil>,<nil>,<nil>,<nil>,<nil>,<nil>,699,<nil>
1286164313,<nil>,<nil>,<nil>,<nil>,<nil>,<nil>,<nil>,<nil>,257,<nil>
1694781284,<nil>,<nil>,<nil>,<nil>,<nil>,<nil>,<nil>,<nil>,338,<nil>
1025396569,<nil>,<nil>,<nil>,<nil>,<nil>,<nil>,<nil>,<nil>,205,<nil>
3514912601,<nil>,<nil>,<nil>,<nil>,<nil>,<nil>,<nil>,<nil>,702,<nil>
2514833228,<nil>,<nil>,<nil>,<nil>,<nil>,<nil>,<nil>,<nil>,502,<nil>
1387810636,<nil>,<nil>,<nil>,<nil>,<nil>,<nil>,<nil>,<nil>,277,<nil>
3880604068,<nil>,<nil>,<nil>,<nil>,<nil>,<nil>,<nil>,<nil>,776,<nil>
1514688345,<nil>,<nil>,<nil>,<nil>,<nil>,<nil>,<nil>,<nil>,302,<nil>
577654605,<nil>,<nil>,<nil>,<nil>,<nil>,<nil>,<nil>,<nil>,115,<nil>
849684329,<nil>,<nil>,<nil>,<nil>,<nil>,<nil>,<nil>,<nil>,169,<nil>
4020588364,<nil>,<nil>,<nil>,<nil>,<nil>,<nil>,<nil>,<nil>,804,<nil>
289951576,<nil>,<nil>,<nil>,<nil>,<nil>,<nil>,<nil>,<nil>,57,<nil>
3217379160,<nil>,<nil>,<nil>,<nil>,<nil>,<nil>,<nil>,<nil>,643,<nil>
1272139597,<nil>,<nil>,<nil>,<nil>,<nil>,<nil>,<nil>,<nil>,254,<nil>
3697561471,<nil>,<nil>,<nil>,<nil>,<nil>,<nil>,<nil>,<nil>,739,<nil>
4159590232,<nil>,<nil>,<nil>,<nil>,<nil>,<nil>,<nil>,<nil>,831,<nil>
3108130649,<nil>,<nil>,<nil>,<nil>,<nil>,<nil>,<nil>,<nil>,621,<nil>
154423141,<nil>,<nil>,<nil>,<nil>,<nil>,<nil>,<nil>,<nil>,30,<nil>
4012003148,<nil>,<nil>,<nil>,<nil>,<nil>,<nil>,<nil>,<nil>,802,<nil>
2533969753,<nil>,<nil>,<nil>,<nil>,<nil>,<nil>,<nil>,<nil>,506,<nil>
2795917156,<nil>,<nil>,<nil>,<nil>,<nil>,<nil>,<nil>,<nil>,559,<nil>
1496469336,<nil>,<nil>,<nil>,<nil>,<nil>,<nil>,<nil>,<nil>,299,<nil>
3552989005,<nil>,<nil>,<nil>,<nil>,<nil>,<nil>,<nil>,<nil>,710,<nil>
2475904856,<nil>,<nil>,<nil>,<nil>,<nil>,<nil>,<nil>,<nil>,495,<nil>
155799385,<nil>,<nil>,<nil>,<nil>,<nil>,<nil>,<nil>,<nil>,31,<nil>
2632142669,<nil>,<nil>,<nil>,<nil>,<nil>,<nil>,<nil>,<nil>,526,<nil>
1766215524,<nil>,<nil>,<nil>,<nil>,<nil>,<nil>,<nil>,<nil>,353,<nil>
2199736140,<nil>,<nil>,<nil>,<nil>,<nil>,<nil>,<nil>,<nil>,439,<nil>
129257305,<nil>,<nil>,<nil>,<nil>,<nil>,<nil>,<nil>,<nil>,25,<nil>
3631894360,<nil>,<nil>,<nil>,<nil>,<nil>,<nil>,<nil>,<nil>,726,<nil>
2103660364,<nil>,<nil>,<nil>,<nil>,<nil>,<nil>,<nil>,<nil>,420,<nil>
3915075429,<nil>,<nil>,<nil>,<nil>,<nil>,<nil>,<nil>,<nil>,783,<nil>
1985611816,<nil>,<nil>,<nil>,<nil>,<nil>,<nil>,<nil>,<nil>,397,<nil>
1409700160,<nil>,<nil>,<nil>,<nil>,<nil>,<nil>,<nil>,<nil>,281,<nil>
2800373580,<nil>,<nil>,<nil>,<nil>,<nil>,<nil>,<nil>,<nil>,560,<nil>
1067798349,<nil>,<nil>,<nil>,<nil>,<nil>,<nil>,<nil>,<nil>,213,<nil>
3971745792,<nil>,<nil>,<nil>,<nil>,<nil>,<nil>,<nil>,<nil>,794,<nil>
3678621516,<nil>,<nil>,<nil>,<nil>,<nil>,<nil>,<nil>,<nil>,735,<nil>
1679642456,<nil>,<nil>,<nil>,<nil>,<nil>,<nil>,<nil>,<nil>,335,<nil>
1117802341,<nil>,<nil>,<nil>,<nil>,<nil>,<nil>,<nil>,<nil>,223,<nil>
2157072216,<nil>,<nil>,<nil>,<nil>,<nil>,<nil>,<nil>,<nil>,431,<nil>
416173925,<nil>,<nil>,<nil>,<nil>,<nil>,<nil>,<nil>,<nil>,83,<nil>
1605194048,<nil>,<nil>,<nil>,<nil>,<nil>,<nil>,<nil>,<nil>,321,<nil>
732450648,<nil>,<nil>,<nil>,<nil>,<nil>,<nil>,<nil>,<nil>,146,<nil>
1991921484,<nil>,<nil>,<nil>,<nil>,<nil>,<nil>,<nil>,<nil>,398,<nil>
4196355928,<nil>,<nil>,<nil>,<nil>,<nil>,<nil>,<nil>,<nil>,839,<nil>
3406188364,<nil>,<nil>,<nil>,<nil>,<nil>,<nil>,<nil>,<nil>,681,<nil>
3905769292,<nil>,<nil>,<nil>,<nil>,<nil>,<nil>,<nil>,<nil>,781,<nil>
1827491661,<nil>,<nil>,<nil>,<nil>,<nil>,<nil>,<nil>,<nil>,365,<nil>
451104600,<nil>,<nil>,<nil>,<nil>,<nil>,<nil>,<nil>,<nil>,90,<nil>
4126691149,<nil>,<nil>,<nil>,<nil>,<nil>,<nil>,<nil>,<nil>,825,<nil>
2241220441,<nil>,<nil>,<nil>,<nil>,<nil>,<nil>,<nil>,<nil>,448,<nil>
917917540,<nil>,<nil>,<nil>,<nil>,<nil>,<nil>,<nil>,<nil>,183,<nil>
1468944205,<nil>,<nil>,<nil>,<nil>,<nil>,<nil>,<nil>,<nil>,293,<nil>
4116664153,<nil>,<nil>,<nil>,<nil>,<nil>,<nil>,<nil>,<nil>,823,<nil>
3329642317,<nil>,<nil>,<nil>,<nil>,<nil>,<nil>,<nil>,<nil>,665,<nil>
2197704524,<nil>,<nil>,<nil>,<nil>,<nil>,<nil>,<nil>,<nil>,439,<nil>
244862796,<nil>,<nil>,<nil>,<nil>,<nil>,<nil>,<nil>,<nil>,48,<nil>
2324975449,<nil>,<nil>,<nil>,<nil>,<nil>,<nil>,<nil>,<nil>,464,<nil>
1809010508,<nil>,<nil>,<nil>,<nil>,<nil>,<nil>,<nil>,<nil>,361,<nil>
3638841165,<nil>,<nil>,<nil>,<nil>,<nil>,<nil>,<nil>,<nil>,727,<nil>
1967935320,<nil>,<nil>,<nil>,<nil>,<nil>,<nil>,<nil>,<nil>,393,<nil>
1777749848,<nil>,<nil>,<nil>,<nil>,<nil>,<nil>,<nil>,<nil>,355,<nil>
4090056537,<nil>,<nil>,<nil>,<nil>,<nil>,<nil>,<nil>,<nil>,818,<nil>
2985447244,<nil>,<nil>,<nil>,<nil>,<nil>,<nil>,<nil>,<nil>,597,<nil>
2650033996,<nil>,<nil>,<nil>,<nil>,<nil>,<nil>,<nil>,<nil>,530,<nil>
3451408216,<nil>,<nil>,<nil>,<nil>,<nil>,<nil>,<nil>,<nil>,690,<nil>
1082609497,<nil>,<nil>,<nil>,<nil>,<nil>,<nil>,<nil>,<nil>,216,<nil>
295259981,<nil>,<nil>,<nil>,<nil>,<nil>,<nil>,<nil>,<nil>,59,<nil>
3263385432,<nil>,<nil>,<nil>,<nil>,<nil>,<nil>,<nil>,<nil>,652,<nil>
894062425,<nil>,<nil>,<nil>,<nil>,<nil>,<nil>,<nil>,<nil>,178,<nil>
672288588,<nil>,<nil>,<nil>,<nil>,<nil>,<nil>,<nil>,<nil>,134,<nil>
660557645,<nil>,<nil>,<nil>,<nil>,<nil>,<nil>,<nil>,<nil>,132,<nil>
3442954061,<nil>,<nil>,<nil>,<nil>,<nil>,<nil>,<nil>,<nil>,688,<nil>
2801487704,<nil>,<nil>,<nil>,<nil>,<nil>,<nil>,<nil>,<nil>,560,<nil>
4098838389,<nil>,<nil>,<nil>,<nil>,<nil>,<nil>,<nil>,<nil>,819,<nil>
2015514457,<nil>,<nil>,<nil>,<nil>,<nil>,<nil>,<nil>,<nil>,403,<nil>
1645563724,<nil>,<nil>,<nil>,<nil>,<nil>,<nil>,<nil>,<nil>,329,<nil>
1315655500,<nil>,<nil>,<nil>,<nil>,<nil>,<nil>,<nil>,<nil>,263,<nil>
1608535897,<nil>,<nil>,<nil>,<nil>,<nil>,<nil>,<nil>,<nil>,321,<nil>
819810125,<nil>,<nil>,<nil>,<nil>,<nil>,<nil>,<nil>,<nil>,163,<nil>
3836815220,<nil>,<nil>,<nil>,<nil>,<nil>,<nil>,<nil>,<nil>,767,<nil>
1651527501,<nil>,<nil>,<nil>,<nil>,<nil>,<nil>,<nil>,<nil>,330,<nil>
2356301657,<nil>,<nil>,<nil>,<nil>,<nil>,<nil>,<nil>,<nil>,471,<nil>
667635532,<nil>,<nil>,<nil>,<nil>,<nil>,<nil>,<nil>,<nil>,133,<nil>
3561574245,<nil>,<nil>,<nil>,<nil>,<nil>,<nil>,<nil>,<nil>,712,<nil>
2249533287,<nil>,<nil>,<nil>,<nil>,<nil>,<nil>,<nil>,<nil>,449,<nil>
542855000,<nil>,<nil>,<nil>,<nil>,<nil>,<nil>,<nil>,<nil>,108,<nil>
3530772490,<nil>,<nil>,<nil>,<nil>,<nil>,<nil>,<nil>,<nil>,706,<nil>
882462540,<nil>,<nil>,<nil>,<nil>,<nil>,<nil>,<nil>,<nil>,176,<nil>
3101249357,<nil>,<nil>,<nil>,<nil>,<nil>,<nil>,<nil>,<nil>,620,<nil>
2189905753,<nil>,<nil>,<nil>,<nil>,<nil>,<nil>,<nil>,<nil>,437,<nil>
2558086988,<nil>,<nil>,<nil>,<nil>,<nil>,<nil>,<nil>,<nil>,511,<nil>
682381157,<nil>,<nil>,<nil>,<nil>,<nil>,<nil>,<nil>,<nil>,136,<nil>
2648657740,<nil>,<nil>,<nil>,<nil>,<nil>,<nil>,<nil>,<nil>,529,<nil>
775049037,<nil>,<nil>,<nil>,<nil>,<nil>,<nil>,<nil>,<nil>,155,<nil>
3124645721,<nil>,<nil>,<nil>,<nil>,<nil>,<nil>,<nil>,<nil>,624,<nil>
2753711948,<nil>,<nil>,<nil>,<nil>,<nil>,<nil>,<nil>,<nil>,550,<nil>
1278693197,<nil>,<nil>,<nil>,<nil>,<nil>,<nil>,<nil>,<nil>,255,<nil>
3902885720,<nil>,<nil>,<nil>,<nil>,<nil>,<nil>,<nil>,<nil>,780,<nil>
577393060,<nil>,<nil>,<nil>,<nil>,<nil>,<nil>,<nil>,<nil>,115,<nil>
3070054220,<nil>,<nil>,<nil>,<nil>,<nil>,<nil>,<nil>,<nil>,614,<nil>
1151225689,<nil>,<nil>,<nil>,<nil>,<nil>,<nil>,<nil>,<nil>,230,<nil>
646664024,<nil>,<nil>,<nil>,<nil>,<nil>,<nil>,<nil>,<nil>,129,<nil>
1883310080,<nil>,<nil>,<nil>,<nil>,<nil>,<nil>,<nil>,<nil>,376,<nil>
201871192,<nil>,<nil>,<nil>,<nil>,<nil>,<nil>,<nil>,<nil>,40,<nil>
457724324,<nil>,<nil>,<nil>,<nil>,<nil>,<nil>,<nil>,<nil>,91,<nil>
2491699033,<nil>,<nil>,<nil>,<nil>,<nil>,<nil>,<nil>,<nil>,498,<nil>
672485197,<nil>,<nil>,<nil>,<nil>,<nil>,<nil>,<nil>,<nil>,134,<nil>
176770904,<nil>,<nil>,<nil>,<nil>,<nil>,<nil>,<nil>,<nil>,35,<nil>
1420644172,<nil>,<nil>,<nil>,<nil>,<nil>,<nil>,<nil>,<nil>,284,<nil>
221579264,<nil>,<nil>,<nil>,<nil>,<nil>,<nil>,<nil>,<nil>,44,<nil>
2432323417,<nil>,<nil>,<nil>,<nil>,<nil>,<nil>,<nil>,<nil>,486,<nil>
3982118733,<nil>,<nil>,<nil>,<nil>,<nil>,<nil>,<nil>,<nil>,796,<nil>
2443970560,<nil>,<nil>,<nil>,<nil>,<nil>,<nil>,<nil>,<nil>,488,<nil>
164188005,<nil>,<nil>,<nil>,<nil>,<nil>,<nil>,<nil>,<nil>,32,<nil>
3409137485,<nil>,<nil>,<nil>,<nil>,<nil>,<nil>,<nil>,<nil>,681,<nil>
1946618159,<nil>,<nil>,<nil>,<nil>,<nil>,<nil>,<nil>,<nil>,389,<nil>
671895384,<nil>,<nil>,<nil>,<nil>,<nil>,<nil>,<nil>,<nil>,134,<nil>
4140650329,<nil>,<nil>,<nil>,<nil>,<nil>,<nil>,<nil>,<nil>,828,<nil>
3082029216,<nil>,<nil>,<nil>,<nil>,<nil>,<nil>,<nil>,<nil>,616,<nil>
809127757,<nil>,<nil>,<nil>,<nil>,<nil>,<nil>,<nil>,<nil>,161,<nil>
11292492,<nil>,<nil>,<nil>,<nil>,<nil>,<nil>,<nil>,<nil>,2,<nil>
364203853,<nil>,<nil>,<nil>,<nil>,<nil>,<nil>,<nil>,<nil>,72,<nil>
2717142873,<nil>,<nil>,<nil>,<nil>,<nil>,<nil>,<nil>,<nil>,543,<nil>
85806949,<nil>,<nil>,<nil>,<nil>,<nil>,<nil>,<nil>,<nil>,17,<nil>
3653437104,<nil>,<nil>,<nil>,<nil>,<nil>,<nil>,<nil>,<nil>,730,<nil>
3203944280,<nil>,<nil>,<nil>,<nil>,<nil>,<nil>,<nil>,<nil>,640,<nil>
1226461005,<nil>,<nil>,<nil>,<nil>,<nil>,<nil>,<nil>,<nil>,245,<nil>
1028149080,<nil>,<nil>,<nil>,<nil>,<nil>,<nil>,<nil>,<nil>,205,<nil>
3523301197,<nil>,<nil>,<nil>,<nil>,<nil>,<nil>,<nil>,<nil>,704,<nil>
1630490469,<nil>,<nil>,<nil>,<nil>,<nil>,<nil>,<nil>,<nil>,326,<nil>
3821732842,<nil>,<nil>,<nil>,<nil>,<nil>,<nil>,<nil>,<nil>,764,<nil>
1397229776,<nil>,<nil>,<nil>,<nil>,<nil>,<nil>,<nil>,<nil>,279,<nil>
1319700480,<nil>,<nil>,<nil>,<nil>,<nil>,<nil>,<nil>,<nil>,263,<nil>
837683409,<nil>,<nil>,<nil>,<nil>,<nil>,<nil>,<nil>,<nil>,167,<nil>
3513864012,<nil>,<nil>,<nil>,<nil>,<nil>,<nil>,<nil>,<nil>,702,<nil>
1446268761,<nil>,<nil>,<nil>,<nil>,<nil>,<nil>,<nil>,<nil>,289,<nil>
634802009,<nil>,<nil>,<nil>,<nil>,<nil>,<nil>,<nil>,<nil>,126,<nil>
3687206744,<nil>,<nil>,<nil>,<nil>,<nil>,<nil>,<nil>,<nil>,737,<nil>
1758678873,<nil>,<nil>,<nil>,<nil>,<nil>,<nil>,<nil>,<nil>,351,<nil>
1252085592,<nil>,<nil>,<nil>,<nil>,<nil>,<nil>,<nil>,<nil>,250,<nil>
442257241,<nil>,<nil>,<nil>,<nil>,<nil>,<nil>,<nil>,<nil>,88,<nil>
3967831897,<nil>,<nil>,<nil>,<nil>,<nil>,<nil>,<nil>,<nil>,793,<nil>
1585187035,<nil>,<nil>,<nil>,<nil>,<nil>,<nil>,<nil>,<nil>,317,<nil>
3928229888,<nil>,<nil>,<nil>,<nil>,<nil>,<nil>,<nil>,<nil>,785,<nil>
2718125901,<nil>,<nil>,<nil>,<nil>,<nil>,<nil>,<nil>,<nil>,543,<nil>
2985447244,<nil>,<nil>,<nil>,<nil>,<nil>,<nil>,<nil>,<nil>,597,<nil>
1200639821,<nil>,<nil>,<nil>,<nil>,<nil>,<nil>,<nil>,<nil>,240,<nil>
380849707,<nil>,<nil>,<nil>,<nil>,<nil>,<nil>,<nil>,<nil>,76,<nil>
3069446304,<nil>,<nil>,<nil>,<nil>,<nil>,<nil>,<nil>,<nil>,613,<nil>
2115653493,<nil>,<nil>,<nil>,<nil>,<nil>,<nil>,<nil>,<nil>,423,<nil>
463359821,<nil>,<nil>,<nil>,<nil>,<nil>,<nil>,<nil>,<nil>,92,<nil>
2826129252,<nil>,<nil>,<nil>,<nil>,<nil>,<nil>,<nil>,<nil>,565,<nil>
1634815845,<nil>,<nil>,<nil>,<nil>,<nil>,<nil>,<nil>,<nil>,326,<nil>
4071116645,<nil>,<nil>,<nil>,<nil>,<nil>,<nil>,<nil>,<nil>,814,<nil>
2141409151,<nil>,<nil>,<nil>,<nil>,<nil>,<nil>,<nil>,<nil>,428,<nil>
904941412,<nil>,<nil>,<nil>,<nil>,<nil>,<nil>,<nil>,<nil>,180,<nil>
479678296,<nil>,<nil>,<nil>,<nil>,<nil>,<nil>,<nil>,<nil>,95,<nil>
2959888204,<nil>,<nil>,<nil>,<nil>,<nil>,<nil>,<nil>,<nil>,591,<nil>
2340179800,<nil>,<nil>,<nil>,<nil>,<nil>,<nil>,<nil>,<nil>,468,<nil>
407916364,<nil>,<nil>,<nil>,<nil>,<nil>,<nil>,<nil>,<nil>,81,<nil>
1721847629,<nil>,<nil>,<nil>,<nil>,<nil>,<nil>,<nil>,<nil>,344,<nil>
68112217,<nil>,<nil>,<nil>,<nil>,<nil>,<nil>,<nil>,<nil>,13,<nil>
3004714841,<nil>,<nil>,<nil>,<nil>,<nil>,<nil>,<nil>,<nil>,600,<nil>
275402573,<nil>,<nil>,<nil>,<nil>,<nil>,<nil>,<nil>,<nil>,55,<nil>
3599960105,<nil>,<nil>,<nil>,<nil>,<nil>,<nil>,<nil>,<nil>,719,<nil>
3079163749,<nil>,<nil>,<nil>,<nil>,<nil>,<nil>,<nil>,<nil>,615,<nil>
4073803608,<nil>,<nil>,<nil>,<nil>,<nil>,<nil>,<nil>,<nil>,814,<nil>
2589132816,<nil>,<nil>,<nil>,<nil>,<nil>,<nil>,<nil>,<nil>,517,<nil>
451104588,<nil>,<nil>,<nil>,<nil>,<nil>,<nil>,<nil>,<nil>,90,<nil>
3970060108,<nil>,<nil>,<nil>,<nil>,<nil>,<nil>,<nil>,<nil>,794,<nil>
4091498329,<nil>,<nil>,<nil>,<nil>,<nil>,<nil>,<nil>,<nil>,818,<nil>
2841792332,<nil>,<nil>,<nil>,<nil>,<nil>,<nil>,<nil>,<nil>,568,<nil>
1355435853,<nil>,<nil>,<nil>,<nil>,<nil>,<nil>,<nil>,<nil>,271,<nil>
3066515276,<nil>,<nil>,<nil>,<nil>,<nil>,<nil>,<nil>,<nil>,613,<nil>
1280659277,<nil>,<nil>,<nil>,<nil>,<nil>,<nil>,<nil>,<nil>,256,<nil>
369446745,<nil>,<nil>,<nil>,<nil>,<nil>,<nil>,<nil>,<nil>,73,<nil>
3406384984,<nil>,<nil>,<nil>,<nil>,<nil>,<nil>,<nil>,<nil>,681,<nil>
1702449162,<nil>,<nil>,<nil>,<nil>,<nil>,<nil>,<nil>,<nil>,340,<nil>
110776153,<nil>,<nil>,<nil>,<nil>,<nil>,<nil>,<nil>,<nil>,22,<nil>
117985125,<nil>,<nil>,<nil>,<nil>,<nil>,<nil>,<nil>,<nil>,23,<nil>
2969391134,<nil>,<nil>,<nil>,<nil>,<nil>,<nil>,<nil>,<nil>,593,<nil>
606621529,<nil>,<nil>,<nil>,<nil>,<nil>,<nil>,<nil>,<nil>,121,<nil>
1736789837,<nil>,<nil>,<nil>,<nil>,<nil>,<nil>,<nil>,<nil>,347,<nil>
837822314,<nil>,<nil>,<nil>,<nil>,<nil>,<nil>,<nil>,<nil>,167,<nil>
3155382093,<nil>,<nil>,<nil>,<nil>,<nil>,<nil>,<nil>,<nil>,631,<nil>
1899301083,<nil>,<nil>,<nil>,<nil>,<nil>,<nil>,<nil>,<nil>,379,<nil>
3941158732,<nil>,<nil>,<nil>,<nil>,<nil>,<nil>,<nil>,<nil>,788,<nil>
2907656025,<nil>,<nil>,<nil>,<nil>,<nil>,<nil>,<nil>,<nil>,581,<nil>
321277784,<nil>,<nil>,<nil>,<nil>,<nil>,<nil>,<nil>,<nil>,64,<nil>
2962509645,<nil>,<nil>,<nil>,<nil>,<nil>,<nil>,<nil>,<nil>,592,<nil>
2169720652,<nil>,<nil>,<nil>,<nil>,<nil>,<nil>,<nil>,<nil>,433,<nil>
238636877,<nil>,<nil>,<nil>,<nil>,<nil>,<nil>,<nil>,<nil>,47,<nil>
190318752,<nil>,<nil>,<nil>,<nil>,<nil>,<nil>,<nil>,<nil>,38,<nil>
2199539533,<nil>,<nil>,<nil>,<nil>,<nil>,<nil>,<nil>,<nil>,439,<nil>
2000637784,<nil>,<nil>,<nil>,<nil>,<nil>,<nil>,<nil>,<nil>,400,<nil>
2106740557,<nil>,<nil>,<nil>,<nil>,<nil>,<nil>,<nil>,<nil>,421,<nil>
918095888,<nil>,<nil>,<nil>,<nil>,<nil>,<nil>,<nil>,<nil>,183,<nil>
3943321420,<nil>,<nil>,<nil>,<nil>,<nil>,<nil>,<nil>,<nil>,788,<nil>
2313244505,<nil>,<nil>,<nil>,<nil>,<nil>,<nil>,<nil>,<nil>,462,<nil>
1377062732,<nil>,<nil>,<nil>,<nil>,<nil>,<nil>,<nil>,<nil>,275,<nil>
183848781,<nil>,<nil>,<nil>,<nil>,<nil>,<nil>,<nil>,<nil>,36,<nil>
2728546314,<nil>,<nil>,<nil>,<nil>,<nil>,<nil>,<nil>,<nil>,545,<nil>
924929880,<nil>,<nil>,<nil>,<nil>,<nil>,<nil>,<nil>,<nil>,184,<nil>
4083544,<nil>,<nil>,<nil>,<nil>,<nil>,<nil>,<nil>,<nil>,0,<nil>
998854516,<nil>,<nil>,<nil>,<nil>,<nil>,<nil>,<nil>,<nil>,199,<nil>
3407564645,<nil>,<nil>,<nil>,<nil>,<nil>,<nil>,<nil>,<nil>,681,<nil>
2426031949,<nil>,<nil>,<nil>,<nil>,<nil>,<nil>,<nil>,<nil>,485,<nil>
1325616984,<nil>,<nil>,<nil>,<nil>,<nil>,<nil>,<nil>,<nil>,265,<nil>
3833548633,<nil>,<nil>,<nil>,<nil>,<nil>,<nil>,<nil>,<nil>,766,<nil>
55398221,<nil>,<nil>,<nil>,<nil>,<nil>,<nil>,<nil>,<nil>,11,<nil>
2228093009,<nil>,<nil>,<nil>,<nil>,<nil>,<nil>,<nil>,<nil>,445,<nil>
85853870,<nil>,<nil>,<nil>,<nil>,<nil>,<nil>,<nil>,<nil>,17,<nil>
3608760164,<nil>,<nil>,<nil>,<nil>,<nil>,<nil>,<nil>,<nil>,721,<nil>
360075097,<nil>,<nil>,<nil>,<nil>,<nil>,<nil>,<nil>,<nil>,72,<nil>
3107934028,<nil>,<nil>,<nil>,<nil>,<nil>,<nil>,<nil>,<nil>,621,<nil>
3066908492,<nil>,<nil>,<nil>,<nil>,<nil>,<nil>,<nil>,<nil>,613,<nil>
3166392141,<nil>,<nil>,<nil>,<nil>,<nil>,<nil>,<nil>,<nil>,633,<nil>
1666404185,<nil>,<nil>,<nil>,<nil>,<nil>,<nil>,<nil>,<nil>,333,<nil>
279007064,<nil>,<nil>,<nil>,<nil>,<nil>,<nil>,<nil>,<nil>,55,<nil>
4045688653,<nil>,<nil>,<nil>,<nil>,<nil>,<nil>,<nil>,<nil>,809,<nil>
2706966180,<nil>,<nil>,<nil>,<nil>,<nil>,<nil>,<nil>,<nil>,541,<nil>
729894733,<nil>,<nil>,<nil>,<nil>,<nil>,<nil>,<nil>,<nil>,145,<nil>
1674727257,<nil>,<nil>,<nil>,<nil>,<nil>,<nil>,<nil>,<nil>,334,<nil>
167923556,<nil>,<nil>,<nil>,<nil>,<nil>,<nil>,<nil>,<nil>,33,<nil>
3905769292,<nil>,<nil>,<nil>,<nil>,<nil>,<nil>,<nil>,<nil>,781,<nil>
1387024205,<nil>,<nil>,<nil>,<nil>,<nil>,<nil>,<nil>,<nil>,277,<nil>
192171882,<nil>,<nil>,<nil>,<nil>,<nil>,<nil>,<nil>,<nil>,38,<nil>
3039907660,<nil>,<nil>,<nil>,<nil>,<nil>,<nil>,<nil>,<nil>,607,<nil>
2131513204,<nil>,<nil>,<nil>,<nil>,<nil>,<nil>,<nil>,<nil>,426,<nil>
243814245,<nil>,<nil>,<nil>,<nil>,<nil>,<nil>,<nil>,<nil>,48,<nil>
1339379545,<nil>,<nil>,<nil>,<nil>,<nil>,<nil>,<nil>,<nil>,267,<nil>
1156712464,<nil>,<nil>,<nil>,<nil>,<nil>,<nil>,<nil>,<nil>,231,<nil>
2728283981,<nil>,<nil>,<nil>,<nil>,<nil>,<nil>,<nil>,<nil>,545,<nil>
909463384,<nil>,<nil>,<nil>,<nil>,<nil>,<nil>,<nil>,<nil>,181,<nil>
744836953,<nil>,<nil>,<nil>,<nil>,<nil>,<nil>,<nil>,<nil>,148,<nil>
2755219289,<nil>,<nil>,<nil>,<nil>,<nil>,<nil>,<nil>,<nil>,551,<nil>
1085427533,<nil>,<nil>,<nil>,<nil>,<nil>,<nil>,<nil>,<nil>,217,<nil>
591810392,<nil>,<nil>,<nil>,<nil>,<nil>,<nil>,<nil>,<nil>,118,<nil>
2935115608,<nil>,<nil>,<nil>,<nil>,<nil>,<nil>,<nil>,<nil>,587,<nil>
207245145,<nil>,<nil>,<nil>,<nil>,<nil>,<nil>,<nil>,<nil>,41,<nil>
2978107213,<nil>,<nil>,<nil>,<nil>,<nil>,<nil>,<nil>,<nil>,595,<nil>
4131606361,<nil>,<nil>,<nil>,<nil>,<nil>,<nil>,<nil>,<nil>,826,<nil>
2664451941,<nil>,<nil>,<nil>,<nil>,<nil>,<nil>,<nil>,<nil>,532,<nil>
777801548,<nil>,<nil>,<nil>,<nil>,<nil>,<nil>,<nil>,<nil>,155,<nil>
1234653055,<nil>,<nil>,<nil>,<nil>,<nil>,<nil>,<nil>,<nil>,246,<nil>
2826981196,<nil>,<nil>,<nil>,<nil>,<nil>,<nil>,<nil>,<nil>,565,<nil>
1243762533,<nil>,<nil>,<nil>,<nil>,<nil>,<nil>,<nil>,<nil>,248,<nil>
539447116,<nil>,<nil>,<nil>,<nil>,<nil>,<nil>,<nil>,<nil>,107,<nil>
3102494564,<nil>,<nil>,<nil>,<nil>,<nil>,<nil>,<nil>,<nil>,620,<nil>
1639075672,<nil>,<nil>,<nil>,<nil>,<nil>,<nil>,<nil>,<nil>,327,<nil>
4272312152,<nil>,<nil>,<nil>,<nil>,<nil>,<nil>,<nil>,<nil>,854,<nil>
2932821849,<nil>,<nil>,<nil>,<nil>,<nil>,<nil>,<nil>,<nil>,586,<nil>
193613656,<nil>,<nil>,<nil>,<nil>,<nil>,<nil>,<nil>,<nil>,38,<nil>
2772306056,<nil>,<nil>,<nil>,<nil>,<nil>,<nil>,<nil>,<nil>,554,<nil>
1582714701,<nil>,<nil>,<nil>,<nil>,<nil>,<nil>,<nil>,<nil>,316,<nil>
4076556109,<nil>,<nil>,<nil>,<nil>,<nil>,<nil>,<nil>,<nil>,815,<nil>
3307032409,<nil>,<nil>,<nil>,<nil>,<nil>,<nil>,<nil>,<nil>,661,<nil>
3099217741,<nil>,<nil>,<nil>,<nil>,<nil>,<nil>,<nil>,<nil>,619,<nil>
2028162893,<nil>,<nil>,<nil>,<nil>,<nil>,<nil>,<nil>,<nil>,405,<nil>
720392037,<nil>,<nil>,<nil>,<nil>,<nil>,<nil>,<nil>,<nil>,144,<nil>
296439640,<nil>,<nil>,<nil>,<nil>,<nil>,<nil>,<nil>,<nil>,59,<nil>
3363131212,<nil>,<nil>,<nil>,<nil>,<nil>,<nil>,<nil>,<nil>,672,<nil>
2321502058,<nil>,<nil>,<nil>,<nil>,<nil>,<nil>,<nil>,<nil>,464,<nil>
510414693,<nil>,<nil>,<nil>,<nil>,<nil>,<nil>,<nil>,<nil>,102,<nil>
3677835085,<nil>,<nil>,<nil>,<nil>,<nil>,<nil>,<nil>,<nil>,735,<nil>
2858766169,<nil>,<nil>,<nil>,<nil>,<nil>,<nil>,<nil>,<nil>,571,<nil>
2220838733,<nil>,<nil>,<nil>,<nil>,<nil>,<nil>,<nil>,<nil>,444,<nil>
1464600592,<nil>,<nil>,<nil>,<nil>,<nil>,<nil>,<nil>,<nil>,292,<nil>
3369684852,<nil>,<nil>,<nil>,<nil>,<nil>,<nil>,<nil>,<nil>,673,<nil>
2026786649,<nil>,<nil>,<nil>,<nil>,<nil>,<nil>,<nil>,<nil>,405,<nil>
269635404,<nil>,<nil>,<nil>,<nil>,<nil>,<nil>,<nil>,<nil>,53,<nil>
10899300,<nil>,<nil>,<nil>,<nil>,<nil>,<nil>,<nil>,<nil>,2,<nil>
3372288016,<nil>,<nil>,<nil>,<nil>,<nil>,<nil>,<nil>,<nil>,674,<nil>
960581493,<nil>,<nil>,<nil>,<nil>,<nil>,<nil>,<nil>,<nil>,192,<nil>
3770157072,<nil>,<nil>,<nil>,<nil>,<nil>,<nil>,<nil>,<nil>,754,<nil>
3390263116,<nil>,<nil>,<nil>,<nil>,<nil>,<nil>,<nil>,<nil>,678,<nil>
1703169893,<nil>,<nil>,<nil>,<nil>,<nil>,<nil>,<nil>,<nil>,340,<nil>
4257304396,<nil>,<nil>,<nil>,<nil>,<nil>,<nil>,<nil>,<nil>,851,<nil>
3219279705,<nil>,<nil>,<nil>,<nil>,<nil>,<nil>,<nil>,<nil>,643,<nil>
1509707620,<nil>,<nil>,<nil>,<nil>,<nil>,<nil>,<nil>,<nil>,301,<nil>
213405516,<nil>,<nil>,<nil>,<nil>,<nil>,<nil>,<nil>,<nil>,42,<nil>
3892193130,<nil>,<nil>,<nil>,<nil>,<nil>,<nil>,<nil>,<nil>,778,<nil>
3761065828,<nil>,<nil>,<nil>,<nil>,<nil>,<nil>,<nil>,<nil>,752,<nil>
2056605529,<nil>,<nil>,<nil>,<nil>,<nil>,<nil>,<nil>,<nil>,411,<nil>
1576750937,<nil>,<nil>,<nil>,<nil>,<nil>,<nil>,<nil>,<nil>,315,<nil>
3722510381,<nil>,<nil>,<nil>,<nil>,<nil>,<nil>,<nil>,<nil>,744,<nil>
1297698677,<nil>,<nil>,<nil>,<nil>,<nil>,<nil>,<nil>,<nil>,259,<nil>
370888536,<nil>,<nil>,<nil>,<nil>,<nil>,<nil>,<nil>,<nil>,74,<nil>
2704279712,<nil>,<nil>,<nil>,<nil>,<nil>,<nil>,<nil>,<nil>,540,<nil>
3809627992,<nil>,<nil>,<nil>,<nil>,<nil>,<nil>,<nil>,<nil>,761,<nil>
1575964493,<nil>,<nil>,<nil>,<nil>,<nil>,<nil>,<nil>,<nil>,315,<nil>
898500649,<nil>,<nil>,<nil>,<nil>,<nil>,<nil>,<nil>,<nil>,179,<nil>
125259608,<nil>,<nil>,<nil>,<nil>,<nil>,<nil>,<nil>,<nil>,25,<nil>
2601406284,<nil>,<nil>,<nil>,<nil>,<nil>,<nil>,<nil>,<nil>,520,<nil>
1695764341,<nil>,<nil>,<nil>,<nil>,<nil>,<nil>,<nil>,<nil>,339,<nil>
2147962724,<nil>,<nil>,<nil>,<nil>,<nil>,<nil>,<nil>,<nil>,429,<nil>
1288195916,<nil>,<nil>,<nil>,<nil>,<nil>,<nil>,<nil>,<nil>,257,<nil>
3519369049,<nil>,<nil>,<nil>,<nil>,<nil>,<nil>,<nil>,<nil>,703,<nil>
1052182528,<nil>,<nil>,<nil>,<nil>,<nil>,<nil>,<nil>,<nil>,210,<nil>
4292431692,<nil>,<nil>,<nil>,<nil>,<nil>,<nil>,<nil>,<nil>,858,<nil>
2535589550,<nil>,<nil>,<nil>,<nil>,<nil>,<nil>,<nil>,<nil>,507,<nil>
623136588,<nil>,<nil>,<nil>,<nil>,<nil>,<nil>,<nil>,<nil>,124,<nil>
3724693325,<nil>,<nil>,<nil>,<nil>,<nil>,<nil>,<nil>,<nil>,744,<nil>
3419492185,<nil>,<nil>,<nil>,<nil>,<nil>,<nil>,<nil>,<nil>,683,<nil>
1725386572,<nil>,<nil>,<nil>,<nil>,<nil>,<nil>,<nil>,<nil>,345,<nil>
1329352549,<nil>,<nil>,<nil>,<nil>,<nil>,<nil>,<nil>,<nil>,265,<nil>
2062485168,<nil>,<nil>,<nil>,<nil>,<nil>,<nil>,<nil>,<nil>,412,<nil>
298930008,<nil>,<nil>,<nil>,<nil>,<nil>,<nil>,<nil>,<nil>,59,<nil>
3383840589,<nil>,<nil>,<nil>,<nil>,<nil>,<nil>,<nil>,<nil>,676,<nil>
2249805656,<nil>,<nil>,<nil>,<nil>,<nil>,<nil>,<nil>,<nil>,449,<nil>
4282732364,<nil>,<nil>,<nil>,<nil>,<nil>,<nil>,<nil>,<nil>,856,<nil>
923815756,<nil>,<nil>,<nil>,<nil>,<nil>,<nil>,<nil>,<nil>,184,<nil>
2972012364,<nil>,<nil>,<nil>,<nil>,<nil>,<nil>,<nil>,<nil>,594,<nil>
2504478552,<nil>,<nil>,<nil>,<nil>,<nil>,<nil>,<nil>,<nil>,500,<nil>
4197666648,<nil>,<nil>,<nil>,<nil>,<nil>,<nil>,<nil>,<nil>,839,<nil>
2397917005,<nil>,<nil>,<nil>,<nil>,<nil>,<nil>,<nil>,<nil>,479,<nil>
1860699812,<nil>,<nil>,<nil>,<nil>,<nil>,<nil>,<nil>,<nil>,372,<nil>
3189133145,<nil>,<nil>,<nil>,<nil>,<nil>,<nil>,<nil>,<nil>,637,<nil>
1515540301,<nil>,<nil>,<nil>,<nil>,<nil>,<nil>,<nil>,<nil>,303,<nil>
420630348,<nil>,<nil>,<nil>,<nil>,<nil>,<nil>,<nil>,<nil>,84,<nil>
4263399269,<nil>,<nil>,<nil>,<nil>,<nil>,<nil>,<nil>,<nil>,852,<nil>
2388217688,<nil>,<nil>,<nil>,<nil>,<nil>,<nil>,<nil>,<nil>,477,<nil>
1484214105,<nil>,<nil>,<nil>,<nil>,<nil>,<nil>,<nil>,<nil>,296,<nil>
4092790784,<nil>,<nil>,<nil>,<nil>,<nil>,<nil>,<nil>,<nil>,818,<nil>
1382960973,<nil>,<nil>,<nil>,<nil>,<nil>,<nil>,<nil>,<nil>,276,<nil>
299454296,<nil>,<nil>,<nil>,<nil>,<nil>,<nil>,<nil>,<nil>,59,<nil>
3107671897,<nil>,<nil>,<nil>,<nil>,<nil>,<nil>,<nil>,<nil>,621,<nil>
251088717,<nil>,<nil>,<nil>,<nil>,<nil>,<nil>,<nil>,<nil>,50,<nil>
3310899032,<nil>,<nil>,<nil>,<nil>,<nil>,<nil>,<nil>,<nil>,662,<nil>
2381664076,<nil>,<nil>,<nil>,<nil>,<nil>,<nil>,<nil>,<nil>,476,<nil>
3078377305,<nil>,<nil>,<nil>,<nil>,<nil>,<nil>,<nil>,<nil>,615,<nil>
1458851684,<nil>,<nil>,<nil>,<nil>,<nil>,<nil>,<nil>,<nil>,291,<nil>
4276160175,<nil>,<nil>,<nil>,<nil>,<nil>,<nil>,<nil>,<nil>,855,<nil>
901926745,<nil>,<nil>,<nil>,<nil>,<nil>,<nil>,<nil>,<nil>,180,<nil>
4198967146,<nil>,<nil>,<nil>,<nil>,<nil>,<nil>,<nil>,<nil>,839,<nil>
2444250968,<nil>,<nil>,<nil>,<nil>,<nil>,<nil>,<nil>,<nil>,488,<nil>
938692429,<nil>,<nil>,<nil>,<nil>,<nil>,<nil>,<nil>,<nil>,187,<nil>
2531151717,<nil>,<nil>,<nil>,<nil>,<nil>,<nil>,<nil>,<nil>,506,<nil>
1561677657,<nil>,<nil>,<nil>,<nil>,<nil>,<nil>,<nil>,<nil>,312,<nil>
4038479693,<nil>,<nil>,<nil>,<nil>,<nil>,<nil>,<nil>,<nil>,807,<nil>
2022657868,<nil>,<nil>,<nil>,<nil>,<nil>,<nil>,<nil>,<nil>,404,<nil>
250826585,<nil>,<nil>,<nil>,<nil>,<nil>,<nil>,<nil>,<nil>,50,<nil>
3835955240,<nil>,<nil>,<nil>,<nil>,<nil>,<nil>,<nil>,<nil>,767,<nil>
1939754841,<nil>,<nil>,<nil>,<nil>,<nil>,<nil>,<nil>,<nil>,387,<nil>
1341967840,<nil>,<nil>,<nil>,<nil>,<nil>,<nil>,<nil>,<nil>,268,<nil>
3969961438,<nil>,<nil>,<nil>,<nil>,<nil>,<nil>,<nil>,<nil>,793,<nil>
2092060992,<nil>,<nil>,<nil>,<nil>,<nil>,<nil>,<nil>,<nil>,418,<nil>
4154806092,<nil>,<nil>,<nil>,<nil>,<nil>,<nil>,<nil>,<nil>,830,<nil>
2570604389,<nil>,<nil>,<nil>,<nil>,<nil>,<nil>,<nil>,<nil>,514,<nil>
1756432400,<nil>,<nil>,<nil>,<nil>,<nil>,<nil>,<nil>,<nil>,351,<nil>
4125118296,<nil>,<nil>,<nil>,<nil>,<nil>,<nil>,<nil>,<nil>,825,<nil>
2189971289,<nil>,<nil>,<nil>,<nil>,<nil>,<nil>,<nil>,<nil>,437,<nil>
417812330,<nil>,<nil>,<nil>,<nil>,<nil>,<nil>,<nil>,<nil>,83,<nil>
2297843557,<nil>,<nil>,<nil>,<nil>,<nil>,<nil>,<nil>,<nil>,459,<nil>
578637645,<nil>,<nil>,<nil>,<nil>,<nil>,<nil>,<nil>,<nil>,115,<nil>
252530521,<nil>,<nil>,<nil>,<nil>,<nil>,<nil>,<nil>,<nil>,50,<nil>
3472379775,<nil>,<nil>,<nil>,<nil>,<nil>,<nil>,<nil>,<nil>,694,<nil>
1294421837,<nil>,<nil>,<nil>,<nil>,<nil>,<nil>,<nil>,<nil>,258,<nil>
1389645656,<nil>,<nil>,<nil>,<nil>,<nil>,<nil>,<nil>,<nil>,277,<nil>
419123020,<nil>,<nil>,<nil>,<nil>,<nil>,<nil>,<nil>,<nil>,83,<nil>
3964358477,<nil>,<nil>,<nil>,<nil>,<nil>,<nil>,<nil>,<nil>,792,<nil>
4208742233,<nil>,<nil>,<nil>,<nil>,<nil>,<nil>,<nil>,<nil>,841,<nil>
2326089599,<nil>,<nil>,<nil>,<nil>,<nil>,<nil>,<nil>,<nil>,465,<nil>
1763462989,<nil>,<nil>,<nil>,<nil>,<nil>,<nil>,<nil>,<nil>,352,<nil>
138301310,<nil>,<nil>,<nil>,<nil>,<nil>,<nil>,<nil>,<nil>,27,<nil>
2536197964,<nil>,<nil>,<nil>,<nil>,<nil>,<nil>,<nil>,<nil>,507,<nil>
605048653,<nil>,<nil>,<nil>,<nil>,<nil>,<nil>,<nil>,<nil>,121,<nil>
113987416,<nil>,<nil>,<nil>,<nil>,<nil>,<nil>,<nil>,<nil>,22,<nil>
751718221,<nil>,<nil>,<nil>,<nil>,<nil>,<nil>,<nil>,<nil>,150,<nil>
2513129305,<nil>,<nil>,<nil>,<nil>,<nil>,<nil>,<nil>,<nil>,502,<nil>
2882621260,<nil>,<nil>,<nil>,<nil>,<nil>,<nil>,<nil>,<nil>,576,<nil>
2714306768,<nil>,<nil>,<nil>,<nil>,<nil>,<nil>,<nil>,<nil>,542,<nil>
1159923728,<nil>,<nil>,<nil>,<nil>,<nil>,<nil>,<nil>,<nil>,231,<nil>
3606073176,<nil>,<nil>,<nil>,<nil>,<nil>,<nil>,<nil>,<nil>,721,<nil>
2558087001,<nil>,<nil>,<nil>,<nil>,<nil>,<nil>,<nil>,<nil>,511,<nil>
3669118837,<nil>,<nil>,<nil>,<nil>,<nil>,<nil>,<nil>,<nil>,733,<nil>
1723551565,<nil>,<nil>,<nil>,<nil>,<nil>,<nil>,<nil>,<nil>,344,<nil>
663441241,<nil>,<nil>,<nil>,<nil>,<nil>,<nil>,<nil>,<nil>,132,<nil>
2986954585,<nil>,<nil>,<nil>,<nil>,<nil>,<nil>,<nil>,<nil>,597,<nil>
1742688088,<nil>,<nil>,<nil>,<nil>,<nil>,<nil>,<nil>,<nil>,348,<nil>
256135001,<nil>,<nil>,<nil>,<nil>,<nil>,<nil>,<nil>,<nil>,51,<nil>
1337806680,<nil>,<nil>,<nil>,<nil>,<nil>,<nil>,<nil>,<nil>,267,<nil>
3530444632,<nil>,<nil>,<nil>,<nil>,<nil>,<nil>,<nil>,<nil>,706,<nil>
2596556620,<nil>,<nil>,<nil>,<nil>,<nil>,<nil>,<nil>,<nil>,519,<nil>
905203533,<nil>,<nil>,<nil>,<nil>,<nil>,<nil>,<nil>,<nil>,181,<nil>
3548204889,<nil>,<nil>,<nil>,<nil>,<nil>,<nil>,<nil>,<nil>,709,<nil>
2291093534,<nil>,<nil>,<nil>,<nil>,<nil>,<nil>,<nil>,<nil>,458,<nil>
85413721,<nil>,<nil>,<nil>,<nil>,<nil>,<nil>,<nil>,<nil>,17,<nil>
3661123405,<nil>,<nil>,<nil>,<nil>,<nil>,<nil>,<nil>,<nil>,732,<nil>
1694388056,<nil>,<nil>,<nil>,<nil>,<nil>,<nil>,<nil>,<nil>,338,<nil>
182996824,<nil>,<nil>,<nil>,<nil>,<nil>,<nil>,<nil>,<nil>,36,<nil>
266948429,<nil>,<nil>,<nil>,<nil>,<nil>,<nil>,<nil>,<nil>,53,<nil>
3763359564,<nil>,<nil>,<nil>,<nil>,<nil>,<nil>,<nil>,<nil>,752,<nil>
2407616344,<nil>,<nil>,<nil>,<nil>,<nil>,<nil>,<nil>,<nil>,481,<nil>
4215426904,<nil>,<nil>,<nil>,<nil>,<nil>,<nil>,<nil>,<nil>,843,<nil>
2405060440,<nil>,<nil>,<nil>,<nil>,<nil>,<nil>,<nil>,<nil>,481,<nil>
2223329112,<nil>,<nil>,<nil>,<nil>,<nil>,<nil>,<nil>,<nil>,444,<nil>
1214467916,<nil>,<nil>,<nil>,<nil>,<nil>,<nil>,<nil>,<nil>,242,<nil>
924471117,<nil>,<nil>,<nil>,<nil>,<nil>,<nil>,<nil>,<nil>,184,<nil>
176901964,<nil>,<nil>,<nil>,<nil>,<nil>,<nil>,<nil>,<nil>,35,<nil>
3791784072,<nil>,<nil>,<nil>,<nil>,<nil>,<nil>,<nil>,<nil>,758,<nil>
640372568,<nil>,<nil>,<nil>,<nil>,<nil>,<nil>,<nil>,<nil>,128,<nil>
3594669913,<nil>,<nil>,<nil>,<nil>,<nil>,<nil>,<nil>,<nil>,718,<nil>
2493515438,<nil>,<nil>,<nil>,<nil>,<nil>,<nil>,<nil>,<nil>,498,<nil>
1581862744,<nil>,<nil>,<nil>,<nil>,<nil>,<nil>,<nil>,<nil>,316,<nil>
1089294156,<nil>,<nil>,<nil>,<nil>,<nil>,<nil>,<nil>,<nil>,217,<nil>
4172697610,<nil>,<nil>,<nil>,<nil>,<nil>,<nil>,<nil>,<nil>,834,<nil>
1737314125,<nil>,<nil>,<nil>,<nil>,<nil>,<nil>,<nil>,<nil>,347,<nil>
974606169,<nil>,<nil>,<nil>,<nil>,<nil>,<nil>,<nil>,<nil>,194,<nil>
3765129060,<nil>,<nil>,<nil>,<nil>,<nil>,<nil>,<nil>,<nil>,753,<nil>
1912754009,<nil>,<nil>,<nil>,<nil>,<nil>,<nil>,<nil>,<nil>,382,<nil>
1996640088,<nil>,<nil>,<nil>,<nil>,<nil>,<nil>,<nil>,<nil>,399,<nil>
1219758299,<nil>,<nil>,<nil>,<nil>,<nil>,<nil>,<nil>,<nil>,243,<nil>
3258470220,<nil>,<nil>,<nil>,<nil>,<nil>,<nil>,<nil>,<nil>,651,<nil>
2516995929,<nil>,<nil>,<nil>,<nil>,<nil>,<nil>,<nil>,<nil>,503,<nil>
3312865100,<nil>,<nil>,<nil>,<nil>,<nil>,<nil>,<nil>,<nil>,662,<nil>
1210797900,<nil>,<nil>,<nil>,<nil>,<nil>,<nil>,<nil>,<nil>,242,<nil>
141381452,<nil>,<nil>,<nil>,<nil>,<nil>,<nil>,<nil>,<nil>,28,<nil>
1314082649,<nil>,<nil>,<nil>,<nil>,<nil>,<nil>,<nil>,<nil>,262,<nil>
4007022462,<nil>,<nil>,<nil>,<nil>,<nil>,<nil>,<nil>,<nil>,801,<nil>
1852067673,<nil>,<nil>,<nil>,<nil>,<nil>,<nil>,<nil>,<nil>,370,<nil>
1336037196,<nil>,<nil>,<nil>,<nil>,<nil>,<nil>,<nil>,<nil>,267,<nil>
400969549,<nil>,<nil>,<nil>,<nil>,<nil>,<nil>,<nil>,<nil>,80,<nil>
3686879077,<nil>,<nil>,<nil>,<nil>,<nil>,<nil>,<nil>,<nil>,737,<nil>
2394443608,<nil>,<nil>,<nil>,<nil>,<nil>,<nil>,<nil>,<nil>,478,<nil>
11947853,<nil>,<nil>,<nil>,<nil>,<nil>,<nil>,<nil>,<nil>,2,<nil>
3508948812,<nil>,<nil>,<nil>,<nil>,<nil>,<nil>,<nil>,<nil>,701,<nil>
999444313,<nil>,<nil>,<nil>,<nil>,<nil>,<nil>,<nil>,<nil>,199,<nil>
4054339416,<nil>,<nil>,<nil>,<nil>,<nil>,<nil>,<nil>,<nil>,810,<nil>
3113439064,<nil>,<nil>,<nil>,<nil>,<nil>,<nil>,<nil>,<nil>,622,<nil>
1873104728,<nil>,<nil>,<nil>,<nil>,<nil>,<nil>,<nil>,<nil>,374,<nil>
212553560,<nil>,<nil>,<nil>,<nil>,<nil>,<nil>,<nil>,<nil>,42,<nil>
1610352849,<nil>,<nil>,<nil>,<nil>,<nil>,<nil>,<nil>,<nil>,322,<nil>
876040012,<nil>,<nil>,<nil>,<nil>,<nil>,<nil>,<nil>,<nil>,175,<nil>
374165336,<nil>,<nil>,<nil>,<nil>,<nil>,<nil>,<nil>,<nil>,74,<nil>
2738311001,<nil>,<nil>,<nil>,<nil>,<nil>,<nil>,<nil>,<nil>,547,<nil>
2744602469,<nil>,<nil>,<nil>,<nil>,<nil>,<nil>,<nil>,<nil>,548,<nil>
3754970957,<nil>,<nil>,<nil>,<nil>,<nil>,<nil>,<nil>,<nil>,750,<nil>
2672512856,<nil>,<nil>,<nil>,<nil>,<nil>,<nil>,<nil>,<nil>,534,<nil>
3746713420,<nil>,<nil>,<nil>,<nil>,<nil>,<nil>,<nil>,<nil>,749,<nil>
2761838436,<nil>,<nil>,<nil>,<nil>,<nil>,<nil>,<nil>,<nil>,552,<nil>
3830533976,<nil>,<nil>,<nil>,<nil>,<nil>,<nil>,<nil>,<nil>,766,<nil>
2189512537,<nil>,<nil>,<nil>,<nil>,<nil>,<nil>,<nil>,<nil>,437,<nil>
1707542528,<nil>,<nil>,<nil>,<nil>,<nil>,<nil>,<nil>,<nil>,341,<nil>
2463959249,<nil>,<nil>,<nil>,<nil>,<nil>,<nil>,<nil>,<nil>,492,<nil>
701255500,<nil>,<nil>,<nil>,<nil>,<nil>,<nil>,<nil>,<nil>,140,<nil>
4072689484,<nil>,<nil>,<nil>,<nil>,<nil>,<nil>,<nil>,<nil>,814,<nil>
2534672520,<nil>,<nil>,<nil>,<nil>,<nil>,<nil>,<nil>,<nil>,506,<nil>
609177420,<nil>,<nil>,<nil>,<nil>,<nil>,<nil>,<nil>,<nil>,121,<nil>
3548794712,<nil>,<nil>,<nil>,<nil>,<nil>,<nil>,<nil>,<nil>,709,<nil>
2037862232,<nil>,<nil>,<nil>,<nil>,<nil>,<nil>,<nil>,<nil>,407,<nil>
1897942885,<nil>,<nil>,<nil>,<nil>,<nil>,<nil>,<nil>,<nil>,379,<nil>
911626072,<nil>,<nil>,<nil>,<nil>,<nil>,<nil>,<nil>,<nil>,182,<nil>
2926708736,<nil>,<nil>,<nil>,<nil>,<nil>,<nil>,<nil>,<nil>,585,<nil>
682053453,<nil>,<nil>,<nil>,<nil>,<nil>,<nil>,<nil>,<nil>,136,<nil>
619794252,<nil>,<nil>,<nil>,<nil>,<nil>,<nil>,<nil>,<nil>,123,<nil>
4218507085,<nil>,<nil>,<nil>,<nil>,<nil>,<nil>,<nil>,<nil>,843,<nil>
3083469801,<nil>,<nil>,<nil>,<nil>,<nil>,<nil>,<nil>,<nil>,616,<nil>
1182945112,<nil>,<nil>,<nil>,<nil>,<nil>,<nil>,<nil>,<nil>,236,<nil>
4066922317,<nil>,<nil>,<nil>,<nil>,<nil>,<nil>,<nil>,<nil>,813,<nil>
2599880704,<nil>,<nil>,<nil>,<nil>,<nil>,<nil>,<nil>,<nil>,519,<nil>
1180389208,<nil>,<nil>,<nil>,<nil>,<nil>,<nil>,<nil>,<nil>,236,<nil>
3803926349,<nil>,<nil>,<nil>,<nil>,<nil>,<nil>,<nil>,<nil>,760,<nil>
1718570841,<nil>,<nil>,<nil>,<nil>,<nil>,<nil>,<nil>,<nil>,343,<nil>
1627082572,<nil>,<nil>,<nil>,<nil>,<nil>,<nil>,<nil>,<nil>,325,<nil>
1378766692,<nil>,<nil>,<nil>,<nil>,<nil>,<nil>,<nil>,<nil>,275,<nil>
1517946542,<nil>,<nil>,<nil>,<nil>,<nil>,<nil>,<nil>,<nil>,303,<nil>
849366860,<nil>,<nil>,<nil>,<nil>,<nil>,<nil>,<nil>,<nil>,169,<nil>
3883224920,<nil>,<nil>,<nil>,<nil>,<nil>,<nil>,<nil>,<nil>,776,<nil>
2377207629,<nil>,<nil>,<nil>,<nil>,<nil>,<nil>,<nil>,<nil>,475,<nil>
440946521,<nil>,<nil>,<nil>,<nil>,<nil>,<nil>,<nil>,<nil>,88,<nil>
2474004301,<nil>,<nil>,<nil>,<nil>,<nil>,<nil>,<nil>,<nil>,494,<nil>
3124776792,<nil>,<nil>,<nil>,<nil>,<nil>,<nil>,<nil>,<nil>,624,<nil>
1158631244,<nil>,<nil>,<nil>,<nil>,<nil>,<nil>,<nil>,<nil>,231,<nil>
901009253,<nil>,<nil>,<nil>,<nil>,<nil>,<nil>,<nil>,<nil>,180,<nil>
881217368,<nil>,<nil>,<nil>,<nil>,<nil>,<nil>,<nil>,<nil>,176,<nil>
97734476,<nil>,<nil>,<nil>,<nil>,<nil>,<nil>,<nil>,<nil>,19,<nil>
2746830680,<nil>,<nil>,<nil>,<nil>,<nil>,<nil>,<nil>,<nil>,549,<nil>
853561189,<nil>,<nil>,<nil>,<nil>,<nil>,<nil>,<nil>,<nil>,170,<nil>
172576589,<nil>,<nil>,<nil>,<nil>,<nil>,<nil>,<nil>,<nil>,34,<nil>
3060664456,<nil>,<nil>,<nil>,<nil>,<nil>,<nil>,<nil>,<nil>,612,<nil>
914098216,<nil>,<nil>,<nil>,<nil>,<nil>,<nil>,<nil>,<nil>,182,<nil>
135071408,<nil>,<nil>,<nil>,<nil>,<nil>,<nil>,<nil>,<nil>,27,<nil>
2315931481,<nil>,<nil>,<nil>,<nil>,<nil>,<nil>,<nil>,<nil>,463,<nil>
219893593,<nil>,<nil>,<nil>,<nil>,<nil>,<nil>,<nil>,<nil>,43,<nil>
3444658009,<nil>,<nil>,<nil>,<nil>,<nil>,<nil>,<nil>,<nil>,688,<nil>
845238093,<nil>,<nil>,<nil>,<nil>,<nil>,<nil>,<nil>,<nil>,169,<nil>
4209987416,<nil>,<nil>,<nil>,<nil>,<nil>,<nil>,<nil>,<nil>,841,<nil>
909725528,<nil>,<nil>,<nil>,<nil>,<nil>,<nil>,<nil>,<nil>,181,<nil>
2959757145,<nil>,<nil>,<nil>,<nil>,<nil>,<nil>,<nil>,<nil>,591,<nil>
2294435660,<nil>,<nil>,<nil>,<nil>,<nil>,<nil>,<nil>,<nil>,458,<nil>
230051673,<nil>,<nil>,<nil>,<nil>,<nil>,<nil>,<nil>,<nil>,46,<nil>
3007074137,<nil>,<nil>,<nil>,<nil>,<nil>,<nil>,<nil>,<nil>,601,<nil>
1129646289,<nil>,<nil>,<nil>,<nil>,<nil>,<nil>,<nil>,<nil>,225,<nil>
3240382285,<nil>,<nil>,<nil>,<nil>,<nil>,<nil>,<nil>,<nil>,648,<nil>
2143440716,<nil>,<nil>,<nil>,<nil>,<nil>,<nil>,<nil>,<nil>,428,<nil>
55005016,<nil>,<nil>,<nil>,<nil>,<nil>,<nil>,<nil>,<nil>,11,<nil>
2608287588,<nil>,<nil>,<nil>,<nil>,<nil>,<nil>,<nil>,<nil>,521,<nil>
2936754021,<nil>,<nil>,<nil>,<nil>,<nil>,<nil>,<nil>,<nil>,587,<nil>
2245545816,<nil>,<nil>,<nil>,<nil>,<nil>,<nil>,<nil>,<nil>,449,<nil>
3424538444,<nil>,<nil>,<nil>,<nil>,<nil>,<nil>,<nil>,<nil>,684,<nil>
3108720473,<nil>,<nil>,<nil>,<nil>,<nil>,<nil>,<nil>,<nil>,621,<nil>
1644842852,<nil>,<nil>,<nil>,<nil>,<nil>,<nil>,<nil>,<nil>,328,<nil>
1077235532,<nil>,<nil>,<nil>,<nil>,<nil>,<nil>,<nil>,<nil>,215,<nil>
2990886744,<nil>,<nil>,<nil>,<nil>,<nil>,<nil>,<nil>,<nil>,598,<nil>
110055256,<nil>,<nil>,<nil>,<nil>,<nil>,<nil>,<nil>,<nil>,22,<nil>
2526367594,<nil>,<nil>,<nil>,<nil>,<nil>,<nil>,<nil>,<nil>,505,<nil>
897779848,<nil>,<nil>,<nil>,<nil>,<nil>,<nil>,<nil>,<nil>,179,<nil>
3721023320,<nil>,<nil>,<nil>,<nil>,<nil>,<nil>,<nil>,<nil>,744,<nil>
1771720536,<nil>,<nil>,<nil>,<nil>,<nil>,<nil>,<nil>,<nil>,354,<nil>
3545648985,<nil>,<nil>,<nil>,<nil>,<nil>,<nil>,<nil>,<nil>,709,<nil>
2958708580,<nil>,<nil>,<nil>,<nil>,<nil>,<nil>,<nil>,<nil>,591,<nil>
762662732,<nil>,<nil>,<nil>,<nil>,<nil>,<nil>,<nil>,<nil>,152,<nil>
2843496281,<nil>,<nil>,<nil>,<nil>,<nil>,<nil>,<nil>,<nil>,568,<nil>
2062700377,<nil>,<nil>,<nil>,<nil>,<nil>,<nil>,<nil>,<nil>,412,<nil>
3643756389,<nil>,<nil>,<nil>,<nil>,<nil>,<nil>,<nil>,<nil>,728,<nil>
2342014796,<nil>,<nil>,<nil>,<nil>,<nil>,<nil>,<nil>,<nil>,468,<nil>
697061208,<nil>,<nil>,<nil>,<nil>,<nil>,<nil>,<nil>,<nil>,139,<nil>
2119913292,<nil>,<nil>,<nil>,<nil>,<nil>,<nil>,<nil>,<nil>,423,<nil>
331501389,<nil>,<nil>,<nil>,<nil>,<nil>,<nil>,<nil>,<nil>,66,<nil>
3567079257,<nil>,<nil>,<nil>,<nil>,<nil>,<nil>,<nil>,<nil>,713,<nil>
1882935117,<nil>,<nil>,<nil>,<nil>,<nil>,<nil>,<nil>,<nil>,376,<nil>
382422873,<nil>,<nil>,<nil>,<nil>,<nil>,<nil>,<nil>,<nil>,76,<nil>
3425783628,<nil>,<nil>,<nil>,<nil>,<nil>,<nil>,<nil>,<nil>,685,<nil>
726028121,<nil>,<nil>,<nil>,<nil>,<nil>,<nil>,<nil>,<nil>,145,<nil>
1665814348,<nil>,<nil>,<nil>,<nil>,<nil>,<nil>,<nil>,<nil>,333,<nil>
3591917389,<nil>,<nil>,<nil>,<nil>,<nil>,<nil>,<nil>,<nil>,718,<nil>
2830454617,<nil>,<nil>,<nil>,<nil>,<nil>,<nil>,<nil>,<nil>,566,<nil>
3436269388,<nil>,<nil>,<nil>,<nil>,<nil>,<nil>,<nil>,<nil>,687,<nil>
1659522905,<nil>,<nil>,<nil>,<nil>,<nil>,<nil>,<nil>,<nil>,331,<nil>
1119684260,<nil>,<nil>,<nil>,<nil>,<nil>,<nil>,<nil>,<nil>,223,<nil>
1493127000,<nil>,<nil>,<nil>,<nil>,<nil>,<nil>,<nil>,<nil>,298,<nil>
3697233741,<nil>,<nil>,<nil>,<nil>,<nil>,<nil>,<nil>,<nil>,739,<nil>
3075559257,<nil>,<nil>,<nil>,<nil>,<nil>,<nil>,<nil>,<nil>,615,<nil>
2376683340,<nil>,<nil>,<nil>,<nil>,<nil>,<nil>,<nil>,<nil>,475,<nil>
1310281549,<nil>,<nil>,<nil>,<nil>,<nil>,<nil>,<nil>,<nil>,262,<nil>
4219621196,<nil>,<nil>,<nil>,<nil>,<nil>,<nil>,<nil>,<nil>,843,<nil>
2744078169,<nil>,<nil>,<nil>,<nil>,<nil>,<nil>,<nil>,<nil>,548,<nil>
3727380301,<nil>,<nil>,<nil>,<nil>,<nil>,<nil>,<nil>,<nil>,745,<nil>
2211663693,<nil>,<nil>,<nil>,<nil>,<nil>,<nil>,<nil>,<nil>,442,<nil>
1157123929,<nil>,<nil>,<nil>,<nil>,<nil>,<nil>,<nil>,<nil>,231,<nil>
3434303333,<nil>,<nil>,<nil>,<nil>,<nil>,<nil>,<nil>,<nil>,686,<nil>
1838436172,<nil>,<nil>,<nil>,<nil>,<nil>,<nil>,<nil>,<nil>,367,<nil>
4210511705,<nil>,<nil>,<nil>,<nil>,<nil>,<nil>,<nil>,<nil>,842,<nil>
2112769881,<nil>,<nil>,<nil>,<nil>,<nil>,<nil>,<nil>,<nil>,422,<nil>
1461604184,<nil>,<nil>,<nil>,<nil>,<nil>,<nil>,<nil>,<nil>,292,<nil>
772689752,<nil>,<nil>,<nil>,<nil>,<nil>,<nil>,<nil>,<nil>,154,<nil>
3695988557,<nil>,<nil>,<nil>,<nil>,<nil>,<nil>,<nil>,<nil>,739,<nil>
3375583065,<nil>,<nil>,<nil>,<nil>,<nil>,<nil>,<nil>,<nil>,675,<nil>
180965208,<nil>,<nil>,<nil>,<nil>,<nil>,<nil>,<nil>,<nil>,36,<nil>
2690338649,<nil>,<nil>,<nil>,<nil>,<nil>,<nil>,<nil>,<nil>,538,<nil>
871124813,<nil>,<nil>,<nil>,<nil>,<nil>,<nil>,<nil>,<nil>,174,<nil>
255741785,<nil>,<nil>,<nil>,<nil>,<nil>,<nil>,<nil>,<nil>,51,<nil>
890064740,<nil>,<nil>,<nil>,<nil>,<nil>,<nil>,<nil>,<nil>,178,<nil>
3309064024,<nil>,<nil>,<nil>,<nil>,<nil>,<nil>,<nil>,<nil>,661,<nil>
2015514468,<nil>,<nil>,<nil>,<nil>,<nil>,<nil>,<nil>,<nil>,403,<nil>
660164428,<nil>,<nil>,<nil>,<nil>,<nil>,<nil>,<nil>,<nil>,132,<nil>
2876395341,<nil>,<nil>,<nil>,<nil>,<nil>,<nil>,<nil>,<nil>,575,<nil>
2520665932,<nil>,<nil>,<nil>,<nil>,<nil>,<nil>,<nil>,<nil>,504,<nil>
1107152352,<nil>,<nil>,<nil>,<nil>,<nil>,<nil>,<nil>,<nil>,221,<nil>
3435745700,<nil>,<nil>,<nil>,<nil>,<nil>,<nil>,<nil>,<nil>,687,<nil>
2407747404,<nil>,<nil>,<nil>,<nil>,<nil>,<nil>,<nil>,<nil>,481,<nil>
1917734744,<nil>,<nil>,<nil>,<nil>,<nil>,<nil>,<nil>,<nil>,383,<nil>
4267986765,<nil>,<nil>,<nil>,<nil>,<nil>,<nil>,<nil>,<nil>,853,<nil>
2590658380,<nil>,<nil>,<nil>,<nil>,<nil>,<nil>,<nil>,<nil>,518,<nil>
1520783180,<nil>,<nil>,<nil>,<nil>,<nil>,<nil>,<nil>,<nil>,304,<nil>
3367128909,<nil>,<nil>,<nil>,<nil>,<nil>,<nil>,<nil>,<nil>,673,<nil>
3459927885,<nil>,<nil>,<nil>,<nil>,<nil>,<nil>,<nil>,<nil>,691,<nil>
1799442277,<nil>,<nil>,<nil>,<nil>,<nil>,<nil>,<nil>,<nil>,359,<nil>
353062732,<nil>,<nil>,<nil>,<nil>,<nil>,<nil>,<nil>,<nil>,70,<nil>
3434368844,<nil>,<nil>,<nil>,<nil>,<nil>,<nil>,<nil>,<nil>,686,<nil>
56512345,<nil>,<nil>,<nil>,<nil>,<nil>,<nil>,<nil>,<nil>,11,<nil>
4015607641,<nil>,<nil>,<nil>,<nil>,<nil>,<nil>,<nil>,<nil>,803,<nil>
2395492172,<nil>,<nil>,<nil>,<nil>,<nil>,<nil>,<nil>,<nil>,479,<nil>
454315864,<nil>,<nil>,<nil>,<nil>,<nil>,<nil>,<nil>,<nil>,90,<nil>
3919204223,<nil>,<nil>,<nil>,<nil>,<nil>,<nil>,<nil>,<nil>,783,<nil>
3428602276,<nil>,<nil>,<nil>,<nil>,<nil>,<nil>,<nil>,<nil>,685,<nil>
2406240088,<nil>,<nil>,<nil>,<nil>,<nil>,<nil>,<nil>,<nil>,481,<nil>
883117901,<nil>,<nil>,<nil>,<nil>,<nil>,<nil>,<nil>,<nil>,176,<nil>
3530182489,<nil>,<nil>,<nil>,<nil>,<nil>,<nil>,<nil>,<nil>,706,<nil>
576081752,<nil>,<nil>,<nil>,<nil>,<nil>,<nil>,<nil>,<nil>,115,<nil>
1844268888,<nil>,<nil>,<nil>,<nil>,<nil>,<nil>,<nil>,<nil>,368,<nil>
49106765,<nil>,<nil>,<nil>,<nil>,<nil>,<nil>,<nil>,<nil>,9,<nil>
3423883085,<nil>,<nil>,<nil>,<nil>,<nil>,<nil>,<nil>,<nil>,684,<nil>
3285002084,<nil>,<nil>,<nil>,<nil>,<nil>,<nil>,<nil>,<nil>,657,<nil>
1136611149,<nil>,<nil>,<nil>,<nil>,<nil>,<nil>,<nil>,<nil>,227,<nil>
927027020,<nil>,<nil>,<nil>,<nil>,<nil>,<nil>,<nil>,<nil>,185,<nil>
1143034276,<nil>,<nil>,<nil>,<nil>,<nil>,<nil>,<nil>,<nil>,228,<nil>
3095809880,<nil>,<nil>,<nil>,<nil>,<nil>,<nil>,<nil>,<nil>,619,<nil>
2752073548,<nil>,<nil>,<nil>,<nil>,<nil>,<nil>,<nil>,<nil>,550,<nil>
1974619993,<nil>,<nil>,<nil>,<nil>,<nil>,<nil>,<nil>,<nil>,394,<nil>
763496608,<nil>,<nil>,<nil>,<nil>,<nil>,<nil>,<nil>,<nil>,152,<nil>
4202367185,<nil>,<nil>,<nil>,<nil>,<nil>,<nil>,<nil>,<nil>,840,<nil>
2243448664,<nil>,<nil>,<nil>,<nil>,<nil>,<nil>,<nil>,<nil>,448,<nil>
457461593,<nil>,<nil>,<nil>,<nil>,<nil>,<nil>,<nil>,<nil>,91,<nil>
3797634892,<nil>,<nil>,<nil>,<nil>,<nil>,<nil>,<nil>,<nil>,759,<nil>
2555054080,<nil>,<nil>,<nil>,<nil>,<nil>,<nil>,<nil>,<nil>,511,<nil>
1897615180,<nil>,<nil>,<nil>,<nil>,<nil>,<nil>,<nil>,<nil>,379,<nil>
1281314648,<nil>,<nil>,<nil>,<nil>,<nil>,<nil>,<nil>,<nil>,256,<nil>
4061202095,<nil>,<nil>,<nil>,<nil>,<nil>,<nil>,<nil>,<nil>,812,<nil>
2416267085,<nil>,<nil>,<nil>,<nil>,<nil>,<nil>,<nil>,<nil>,483,<nil>
2781302605,<nil>,<nil>,<nil>,<nil>,<nil>,<nil>,<nil>,<nil>,556,<nil>
2587840344,<nil>,<nil>,<nil>,<nil>,<nil>,<nil>,<nil>,<nil>,517,<nil>
2473461896,<nil>,<nil>,<nil>,<nil>,<nil>,<nil>,<nil>,<nil>,494,<nil>
719408984,<nil>,<nil>,<nil>,<nil>,<nil>,<nil>,<nil>,<nil>,143,<nil>
3516092237,<nil>,<nil>,<nil>,<nil>,<nil>,<nil>,<nil>,<nil>,703,<nil>
20533068,<nil>,<nil>,<nil>,<nil>,<nil>,<nil>,<nil>,<nil>,4,<nil>
2828619597,<nil>,<nil>,<nil>,<nil>,<nil>,<nil>,<nil>,<nil>,565,<nil>
2390970200,<nil>,<nil>,<nil>,<nil>,<nil>,<nil>,<nil>,<nil>,478,<nil>
730550104,<nil>,<nil>,<nil>,<nil>,<nil>,<nil>,<nil>,<nil>,146,<nil>
824856396,<nil>,<nil>,<nil>,<nil>,<nil>,<nil>,<nil>,<nil>,164,<nil>
1999437853,<nil>,<nil>,<nil>,<nil>,<nil>,<nil>,<nil>,<nil>,399,<nil>
361647948,<nil>,<nil>,<nil>,<nil>,<nil>,<nil>,<nil>,<nil>,72,<nil>
2726776653,<nil>,<nil>,<nil>,<nil>,<nil>,<nil>,<nil>,<nil>,545,<nil>
1818447705,<nil>,<nil>,<nil>,<nil>,<nil>,<nil>,<nil>,<nil>,363,<nil>
1240747864,<nil>,<nil>,<nil>,<nil>,<nil>,<nil>,<nil>,<nil>,248,<nil>
3864809292,<nil>,<nil>,<nil>,<nil>,<nil>,<nil>,<nil>,<nil>,772,<nil>
2075414349,<nil>,<nil>,<nil>,<nil>,<nil>,<nil>,<nil>,<nil>,415,<nil>
1608208217,<nil>,<nil>,<nil>,<nil>,<nil>,<nil>,<nil>,<nil>,321,<nil>
3584905077,<nil>,<nil>,<nil>,<nil>,<nil>,<nil>,<nil>,<nil>,716,<nil>
1636323149,<nil>,<nil>,<nil>,<nil>,<nil>,<nil>,<nil>,<nil>,327,<nil>
861556557,<nil>,<nil>,<nil>,<nil>,<nil>,<nil>,<nil>,<nil>,172,<nil>
1218334553,<nil>,<nil>,<nil>,<nil>,<nil>,<nil>,<nil>,<nil>,243,<nil>
341167542,<nil>,<nil>,<nil>,<nil>,<nil>,<nil>,<nil>,<nil>,68,<nil>
2944421732,<nil>,<nil>,<nil>,<nil>,<nil>,<nil>,<nil>,<nil>,588,<nil>
1675448153,<nil>,<nil>,<nil>,<nil>,<nil>,<nil>,<nil>,<nil>,335,<nil>
353783628,<nil>,<nil>,<nil>,<nil>,<nil>,<nil>,<nil>,<nil>,70,<nil>
285672424,<nil>,<nil>,<nil>,<nil>,<nil>,<nil>,<nil>,<nil>,57,<nil>
1309626201,<nil>,<nil>,<nil>,<nil>,<nil>,<nil>,<nil>,<nil>,261,<nil>
3502919513,<nil>,<nil>,<nil>,<nil>,<nil>,<nil>,<nil>,<nil>,700,<nil>
3313061721,<nil>,<nil>,<nil>,<nil>,<nil>,<nil>,<nil>,<nil>,662,<nil>
3372830540,<nil>,<nil>,<nil>,<nil>,<nil>,<nil>,<nil>,<nil>,674,<nil>
1713721164,<nil>,<nil>,<nil>,<nil>,<nil>,<nil>,<nil>,<nil>,342,<nil>
519917389,<nil>,<nil>,<nil>,<nil>,<nil>,<nil>,<nil>,<nil>,103,<nil>
2209763148,<nil>,<nil>,<nil>,<nil>,<nil>,<nil>,<nil>,<nil>,441,<nil>
292179801,<nil>,<nil>,<nil>,<nil>,<nil>,<nil>,<nil>,<nil>,58,<nil>
3798552397,<nil>,<nil>,<nil>,<nil>,<nil>,<nil>,<nil>,<nil>,759,<nil>
2624016394,<nil>,<nil>,<nil>,<nil>,<nil>,<nil>,<nil>,<nil>,524,<nil>
597512024,<nil>,<nil>,<nil>,<nil>,<nil>,<nil>,<nil>,<nil>,119,<nil>
3992866649,<nil>,<nil>,<nil>,<nil>,<nil>,<nil>,<nil>,<nil>,798,<nil>
3755608064,<nil>,<nil>,<nil>,<nil>,<nil>,<nil>,<nil>,<nil>,751,<nil>
1473859455,<nil>,<nil>,<nil>,<nil>,<nil>,<nil>,<nil>,<nil>,294,<nil>
4208658432,<nil>,<nil>,<nil>,<nil>,<nil>,<nil>,<nil>,<nil>,841,<nil>
3323350885,<nil>,<nil>,<nil>,<nil>,<nil>,<nil>,<nil>,<nil>,664,<nil>
1261064013,<nil>,<nil>,<nil>,<nil>,<nil>,<nil>,<nil>,<nil>,252,<nil>
940789593,<nil>,<nil>,<nil>,<nil>,<nil>,<nil>,<nil>,<nil>,188,<nil>
3371847513,<nil>,<nil>,<nil>,<nil>,<nil>,<nil>,<nil>,<nil>,674,<nil>
2868924248,<nil>,<nil>,<nil>,<nil>,<nil>,<nil>,<nil>,<nil>,573,<nil>
3561770829,<nil>,<nil>,<nil>,<nil>,<nil>,<nil>,<nil>,<nil>,712,<nil>
3852994576,<nil>,<nil>,<nil>,<nil>,<nil>,<nil>,<nil>,<nil>,770,<nil>
4053487436,<nil>,<nil>,<nil>,<nil>,<nil>,<nil>,<nil>,<nil>,810,<nil>
2294173706,<nil>,<nil>,<nil>,<nil>,<nil>,<nil>,<nil>,<nil>,458,<nil>
291917644,<nil>,<nil>,<nil>,<nil>,<nil>,<nil>,<nil>,<nil>,58,<nil>
2179354457,<nil>,<nil>,<nil>,<nil>,<nil>,<nil>,<nil>,<nil>,435,<nil>
2266582872,<nil>,<nil>,<nil>,<nil>,<nil>,<nil>,<nil>,<nil>,453,<nil>
3219531625,<nil>,<nil>,<nil>,<nil>,<nil>,<nil>,<nil>,<nil>,643,<nil>
948260685,<nil>,<nil>,<nil>,<nil>,<nil>,<nil>,<nil>,<nil>,189,<nil>
4128245808,<nil>,<nil>,<nil>,<nil>,<nil>,<nil>,<nil>,<nil>,825,<nil>
2355449688,<nil>,<nil>,<nil>,<nil>,<nil>,<nil>,<nil>,<nil>,471,<nil>
555306829,<nil>,<nil>,<nil>,<nil>,<nil>,<nil>,<nil>,<nil>,111,<nil>
4216606552,<nil>,<nil>,<nil>,<nil>,<nil>,<nil>,<nil>,<nil>,843,<nil>
3927789400,<nil>,<nil>,<nil>,<nil>,<nil>,<nil>,<nil>,<nil>,785,<nil>
2140491609,<nil>,<nil>,<nil>,<nil>,<nil>,<nil>,<nil>,<nil>,428,<nil>
622808909,<nil>,<nil>,<nil>,<nil>,<nil>,<nil>,<nil>,<nil>,124,<nil>
3686158168,<nil>,<nil>,<nil>,<nil>,<nil>,<nil>,<nil>,<nil>,737,<nil>
92163929,<nil>,<nil>,<nil>,<nil>,<nil>,<nil>,<nil>,<nil>,18,<nil>
2562543448,<nil>,<nil>,<nil>,<nil>,<nil>,<nil>,<nil>,<nil>,512,<nil>
1811566425,<nil>,<nil>,<nil>,<nil>,<nil>,<nil>,<nil>,<nil>,362,<nil>
428166988,<nil>,<nil>,<nil>,<nil>,<nil>,<nil>,<nil>,<nil>,85,<nil>
2791526221,<nil>,<nil>,<nil>,<nil>,<nil>,<nil>,<nil>,<nil>,558,<nil>
4165226329,<nil>,<nil>,<nil>,<nil>,<nil>,<nil>,<nil>,<nil>,833,<nil>
4111617869,<nil>,<nil>,<nil>,<nil>,<nil>,<nil>,<nil>,<nil>,822,<nil>
203050828,<nil>,<nil>,<nil>,<nil>,<nil>,<nil>,<nil>,<nil>,40,<nil>
1989758809,<nil>,<nil>,<nil>,<nil>,<nil>,<nil>,<nil>,<nil>,397,<nil>
1033766928,<nil>,<nil>,<nil>,<nil>,<nil>,<nil>,<nil>,<nil>,206,<nil>
232785961,<nil>,<nil>,<nil>,<nil>,<nil>,<nil>,<nil>,<nil>,46,<nil>
1357533004,<nil>,<nil>,<nil>,<nil>,<nil>,<nil>,<nil>,<nil>,271,<nil>
3793571710,<nil>,<nil>,<nil>,<nil>,<nil>,<nil>,<nil>,<nil>,758,<nil>
1488277337,<nil>,<nil>,<nil>,<nil>,<nil>,<nil>,<nil>,<nil>,297,<nil>
3267690597,<nil>,<nil>,<nil>,<nil>,<nil>,<nil>,<nil>,<nil>,653,<nil>
70602584,<nil>,<nil>,<nil>,<nil>,<nil>,<nil>,<nil>,<nil>,14,<nil>
2779402084,<nil>,<nil>,<nil>,<nil>,<nil>,<nil>,<nil>,<nil>,555,<nil>
2244366169,<nil>,<nil>,<nil>,<nil>,<nil>,<nil>,<nil>,<nil>,448,<nil>
997674829,<nil>,<nil>,<nil>,<nil>,<nil>,<nil>,<nil>,<nil>,199,<nil>
3407040362,<nil>,<nil>,<nil>,<nil>,<nil>,<nil>,<nil>,<nil>,681,<nil>
1991069529,<nil>,<nil>,<nil>,<nil>,<nil>,<nil>,<nil>,<nil>,398,<nil>
723734349,<nil>,<nil>,<nil>,<nil>,<nil>,<nil>,<nil>,<nil>,144,<nil>
3213512525,<nil>,<nil>,<nil>,<nil>,<nil>,<nil>,<nil>,<nil>,642,<nil>
2720550744,<nil>,<nil>,<nil>,<nil>,<nil>,<nil>,<nil>,<nil>,544,<nil>
992235340,<nil>,<nil>,<nil>,<nil>,<nil>,<nil>,<nil>,<nil>,198,<nil>
4071378764,<nil>,<nil>,<nil>,<nil>,<nil>,<nil>,<nil>,<nil>,814,<nil>
2140360525,<nil>,<nil>,<nil>,<nil>,<nil>,<nil>,<nil>,<nil>,428,<nil>
2478639240,<nil>,<nil>,<nil>,<nil>,<nil>,<nil>,<nil>,<nil>,495,<nil>
858672972,<nil>,<nil>,<nil>,<nil>,<nil>,<nil>,<nil>,<nil>,171,<nil>
3951578968,<nil>,<nil>,<nil>,<nil>,<nil>,<nil>,<nil>,<nil>,790,<nil>
1859473252,<nil>,<nil>,<nil>,<nil>,<nil>,<nil>,<nil>,<nil>,371,<nil>
9391961,<nil>,<nil>,<nil>,<nil>,<nil>,<nil>,<nil>,<nil>,1,<nil>
3801239384,<nil>,<nil>,<nil>,<nil>,<nil>,<nil>,<nil>,<nil>,760,<nil>
1221152612,<nil>,<nil>,<nil>,<nil>,<nil>,<nil>,<nil>,<nil>,244,<nil>
3537129316,<nil>,<nil>,<nil>,<nil>,<nil>,<nil>,<nil>,<nil>,707,<nil>
1682657113,<nil>,<nil>,<nil>,<nil>,<nil>,<nil>,<nil>,<nil>,336,<nil>
1462652748,<nil>,<nil>,<nil>,<nil>,<nil>,<nil>,<nil>,<nil>,292,<nil>
3630255978,<nil>,<nil>,<nil>,<nil>,<nil>,<nil>,<nil>,<nil>,726,<nil>
1609912141,<nil>,<nil>,<nil>,<nil>,<nil>,<nil>,<nil>,<nil>,321,<nil>
1192447850,<nil>,<nil>,<nil>,<nil>,<nil>,<nil>,<nil>,<nil>,238,<nil>
975916876,<nil>,<nil>,<nil>,<nil>,<nil>,<nil>,<nil>,<nil>,195,<nil>
3463728972,<nil>,<nil>,<nil>,<nil>,<nil>,<nil>,<nil>,<nil>,692,<nil>
1529433933,<nil>,<nil>,<nil>,<nil>,<nil>,<nil>,<nil>,<nil>,305,<nil>
3872608077,<nil>,<nil>,<nil>,<nil>,<nil>,<nil>,<nil>,<nil>,774,<nil>
1919438669,<nil>,<nil>,<nil>,<nil>,<nil>,<nil>,<nil>,<nil>,383,<nil>
1583763277,<nil>,<nil>,<nil>,<nil>,<nil>,<nil>,<nil>,<nil>,316,<nil>
2168934220,<nil>,<nil>,<nil>,<nil>,<nil>,<nil>,<nil>,<nil>,433,<nil>
239619917,<nil>,<nil>,<nil>,<nil>,<nil>,<nil>,<nil>,<nil>,47,<nil>
2738114393,<nil>,<nil>,<nil>,<nil>,<nil>,<nil>,<nil>,<nil>,547,<nil>
2513784652,<nil>,<nil>,<nil>,<nil>,<nil>,<nil>,<nil>,<nil>,502,<nil>
2496286553,<nil>,<nil>,<nil>,<nil>,<nil>,<nil>,<nil>,<nil>,499,<nil>
2140753752,<nil>,<nil>,<nil>,<nil>,<nil>,<nil>,<nil>,<nil>,428,<nil>
26890060,<nil>,<nil>,<nil>,<nil>,<nil>,<nil>,<nil>,<nil>,5,<nil>
3820506968,<nil>,<nil>,<nil>,<nil>,<nil>,<nil>,<nil>,<nil>,764,<nil>
1746030425,<nil>,<nil>,<nil>,<nil>,<nil>,<nil>,<nil>,<nil>,349,<nil>
2874429284,<nil>,<nil>,<nil>,<nil>,<nil>,<nil>,<nil>,<nil>,574,<nil>
1429950284,<nil>,<nil>,<nil>,<nil>,<nil>,<nil>,<nil>,<nil>,285,<nil>
3364966233,<nil>,<nil>,<nil>,<nil>,<nil>,<nil>,<nil>,<nil>,672,<nil>
2044481380,<nil>,<nil>,<nil>,<nil>,<nil>,<nil>,<nil>,<nil>,408,<nil>
1142556891,<nil>,<nil>,<nil>,<nil>,<nil>,<nil>,<nil>,<nil>,228,<nil>
3247918936,<nil>,<nil>,<nil>,<nil>,<nil>,<nil>,<nil>,<nil>,649,<nil>
2938064729,<nil>,<nil>,<nil>,<nil>,<nil>,<nil>,<nil>,<nil>,587,<nil>
1474318181,<nil>,<nil>,<nil>,<nil>,<nil>,<nil>,<nil>,<nil>,294,<nil>
3296546648,<nil>,<nil>,<nil>,<nil>,<nil>,<nil>,<nil>,<nil>,659,<nil>
2803060556,<nil>,<nil>,<nil>,<nil>,<nil>,<nil>,<nil>,<nil>,560,<nil>
3805040461,<nil>,<nil>,<nil>,<nil>,<nil>,<nil>,<nil>,<nil>,761,<nil>
2347716453,<nil>,<nil>,<nil>,<nil>,<nil>,<nil>,<nil>,<nil>,469,<nil>
1914374185,<nil>,<nil>,<nil>,<nil>,<nil>,<nil>,<nil>,<nil>,382,<nil>
1905676120,<nil>,<nil>,<nil>,<nil>,<nil>,<nil>,<nil>,<nil>,381,<nil>
3932049240,<nil>,<nil>,<nil>,<nil>,<nil>,<nil>,<nil>,<nil>,786,<nil>
2144292697,<nil>,<nil>,<nil>,<nil>,<nil>,<nil>,<nil>,<nil>,428,<nil>
922308429,<nil>,<nil>,<nil>,<nil>,<nil>,<nil>,<nil>,<nil>,184,<nil>
740839256,<nil>,<nil>,<nil>,<nil>,<nil>,<nil>,<nil>,<nil>,148,<nil>
3374534488,<nil>,<nil>,<nil>,<nil>,<nil>,<nil>,<nil>,<nil>,674,<nil>
1138511693,<nil>,<nil>,<nil>,<nil>,<nil>,<nil>,<nil>,<nil>,227,<nil>
647581528,<nil>,<nil>,<nil>,<nil>,<nil>,<nil>,<nil>,<nil>,129,<nil>
2835304281,<nil>,<nil>,<nil>,<nil>,<nil>,<nil>,<nil>,<nil>,567,<nil>
1163415373,<nil>,<nil>,<nil>,<nil>,<nil>,<nil>,<nil>,<nil>,232,<nil>
4143908516,<nil>,<nil>,<nil>,<nil>,<nil>,<nil>,<nil>,<nil>,828,<nil>
2743422809,<nil>,<nil>,<nil>,<nil>,<nil>,<nil>,<nil>,<nil>,548,<nil>
1027690329,<nil>,<nil>,<nil>,<nil>,<nil>,<nil>,<nil>,<nil>,205,<nil>
3209645901,<nil>,<nil>,<nil>,<nil>,<nil>,<nil>,<nil>,<nil>,641,<nil>
2280589312,<nil>,<nil>,<nil>,<nil>,<nil>,<nil>,<nil>,<nil>,456,<nil>
871059276,<nil>,<nil>,<nil>,<nil>,<nil>,<nil>,<nil>,<nil>,174,<nil>
3230289741,<nil>,<nil>,<nil>,<nil>,<nil>,<nil>,<nil>,<nil>,646,<nil>
1640517477,<nil>,<nil>,<nil>,<nil>,<nil>,<nil>,<nil>,<nil>,328,<nil>
1517815808,<nil>,<nil>,<nil>,<nil>,<nil>,<nil>,<nil>,<nil>,303,<nil>
1125470028,<nil>,<nil>,<nil>,<nil>,<nil>,<nil>,<nil>,<nil>,225,<nil>
3918745432,<nil>,<nil>,<nil>,<nil>,<nil>,<nil>,<nil>,<nil>,783,<nil>
1983729497,<nil>,<nil>,<nil>,<nil>,<nil>,<nil>,<nil>,<nil>,396,<nil>
164581236,<nil>,<nil>,<nil>,<nil>,<nil>,<nil>,<nil>,<nil>,32,<nil>
2523221849,<nil>,<nil>,<nil>,<nil>,<nil>,<nil>,<nil>,<nil>,504,<nil>
1713000268,<nil>,<nil>,<nil>,<nil>,<nil>,<nil>,<nil>,<nil>,342,<nil>
4230893401,<nil>,<nil>,<nil>,<nil>,<nil>,<nil>,<nil>,<nil>,846,<nil>
2498496552,<nil>,<nil>,<nil>,<nil>,<nil>,<nil>,<nil>,<nil>,499,<nil>
1472155468,<nil>,<nil>,<nil>,<nil>,<nil>,<nil>,<nil>,<nil>,294,<nil>
582307673,<nil>,<nil>,<nil>,<nil>,<nil>,<nil>,<nil>,<nil>,116,<nil>
3772927820,<nil>,<nil>,<nil>,<nil>,<nil>,<nil>,<nil>,<nil>,754,<nil>
2932100965,<nil>,<nil>,<nil>,<nil>,<nil>,<nil>,<nil>,<nil>,586,<nil>
1548879524,<nil>,<nil>,<nil>,<nil>,<nil>,<nil>,<nil>,<nil>,309,<nil>
1263947608,<nil>,<nil>,<nil>,<nil>,<nil>,<nil>,<nil>,<nil>,252,<nil>
3029862052,<nil>,<nil>,<nil>,<nil>,<nil>,<nil>,<nil>,<nil>,605,<nil>
1560629080,<nil>,<nil>,<nil>,<nil>,<nil>,<nil>,<nil>,<nil>,312,<nil>
11751257,<nil>,<nil>,<nil>,<nil>,<nil>,<nil>,<nil>,<nil>,2,<nil>
2717911080,<nil>,<nil>,<nil>,<nil>,<nil>,<nil>,<nil>,<nil>,543,<nil>
1718177613,<nil>,<nil>,<nil>,<nil>,<nil>,<nil>,<nil>,<nil>,343,<nil>
3997192013,<nil>,<nil>,<nil>,<nil>,<nil>,<nil>,<nil>,<nil>,799,<nil>
2621919064,<nil>,<nil>,<nil>,<nil>,<nil>,<nil>,<nil>,<nil>,524,<nil>
2235696105,<nil>,<nil>,<nil>,<nil>,<nil>,<nil>,<nil>,<nil>,447,<nil>
1600409432,<nil>,<nil>,<nil>,<nil>,<nil>,<nil>,<nil>,<nil>,320,<nil>
970411864,<nil>,<nil>,<nil>,<nil>,<nil>,<nil>,<nil>,<nil>,194,<nil>
3482799961,<nil>,<nil>,<nil>,<nil>,<nil>,<nil>,<nil>,<nil>,696,<nil>
2820755276,<nil>,<nil>,<nil>,<nil>,<nil>,<nil>,<nil>,<nil>,564,<nil>
1982680932,<nil>,<nil>,<nil>,<nil>,<nil>,<nil>,<nil>,<nil>,396,<nil>
4265758541,<nil>,<nil>,<nil>,<nil>,<nil>,<nil>,<nil>,<nil>,853,<nil>
3032633176,<nil>,<nil>,<nil>,<nil>,<nil>,<nil>,<nil>,<nil>,606,<nil>
2551336792,<nil>,<nil>,<nil>,<nil>,<nil>,<nil>,<nil>,<nil>,510,<nil>
69881676,<nil>,<nil>,<nil>,<nil>,<nil>,<nil>,<nil>,<nil>,13,<nil>
2560249676,<nil>,<nil>,<nil>,<nil>,<nil>,<nil>,<nil>,<nil>,512,<nil>
1638027084,<nil>,<nil>,<nil>,<nil>,<nil>,<nil>,<nil>,<nil>,327,<nil>
170282828,<nil>,<nil>,<nil>,<nil>,<nil>,<nil>,<nil>,<nil>,34,<nil>
3467005773,<nil>,<nil>,<nil>,<nil>,<nil>,<nil>,<nil>,<nil>,693,<nil>
3430305613,<nil>,<nil>,<nil>,<nil>,<nil>,<nil>,<nil>,<nil>,686,<nil>
2230716576,<nil>,<nil>,<nil>,<nil>,<nil>,<nil>,<nil>,<nil>,446,<nil>
1366511487,<nil>,<nil>,<nil>,<nil>,<nil>,<nil>,<nil>,<nil>,273,<nil>
2826063704,<nil>,<nil>,<nil>,<nil>,<nil>,<nil>,<nil>,<nil>,565,<nil>
1319980877,<nil>,<nil>,<nil>,<nil>,<nil>,<nil>,<nil>,<nil>,263,<nil>
255938381,<nil>,<nil>,<nil>,<nil>,<nil>,<nil>,<nil>,<nil>,51,<nil>
1356746573,<nil>,<nil>,<nil>,<nil>,<nil>,<nil>,<nil>,<nil>,271,<nil>
214960336,<nil>,<nil>,<nil>,<nil>,<nil>,<nil>,<nil>,<nil>,42,<nil>
2971666448,<nil>,<nil>,<nil>,<nil>,<nil>,<nil>,<nil>,<nil>,594,<nil>
3581366092,<nil>,<nil>,<nil>,<nil>,<nil>,<nil>,<nil>,<nil>,716,<nil>
1959612249,<nil>,<nil>,<nil>,<nil>,<nil>,<nil>,<nil>,<nil>,391,<nil>
983977804,<nil>,<nil>,<nil>,<nil>,<nil>,<nil>,<nil>,<nil>,196,<nil>
3211874137,<nil>,<nil>,<nil>,<nil>,<nil>,<nil>,<nil>,<nil>,642,<nil>
1687572301,<nil>,<nil>,<nil>,<nil>,<nil>,<nil>,<nil>,<nil>,337,<nil>
887443276,<nil>,<nil>,<nil>,<nil>,<nil>,<nil>,<nil>,<nil>,177,<nil>
1058164557,<nil>,<nil>,<nil>,<nil>,<nil>,<nil>,<nil>,<nil>,211,<nil>
1015369549,<nil>,<nil>,<nil>,<nil>,<nil>,<nil>,<nil>,<nil>,203,<nil>
859000853,<nil>,<nil>,<nil>,<nil>,<nil>,<nil>,<nil>,<nil>,171,<nil>
2738442111,<nil>,<nil>,<nil>,<nil>,<nil>,<nil>,<nil>,<nil>,547,<nil>
840257368,<nil>,<nil>,<nil>,<nil>,<nil>,<nil>,<nil>,<nil>,168,<nil>
383471449,<nil>,<nil>,<nil>,<nil>,<nil>,<nil>,<nil>,<nil>,76,<nil>
1073696639,<nil>,<nil>,<nil>,<nil>,<nil>,<nil>,<nil>,<nil>,214,<nil>
3933799415,<nil>,<nil>,<nil>,<nil>,<nil>,<nil>,<nil>,<nil>,786,<nil>
2920107877,<nil>,<nil>,<nil>,<nil>,<nil>,<nil>,<nil>,<nil>,584,<nil>
623202136,<nil>,<nil>,<nil>,<nil>,<nil>,<nil>,<nil>,<nil>,124,<nil>
2695515993,<nil>,<nil>,<nil>,<nil>,<nil>,<nil>,<nil>,<nil>,539,<nil>
1602572120,<nil>,<nil>,<nil>,<nil>,<nil>,<nil>,<nil>,<nil>,320,<nil>
3635760972,<nil>,<nil>,<nil>,<nil>,<nil>,<nil>,<nil>,<nil>,727,<nil>
3264499532,<nil>,<nil>,<nil>,<nil>,<nil>,<nil>,<nil>,<nil>,652,<nil>
2505723725,<nil>,<nil>,<nil>,<nil>,<nil>,<nil>,<nil>,<nil>,501,<nil>
3074117453,<nil>,<nil>,<nil>,<nil>,<nil>,<nil>,<nil>,<nil>,614,<nil>
3416260624,<nil>,<nil>,<nil>,<nil>,<nil>,<nil>,<nil>,<nil>,683,<nil>
2715504473,<nil>,<nil>,<nil>,<nil>,<nil>,<nil>,<nil>,<nil>,543,<nil>
808865637,<nil>,<nil>,<nil>,<nil>,<nil>,<nil>,<nil>,<nil>,161,<nil>
265506637,<nil>,<nil>,<nil>,<nil>,<nil>,<nil>,<nil>,<nil>,53,<nil>
3911077708,<nil>,<nil>,<nil>,<nil>,<nil>,<nil>,<nil>,<nil>,782,<nil>
1823493976,<nil>,<nil>,<nil>,<nil>,<nil>,<nil>,<nil>,<nil>,364,<nil>
4152774476,<nil>,<nil>,<nil>,<nil>,<nil>,<nil>,<nil>,<nil>,830,<nil>
3818803020,<nil>,<nil>,<nil>,<nil>,<nil>,<nil>,<nil>,<nil>,763,<nil>
3359002445,<nil>,<nil>,<nil>,<nil>,<nil>,<nil>,<nil>,<nil>,671,<nil>
1567838041,<nil>,<nil>,<nil>,<nil>,<nil>,<nil>,<nil>,<nil>,313,<nil>
3954331492,<nil>,<nil>,<nil>,<nil>,<nil>,<nil>,<nil>,<nil>,790,<nil>
2804305740,<nil>,<nil>,<nil>,<nil>,<nil>,<nil>,<nil>,<nil>,560,<nil>
4075507532,<nil>,<nil>,<nil>,<nil>,<nil>,<nil>,<nil>,<nil>,815,<nil>
2562543436,<nil>,<nil>,<nil>,<nil>,<nil>,<nil>,<nil>,<nil>,512,<nil>
1424510820,<nil>,<nil>,<nil>,<nil>,<nil>,<nil>,<nil>,<nil>,284,<nil>
137580376,<nil>,<nil>,<nil>,<nil>,<nil>,<nil>,<nil>,<nil>,27,<nil>
1091653453,<nil>,<nil>,<nil>,<nil>,<nil>,<nil>,<nil>,<nil>,218,<nil>
1110265700,<nil>,<nil>,<nil>,<nil>,<nil>,<nil>,<nil>,<nil>,222,<nil>
826298188,<nil>,<nil>,<nil>,<nil>,<nil>,<nil>,<nil>,<nil>,165,<nil>
3928182605,<nil>,<nil>,<nil>,<nil>,<nil>,<nil>,<nil>,<nil>,785,<nil>
2985625600,<nil>,<nil>,<nil>,<nil>,<nil>,<nil>,<nil>,<nil>,597,<nil>
2657636184,<nil>,<nil>,<nil>,<nil>,<nil>,<nil>,<nil>,<nil>,531,<nil>
287592281,<nil>,<nil>,<nil>,<nil>,<nil>,<nil>,<nil>,<nil>,57,<nil>
3682871142,<nil>,<nil>,<nil>,<nil>,<nil>,<nil>,<nil>,<nil>,736,<nil>
3384364876,<nil>,<nil>,<nil>,<nil>,<nil>,<nil>,<nil>,<nil>,676,<nil>
1577144140,<nil>,<nil>,<nil>,<nil>,<nil>,<nil>,<nil>,<nil>,315,<nil>
677531469,<nil>,<nil>,<nil>,<nil>,<nil>,<nil>,<nil>,<nil>,135,<nil>
3166129997,<nil>,<nil>,<nil>,<nil>,<nil>,<nil>,<nil>,<nil>,633,<nil>
3068415820,<nil>,<nil>,<nil>,<nil>,<nil>,<nil>,<nil>,<nil>,613,<nil>
2588102476,<nil>,<nil>,<nil>,<nil>,<nil>,<nil>,<nil>,<nil>,517,<nil>
3154333516,<nil>,<nil>,<nil>,<nil>,<nil>,<nil>,<nil>,<nil>,630,<nil>
2966769484,<nil>,<nil>,<nil>,<nil>,<nil>,<nil>,<nil>,<nil>,593,<nil>
2795392856,<nil>,<nil>,<nil>,<nil>,<nil>,<nil>,<nil>,<nil>,559,<nil>
399986520,<nil>,<nil>,<nil>,<nil>,<nil>,<nil>,<nil>,<nil>,79,<nil>
2898939725,<nil>,<nil>,<nil>,<nil>,<nil>,<nil>,<nil>,<nil>,579,<nil>
3508948836,<nil>,<nil>,<nil>,<nil>,<nil>,<nil>,<nil>,<nil>,701,<nil>
656559972,<nil>,<nil>,<nil>,<nil>,<nil>,<nil>,<nil>,<nil>,131,<nil>
2912898893,<nil>,<nil>,<nil>,<nil>,<nil>,<nil>,<nil>,<nil>,582,<nil>
1991331661,<nil>,<nil>,<nil>,<nil>,<nil>,<nil>,<nil>,<nil>,398,<nil>
1772638040,<nil>,<nil>,<nil>,<nil>,<nil>,<nil>,<nil>,<nil>,354,<nil>
110907224,<nil>,<nil>,<nil>,<nil>,<nil>,<nil>,<nil>,<nil>,22,<nil>
2610777933,<nil>,<nil>,<nil>,<nil>,<nil>,<nil>,<nil>,<nil>,522,<nil>
2231456164,<nil>,<nil>,<nil>,<nil>,<nil>,<nil>,<nil>,<nil>,446,<nil>
3698609997,<nil>,<nil>,<nil>,<nil>,<nil>,<nil>,<nil>,<nil>,739,<nil>
3071430477,<nil>,<nil>,<nil>,<nil>,<nil>,<nil>,<nil>,<nil>,614,<nil>
607276888,<nil>,<nil>,<nil>,<nil>,<nil>,<nil>,<nil>,<nil>,121,<nil>
2813153101,<nil>,<nil>,<nil>,<nil>,<nil>,<nil>,<nil>,<nil>,562,<nil>
4221587289,<nil>,<nil>,<nil>,<nil>,<nil>,<nil>,<nil>,<nil>,844,<nil>
147935052,<nil>,<nil>,<nil>,<nil>,<nil>,<nil>,<nil>,<nil>,29,<nil>
2338541401,<nil>,<nil>,<nil>,<nil>,<nil>,<nil>,<nil>,<nil>,467,<nil>
655970136,<nil>,<nil>,<nil>,<nil>,<nil>,<nil>,<nil>,<nil>,131,<nil>
613568344,<nil>,<nil>,<nil>,<nil>,<nil>,<nil>,<nil>,<nil>,122,<nil>
2153992012,<nil>,<nil>,<nil>,<nil>,<nil>,<nil>,<nil>,<nil>,430,<nil>
1612382314,<nil>,<nil>,<nil>,<nil>,<nil>,<nil>,<nil>,<nil>,322,<nil>
1021333336,<nil>,<nil>,<nil>,<nil>,<nil>,<nil>,<nil>,<nil>,204,<nil>
3378794329,<nil>,<nil>,<nil>,<nil>,<nil>,<nil>,<nil>,<nil>,675,<nil>
3164753740,<nil>,<nil>,<nil>,<nil>,<nil>,<nil>,<nil>,<nil>,632,<nil>
4020064127,<nil>,<nil>,<nil>,<nil>,<nil>,<nil>,<nil>,<nil>,804,<nil>
1986940749,<nil>,<nil>,<nil>,<nil>,<nil>,<nil>,<nil>,<nil>,397,<nil>
179785549,<nil>,<nil>,<nil>,<nil>,<nil>,<nil>,<nil>,<nil>,35,<nil>
3117961049,<nil>,<nil>,<nil>,<nil>,<nil>,<nil>,<nil>,<nil>,623,<nil>
2980990821,<nil>,<nil>,<nil>,<nil>,<nil>,<nil>,<nil>,<nil>,596,<nil>
1829457740,<nil>,<nil>,<nil>,<nil>,<nil>,<nil>,<nil>,<nil>,365,<nil>
437735244,<nil>,<nil>,<nil>,<nil>,<nil>,<nil>,<nil>,<nil>,87,<nil>
3666693964,<nil>,<nil>,<nil>,<nil>,<nil>,<nil>,<nil>,<nil>,733,<nil>
1360940876,<nil>,<nil>,<nil>,<nil>,<nil>,<nil>,<nil>,<nil>,272,<nil>
764759897,<nil>,<nil>,<nil>,<nil>,<nil>,<nil>,<nil>,<nil>,152,<nil>
2617462605,<nil>,<nil>,<nil>,<nil>,<nil>,<nil>,<nil>,<nil>,523,<nil>
663965517,<nil>,<nil>,<nil>,<nil>,<nil>,<nil>,<nil>,<nil>,132,<nil>
456019788,<nil>,<nil>,<nil>,<nil>,<nil>,<nil>,<nil>,<nil>,91,<nil>
2332118873,<nil>,<nil>,<nil>,<nil>,<nil>,<nil>,<nil>,<nil>,466,<nil>
944263000,<nil>,<nil>,<nil>,<nil>,<nil>,<nil>,<nil>,<nil>,188,<nil>
2706722637,<nil>,<nil>,<nil>,<nil>,<nil>,<nil>,<nil>,<nil>,541,<nil>
2375110477,<nil>,<nil>,<nil>,<nil>,<nil>,<nil>,<nil>,<nil>,475,<nil>
1695811584,<nil>,<nil>,<nil>,<nil>,<nil>,<nil>,<nil>,<nil>,339,<nil>
3659878270,<nil>,<nil>,<nil>,<nil>,<nil>,<nil>,<nil>,<nil>,731,<nil>
2077839181,<nil>,<nil>,<nil>,<nil>,<nil>,<nil>,<nil>,<nil>,415,<nil>
1779388237,<nil>,<nil>,<nil>,<nil>,<nil>,<nil>,<nil>,<nil>,355,<nil>
3689238361,<nil>,<nil>,<nil>,<nil>,<nil>,<nil>,<nil>,<nil>,737,<nil>
3357560665,<nil>,<nil>,<nil>,<nil>,<nil>,<nil>,<nil>,<nil>,671,<nil>
3472623279,<nil>,<nil>,<nil>,<nil>,<nil>,<nil>,<nil>,<nil>,694,<nil>
1656901452,<nil>,<nil>,<nil>,<nil>,<nil>,<nil>,<nil>,<nil>,331,<nil>
747458392,<nil>,<nil>,<nil>,<nil>,<nil>,<nil>,<nil>,<nil>,149,<nil>
1560039244,<nil>,<nil>,<nil>,<nil>,<nil>,<nil>,<nil>,<nil>,312,<nil>
3497414489,<nil>,<nil>,<nil>,<nil>,<nil>,<nil>,<nil>,<nil>,699,<nil>
2697744216,<nil>,<nil>,<nil>,<nil>,<nil>,<nil>,<nil>,<nil>,539,<nil>
809914212,<nil>,<nil>,<nil>,<nil>,<nil>,<nil>,<nil>,<nil>,161,<nil>
552750925,<nil>,<nil>,<nil>,<nil>,<nil>,<nil>,<nil>,<nil>,110,<nil>
3051769689,<nil>,<nil>,<nil>,<nil>,<nil>,<nil>,<nil>,<nil>,610,<nil>
3710060560,<nil>,<nil>,<nil>,<nil>,<nil>,<nil>,<nil>,<nil>,742,<nil>
2027048792,<nil>,<nil>,<nil>,<nil>,<nil>,<nil>,<nil>,<nil>,405,<nil>
360795980,<nil>,<nil>,<nil>,<nil>,<nil>,<nil>,<nil>,<nil>,72,<nil>
2724941645,<nil>,<nil>,<nil>,<nil>,<nil>,<nil>,<nil>,<nil>,544,<nil>
1086869336,<nil>,<nil>,<nil>,<nil>,<nil>,<nil>,<nil>,<nil>,217,<nil>
3446689625,<nil>,<nil>,<nil>,<nil>,<nil>,<nil>,<nil>,<nil>,689,<nil>
2789691212,<nil>,<nil>,<nil>,<nil>,<nil>,<nil>,<nil>,<nil>,557,<nil>
1389907789,<nil>,<nil>,<nil>,<nil>,<nil>,<nil>,<nil>,<nil>,277,<nil>
347416424,<nil>,<nil>,<nil>,<nil>,<nil>,<nil>,<nil>,<nil>,69,<nil>
3227012940,<nil>,<nil>,<nil>,<nil>,<nil>,<nil>,<nil>,<nil>,645,<nil>
422203253,<nil>,<nil>,<nil>,<nil>,<nil>,<nil>,<nil>,<nil>,84,<nil>
4237053773,<nil>,<nil>,<nil>,<nil>,<nil>,<nil>,<nil>,<nil>,847,<nil>
2502512460,<nil>,<nil>,<nil>,<nil>,<nil>,<nil>,<nil>,<nil>,500,<nil>
129978189,<nil>,<nil>,<nil>,<nil>,<nil>,<nil>,<nil>,<nil>,25,<nil>
2913029965,<nil>,<nil>,<nil>,<nil>,<nil>,<nil>,<nil>,<nil>,582,<nil>
1898205028,<nil>,<nil>,<nil>,<nil>,<nil>,<nil>,<nil>,<nil>,379,<nil>
341069644,<nil>,<nil>,<nil>,<nil>,<nil>,<nil>,<nil>,<nil>,68,<nil>
2400341848,<nil>,<nil>,<nil>,<nil>,<nil>,<nil>,<nil>,<nil>,480,<nil>
2576502629,<nil>,<nil>,<nil>,<nil>,<nil>,<nil>,<nil>,<nil>,515,<nil>
1527336805,<nil>,<nil>,<nil>,<nil>,<nil>,<nil>,<nil>,<nil>,305,<nil>
3944763224,<nil>,<nil>,<nil>,<nil>,<nil>,<nil>,<nil>,<nil>,788,<nil>
2438006447,<nil>,<nil>,<nil>,<nil>,<nil>,<nil>,<nil>,<nil>,487,<nil>
921259864,<nil>,<nil>,<nil>,<nil>,<nil>,<nil>,<nil>,<nil>,184,<nil>
3989131085,<nil>,<nil>,<nil>,<nil>,<nil>,<nil>,<nil>,<nil>,797,<nil>
2489536345,<nil>,<nil>,<nil>,<nil>,<nil>,<nil>,<nil>,<nil>,497,<nil>
332746573,<nil>,<nil>,<nil>,<nil>,<nil>,<nil>,<nil>,<nil>,66,<nil>
2818920308,<nil>,<nil>,<nil>,<nil>,<nil>,<nil>,<nil>,<nil>,563,<nil>
1178029913,<nil>,<nil>,<nil>,<nil>,<nil>,<nil>,<nil>,<nil>,235,<nil>
164187980,<nil>,<nil>,<nil>,<nil>,<nil>,<nil>,<nil>,<nil>,32,<nil>
2528071501,<nil>,<nil>,<nil>,<nil>,<nil>,<nil>,<nil>,<nil>,505,<nil>
1459834701,<nil>,<nil>,<nil>,<nil>,<nil>,<nil>,<nil>,<nil>,291,<nil>
870797157,<nil>,<nil>,<nil>,<nil>,<nil>,<nil>,<nil>,<nil>,174,<nil>
3863236428,<nil>,<nil>,<nil>,<nil>,<nil>,<nil>,<nil>,<nil>,772,<nil>
2944749388,<nil>,<nil>,<nil>,<nil>,<nil>,<nil>,<nil>,<nil>,588,<nil>
3032174412,<nil>,<nil>,<nil>,<nil>,<nil>,<nil>,<nil>,<nil>,606,<nil>
674451289,<nil>,<nil>,<nil>,<nil>,<nil>,<nil>,<nil>,<nil>,134,<nil>
4241510245,<nil>,<nil>,<nil>,<nil>,<nil>,<nil>,<nil>,<nil>,848,<nil>
3180678988,<nil>,<nil>,<nil>,<nil>,<nil>,<nil>,<nil>,<nil>,636,<nil>
1111379801,<nil>,<nil>,<nil>,<nil>,<nil>,<nil>,<nil>,<nil>,222,<nil>
237784932,<nil>,<nil>,<nil>,<nil>,<nil>,<nil>,<nil>,<nil>,47,<nil>
3217641304,<nil>,<nil>,<nil>,<nil>,<nil>,<nil>,<nil>,<nil>,643,<nil>
1291997017,<nil>,<nil>,<nil>,<nil>,<nil>,<nil>,<nil>,<nil>,258,<nil>
61165389,<nil>,<nil>,<nil>,<nil>,<nil>,<nil>,<nil>,<nil>,12,<nil>
2696695629,<nil>,<nil>,<nil>,<nil>,<nil>,<nil>,<nil>,<nil>,539,<nil>
809389900,<nil>,<nil>,<nil>,<nil>,<nil>,<nil>,<nil>,<nil>,161,<nil>
3036303193,<nil>,<nil>,<nil>,<nil>,<nil>,<nil>,<nil>,<nil>,607,<nil>
1510100813,<nil>,<nil>,<nil>,<nil>,<nil>,<nil>,<nil>,<nil>,302,<nil>
163129194,<nil>,<nil>,<nil>,<nil>,<nil>,<nil>,<nil>,<nil>,32,<nil>
2440300207,<nil>,<nil>,<nil>,<nil>,<nil>,<nil>,<nil>,<nil>,488,<nil>
81284952,<nil>,<nil>,<nil>,<nil>,<nil>,<nil>,<nil>,<nil>,16,<nil>
2593083225,<nil>,<nil>,<nil>,<nil>,<nil>,<nil>,<nil>,<nil>,518,<nil>
785338201,<nil>,<nil>,<nil>,<nil>,<nil>,<nil>,<nil>,<nil>,157,<nil>
3680784204,<nil>,<nil>,<nil>,<nil>,<nil>,<nil>,<nil>,<nil>,736,<nil>
2165198668,<nil>,<nil>,<nil>,<nil>,<nil>,<nil>,<nil>,<nil>,433,<nil>
4101853017,<nil>,<nil>,<nil>,<nil>,<nil>,<nil>,<nil>,<nil>,820,<nil>
2148290393,<nil>,<nil>,<nil>,<nil>,<nil>,<nil>,<nil>,<nil>,429,<nil>
634933081,<nil>,<nil>,<nil>,<nil>,<nil>,<nil>,<nil>,<nil>,126,<nil>
3111866189,<nil>,<nil>,<nil>,<nil>,<nil>,<nil>,<nil>,<nil>,622,<nil>
1753173849,<nil>,<nil>,<nil>,<nil>,<nil>,<nil>,<nil>,<nil>,350,<nil>
4223356760,<nil>,<nil>,<nil>,<nil>,<nil>,<nil>,<nil>,<nil>,844,<nil>
2756365792,<nil>,<nil>,<nil>,<nil>,<nil>,<nil>,<nil>,<nil>,551,<nil>
810635274,<nil>,<nil>,<nil>,<nil>,<nil>,<nil>,<nil>,<nil>,162,<nil>
2791722828,<nil>,<nil>,<nil>,<nil>,<nil>,<nil>,<nil>,<nil>,558,<nil>
860311373,<nil>,<nil>,<nil>,<nil>,<nil>,<nil>,<nil>,<nil>,172,<nil>
3705032548,<nil>,<nil>,<nil>,<nil>,<nil>,<nil>,<nil>,<nil>,741,<nil>
2119585624,<nil>,<nil>,<nil>,<nil>,<nil>,<nil>,<nil>,<nil>,423,<nil>
173756237,<nil>,<nil>,<nil>,<nil>,<nil>,<nil>,<nil>,<nil>,34,<nil>
2811842381,<nil>,<nil>,<nil>,<nil>,<nil>,<nil>,<nil>,<nil>,562,<nil>
416042829,<nil>,<nil>,<nil>,<nil>,<nil>,<nil>,<nil>,<nil>,83,<nil>
2914733913,<nil>,<nil>,<nil>,<nil>,<nil>,<nil>,<nil>,<nil>,582,<nil>
1515343692,<nil>,<nil>,<nil>,<nil>,<nil>,<nil>,<nil>,<nil>,303,<nil>
3878899533,<nil>,<nil>,<nil>,<nil>,<nil>,<nil>,<nil>,<nil>,775,<nil>
2228571993,<nil>,<nil>,<nil>,<nil>,<nil>,<nil>,<nil>,<nil>,445,<nil>
911739183,<nil>,<nil>,<nil>,<nil>,<nil>,<nil>,<nil>,<nil>,182,<nil>
3077638240,<nil>,<nil>,<nil>,<nil>,<nil>,<nil>,<nil>,<nil>,615,<nil>
1249249296,<nil>,<nil>,<nil>,<nil>,<nil>,<nil>,<nil>,<nil>,249,<nil>
3861335896,<nil>,<nil>,<nil>,<nil>,<nil>,<nil>,<nil>,<nil>,772,<nil>
1344229209,<nil>,<nil>,<nil>,<nil>,<nil>,<nil>,<nil>,<nil>,268,<nil>
446236688,<nil>,<nil>,<nil>,<nil>,<nil>,<nil>,<nil>,<nil>,89,<nil>
2592558936,<nil>,<nil>,<nil>,<nil>,<nil>,<nil>,<nil>,<nil>,518,<nil>
501829453,<nil>,<nil>,<nil>,<nil>,<nil>,<nil>,<nil>,<nil>,100,<nil>
2853982041,<nil>,<nil>,<nil>,<nil>,<nil>,<nil>,<nil>,<nil>,570,<nil>
1181765453,<nil>,<nil>,<nil>,<nil>,<nil>,<nil>,<nil>,<nil>,236,<nil>
4237119308,<nil>,<nil>,<nil>,<nil>,<nil>,<nil>,<nil>,<nil>,847,<nil>
2158186317,<nil>,<nil>,<nil>,<nil>,<nil>,<nil>,<nil>,<nil>,431,<nil>
642666317,<nil>,<nil>,<nil>,<nil>,<nil>,<nil>,<nil>,<nil>,128,<nil>
2992721753,<nil>,<nil>,<nil>,<nil>,<nil>,<nil>,<nil>,<nil>,598,<nil>
1098600318,<nil>,<nil>,<nil>,<nil>,<nil>,<nil>,<nil>,<nil>,219,<nil>
243158872,<nil>,<nil>,<nil>,<nil>,<nil>,<nil>,<nil>,<nil>,48,<nil>
4202385229,<nil>,<nil>,<nil>,<nil>,<nil>,<nil>,<nil>,<nil>,840,<nil>
3001681936,<nil>,<nil>,<nil>,<nil>,<nil>,<nil>,<nil>,<nil>,600,<nil>
1162497880,<nil>,<nil>,<nil>,<nil>,<nil>,<nil>,<nil>,<nil>,232,<nil>
322764829,<nil>,<nil>,<nil>,<nil>,<nil>,<nil>,<nil>,<nil>,64,<nil>
1974619993,<nil>,<nil>,<nil>,<nil>,<nil>,<nil>,<nil>,<nil>,394,<nil>
112265257,<nil>,<nil>,<nil>,<nil>,<nil>,<nil>,<nil>,<nil>,22,<nil>
3523497816,<nil>,<nil>,<nil>,<nil>,<nil>,<nil>,<nil>,<nil>,704,<nil>
374099801,<nil>,<nil>,<nil>,<nil>,<nil>,<nil>,<nil>,<nil>,74,<nil>
3122024268,<nil>,<nil>,<nil>,<nil>,<nil>,<nil>,<nil>,<nil>,624,<nil>
2601733989,<nil>,<nil>,<nil>,<nil>,<nil>,<nil>,<nil>,<nil>,520,<nil>
1899712345,<nil>,<nil>,<nil>,<nil>,<nil>,<nil>,<nil>,<nil>,379,<nil>
647188300,<nil>,<nil>,<nil>,<nil>,<nil>,<nil>,<nil>,<nil>,129,<nil>
2572439373,<nil>,<nil>,<nil>,<nil>,<nil>,<nil>,<nil>,<nil>,514,<nil>
2023229649,<nil>,<nil>,<nil>,<nil>,<nil>,<nil>,<nil>,<nil>,404,<nil>
2262519652,<nil>,<nil>,<nil>,<nil>,<nil>,<nil>,<nil>,<nil>,452,<nil>
813453132,<nil>,<nil>,<nil>,<nil>,<nil>,<nil>,<nil>,<nil>,162,<nil>
3173535565,<nil>,<nil>,<nil>,<nil>,<nil>,<nil>,<nil>,<nil>,634,<nil>
1531334489,<nil>,<nil>,<nil>,<nil>,<nil>,<nil>,<nil>,<nil>,306,<nil>
4023996260,<nil>,<nil>,<nil>,<nil>,<nil>,<nil>,<nil>,<nil>,804,<nil>
2112817193,<nil>,<nil>,<nil>,<nil>,<nil>,<nil>,<nil>,<nil>,422,<nil>
1069305676,<nil>,<nil>,<nil>,<nil>,<nil>,<nil>,<nil>,<nil>,213,<nil>
2910670708,<nil>,<nil>,<nil>,<nil>,<nil>,<nil>,<nil>,<nil>,582,<nil>
1020481381,<nil>,<nil>,<nil>,<nil>,<nil>,<nil>,<nil>,<nil>,204,<nil>
396447594,<nil>,<nil>,<nil>,<nil>,<nil>,<nil>,<nil>,<nil>,79,<nil>
3330101068,<nil>,<nil>,<nil>,<nil>,<nil>,<nil>,<nil>,<nil>,666,<nil>
1383223128,<nil>,<nil>,<nil>,<nil>,<nil>,<nil>,<nil>,<nil>,276,<nil>
4046016345,<nil>,<nil>,<nil>,<nil>,<nil>,<nil>,<nil>,<nil>,809,<nil>
1313558361,<nil>,<nil>,<nil>,<nil>,<nil>,<nil>,<nil>,<nil>,262,<nil>
831278937,<nil>,<nil>,<nil>,<nil>,<nil>,<nil>,<nil>,<nil>,166,<nil>
4260122456,<nil>,<nil>,<nil>,<nil>,<nil>,<nil>,<nil>,<nil>,852,<nil>
3495907149,<nil>,<nil>,<nil>,<nil>,<nil>,<nil>,<nil>,<nil>,699,<nil>
1368280921,<nil>,<nil>,<nil>,<nil>,<nil>,<nil>,<nil>,<nil>,273,<nil>
3856486233,<nil>,<nil>,<nil>,<nil>,<nil>,<nil>,<nil>,<nil>,771,<nil>
3486338892,<nil>,<nil>,<nil>,<nil>,<nil>,<nil>,<nil>,<nil>,697,<nil>
4224470873,<nil>,<nil>,<nil>,<nil>,<nil>,<nil>,<nil>,<nil>,844,<nil>
2836090712,<nil>,<nil>,<nil>,<nil>,<nil>,<nil>,<nil>,<nil>,567,<nil>
2344111948,<nil>,<nil>,<nil>,<nil>,<nil>,<nil>,<nil>,<nil>,468,<nil>
800935757,<nil>,<nil>,<nil>,<nil>,<nil>,<nil>,<nil>,<nil>,160,<nil>
319573837,<nil>,<nil>,<nil>,<nil>,<nil>,<nil>,<nil>,<nil>,63,<nil>
4152840037,<nil>,<nil>,<nil>,<nil>,<nil>,<nil>,<nil>,<nil>,830,<nil>
2853457740,<nil>,<nil>,<nil>,<nil>,<nil>,<nil>,<nil>,<nil>,570,<nil>
482627405,<nil>,<nil>,<nil>,<nil>,<nil>,<nil>,<nil>,<nil>,96,<nil>
3345418280,<nil>,<nil>,<nil>,<nil>,<nil>,<nil>,<nil>,<nil>,669,<nil>
1847854057,<nil>,<nil>,<nil>,<nil>,<nil>,<nil>,<nil>,<nil>,369,<nil>
513036108,<nil>,<nil>,<nil>,<nil>,<nil>,<nil>,<nil>,<nil>,102,<nil>
338710361,<nil>,<nil>,<nil>,<nil>,<nil>,<nil>,<nil>,<nil>,67,<nil>
3531231052,<nil>,<nil>,<nil>,<nil>,<nil>,<nil>,<nil>,<nil>,706,<nil>
665735000,<nil>,<nil>,<nil>,<nil>,<nil>,<nil>,<nil>,<nil>,133,<nil>
3887026008,<nil>,<nil>,<nil>,<nil>,<nil>,<nil>,<nil>,<nil>,777,<nil>
2957266764,<nil>,<nil>,<nil>,<nil>,<nil>,<nil>,<nil>,<nil>,591,<nil>
3533459277,<nil>,<nil>,<nil>,<nil>,<nil>,<nil>,<nil>,<nil>,706,<nil>
2100299912,<nil>,<nil>,<nil>,<nil>,<nil>,<nil>,<nil>,<nil>,420,<nil>
336154444,<nil>,<nil>,<nil>,<nil>,<nil>,<nil>,<nil>,<nil>,67,<nil>
3636482468,<nil>,<nil>,<nil>,<nil>,<nil>,<nil>,<nil>,<nil>,727,<nil>
2056980616,<nil>,<nil>,<nil>,<nil>,<nil>,<nil>,<nil>,<nil>,411,<nil>
434392920,<nil>,<nil>,<nil>,<nil>,<nil>,<nil>,<nil>,<nil>,86,<nil>
2360299353,<nil>,<nil>,<nil>,<nil>,<nil>,<nil>,<nil>,<nil>,472,<nil>
407064409,<nil>,<nil>,<nil>,<nil>,<nil>,<nil>,<nil>,<nil>,81,<nil>
2882817869,<nil>,<nil>,<nil>,<nil>,<nil>,<nil>,<nil>,<nil>,576,<nil>
1641762636,<nil>,<nil>,<nil>,<nil>,<nil>,<nil>,<nil>,<nil>,328,<nil>
4149038925,<nil>,<nil>,<nil>,<nil>,<nil>,<nil>,<nil>,<nil>,829,<nil>
2547666789,<nil>,<nil>,<nil>,<nil>,<nil>,<nil>,<nil>,<nil>,509,<nil>
1935102272,<nil>,<nil>,<nil>,<nil>,<nil>,<nil>,<nil>,<nil>,387,<nil>
3900264280,<nil>,<nil>,<nil>,<nil>,<nil>,<nil>,<nil>,<nil>,780,<nil>
15421273,<nil>,<nil>,<nil>,<nil>,<nil>,<nil>,<nil>,<nil>,3,<nil>
2793033561,<nil>,<nil>,<nil>,<nil>,<nil>,<nil>,<nil>,<nil>,558,<nil>
1138642777,<nil>,<nil>,<nil>,<nil>,<nil>,<nil>,<nil>,<nil>,227,<nil>
3681242956,<nil>,<nil>,<nil>,<nil>,<nil>,<nil>,<nil>,<nil>,736,<nil>
1911574361,<nil>,<nil>,<nil>,<nil>,<nil>,<nil>,<nil>,<nil>,382,<nil>
1554665304,<nil>,<nil>,<nil>,<nil>,<nil>,<nil>,<nil>,<nil>,310,<nil>
1326272333,<nil>,<nil>,<nil>,<nil>,<nil>,<nil>,<nil>,<nil>,265,<nil>
84889420,<nil>,<nil>,<nil>,<nil>,<nil>,<nil>,<nil>,<nil>,16,<nil>
3039055693,<nil>,<nil>,<nil>,<nil>,<nil>,<nil>,<nil>,<nil>,607,<nil>
1776897881,<nil>,<nil>,<nil>,<nil>,<nil>,<nil>,<nil>,<nil>,355,<nil>
1576947533,<nil>,<nil>,<nil>,<nil>,<nil>,<nil>,<nil>,<nil>,315,<nil>
1666404172,<nil>,<nil>,<nil>,<nil>,<nil>,<nil>,<nil>,<nil>,333,<nil>
4019408728,<nil>,<nil>,<nil>,<nil>,<nil>,<nil>,<nil>,<nil>,803,<nil>
2967031641,<nil>,<nil>,<nil>,<nil>,<nil>,<nil>,<nil>,<nil>,593,<nil>
395792205,<nil>,<nil>,<nil>,<nil>,<nil>,<nil>,<nil>,<nil>,79,<nil>
3119533900,<nil>,<nil>,<nil>,<nil>,<nil>,<nil>,<nil>,<nil>,623,<nil>
1902399308,<nil>,<nil>,<nil>,<nil>,<nil>,<nil>,<nil>,<nil>,380,<nil>
536104780,<nil>,<nil>,<nil>,<nil>,<nil>,<nil>,<nil>,<nil>,107,<nil>
2312130381,<nil>,<nil>,<nil>,<nil>,<nil>,<nil>,<nil>,<nil>,462,<nil>
1378504536,<nil>,<nil>,<nil>,<nil>,<nil>,<nil>,<nil>,<nil>,275,<nil>
1414156120,<nil>,<nil>,<nil>,<nil>,<nil>,<nil>,<nil>,<nil>,282,<nil>
3470348109,<nil>,<nil>,<nil>,<nil>,<nil>,<nil>,<nil>,<nil>,694,<nil>
2160480100,<nil>,<nil>,<nil>,<nil>,<nil>,<nil>,<nil>,<nil>,432,<nil>
1710313305,<nil>,<nil>,<nil>,<nil>,<nil>,<nil>,<nil>,<nil>,342,<nil>
719193065,<nil>,<nil>,<nil>,<nil>,<nil>,<nil>,<nil>,<nil>,143,<nil>
3747219472,<nil>,<nil>,<nil>,<nil>,<nil>,<nil>,<nil>,<nil>,749,<nil>
2669348880,<nil>,<nil>,<nil>,<nil>,<nil>,<nil>,<nil>,<nil>,533,<nil>
1967738700,<nil>,<nil>,<nil>,<nil>,<nil>,<nil>,<nil>,<nil>,393,<nil>
1939015332,<nil>,<nil>,<nil>,<nil>,<nil>,<nil>,<nil>,<nil>,387,<nil>
3692908376,<nil>,<nil>,<nil>,<nil>,<nil>,<nil>,<nil>,<nil>,738,<nil>
2768129880,<nil>,<nil>,<nil>,<nil>,<nil>,<nil>,<nil>,<nil>,553,<nil>
828002125,<nil>,<nil>,<nil>,<nil>,<nil>,<nil>,<nil>,<nil>,165,<nil>
3383906124,<nil>,<nil>,<nil>,<nil>,<nil>,<nil>,<nil>,<nil>,676,<nil>
1441484632,<nil>,<nil>,<nil>,<nil>,<nil>,<nil>,<nil>,<nil>,288,<nil>
383143757,<nil>,<nil>,<nil>,<nil>,<nil>,<nil>,<nil>,<nil>,76,<nil>
205606745,<nil>,<nil>,<nil>,<nil>,<nil>,<nil>,<nil>,<nil>,41,<nil>
3961391200,<nil>,<nil>,<nil>,<nil>,<nil>,<nil>,<nil>,<nil>,792,<nil>
1604800344,<nil>,<nil>,<nil>,<nil>,<nil>,<nil>,<nil>,<nil>,320,<nil>
743198540,<nil>,<nil>,<nil>,<nil>,<nil>,<nil>,<nil>,<nil>,148,<nil>
4136193869,<nil>,<nil>,<nil>,<nil>,<nil>,<nil>,<nil>,<nil>,827,<nil>
2474856269,<nil>,<nil>,<nil>,<nil>,<nil>,<nil>,<nil>,<nil>,494,<nil>
1322274661,<nil>,<nil>,<nil>,<nil>,<nil>,<nil>,<nil>,<nil>,264,<nil>
3685830500,<nil>,<nil>,<nil>,<nil>,<nil>,<nil>,<nil>,<nil>,737,<nil>
3835252556,<nil>,<nil>,<nil>,<nil>,<nil>,<nil>,<nil>,<nil>,767,<nil>
1623347033,<nil>,<nil>,<nil>,<nil>,<nil>,<nil>,<nil>,<nil>,324,<nil>
748506980,<nil>,<nil>,<nil>,<nil>,<nil>,<nil>,<nil>,<nil>,149,<nil>
1599885145,<nil>,<nil>,<nil>,<nil>,<nil>,<nil>,<nil>,<nil>,319,<nil>
822366041,<nil>,<nil>,<nil>,<nil>,<nil>,<nil>,<nil>,<nil>,164,<nil>
3056797904,<nil>,<nil>,<nil>,<nil>,<nil>,<nil>,<nil>,<nil>,611,<nil>
1140739916,<nil>,<nil>,<nil>,<nil>,<nil>,<nil>,<nil>,<nil>,228,<nil>
3800125261,<nil>,<nil>,<nil>,<nil>,<nil>,<nil>,<nil>,<nil>,760,<nil>
3598798680,<nil>,<nil>,<nil>,<nil>,<nil>,<nil>,<nil>,<nil>,719,<nil>
2358464832,<nil>,<nil>,<nil>,<nil>,<nil>,<nil>,<nil>,<nil>,471,<nil>
210567213,<nil>,<nil>,<nil>,<nil>,<nil>,<nil>,<nil>,<nil>,42,<nil>
2942914393,<nil>,<nil>,<nil>,<nil>,<nil>,<nil>,<nil>,<nil>,588,<nil>
368136013,<nil>,<nil>,<nil>,<nil>,<nil>,<nil>,<nil>,<nil>,73,<nil>
3609481060,<nil>,<nil>,<nil>,<nil>,<nil>,<nil>,<nil>,<nil>,721,<nil>
2404649168,<nil>,<nil>,<nil>,<nil>,<nil>,<nil>,<nil>,<nil>,480,<nil>
2131054412,<nil>,<nil>,<nil>,<nil>,<nil>,<nil>,<nil>,<nil>,426,<nil>
176246604,<nil>,<nil>,<nil>,<nil>,<nil>,<nil>,<nil>,<nil>,35,<nil>
3141422937,<nil>,<nil>,<nil>,<nil>,<nil>,<nil>,<nil>,<nil>,628,<nil>
1470385997,<nil>,<nil>,<nil>,<nil>,<nil>,<nil>,<nil>,<nil>,294,<nil>
2856585257,<nil>,<nil>,<nil>,<nil>,<nil>,<nil>,<nil>,<nil>,571,<nil>
2202882468,<nil>,<nil>,<nil>,<nil>,<nil>,<nil>,<nil>,<nil>,440,<nil>
4166733656,<nil>,<nil>,<nil>,<nil>,<nil>,<nil>,<nil>,<nil>,833,<nil>
2973454169,<nil>,<nil>,<nil>,<nil>,<nil>,<nil>,<nil>,<nil>,594,<nil>
1671301256,<nil>,<nil>,<nil>,<nil>,<nil>,<nil>,<nil>,<nil>,334,<nil>
668141584,<nil>,<nil>,<nil>,<nil>,<nil>,<nil>,<nil>,<nil>,133,<nil>
4163915608,<nil>,<nil>,<nil>,<nil>,<nil>,<nil>,<nil>,<nil>,832,<nil>
3376107340,<nil>,<nil>,<nil>,<nil>,<nil>,<nil>,<nil>,<nil>,675,<nil>
3654700877,<nil>,<nil>,<nil>,<nil>,<nil>,<nil>,<nil>,<nil>,730,<nil>
1851019085,<nil>,<nil>,<nil>,<nil>,<nil>,<nil>,<nil>,<nil>,370,<nil>
55660377,<nil>,<nil>,<nil>,<nil>,<nil>,<nil>,<nil>,<nil>,11,<nil>
1606700877,<nil>,<nil>,<nil>,<nil>,<nil>,<nil>,<nil>,<nil>,321,<nil>
32245800,<nil>,<nil>,<nil>,<nil>,<nil>,<nil>,<nil>,<nil>,6,<nil>
3696644516,<nil>,<nil>,<nil>,<nil>,<nil>,<nil>,<nil>,<nil>,739,<nil>
4089597772,<nil>,<nil>,<nil>,<nil>,<nil>,<nil>,<nil>,<nil>,817,<nil>
2296205144,<nil>,<nil>,<nil>,<nil>,<nil>,<nil>,<nil>,<nil>,459,<nil>
624316236,<nil>,<nil>,<nil>,<nil>,<nil>,<nil>,<nil>,<nil>,124,<nil>
3854323533,<nil>,<nil>,<nil>,<nil>,<nil>,<nil>,<nil>,<nil>,770,<nil>
2613989196,<nil>,<nil>,<nil>,<nil>,<nil>,<nil>,<nil>,<nil>,522,<nil>
1715359565,<nil>,<nil>,<nil>,<nil>,<nil>,<nil>,<nil>,<nil>,343,<nil>
606490147,<nil>,<nil>,<nil>,<nil>,<nil>,<nil>,<nil>,<nil>,121,<nil>
748506956,<nil>,<nil>,<nil>,<nil>,<nil>,<nil>,<nil>,<nil>,149,<nil>
2140472297,<nil>,<nil>,<nil>,<nil>,<nil>,<nil>,<nil>,<nil>,428,<nil>
4212739916,<nil>,<nil>,<nil>,<nil>,<nil>,<nil>,<nil>,<nil>,842,<nil>
3297464152,<nil>,<nil>,<nil>,<nil>,<nil>,<nil>,<nil>,<nil>,659,<nil>
1564168037,<nil>,<nil>,<nil>,<nil>,<nil>,<nil>,<nil>,<nil>,312,<nil>
3464253272,<nil>,<nil>,<nil>,<nil>,<nil>,<nil>,<nil>,<nil>,692,<nil>
2269269849,<nil>,<nil>,<nil>,<nil>,<nil>,<nil>,<nil>,<nil>,453,<nil>
2418691916,<nil>,<nil>,<nil>,<nil>,<nil>,<nil>,<nil>,<nil>,483,<nil>
939872089,<nil>,<nil>,<nil>,<nil>,<nil>,<nil>,<nil>,<nil>,187,<nil>
3837808460,<nil>,<nil>,<nil>,<nil>,<nil>,<nil>,<nil>,<nil>,767,<nil>
1735413580,<nil>,<nil>,<nil>,<nil>,<nil>,<nil>,<nil>,<nil>,347,<nil>
1120423768,<nil>,<nil>,<nil>,<nil>,<nil>,<nil>,<nil>,<nil>,224,<nil>
3042856793,<nil>,<nil>,<nil>,<nil>,<nil>,<nil>,<nil>,<nil>,608,<nil>
2379173708,<nil>,<nil>,<nil>,<nil>,<nil>,<nil>,<nil>,<nil>,475,<nil>
3206416400,<nil>,<nil>,<nil>,<nil>,<nil>,<nil>,<nil>,<nil>,641,<nil>
1538346840,<nil>,<nil>,<nil>,<nil>,<nil>,<nil>,<nil>,<nil>,307,<nil>
732563456,<nil>,<nil>,<nil>,<nil>,<nil>,<nil>,<nil>,<nil>,146,<nil>
2468302668,<nil>,<nil>,<nil>,<nil>,<nil>,<nil>,<nil>,<nil>,493,<nil>
679890765,<nil>,<nil>,<nil>,<nil>,<nil>,<nil>,<nil>,<nil>,135,<nil>
3398699048,<nil>,<nil>,<nil>,<nil>,<nil>,<nil>,<nil>,<nil>,679,<nil>
2398048077,<nil>,<nil>,<nil>,<nil>,<nil>,<nil>,<nil>,<nil>,479,<nil>
463425380,<nil>,<nil>,<nil>,<nil>,<nil>,<nil>,<nil>,<nil>,92,<nil>
3018149708,<nil>,<nil>,<nil>,<nil>,<nil>,<nil>,<nil>,<nil>,603,<nil>
1415564768,<nil>,<nil>,<nil>,<nil>,<nil>,<nil>,<nil>,<nil>,283,<nil>
165039949,<nil>,<nil>,<nil>,<nil>,<nil>,<nil>,<nil>,<nil>,33,<nil>
3598208856,<nil>,<nil>,<nil>,<nil>,<nil>,<nil>,<nil>,<nil>,719,<nil>
2006404964,<nil>,<nil>,<nil>,<nil>,<nil>,<nil>,<nil>,<nil>,401,<nil>
1377109678,<nil>,<nil>,<nil>,<nil>,<nil>,<nil>,<nil>,<nil>,275,<nil>
1853837133,<nil>,<nil>,<nil>,<nil>,<nil>,<nil>,<nil>,<nil>,370,<nil>
612323148,<nil>,<nil>,<nil>,<nil>,<nil>,<nil>,<nil>,<nil>,122,<nil>
2404405098,<nil>,<nil>,<nil>,<nil>,<nil>,<nil>,<nil>,<nil>,480,<nil>
1898729304,<nil>,<nil>,<nil>,<nil>,<nil>,<nil>,<nil>,<nil>,379,<nil>
2681622389,<nil>,<nil>,<nil>,<nil>,<nil>,<nil>,<nil>,<nil>,536,<nil>
1787252556,<nil>,<nil>,<nil>,<nil>,<nil>,<nil>,<nil>,<nil>,357,<nil>
1465667416,<nil>,<nil>,<nil>,<nil>,<nil>,<nil>,<nil>,<nil>,293,<nil>
1987119104,<nil>,<nil>,<nil>,<nil>,<nil>,<nil>,<nil>,<nil>,397,<nil>
4286009176,<nil>,<nil>,<nil>,<nil>,<nil>,<nil>,<nil>,<nil>,857,<nil>
2489798477,<nil>,<nil>,<nil>,<nil>,<nil>,<nil>,<nil>,<nil>,497,<nil>
1694650188,<nil>,<nil>,<nil>,<nil>,<nil>,<nil>,<nil>,<nil>,338,<nil>
2275168088,<nil>,<nil>,<nil>,<nil>,<nil>,<nil>,<nil>,<nil>,455,<nil>
623136589,<nil>,<nil>,<nil>,<nil>,<nil>,<nil>,<nil>,<nil>,124,<nil>
26398176,<nil>,<nil>,<nil>,<nil>,<nil>,<nil>,<nil>,<nil>,5,<nil>
1901285209,<nil>,<nil>,<nil>,<nil>,<nil>,<nil>,<nil>,<nil>,380,<nil>
3805695833,<nil>,<nil>,<nil>,<nil>,<nil>,<nil>,<nil>,<nil>,761,<nil>
2281721677,<nil>,<nil>,<nil>,<nil>,<nil>,<nil>,<nil>,<nil>,456,<nil>
1630621516,<nil>,<nil>,<nil>,<nil>,<nil>,<nil>,<nil>,<nil>,326,<nil>
367546201,<nil>,<nil>,<nil>,<nil>,<nil>,<nil>,<nil>,<nil>,73,<nil>
2905755493,<nil>,<nil>,<nil>,<nil>,<nil>,<nil>,<nil>,<nil>,581,<nil>
3187560280,<nil>,<nil>,<nil>,<nil>,<nil>,<nil>,<nil>,<nil>,637,<nil>
1397837657,<nil>,<nil>,<nil>,<nil>,<nil>,<nil>,<nil>,<nil>,279,<nil>
4003221324,<nil>,<nil>,<nil>,<nil>,<nil>,<nil>,<nil>,<nil>,800,<nil>
2786348876,<nil>,<nil>,<nil>,<nil>,<nil>,<nil>,<nil>,<nil>,557,<nil>
3980808025,<nil>,<nil>,<nil>,<nil>,<nil>,<nil>,<nil>,<nil>,796,<nil>
3058782041,<nil>,<nil>,<nil>,<nil>,<nil>,<nil>,<nil>,<nil>,611,<nil>
1623281485,<nil>,<nil>,<nil>,<nil>,<nil>,<nil>,<nil>,<nil>,324,<nil>
287705104,<nil>,<nil>,<nil>,<nil>,<nil>,<nil>,<nil>,<nil>,57,<nil>
3168030540,<nil>,<nil>,<nil>,<nil>,<nil>,<nil>,<nil>,<nil>,633,<nil>
1508265804,<nil>,<nil>,<nil>,<nil>,<nil>,<nil>,<nil>,<nil>,301,<nil>
1640583013,<nil>,<nil>,<nil>,<nil>,<nil>,<nil>,<nil>,<nil>,328,<nil>
856641061,<nil>,<nil>,<nil>,<nil>,<nil>,<nil>,<nil>,<nil>,171,<nil>
2832420684,<nil>,<nil>,<nil>,<nil>,<nil>,<nil>,<nil>,<nil>,566,<nil>
2588168012,<nil>,<nil>,<nil>,<nil>,<nil>,<nil>,<nil>,<nil>,517,<nil>
667111257,<nil>,<nil>,<nil>,<nil>,<nil>,<nil>,<nil>,<nil>,133,<nil>
3873787736,<nil>,<nil>,<nil>,<nil>,<nil>,<nil>,<nil>,<nil>,774,<nil>
3148490597,<nil>,<nil>,<nil>,<nil>,<nil>,<nil>,<nil>,<nil>,629,<nil>
1888178009,<nil>,<nil>,<nil>,<nil>,<nil>,<nil>,<nil>,<nil>,377,<nil>
2540130136,<nil>,<nil>,<nil>,<nil>,<nil>,<nil>,<nil>,<nil>,508,<nil>
452153165,<nil>,<nil>,<nil>,<nil>,<nil>,<nil>,<nil>,<nil>,90,<nil>
850349913,<nil>,<nil>,<nil>,<nil>,<nil>,<nil>,<nil>,<nil>,170,<nil>
3045478250,<nil>,<nil>,<nil>,<nil>,<nil>,<nil>,<nil>,<nil>,609,<nil>
1225150285,<nil>,<nil>,<nil>,<nil>,<nil>,<nil>,<nil>,<nil>,245,<nil>
132075340,<nil>,<nil>,<nil>,<nil>,<nil>,<nil>,<nil>,<nil>,26,<nil>
2786021197,<nil>,<nil>,<nil>,<nil>,<nil>,<nil>,<nil>,<nil>,557,<nil>
1089011818,<nil>,<nil>,<nil>,<nil>,<nil>,<nil>,<nil>,<nil>,217,<nil>
146690058,<nil>,<nil>,<nil>,<nil>,<nil>,<nil>,<nil>,<nil>,29,<nil>
2448427024,<nil>,<nil>,<nil>,<nil>,<nil>,<nil>,<nil>,<nil>,489,<nil>
300109645,<nil>,<nil>,<nil>,<nil>,<nil>,<nil>,<nil>,<nil>,60,<nil>
3136114532,<nil>,<nil>,<nil>,<nil>,<nil>,<nil>,<nil>,<nil>,627,<nil>
1411862360,<nil>,<nil>,<nil>,<nil>,<nil>,<nil>,<nil>,<nil>,282,<nil>
489377624,<nil>,<nil>,<nil>,<nil>,<nil>,<nil>,<nil>,<nil>,97,<nil>
4289154892,<nil>,<nil>,<nil>,<nil>,<nil>,<nil>,<nil>,<nil>,857,<nil>
3405533017,<nil>,<nil>,<nil>,<nil>,<nil>,<nil>,<nil>,<nil>,681,<nil>
2423261184,<nil>,<nil>,<nil>,<nil>,<nil>,<nil>,<nil>,<nil>,484,<nil>
882116816,<nil>,<nil>,<nil>,<nil>,<nil>,<nil>,<nil>,<nil>,176,<nil>
160452428,<nil>,<nil>,<nil>,<nil>,<nil>,<nil>,<nil>,<nil>,32,<nil>
2659733337,<nil>,<nil>,<nil>,<nil>,<nil>,<nil>,<nil>,<nil>,531,<nil>
1856065356,<nil>,<nil>,<nil>,<nil>,<nil>,<nil>,<nil>,<nil>,371,<nil>
1938902885,<nil>,<nil>,<nil>,<nil>,<nil>,<nil>,<nil>,<nil>,387,<nil>
461197144,<nil>,<nil>,<nil>,<nil>,<nil>,<nil>,<nil>,<nil>,92,<nil>
3922397320,<nil>,<nil>,<nil>,<nil>,<nil>,<nil>,<nil>,<nil>,784,<nil>
1856374800,<nil>,<nil>,<nil>,<nil>,<nil>,<nil>,<nil>,<nil>,371,<nil>
115036480,<nil>,<nil>,<nil>,<nil>,<nil>,<nil>,<nil>,<nil>,23,<nil>
2645380940,<nil>,<nil>,<nil>,<nil>,<nil>,<nil>,<nil>,<nil>,529,<nil>
1824739160,<nil>,<nil>,<nil>,<nil>,<nil>,<nil>,<nil>,<nil>,364,<nil>
300896076,<nil>,<nil>,<nil>,<nil>,<nil>,<nil>,<nil>,<nil>,60,<nil>
689983908,<nil>,<nil>,<nil>,<nil>,<nil>,<nil>,<nil>,<nil>,137,<nil>
1582780237,<nil>,<nil>,<nil>,<nil>,<nil>,<nil>,<nil>,<nil>,316,<nil>
4076621645,<nil>,<nil>,<nil>,<nil>,<nil>,<nil>,<nil>,<nil>,815,<nil>
3142340440,<nil>,<nil>,<nil>,<nil>,<nil>,<nil>,<nil>,<nil>,628,<nil>
251219788,<nil>,<nil>,<nil>,<nil>,<nil>,<nil>,<nil>,<nil>,50,<nil>
3041611608,<nil>,<nil>,<nil>,<nil>,<nil>,<nil>,<nil>,<nil>,608,<nil>
1098207053,<nil>,<nil>,<nil>,<nil>,<nil>,<nil>,<nil>,<nil>,219,<nil>
4263268197,<nil>,<nil>,<nil>,<nil>,<nil>,<nil>,<nil>,<nil>,852,<nil>
4125708109,<nil>,<nil>,<nil>,<nil>,<nil>,<nil>,<nil>,<nil>,825,<nil>
3474018124,<nil>,<nil>,<nil>,<nil>,<nil>,<nil>,<nil>,<nil>,694,<nil>
1702580057,<nil>,<nil>,<nil>,<nil>,<nil>,<nil>,<nil>,<nil>,340,<nil>
1434191913,<nil>,<nil>,<nil>,<nil>,<nil>,<nil>,<nil>,<nil>,286,<nil>
3801501516,<nil>,<nil>,<nil>,<nil>,<nil>,<nil>,<nil>,<nil>,760,<nil>
2890944344,<nil>,<nil>,<nil>,<nil>,<nil>,<nil>,<nil>,<nil>,578,<nil>
257576780,<nil>,<nil>,<nil>,<nil>,<nil>,<nil>,<nil>,<nil>,51,<nil>
2486521689,<nil>,<nil>,<nil>,<nil>,<nil>,<nil>,<nil>,<nil>,497,<nil>
531582809,<nil>,<nil>,<nil>,<nil>,<nil>,<nil>,<nil>,<nil>,106,<nil>
963971232,<nil>,<nil>,<nil>,<nil>,<nil>,<nil>,<nil>,<nil>,192,<nil>
1729253197,<nil>,<nil>,<nil>,<nil>,<nil>,<nil>,<nil>,<nil>,345,<nil>
466093742,<nil>,<nil>,<nil>,<nil>,<nil>,<nil>,<nil>,<nil>,93,<nil>
3141160792,<nil>,<nil>,<nil>,<nil>,<nil>,<nil>,<nil>,<nil>,628,<nil>
1353731929,<nil>,<nil>,<nil>,<nil>,<nil>,<nil>,<nil>,<nil>,270,<nil>
1011371853,<nil>,<nil>,<nil>,<nil>,<nil>,<nil>,<nil>,<nil>,202,<nil>
600592704,<nil>,<nil>,<nil>,<nil>,<nil>,<nil>,<nil>,<nil>,120,<nil>
746671948,<nil>,<nil>,<nil>,<nil>,<nil>,<nil>,<nil>,<nil>,149,<nil>
3235663692,<nil>,<nil>,<nil>,<nil>,<nil>,<nil>,<nil>,<nil>,647,<nil>
2640072537,<nil>,<nil>,<nil>,<nil>,<nil>,<nil>,<nil>,<nil>,528,<nil>
689917785,<nil>,<nil>,<nil>,<nil>,<nil>,<nil>,<nil>,<nil>,137,<nil>
3388475600,<nil>,<nil>,<nil>,<nil>,<nil>,<nil>,<nil>,<nil>,677,<nil>
2527547224,<nil>,<nil>,<nil>,<nil>,<nil>,<nil>,<nil>,<nil>,505,<nil>
1741311821,<nil>,<nil>,<nil>,<nil>,<nil>,<nil>,<nil>,<nil>,348,<nil>
652300108,<nil>,<nil>,<nil>,<nil>,<nil>,<nil>,<nil>,<nil>,130,<nil>
3523136991,<nil>,<nil>,<nil>,<nil>,<nil>,<nil>,<nil>,<nil>,704,<nil>
2383677600,<nil>,<nil>,<nil>,<nil>,<nil>,<nil>,<nil>,<nil>,476,<nil>
964513612,<nil>,<nil>,<nil>,<nil>,<nil>,<nil>,<nil>,<nil>,192,<nil>
3758313304,<nil>,<nil>,<nil>,<nil>,<nil>,<nil>,<nil>,<nil>,751,<nil>
3098759001,<nil>,<nil>,<nil>,<nil>,<nil>,<nil>,<nil>,<nil>,619,<nil>
1775325028,<nil>,<nil>,<nil>,<nil>,<nil>,<nil>,<nil>,<nil>,355,<nil>
519982937,<nil>,<nil>,<nil>,<nil>,<nil>,<nil>,<nil>,<nil>,103,<nil>
3224981337,<nil>,<nil>,<nil>,<nil>,<nil>,<nil>,<nil>,<nil>,644,<nil>
3099983973,<nil>,<nil>,<nil>,<nil>,<nil>,<nil>,<nil>,<nil>,619,<nil>
1758529188,<nil>,<nil>,<nil>,<nil>,<nil>,<nil>,<nil>,<nil>,351,<nil>
216354636,<nil>,<nil>,<nil>,<nil>,<nil>,<nil>,<nil>,<nil>,43,<nil>
324751180,<nil>,<nil>,<nil>,<nil>,<nil>,<nil>,<nil>,<nil>,64,<nil>
1307004749,<nil>,<nil>,<nil>,<nil>,<nil>,<nil>,<nil>,<nil>,261,<nil>
4095430489,<nil>,<nil>,<nil>,<nil>,<nil>,<nil>,<nil>,<nil>,819,<nil>
1260343129,<nil>,<nil>,<nil>,<nil>,<nil>,<nil>,<nil>,<nil>,252,<nil>
276647768,<nil>,<nil>,<nil>,<nil>,<nil>,<nil>,<nil>,<nil>,55,<nil>
2640400217,<nil>,<nil>,<nil>,<nil>,<nil>,<nil>,<nil>,<nil>,528,<nil>
2529165423,<nil>,<nil>,<nil>,<nil>,<nil>,<nil>,<nil>,<nil>,505,<nil>
3847311192,<nil>,<nil>,<nil>,<nil>,<nil>,<nil>,<nil>,<nil>,769,<nil>
1769557849,<nil>,<nil>,<nil>,<nil>,<nil>,<nil>,<nil>,<nil>,353,<nil>
974540632,<nil>,<nil>,<nil>,<nil>,<nil>,<nil>,<nil>,<nil>,194,<nil>
3354611532,<nil>,<nil>,<nil>,<nil>,<nil>,<nil>,<nil>,<nil>,670,<nil>
1693667148,<nil>,<nil>,<nil>,<nil>,<nil>,<nil>,<nil>,<nil>,338,<nil>
356077389,<nil>,<nil>,<nil>,<nil>,<nil>,<nil>,<nil>,<nil>,71,<nil>
1596280664,<nil>,<nil>,<nil>,<nil>,<nil>,<nil>,<nil>,<nil>,319,<nil>
251416409,<nil>,<nil>,<nil>,<nil>,<nil>,<nil>,<nil>,<nil>,50,<nil>
3968749400,<nil>,<nil>,<nil>,<nil>,<nil>,<nil>,<nil>,<nil>,793,<nil>
1893027673,<nil>,<nil>,<nil>,<nil>,<nil>,<nil>,<nil>,<nil>,378,<nil>
959860557,<nil>,<nil>,<nil>,<nil>,<nil>,<nil>,<nil>,<nil>,191,<nil>
2020036133,<nil>,<nil>,<nil>,<nil>,<nil>,<nil>,<nil>,<nil>,404,<nil>
3938799436,<nil>,<nil>,<nil>,<nil>,<nil>,<nil>,<nil>,<nil>,787,<nil>
2008108877,<nil>,<nil>,<nil>,<nil>,<nil>,<nil>,<nil>,<nil>,401,<nil>
1652707148,<nil>,<nil>,<nil>,<nil>,<nil>,<nil>,<nil>,<nil>,330,<nil>
2916765528,<nil>,<nil>,<nil>,<nil>,<nil>,<nil>,<nil>,<nil>,583,<nil>
1699368792,<nil>,<nil>,<nil>,<nil>,<nil>,<nil>,<nil>,<nil>,339,<nil>
4197797733,<nil>,<nil>,<nil>,<nil>,<nil>,<nil>,<nil>,<nil>,839,<nil>
2899660620,<nil>,<nil>,<nil>,<nil>,<nil>,<nil>,<nil>,<nil>,579,<nil>
1908604944,<nil>,<nil>,<nil>,<nil>,<nil>,<nil>,<nil>,<nil>,381,<nil>
3542634316,<nil>,<nil>,<nil>,<nil>,<nil>,<nil>,<nil>,<nil>,708,<nil>
1331515225,<nil>,<nil>,<nil>,<nil>,<nil>,<nil>,<nil>,<nil>,266,<nil>
971263832,<nil>,<nil>,<nil>,<nil>,<nil>,<nil>,<nil>,<nil>,194,<nil>
2122600281,<nil>,<nil>,<nil>,<nil>,<nil>,<nil>,<nil>,<nil>,424,<nil>
1324830552,<nil>,<nil>,<nil>,<nil>,<nil>,<nil>,<nil>,<nil>,264,<nil>
3676524365,<nil>,<nil>,<nil>,<nil>,<nil>,<nil>,<nil>,<nil>,735,<nil>
344936281,<nil>,<nil>,<nil>,<nil>,<nil>,<nil>,<nil>,<nil>,68,<nil>
3540406092,<nil>,<nil>,<nil>,<nil>,<nil>,<nil>,<nil>,<nil>,708,<nil>
3220459352,<nil>,<nil>,<nil>,<nil>,<nil>,<nil>,<nil>,<nil>,644,<nil>
1567117133,<nil>,<nil>,<nil>,<nil>,<nil>,<nil>,<nil>,<nil>,313,<nil>
3524284237,<nil>,<nil>,<nil>,<nil>,<nil>,<nil>,<nil>,<nil>,704,<nil>
2735886168,<nil>,<nil>,<nil>,<nil>,<nil>,<nil>,<nil>,<nil>,547,<nil>
1620397901,<nil>,<nil>,<nil>,<nil>,<nil>,<nil>,<nil>,<nil>,324,<nil>
4120203097,<nil>,<nil>,<nil>,<nil>,<nil>,<nil>,<nil>,<nil>,824,<nil>
2903068492,<nil>,<nil>,<nil>,<nil>,<nil>,<nil>,<nil>,<nil>,580,<nil>
1126911833,<nil>,<nil>,<nil>,<nil>,<nil>,<nil>,<nil>,<nil>,225,<nil>
675088384,<nil>,<nil>,<nil>,<nil>,<nil>,<nil>,<nil>,<nil>,135,<nil>
2171162456,<nil>,<nil>,<nil>,<nil>,<nil>,<nil>,<nil>,<nil>,434,<nil>
1028476773,<nil>,<nil>,<nil>,<nil>,<nil>,<nil>,<nil>,<nil>,205,<nil>
3685240664,<nil>,<nil>,<nil>,<nil>,<nil>,<nil>,<nil>,<nil>,737,<nil>
1742032717,<nil>,<nil>,<nil>,<nil>,<nil>,<nil>,<nil>,<nil>,348,<nil>
648761164,<nil>,<nil>,<nil>,<nil>,<nil>,<nil>,<nil>,<nil>,129,<nil>
3540143949,<nil>,<nil>,<nil>,<nil>,<nil>,<nil>,<nil>,<nil>,708,<nil>
1860915020,<nil>,<nil>,<nil>,<nil>,<nil>,<nil>,<nil>,<nil>,372,<nil>
4066004824,<nil>,<nil>,<nil>,<nil>,<nil>,<nil>,<nil>,<nil>,813,<nil>
1803046745,<nil>,<nil>,<nil>,<nil>,<nil>,<nil>,<nil>,<nil>,360,<nil>
3411627877,<nil>,<nil>,<nil>,<nil>,<nil>,<nil>,<nil>,<nil>,682,<nil>
2717667160,<nil>,<nil>,<nil>,<nil>,<nil>,<nil>,<nil>,<nil>,543,<nil>
1522093913,<nil>,<nil>,<nil>,<nil>,<nil>,<nil>,<nil>,<nil>,304,<nil>
2309171050,<nil>,<nil>,<nil>,<nil>,<nil>,<nil>,<nil>,<nil>,461,<nil>
772624205,<nil>,<nil>,<nil>,<nil>,<nil>,<nil>,<nil>,<nil>,154,<nil>
3691007832,<nil>,<nil>,<nil>,<nil>,<nil>,<nil>,<nil>,<nil>,738,<nil>
3118092120,<nil>,<nil>,<nil>,<nil>,<nil>,<nil>,<nil>,<nil>,623,<nil>
1071927146,<nil>,<nil>,<nil>,<nil>,<nil>,<nil>,<nil>,<nil>,214,<nil>
1086195374,<nil>,<nil>,<nil>,<nil>,<nil>,<nil>,<nil>,<nil>,217,<nil>
3336982348,<nil>,<nil>,<nil>,<nil>,<nil>,<nil>,<nil>,<nil>,667,<nil>
309415756,<nil>,<nil>,<nil>,<nil>,<nil>,<nil>,<nil>,<nil>,61,<nil>
3537915724,<nil>,<nil>,<nil>,<nil>,<nil>,<nil>,<nil>,<nil>,707,<nil>
681857444,<nil>,<nil>,<nil>,<nil>,<nil>,<nil>,<nil>,<nil>,136,<nil>
2644397912,<nil>,<nil>,<nil>,<nil>,<nil>,<nil>,<nil>,<nil>,528,<nil>
1742425945,<nil>,<nil>,<nil>,<nil>,<nil>,<nil>,<nil>,<nil>,348,<nil>
603082572,<nil>,<nil>,<nil>,<nil>,<nil>,<nil>,<nil>,<nil>,120,<nil>
3120058201,<nil>,<nil>,<nil>,<nil>,<nil>,<nil>,<nil>,<nil>,624,<nil>
2609925964,<nil>,<nil>,<nil>,<nil>,<nil>,<nil>,<nil>,<nil>,521,<nil>
2404142924,<nil>,<nil>,<nil>,<nil>,<nil>,<nil>,<nil>,<nil>,480,<nil>
4193210201,<nil>,<nil>,<nil>,<nil>,<nil>,<nil>,<nil>,<nil>,838,<nil>
3112324941,<nil>,<nil>,<nil>,<nil>,<nil>,<nil>,<nil>,<nil>,622,<nil>
2046906213,<nil>,<nil>,<nil>,<nil>,<nil>,<nil>,<nil>,<nil>,409,<nil>
303124300,<nil>,<nil>,<nil>,<nil>,<nil>,<nil>,<nil>,<nil>,60,<nil>
130830168,<nil>,<nil>,<nil>,<nil>,<nil>,<nil>,<nil>,<nil>,26,<nil>
2989707084,<nil>,<nil>,<nil>,<nil>,<nil>,<nil>,<nil>,<nil>,597,<nil>
471748429,<nil>,<nil>,<nil>,<nil>,<nil>,<nil>,<nil>,<nil>,94,<nil>
3466874713,<nil>,<nil>,<nil>,<nil>,<nil>,<nil>,<nil>,<nil>,693,<nil>
2097041241,<nil>,<nil>,<nil>,<nil>,<nil>,<nil>,<nil>,<nil>,419,<nil>
1400720933,<nil>,<nil>,<nil>,<nil>,<nil>,<nil>,<nil>,<nil>,280,<nil>
3316535129,<nil>,<nil>,<nil>,<nil>,<nil>,<nil>,<nil>,<nil>,663,<nil>
1640714061,<nil>,<nil>,<nil>,<nil>,<nil>,<nil>,<nil>,<nil>,328,<nil>
507775016,<nil>,<nil>,<nil>,<nil>,<nil>,<nil>,<nil>,<nil>,101,<nil>
53956429,<nil>,<nil>,<nil>,<nil>,<nil>,<nil>,<nil>,<nil>,10,<nil>
2602323813,<nil>,<nil>,<nil>,<nil>,<nil>,<nil>,<nil>,<nil>,520,<nil>
1453674316,<nil>,<nil>,<nil>,<nil>,<nil>,<nil>,<nil>,<nil>,290,<nil>
3794095948,<nil>,<nil>,<nil>,<nil>,<nil>,<nil>,<nil>,<nil>,758,<nil>
3245363044,<nil>,<nil>,<nil>,<nil>,<nil>,<nil>,<nil>,<nil>,649,<nil>
1722746896,<nil>,<nil>,<nil>,<nil>,<nil>,<nil>,<nil>,<nil>,344,<nil>
3724496717,<nil>,<nil>,<nil>,<nil>,<nil>,<nil>,<nil>,<nil>,744,<nil>
3084865368,<nil>,<nil>,<nil>,<nil>,<nil>,<nil>,<nil>,<nil>,616,<nil>
507662156,<nil>,<nil>,<nil>,<nil>,<nil>,<nil>,<nil>,<nil>,101,<nil>
2851032908,<nil>,<nil>,<nil>,<nil>,<nil>,<nil>,<nil>,<nil>,570,<nil>
1520652121,<nil>,<nil>,<nil>,<nil>,<nil>,<nil>,<nil>,<nil>,304,<nil>
130895704,<nil>,<nil>,<nil>,<nil>,<nil>,<nil>,<nil>,<nil>,26,<nil>
3057274712,<nil>,<nil>,<nil>,<nil>,<nil>,<nil>,<nil>,<nil>,611,<nil>
1934624808,<nil>,<nil>,<nil>,<nil>,<nil>,<nil>,<nil>,<nil>,386,<nil>
927289177,<nil>,<nil>,<nil>,<nil>,<nil>,<nil>,<nil>,<nil>,185,<nil>
3833286488,<nil>,<nil>,<nil>,<nil>,<nil>,<nil>,<nil>,<nil>,766,<nil>
2684440421,<nil>,<nil>,<nil>,<nil>,<nil>,<nil>,<nil>,<nil>,536,<nil>
3675279204,<nil>,<nil>,<nil>,<nil>,<nil>,<nil>,<nil>,<nil>,735,<nil>
2142391845,<nil>,<nil>,<nil>,<nil>,<nil>,<nil>,<nil>,<nil>,428,<nil>
4156641101,<nil>,<nil>,<nil>,<nil>,<nil>,<nil>,<nil>,<nil>,831,<nil>
2915782476,<nil>,<nil>,<nil>,<nil>,<nil>,<nil>,<nil>,<nil>,583,<nil>
2043891532,<nil>,<nil>,<nil>,<nil>,<nil>,<nil>,<nil>,<nil>,408,<nil>
269897561,<nil>,<nil>,<nil>,<nil>,<nil>,<nil>,<nil>,<nil>,53,<nil>
3758968652,<nil>,<nil>,<nil>,<nil>,<nil>,<nil>,<nil>,<nil>,751,<nil>
3747172173,<nil>,<nil>,<nil>,<nil>,<nil>,<nil>,<nil>,<nil>,749,<nil>
3278851929,<nil>,<nil>,<nil>,<nil>,<nil>,<nil>,<nil>,<nil>,655,<nil>
1908887385,<nil>,<nil>,<nil>,<nil>,<nil>,<nil>,<nil>,<nil>,381,<nil>
400230064,<nil>,<nil>,<nil>,<nil>,<nil>,<nil>,<nil>,<nil>,80,<nil>
3028569933,<nil>,<nil>,<nil>,<nil>,<nil>,<nil>,<nil>,<nil>,605,<nil>
1009714863,<nil>,<nil>,<nil>,<nil>,<nil>,<nil>,<nil>,<nil>,201,<nil>
3270248448,<nil>,<nil>,<nil>,<nil>,<nil>,<nil>,<nil>,<nil>,654,<nil>
2039828313,<nil>,<nil>,<nil>,<nil>,<nil>,<nil>,<nil>,<nil>,407,<nil>
2003062617,<nil>,<nil>,<nil>,<nil>,<nil>,<nil>,<nil>,<nil>,400,<nil>
626347853,<nil>,<nil>,<nil>,<nil>,<nil>,<nil>,<nil>,<nil>,125,<nil>
3827978060,<nil>,<nil>,<nil>,<nil>,<nil>,<nil>,<nil>,<nil>,765,<nil>
1964789580,<nil>,<nil>,<nil>,<nil>,<nil>,<nil>,<nil>,<nil>,392,<nil>
4178267981,<nil>,<nil>,<nil>,<nil>,<nil>,<nil>,<nil>,<nil>,835,<nil>
3531165516,<nil>,<nil>,<nil>,<nil>,<nil>,<nil>,<nil>,<nil>,706,<nil>
3490860876,<nil>,<nil>,<nil>,<nil>,<nil>,<nil>,<nil>,<nil>,698,<nil>
1278496601,<nil>,<nil>,<nil>,<nil>,<nil>,<nil>,<nil>,<nil>,255,<nil>
776752984,<nil>,<nil>,<nil>,<nil>,<nil>,<nil>,<nil>,<nil>,155,<nil>
522659689,<nil>,<nil>,<nil>,<nil>,<nil>,<nil>,<nil>,<nil>,104,<nil>
3815264089,<nil>,<nil>,<nil>,<nil>,<nil>,<nil>,<nil>,<nil>,763,<nil>
2271366988,<nil>,<nil>,<nil>,<nil>,<nil>,<nil>,<nil>,<nil>,454,<nil>
758075212,<nil>,<nil>,<nil>,<nil>,<nil>,<nil>,<nil>,<nil>,151,<nil>
3724234585,<nil>,<nil>,<nil>,<nil>,<nil>,<nil>,<nil>,<nil>,744,<nil>
3038007129,<nil>,<nil>,<nil>,<nil>,<nil>,<nil>,<nil>,<nil>,607,<nil>
1358450520,<nil>,<nil>,<nil>,<nil>,<nil>,<nil>,<nil>,<nil>,271,<nil>
436752216,<nil>,<nil>,<nil>,<nil>,<nil>,<nil>,<nil>,<nil>,87,<nil>
474042212,<nil>,<nil>,<nil>,<nil>,<nil>,<nil>,<nil>,<nil>,94,<nil>
2448772953,<nil>,<nil>,<nil>,<nil>,<nil>,<nil>,<nil>,<nil>,489,<nil>
1365266253,<nil>,<nil>,<nil>,<nil>,<nil>,<nil>,<nil>,<nil>,273,<nil>
3920908108,<nil>,<nil>,<nil>,<nil>,<nil>,<nil>,<nil>,<nil>,784,<nil>
2558873420,<nil>,<nil>,<nil>,<nil>,<nil>,<nil>,<nil>,<nil>,511,<nil>
899370828,<nil>,<nil>,<nil>,<nil>,<nil>,<nil>,<nil>,<nil>,179,<nil>
3864153945,<nil>,<nil>,<nil>,<nil>,<nil>,<nil>,<nil>,<nil>,772,<nil>
2643462160,<nil>,<nil>,<nil>,<nil>,<nil>,<nil>,<nil>,<nil>,528,<nil>
1248284492,<nil>,<nil>,<nil>,<nil>,<nil>,<nil>,<nil>,<nil>,249,<nil>
2409189197,<nil>,<nil>,<nil>,<nil>,<nil>,<nil>,<nil>,<nil>,481,<nil>
748900173,<nil>,<nil>,<nil>,<nil>,<nil>,<nil>,<nil>,<nil>,149,<nil>
3955969868,<nil>,<nil>,<nil>,<nil>,<nil>,<nil>,<nil>,<nil>,791,<nil>
194465612,<nil>,<nil>,<nil>,<nil>,<nil>,<nil>,<nil>,<nil>,38,<nil>
3148107597,<nil>,<nil>,<nil>,<nil>,<nil>,<nil>,<nil>,<nil>,629,<nil>
1633701709,<nil>,<nil>,<nil>,<nil>,<nil>,<nil>,<nil>,<nil>,326,<nil>
3787476812,<nil>,<nil>,<nil>,<nil>,<nil>,<nil>,<nil>,<nil>,757,<nil>
3020115800,<nil>,<nil>,<nil>,<nil>,<nil>,<nil>,<nil>,<nil>,604,<nil>
651775833,<nil>,<nil>,<nil>,<nil>,<nil>,<nil>,<nil>,<nil>,130,<nil>
3493005520,<nil>,<nil>,<nil>,<nil>,<nil>,<nil>,<nil>,<nil>,698,<nil>
1524584293,<nil>,<nil>,<nil>,<nil>,<nil>,<nil>,<nil>,<nil>,304,<nil>
1586777945,<nil>,<nil>,<nil>,<nil>,<nil>,<nil>,<nil>,<nil>,317,<nil>
345310185,<nil>,<nil>,<nil>,<nil>,<nil>,<nil>,<nil>,<nil>,69,<nil>
2932494180,<nil>,<nil>,<nil>,<nil>,<nil>,<nil>,<nil>,<nil>,586,<nil>
3081654093,<nil>,<nil>,<nil>,<nil>,<nil>,<nil>,<nil>,<nil>,616,<nil>
1551716172,<nil>,<nil>,<nil>,<nil>,<nil>,<nil>,<nil>,<nil>,310,<nil>
46944088,<nil>,<nil>,<nil>,<nil>,<nil>,<nil>,<nil>,<nil>,9,<nil>
2710589273,<nil>,<nil>,<nil>,<nil>,<nil>,<nil>,<nil>,<nil>,542,<nil>
3367915352,<nil>,<nil>,<nil>,<nil>,<nil>,<nil>,<nil>,<nil>,673,<nil>
1431129945,<nil>,<nil>,<nil>,<nil>,<nil>,<nil>,<nil>,<nil>,286,<nil>
627199820,<nil>,<nil>,<nil>,<nil>,<nil>,<nil>,<nil>,<nil>,125,<nil>
930041700,<nil>,<nil>,<nil>,<nil>,<nil>,<nil>,<nil>,<nil>,186,<nil>
3639168856,<nil>,<nil>,<nil>,<nil>,<nil>,<nil>,<nil>,<nil>,727,<nil>
3701624653,<nil>,<nil>,<nil>,<nil>,<nil>,<nil>,<nil>,<nil>,740,<nil>
2310360908,<nil>,<nil>,<nil>,<nil>,<nil>,<nil>,<nil>,<nil>,462,<nil>
3472510809,<nil>,<nil>,<nil>,<nil>,<nil>,<nil>,<nil>,<nil>,694,<nil>
2292647588,<nil>,<nil>,<nil>,<nil>,<nil>,<nil>,<nil>,<nil>,458,<nil>
521949029,<nil>,<nil>,<nil>,<nil>,<nil>,<nil>,<nil>,<nil>,104,<nil>
384192344,<nil>,<nil>,<nil>,<nil>,<nil>,<nil>,<nil>,<nil>,76,<nil>
3018674008,<nil>,<nil>,<nil>,<nil>,<nil>,<nil>,<nil>,<nil>,603,<nil>
1239371609,<nil>,<nil>,<nil>,<nil>,<nil>,<nil>,<nil>,<nil>,247,<nil>
650446500,<nil>,<nil>,<nil>,<nil>,<nil>,<nil>,<nil>,<nil>,130,<nil>
2455850828,<nil>,<nil>,<nil>,<nil>,<nil>,<nil>,<nil>,<nil>,491,<nil>
796741452,<nil>,<nil>,<nil>,<nil>,<nil>,<nil>,<nil>,<nil>,159,<nil>
4199763801,<nil>,<nil>,<nil>,<nil>,<nil>,<nil>,<nil>,<nil>,839,<nil>
515179498,<nil>,<nil>,<nil>,<nil>,<nil>,<nil>,<nil>,<nil>,103,<nil>
2614233307,<nil>,<nil>,<nil>,<nil>,<nil>,<nil>,<nil>,<nil>,522,<nil>
1641107277,<nil>,<nil>,<nil>,<nil>,<nil>,<nil>,<nil>,<nil>,328,<nil>
2778156889,<nil>,<nil>,<nil>,<nil>,<nil>,<nil>,<nil>,<nil>,555,<nil>
451020800,<nil>,<nil>,<nil>,<nil>,<nil>,<nil>,<nil>,<nil>,90,<nil>
3216461656,<nil>,<nil>,<nil>,<nil>,<nil>,<nil>,<nil>,<nil>,643,<nil>
1545752396,<nil>,<nil>,<nil>,<nil>,<nil>,<nil>,<nil>,<nil>,309,<nil>
2095664972,<nil>,<nil>,<nil>,<nil>,<nil>,<nil>,<nil>,<nil>,419,<nil>
1797934924,<nil>,<nil>,<nil>,<nil>,<nil>,<nil>,<nil>,<nil>,359,<nil>
4156575565,<nil>,<nil>,<nil>,<nil>,<nil>,<nil>,<nil>,<nil>,831,<nil>
2627096396,<nil>,<nil>,<nil>,<nil>,<nil>,<nil>,<nil>,<nil>,525,<nil>
1097093540,<nil>,<nil>,<nil>,<nil>,<nil>,<nil>,<nil>,<nil>,219,<nil>
2911260504,<nil>,<nil>,<nil>,<nil>,<nil>,<nil>,<nil>,<nil>,582,<nil>
2971225962,<nil>,<nil>,<nil>,<nil>,<nil>,<nil>,<nil>,<nil>,594,<nil>
1691813929,<nil>,<nil>,<nil>,<nil>,<nil>,<nil>,<nil>,<nil>,338,<nil>
295569060,<nil>,<nil>,<nil>,<nil>,<nil>,<nil>,<nil>,<nil>,59,<nil>
2127187789,<nil>,<nil>,<nil>,<nil>,<nil>,<nil>,<nil>,<nil>,425,<nil>
2603044685,<nil>,<nil>,<nil>,<nil>,<nil>,<nil>,<nil>,<nil>,520,<nil>
921456460,<nil>,<nil>,<nil>,<nil>,<nil>,<nil>,<nil>,<nil>,184,<nil>
4159131480,<nil>,<nil>,<nil>,<nil>,<nil>,<nil>,<nil>,<nil>,831,<nil>
2635353932,<nil>,<nil>,<nil>,<nil>,<nil>,<nil>,<nil>,<nil>,527,<nil>
694421520,<nil>,<nil>,<nil>,<nil>,<nil>,<nil>,<nil>,<nil>,138,<nil>
3721285452,<nil>,<nil>,<nil>,<nil>,<nil>,<nil>,<nil>,<nil>,744,<nil>
1494699853,<nil>,<nil>,<nil>,<nil>,<nil>,<nil>,<nil>,<nil>,298,<nil>
3293841424,<nil>,<nil>,<nil>,<nil>,<nil>,<nil>,<nil>,<nil>,658,<nil>
1946242893,<nil>,<nil>,<nil>,<nil>,<nil>,<nil>,<nil>,<nil>,389,<nil>
440553305,<nil>,<nil>,<nil>,<nil>,<nil>,<nil>,<nil>,<nil>,88,<nil>
2834059108,<nil>,<nil>,<nil>,<nil>,<nil>,<nil>,<nil>,<nil>,566,<nil>
323833717,<nil>,<nil>,<nil>,<nil>,<nil>,<nil>,<nil>,<nil>,64,<nil>
3734916952,<nil>,<nil>,<nil>,<nil>,<nil>,<nil>,<nil>,<nil>,746,<nil>
3321253709,<nil>,<nil>,<nil>,<nil>,<nil>,<nil>,<nil>,<nil>,664,<nil>
2092584792,<nil>,<nil>,<nil>,<nil>,<nil>,<nil>,<nil>,<nil>,418,<nil>
748506969,<nil>,<nil>,<nil>,<nil>,<nil>,<nil>,<nil>,<nil>,149,<nil>
2972143461,<nil>,<nil>,<nil>,<nil>,<nil>,<nil>,<nil>,<nil>,594,<nil>
1244221272,<nil>,<nil>,<nil>,<nil>,<nil>,<nil>,<nil>,<nil>,248,<nil>
38424397,<nil>,<nil>,<nil>,<nil>,<nil>,<nil>,<nil>,<nil>,7,<nil>
3772010316,<nil>,<nil>,<nil>,<nil>,<nil>,<nil>,<nil>,<nil>,754,<nil>
1837322061,<nil>,<nil>,<nil>,<nil>,<nil>,<nil>,<nil>,<nil>,367,<nil>
1422722734,<nil>,<nil>,<nil>,<nil>,<nil>,<nil>,<nil>,<nil>,284,<nil>
2240565068,<nil>,<nil>,<nil>,<nil>,<nil>,<nil>,<nil>,<nil>,448,<nil>
511856485,<nil>,<nil>,<nil>,<nil>,<nil>,<nil>,<nil>,<nil>,102,<nil>
2955890521,<nil>,<nil>,<nil>,<nil>,<nil>,<nil>,<nil>,<nil>,591,<nil>
965300057,<nil>,<nil>,<nil>,<nil>,<nil>,<nil>,<nil>,<nil>,193,<nil>
3306245977,<nil>,<nil>,<nil>,<nil>,<nil>,<nil>,<nil>,<nil>,661,<nil>
2673823577,<nil>,<nil>,<nil>,<nil>,<nil>,<nil>,<nil>,<nil>,534,<nil>
4058730329,<nil>,<nil>,<nil>,<nil>,<nil>,<nil>,<nil>,<nil>,811,<nil>
2861901671,<nil>,<nil>,<nil>,<nil>,<nil>,<nil>,<nil>,<nil>,572,<nil>
1143623500,<nil>,<nil>,<nil>,<nil>,<nil>,<nil>,<nil>,<nil>,228,<nil>
4168503116,<nil>,<nil>,<nil>,<nil>,<nil>,<nil>,<nil>,<nil>,833,<nil>
2663927640,<nil>,<nil>,<nil>,<nil>,<nil>,<nil>,<nil>,<nil>,532,<nil>
1566068569,<nil>,<nil>,<nil>,<nil>,<nil>,<nil>,<nil>,<nil>,313,<nil>
939347801,<nil>,<nil>,<nil>,<nil>,<nil>,<nil>,<nil>,<nil>,187,<nil>
1329090381,<nil>,<nil>,<nil>,<nil>,<nil>,<nil>,<nil>,<nil>,265,<nil>
3684716377,<nil>,<nil>,<nil>,<nil>,<nil>,<nil>,<nil>,<nil>,736,<nil>
2081050494,<nil>,<nil>,<nil>,<nil>,<nil>,<nil>,<nil>,<nil>,416,<nil>
1227181912,<nil>,<nil>,<nil>,<nil>,<nil>,<nil>,<nil>,<nil>,245,<nil>
3671281485,<nil>,<nil>,<nil>,<nil>,<nil>,<nil>,<nil>,<nil>,734,<nil>
4055519053,<nil>,<nil>,<nil>,<nil>,<nil>,<nil>,<nil>,<nil>,811,<nil>
1457999704,<nil>,<nil>,<nil>,<nil>,<nil>,<nil>,<nil>,<nil>,291,<nil>
4280879120,<nil>,<nil>,<nil>,<nil>,<nil>,<nil>,<nil>,<nil>,856,<nil>
3324006232,<nil>,<nil>,<nil>,<nil>,<nil>,<nil>,<nil>,<nil>,664,<nil>
2978434892,<nil>,<nil>,<nil>,<nil>,<nil>,<nil>,<nil>,<nil>,595,<nil>
1207193433,<nil>,<nil>,<nil>,<nil>,<nil>,<nil>,<nil>,<nil>,241,<nil>
3839774553,<nil>,<nil>,<nil>,<nil>,<nil>,<nil>,<nil>,<nil>,767,<nil>
3391902016,<nil>,<nil>,<nil>,<nil>,<nil>,<nil>,<nil>,<nil>,678,<nil>
1200901977,<nil>,<nil>,<nil>,<nil>,<nil>,<nil>,<nil>,<nil>,240,<nil>
3817426776,<nil>,<nil>,<nil>,<nil>,<nil>,<nil>,<nil>,<nil>,763,<nil>
4213985125,<nil>,<nil>,<nil>,<nil>,<nil>,<nil>,<nil>,<nil>,842,<nil>
3378466637,<nil>,<nil>,<nil>,<nil>,<nil>,<nil>,<nil>,<nil>,675,<nil>
124014412,<nil>,<nil>,<nil>,<nil>,<nil>,<nil>,<nil>,<nil>,24,<nil>
2549632869,<nil>,<nil>,<nil>,<nil>,<nil>,<nil>,<nil>,<nil>,509,<nil>
399396685,<nil>,<nil>,<nil>,<nil>,<nil>,<nil>,<nil>,<nil>,79,<nil>
4228009817,<nil>,<nil>,<nil>,<nil>,<nil>,<nil>,<nil>,<nil>,845,<nil>
2928037720,<nil>,<nil>,<nil>,<nil>,<nil>,<nil>,<nil>,<nil>,585,<nil>
1188188004,<nil>,<nil>,<nil>,<nil>,<nil>,<nil>,<nil>,<nil>,237,<nil>
404639577,<nil>,<nil>,<nil>,<nil>,<nil>,<nil>,<nil>,<nil>,80,<nil>
2881245005,<nil>,<nil>,<nil>,<nil>,<nil>,<nil>,<nil>,<nil>,576,<nil>
1086345049,<nil>,<nil>,<nil>,<nil>,<nil>,<nil>,<nil>,<nil>,217,<nil>
390877005,<nil>,<nil>,<nil>,<nil>,<nil>,<nil>,<nil>,<nil>,78,<nil>
3026734925,<nil>,<nil>,<nil>,<nil>,<nil>,<nil>,<nil>,<nil>,605,<nil>
2666876748,<nil>,<nil>,<nil>,<nil>,<nil>,<nil>,<nil>,<nil>,533,<nil>
1396657997,<nil>,<nil>,<nil>,<nil>,<nil>,<nil>,<nil>,<nil>,279,<nil>
4207282176,<nil>,<nil>,<nil>,<nil>,<nil>,<nil>,<nil>,<nil>,841,<nil>
3069314024,<nil>,<nil>,<nil>,<nil>,<nil>,<nil>,<nil>,<nil>,613,<nil>
3188281165,<nil>,<nil>,<nil>,<nil>,<nil>,<nil>,<nil>,<nil>,637,<nil>
887377740,<nil>,<nil>,<nil>,<nil>,<nil>,<nil>,<nil>,<nil>,177,<nil>
3710472025,<nil>,<nil>,<nil>,<nil>,<nil>,<nil>,<nil>,<nil>,742,<nil>
2738310989,<nil>,<nil>,<nil>,<nil>,<nil>,<nil>,<nil>,<nil>,547,<nil>
1280986981,<nil>,<nil>,<nil>,<nil>,<nil>,<nil>,<nil>,<nil>,256,<nil>
168120153,<nil>,<nil>,<nil>,<nil>,<nil>,<nil>,<nil>,<nil>,33,<nil>
2797162366,<nil>,<nil>,<nil>,<nil>,<nil>,<nil>,<nil>,<nil>,559,<nil>
904679244,<nil>,<nil>,<nil>,<nil>,<nil>,<nil>,<nil>,<nil>,180,<nil>
1396557,<nil>,<nil>,<nil>,<nil>,<nil>,<nil>,<nil>,<nil>,0,<nil>
2263633740,<nil>,<nil>,<nil>,<nil>,<nil>,<nil>,<nil>,<nil>,452,<nil>
41111373,<nil>,<nil>,<nil>,<nil>,<nil>,<nil>,<nil>,<nil>,8,<nil>
3130085209,<nil>,<nil>,<nil>,<nil>,<nil>,<nil>,<nil>,<nil>,626,<nil>
4192948056,<nil>,<nil>,<nil>,<nil>,<nil>,<nil>,<nil>,<nil>,838,<nil>
2598633517,<nil>,<nil>,<nil>,<nil>,<nil>,<nil>,<nil>,<nil>,519,<nil>
456675161,<nil>,<nil>,<nil>,<nil>,<nil>,<nil>,<nil>,<nil>,91,<nil>
4021636964,<nil>,<nil>,<nil>,<nil>,<nil>,<nil>,<nil>,<nil>,804,<nil>
3993915212,<nil>,<nil>,<nil>,<nil>,<nil>,<nil>,<nil>,<nil>,798,<nil>
2811711321,<nil>,<nil>,<nil>,<nil>,<nil>,<nil>,<nil>,<nil>,562,<nil>
1110921048,<nil>,<nil>,<nil>,<nil>,<nil>,<nil>,<nil>,<nil>,222,<nil>
3763097433,<nil>,<nil>,<nil>,<nil>,<nil>,<nil>,<nil>,<nil>,752,<nil>
3413790552,<nil>,<nil>,<nil>,<nil>,<nil>,<nil>,<nil>,<nil>,682,<nil>
470765389,<nil>,<nil>,<nil>,<nil>,<nil>,<nil>,<nil>,<nil>,94,<nil>
3244445528,<nil>,<nil>,<nil>,<nil>,<nil>,<nil>,<nil>,<nil>,648,<nil>
2309902156,<nil>,<nil>,<nil>,<nil>,<nil>,<nil>,<nil>,<nil>,461,<nil>
514936664,<nil>,<nil>,<nil>,<nil>,<nil>,<nil>,<nil>,<nil>,102,<nil>
436555608,<nil>,<nil>,<nil>,<nil>,<nil>,<nil>,<nil>,<nil>,87,<nil>
3031584628,<nil>,<nil>,<nil>,<nil>,<nil>,<nil>,<nil>,<nil>,606,<nil>
1711492952,<nil>,<nil>,<nil>,<nil>,<nil>,<nil>,<nil>,<nil>,342,<nil>
1081233240,<nil>,<nil>,<nil>,<nil>,<nil>,<nil>,<nil>,<nil>,216,<nil>
3155447641,<nil>,<nil>,<nil>,<nil>,<nil>,<nil>,<nil>,<nil>,631,<nil>
2083016537,<nil>,<nil>,<nil>,<nil>,<nil>,<nil>,<nil>,<nil>,416,<nil>
1725845336,<nil>,<nil>,<nil>,<nil>,<nil>,<nil>,<nil>,<nil>,345,<nil>
4219752269,<nil>,<nil>,<nil>,<nil>,<nil>,<nil>,<nil>,<nil>,843,<nil>
2289389400,<nil>,<nil>,<nil>,<nil>,<nil>,<nil>,<nil>,<nil>,457,<nil>
1105219904,<nil>,<nil>,<nil>,<nil>,<nil>,<nil>,<nil>,<nil>,221,<nil>
3027717964,<nil>,<nil>,<nil>,<nil>,<nil>,<nil>,<nil>,<nil>,605,<nil>
1367297868,<nil>,<nil>,<nil>,<nil>,<nil>,<nil>,<nil>,<nil>,273,<nil>
4175122253,<nil>,<nil>,<nil>,<nil>,<nil>,<nil>,<nil>,<nil>,835,<nil>
1900367705,<nil>,<nil>,<nil>,<nil>,<nil>,<nil>,<nil>,<nil>,380,<nil>
1698320205,<nil>,<nil>,<nil>,<nil>,<nil>,<nil>,<nil>,<nil>,339,<nil>
3976089432,<nil>,<nil>,<nil>,<nil>,<nil>,<nil>,<nil>,<nil>,795,<nil>
2176995149,<nil>,<nil>,<nil>,<nil>,<nil>,<nil>,<nil>,<nil>,435,<nil>
1823428428,<nil>,<nil>,<nil>,<nil>,<nil>,<nil>,<nil>,<nil>,364,<nil>
3663744845,<nil>,<nil>,<nil>,<nil>,<nil>,<nil>,<nil>,<nil>,732,<nil>
1955137672,<nil>,<nil>,<nil>,<nil>,<nil>,<nil>,<nil>,<nil>,391,<nil>
1075335000,<nil>,<nil>,<nil>,<nil>,<nil>,<nil>,<nil>,<nil>,215,<nil>
2792705881,<nil>,<nil>,<nil>,<nil>,<nil>,<nil>,<nil>,<nil>,558,<nil>
2569424716,<nil>,<nil>,<nil>,<nil>,<nil>,<nil>,<nil>,<nil>,513,<nil>
1149783897,<nil>,<nil>,<nil>,<nil>,<nil>,<nil>,<nil>,<nil>,229,<nil>
4247791464,<nil>,<nil>,<nil>,<nil>,<nil>,<nil>,<nil>,<nil>,849,<nil>
3282521944,<nil>,<nil>,<nil>,<nil>,<nil>,<nil>,<nil>,<nil>,656,<nil>
1551257420,<nil>,<nil>,<nil>,<nil>,<nil>,<nil>,<nil>,<nil>,310,<nil>
3783348057,<nil>,<nil>,<nil>,<nil>,<nil>,<nil>,<nil>,<nil>,756,<nil>
2947090473,<nil>,<nil>,<nil>,<nil>,<nil>,<nil>,<nil>,<nil>,589,<nil>
1363496805,<nil>,<nil>,<nil>,<nil>,<nil>,<nil>,<nil>,<nil>,272,<nil>
2997047128,<nil>,<nil>,<nil>,<nil>,<nil>,<nil>,<nil>,<nil>,599,<nil>
468733773,<nil>,<nil>,<nil>,<nil>,<nil>,<nil>,<nil>,<nil>,93,<nil>
3251064653,<nil>,<nil>,<nil>,<nil>,<nil>,<nil>,<nil>,<nil>,650,<nil>
1594117965,<nil>,<nil>,<nil>,<nil>,<nil>,<nil>,<nil>,<nil>,318,<nil>
3089303552,<nil>,<nil>,<nil>,<nil>,<nil>,<nil>,<nil>,<nil>,617,<nil>
1898729292,<nil>,<nil>,<nil>,<nil>,<nil>,<nil>,<nil>,<nil>,379,<nil>
1525286575,<nil>,<nil>,<nil>,<nil>,<nil>,<nil>,<nil>,<nil>,305,<nil>
3831244649,<nil>,<nil>,<nil>,<nil>,<nil>,<nil>,<nil>,<nil>,766,<nil>
3144044376,<nil>,<nil>,<nil>,<nil>,<nil>,<nil>,<nil>,<nil>,628,<nil>
3400945496,<nil>,<nil>,<nil>,<nil>,<nil>,<nil>,<nil>,<nil>,680,<nil>
1446530904,<nil>,<nil>,<nil>,<nil>,<nil>,<nil>,<nil>,<nil>,289,<nil>
532762445,<nil>,<nil>,<nil>,<nil>,<nil>,<nil>,<nil>,<nil>,106,<nil>
2241613657,<nil>,<nil>,<nil>,<nil>,<nil>,<nil>,<nil>,<nil>,448,<nil>
1201408302,<nil>,<nil>,<nil>,<nil>,<nil>,<nil>,<nil>,<nil>,240,<nil>
3864678270,<nil>,<nil>,<nil>,<nil>,<nil>,<nil>,<nil>,<nil>,772,<nil>
2343962843,<nil>,<nil>,<nil>,<nil>,<nil>,<nil>,<nil>,<nil>,468,<nil>
97668964,<nil>,<nil>,<nil>,<nil>,<nil>,<nil>,<nil>,<nil>,19,<nil>
3815198552,<nil>,<nil>,<nil>,<nil>,<nil>,<nil>,<nil>,<nil>,763,<nil>
824200741,<nil>,<nil>,<nil>,<nil>,<nil>,<nil>,<nil>,<nil>,164,<nil>
3127642112,<nil>,<nil>,<nil>,<nil>,<nil>,<nil>,<nil>,<nil>,625,<nil>
1268600664,<nil>,<nil>,<nil>,<nil>,<nil>,<nil>,<nil>,<nil>,253,<nil>
3690942297,<nil>,<nil>,<nil>,<nil>,<nil>,<nil>,<nil>,<nil>,738,<nil>
1779912548,<nil>,<nil>,<nil>,<nil>,<nil>,<nil>,<nil>,<nil>,355,<nil>
1092046669,<nil>,<nil>,<nil>,<nil>,<nil>,<nil>,<nil>,<nil>,218,<nil>
1637568344,<nil>,<nil>,<nil>,<nil>,<nil>,<nil>,<nil>,<nil>,327,<nil>
4293414745,<nil>,<nil>,<nil>,<nil>,<nil>,<nil>,<nil>,<nil>,858,<nil>
3522711385,<nil>,<nil>,<nil>,<nil>,<nil>,<nil>,<nil>,<nil>,704,<nil>
2077511512,<nil>,<nil>,<nil>,<nil>,<nil>,<nil>,<nil>,<nil>,415,<nil>
1172721497,<nil>,<nil>,<nil>,<nil>,<nil>,<nil>,<nil>,<nil>,234,<nil>
889605988,<nil>,<nil>,<nil>,<nil>,<nil>,<nil>,<nil>,<nil>,177,<nil>
1815170904,<nil>,<nil>,<nil>,<nil>,<nil>,<nil>,<nil>,<nil>,363,<nil>
4293742412,<nil>,<nil>,<nil>,<nil>,<nil>,<nil>,<nil>,<nil>,858,<nil>
3663482700,<nil>,<nil>,<nil>,<nil>,<nil>,<nil>,<nil>,<nil>,732,<nil>
3196669784,<nil>,<nil>,<nil>,<nil>,<nil>,<nil>,<nil>,<nil>,639,<nil>
1683949584,<nil>,<nil>,<nil>,<nil>,<nil>,<nil>,<nil>,<nil>,336,<nil>
457723724,<nil>,<nil>,<nil>,<nil>,<nil>,<nil>,<nil>,<nil>,91,<nil>
1014124365,<nil>,<nil>,<nil>,<nil>,<nil>,<nil>,<nil>,<nil>,202,<nil>
3367194457,<nil>,<nil>,<nil>,<nil>,<nil>,<nil>,<nil>,<nil>,673,<nil>
1117736793,<nil>,<nil>,<nil>,<nil>,<nil>,<nil>,<nil>,<nil>,223,<nil>
51447824,<nil>,<nil>,<nil>,<nil>,<nil>,<nil>,<nil>,<nil>,10,<nil>
1049561184,<nil>,<nil>,<nil>,<nil>,<nil>,<nil>,<nil>,<nil>,209,<nil>
3273346892,<nil>,<nil>,<nil>,<nil>,<nil>,<nil>,<nil>,<nil>,654,<nil>
600375341,<nil>,<nil>,<nil>,<nil>,<nil>,<nil>,<nil>,<nil>,120,<nil>
2697219917,<nil>,<nil>,<nil>,<nil>,<nil>,<nil>,<nil>,<nil>,539,<nil>
2412183597,<nil>,<nil>,<nil>,<nil>,<nil>,<nil>,<nil>,<nil>,482,<nil>
2757167120,<nil>,<nil>,<nil>,<nil>,<nil>,<nil>,<nil>,<nil>,551,<nil>
850742821,<nil>,<nil>,<nil>,<nil>,<nil>,<nil>,<nil>,<nil>,170,<nil>
4154478424,<nil>,<nil>,<nil>,<nil>,<nil>,<nil>,<nil>,<nil>,830,<nil>
2220314457,<nil>,<nil>,<nil>,<nil>,<nil>,<nil>,<nil>,<nil>,444,<nil>
678645580,<nil>,<nil>,<nil>,<nil>,<nil>,<nil>,<nil>,<nil>,135,<nil>
3498331993,<nil>,<nil>,<nil>,<nil>,<nil>,<nil>,<nil>,<nil>,699,<nil>
1690718041,<nil>,<nil>,<nil>,<nil>,<nil>,<nil>,<nil>,<nil>,338,<nil>
19615565,<nil>,<nil>,<nil>,<nil>,<nil>,<nil>,<nil>,<nil>,3,<nil>
3955445580,<nil>,<nil>,<nil>,<nil>,<nil>,<nil>,<nil>,<nil>,791,<nil>
4214705997,<nil>,<nil>,<nil>,<nil>,<nil>,<nil>,<nil>,<nil>,842,<nil>
2471382884,<nil>,<nil>,<nil>,<nil>,<nil>,<nil>,<nil>,<nil>,494,<nil>
1251954533,<nil>,<nil>,<nil>,<nil>,<nil>,<nil>,<nil>,<nil>,250,<nil>
3917631308,<nil>,<nil>,<nil>,<nil>,<nil>,<nil>,<nil>,<nil>,783,<nil>
2270580568,<nil>,<nil>,<nil>,<nil>,<nil>,<nil>,<nil>,<nil>,454,<nil>
769216333,<nil>,<nil>,<nil>,<nil>,<nil>,<nil>,<nil>,<nil>,153,<nil>
3637053456,<nil>,<nil>,<nil>,<nil>,<nil>,<nil>,<nil>,<nil>,727,<nil>
1802129418,<nil>,<nil>,<nil>,<nil>,<nil>,<nil>,<nil>,<nil>,360,<nil>
4096796517,<nil>,<nil>,<nil>,<nil>,<nil>,<nil>,<nil>,<nil>,819,<nil>
2976927565,<nil>,<nil>,<nil>,<nil>,<nil>,<nil>,<nil>,<nil>,595,<nil>
16666468,<nil>,<nil>,<nil>,<nil>,<nil>,<nil>,<nil>,<nil>,3,<nil>
2356170597,<nil>,<nil>,<nil>,<nil>,<nil>,<nil>,<nil>,<nil>,471,<nil>
1214533464,<nil>,<nil>,<nil>,<nil>,<nil>,<nil>,<nil>,<nil>,242,<nil>
1725452109,<nil>,<nil>,<nil>,<nil>,<nil>,<nil>,<nil>,<nil>,345,<nil>
3563999092,<nil>,<nil>,<nil>,<nil>,<nil>,<nil>,<nil>,<nil>,712,<nil>
3555741516,<nil>,<nil>,<nil>,<nil>,<nil>,<nil>,<nil>,<nil>,711,<nil>
3118944077,<nil>,<nil>,<nil>,<nil>,<nil>,<nil>,<nil>,<nil>,623,<nil>
1392511185,<nil>,<nil>,<nil>,<nil>,<nil>,<nil>,<nil>,<nil>,278,<nil>
492195660,<nil>,<nil>,<nil>,<nil>,<nil>,<nil>,<nil>,<nil>,98,<nil>
3842574336,<nil>,<nil>,<nil>,<nil>,<nil>,<nil>,<nil>,<nil>,768,<nil>
2597080909,<nil>,<nil>,<nil>,<nil>,<nil>,<nil>,<nil>,<nil>,519,<nil>
2786938712,<nil>,<nil>,<nil>,<nil>,<nil>,<nil>,<nil>,<nil>,557,<nil>
253316941,<nil>,<nil>,<nil>,<nil>,<nil>,<nil>,<nil>,<nil>,50,<nil>
4193210188,<nil>,<nil>,<nil>,<nil>,<nil>,<nil>,<nil>,<nil>,838,<nil>
2326482764,<nil>,<nil>,<nil>,<nil>,<nil>,<nil>,<nil>,<nil>,465,<nil>
545476429,<nil>,<nil>,<nil>,<nil>,<nil>,<nil>,<nil>,<nil>,109,<nil>
2566344537,<nil>,<nil>,<nil>,<nil>,<nil>,<nil>,<nil>,<nil>,513,<nil>
892292941,<nil>,<nil>,<nil>,<nil>,<nil>,<nil>,<nil>,<nil>,178,<nil>
330386981,<nil>,<nil>,<nil>,<nil>,<nil>,<nil>,<nil>,<nil>,66,<nil>
2656511849,<nil>,<nil>,<nil>,<nil>,<nil>,<nil>,<nil>,<nil>,531,<nil>
2613530456,<nil>,<nil>,<nil>,<nil>,<nil>,<nil>,<nil>,<nil>,522,<nil>
2008698713,<nil>,<nil>,<nil>,<nil>,<nil>,<nil>,<nil>,<nil>,401,<nil>
779964237,<nil>,<nil>,<nil>,<nil>,<nil>,<nil>,<nil>,<nil>,155,<nil>
3575140185,<nil>,<nil>,<nil>,<nil>,<nil>,<nil>,<nil>,<nil>,715,<nil>
2764918604,<nil>,<nil>,<nil>,<nil>,<nil>,<nil>,<nil>,<nil>,552,<nil>
3997192013,<nil>,<nil>,<nil>,<nil>,<nil>,<nil>,<nil>,<nil>,799,<nil>
3078246221,<nil>,<nil>,<nil>,<nil>,<nil>,<nil>,<nil>,<nil>,615,<nil>
3717877581,<nil>,<nil>,<nil>,<nil>,<nil>,<nil>,<nil>,<nil>,743,<nil>
1826836325,<nil>,<nil>,<nil>,<nil>,<nil>,<nil>,<nil>,<nil>,365,<nil>
966414156,<nil>,<nil>,<nil>,<nil>,<nil>,<nil>,<nil>,<nil>,193,<nil>
2389135181,<nil>,<nil>,<nil>,<nil>,<nil>,<nil>,<nil>,<nil>,477,<nil>
1083713380,<nil>,<nil>,<nil>,<nil>,<nil>,<nil>,<nil>,<nil>,216,<nil>
4228730700,<nil>,<nil>,<nil>,<nil>,<nil>,<nil>,<nil>,<nil>,845,<nil>
891506508,<nil>,<nil>,<nil>,<nil>,<nil>,<nil>,<nil>,<nil>,178,<nil>
3380039500,<nil>,<nil>,<nil>,<nil>,<nil>,<nil>,<nil>,<nil>,676,<nil>
545017677,<nil>,<nil>,<nil>,<nil>,<nil>,<nil>,<nil>,<nil>,109,<nil>
3045543769,<nil>,<nil>,<nil>,<nil>,<nil>,<nil>,<nil>,<nil>,609,<nil>
2542227288,<nil>,<nil>,<nil>,<nil>,<nil>,<nil>,<nil>,<nil>,508,<nil>
934676699,<nil>,<nil>,<nil>,<nil>,<nil>,<nil>,<nil>,<nil>,186,<nil>
2985119588,<nil>,<nil>,<nil>,<nil>,<nil>,<nil>,<nil>,<nil>,597,<nil>
1521438552,<nil>,<nil>,<nil>,<nil>,<nil>,<nil>,<nil>,<nil>,304,<nil>
1714769741,<nil>,<nil>,<nil>,<nil>,<nil>,<nil>,<nil>,<nil>,342,<nil>
336723980,<nil>,<nil>,<nil>,<nil>,<nil>,<nil>,<nil>,<nil>,67,<nil>
3409661772,<nil>,<nil>,<nil>,<nil>,<nil>,<nil>,<nil>,<nil>,681,<nil>
926550016,<nil>,<nil>,<nil>,<nil>,<nil>,<nil>,<nil>,<nil>,185,<nil>
3025555277,<nil>,<nil>,<nil>,<nil>,<nil>,<nil>,<nil>,<nil>,605,<nil>
2795636752,<nil>,<nil>,<nil>,<nil>,<nil>,<nil>,<nil>,<nil>,559,<nil>
3862778176,<nil>,<nil>,<nil>,<nil>,<nil>,<nil>,<nil>,<nil>,772,<nil>
1784172365,<nil>,<nil>,<nil>,<nil>,<nil>,<nil>,<nil>,<nil>,356,<nil>
1332815719,<nil>,<nil>,<nil>,<nil>,<nil>,<nil>,<nil>,<nil>,266,<nil>
710430540,<nil>,<nil>,<nil>,<nil>,<nil>,<nil>,<nil>,<nil>,142,<nil>
3083685721,<nil>,<nil>,<nil>,<nil>,<nil>,<nil>,<nil>,<nil>,616,<nil>
1869762393,<nil>,<nil>,<nil>,<nil>,<nil>,<nil>,<nil>,<nil>,373,<nil>
168578916,<nil>,<nil>,<nil>,<nil>,<nil>,<nil>,<nil>,<nil>,33,<nil>
2781284571,<nil>,<nil>,<nil>,<nil>,<nil>,<nil>,<nil>,<nil>,556,<nil>
1801015128,<nil>,<nil>,<nil>,<nil>,<nil>,<nil>,<nil>,<nil>,360,<nil>
1216892748,<nil>,<nil>,<nil>,<nil>,<nil>,<nil>,<nil>,<nil>,243,<nil>
3449573209,<nil>,<nil>,<nil>,<nil>,<nil>,<nil>,<nil>,<nil>,689,<nil>
1821331276,<nil>,<nil>,<nil>,<nil>,<nil>,<nil>,<nil>,<nil>,364,<nil>
4048506713,<nil>,<nil>,<nil>,<nil>,<nil>,<nil>,<nil>,<nil>,809,<nil>
3760476004,<nil>,<nil>,<nil>,<nil>,<nil>,<nil>,<nil>,<nil>,752,<nil>
722161509,<nil>,<nil>,<nil>,<nil>,<nil>,<nil>,<nil>,<nil>,144,<nil>
3074754768,<nil>,<nil>,<nil>,<nil>,<nil>,<nil>,<nil>,<nil>,614,<nil>
2498973516,<nil>,<nil>,<nil>,<nil>,<nil>,<nil>,<nil>,<nil>,499,<nil>
1856065386,<nil>,<nil>,<nil>,<nil>,<nil>,<nil>,<nil>,<nil>,371,<nil>
3793047384,<nil>,<nil>,<nil>,<nil>,<nil>,<nil>,<nil>,<nil>,758,<nil>
1834831704,<nil>,<nil>,<nil>,<nil>,<nil>,<nil>,<nil>,<nil>,366,<nil>
482103117,<nil>,<nil>,<nil>,<nil>,<nil>,<nil>,<nil>,<nil>,96,<nil>
3495962484,<nil>,<nil>,<nil>,<nil>,<nil>,<nil>,<nil>,<nil>,699,<nil>
1084051306,<nil>,<nil>,<nil>,<nil>,<nil>,<nil>,<nil>,<nil>,216,<nil>
383715344,<nil>,<nil>,<nil>,<nil>,<nil>,<nil>,<nil>,<nil>,76,<nil>
1387220813,<nil>,<nil>,<nil>,<nil>,<nil>,<nil>,<nil>,<nil>,277,<nil>
3432533837,<nil>,<nil>,<nil>,<nil>,<nil>,<nil>,<nil>,<nil>,686,<nil>
3089387352,<nil>,<nil>,<nil>,<nil>,<nil>,<nil>,<nil>,<nil>,617,<nil>
45371402,<nil>,<nil>,<nil>,<nil>,<nil>,<nil>,<nil>,<nil>,9,<nil>
3603582796,<nil>,<nil>,<nil>,<nil>,<nil>,<nil>,<nil>,<nil>,720,<nil>
1831358297,<nil>,<nil>,<nil>,<nil>,<nil>,<nil>,<nil>,<nil>,366,<nil>
284249932,<nil>,<nil>,<nil>,<nil>,<nil>,<nil>,<nil>,<nil>,56,<nil>
3817736192,<nil>,<nil>,<nil>,<nil>,<nil>,<nil>,<nil>,<nil>,763,<nil>
3634843481,<nil>,<nil>,<nil>,<nil>,<nil>,<nil>,<nil>,<nil>,726,<nil>
2193968985,<nil>,<nil>,<nil>,<nil>,<nil>,<nil>,<nil>,<nil>,438,<nil>
1970425676,<nil>,<nil>,<nil>,<nil>,<nil>,<nil>,<nil>,<nil>,394,<nil>
3913043813,<nil>,<nil>,<nil>,<nil>,<nil>,<nil>,<nil>,<nil>,782,<nil>
1901416309,<nil>,<nil>,<nil>,<nil>,<nil>,<nil>,<nil>,<nil>,380,<nil>
1105678156,<nil>,<nil>,<nil>,<nil>,<nil>,<nil>,<nil>,<nil>,221,<nil>
2472038232,<nil>,<nil>,<nil>,<nil>,<nil>,<nil>,<nil>,<nil>,494,<nil>
3897380684,<nil>,<nil>,<nil>,<nil>,<nil>,<nil>,<nil>,<nil>,779,<nil>
1976455001,<nil>,<nil>,<nil>,<nil>,<nil>,<nil>,<nil>,<nil>,395,<nil>
881545048,<nil>,<nil>,<nil>,<nil>,<nil>,<nil>,<nil>,<nil>,176,<nil>
2806140761,<nil>,<nil>,<nil>,<nil>,<nil>,<nil>,<nil>,<nil>,561,<nil>
1337020261,<nil>,<nil>,<nil>,<nil>,<nil>,<nil>,<nil>,<nil>,267,<nil>
3357101913,<nil>,<nil>,<nil>,<nil>,<nil>,<nil>,<nil>,<nil>,671,<nil>
1390169933,<nil>,<nil>,<nil>,<nil>,<nil>,<nil>,<nil>,<nil>,278,<nil>
1199918925,<nil>,<nil>,<nil>,<nil>,<nil>,<nil>,<nil>,<nil>,239,<nil>
1463045965,<nil>,<nil>,<nil>,<nil>,<nil>,<nil>,<nil>,<nil>,292,<nil>
1114525528,<nil>,<nil>,<nil>,<nil>,<nil>,<nil>,<nil>,<nil>,222,<nil>
3409268556,<nil>,<nil>,<nil>,<nil>,<nil>,<nil>,<nil>,<nil>,681,<nil>
1468092248,<nil>,<nil>,<nil>,<nil>,<nil>,<nil>,<nil>,<nil>,293,<nil>
273895257,<nil>,<nil>,<nil>,<nil>,<nil>,<nil>,<nil>,<nil>,54,<nil>
1516457816,<nil>,<nil>,<nil>,<nil>,<nil>,<nil>,<nil>,<nil>,303,<nil>
3870969677,<nil>,<nil>,<nil>,<nil>,<nil>,<nil>,<nil>,<nil>,774,<nil>
2372620121,<nil>,<nil>,<nil>,<nil>,<nil>,<nil>,<nil>,<nil>,474,<nil>
2426097484,<nil>,<nil>,<nil>,<nil>,<nil>,<nil>,<nil>,<nil>,485,<nil>
1956990808,<nil>,<nil>,<nil>,<nil>,<nil>,<nil>,<nil>,<nil>,391,<nil>
1628000088,<nil>,<nil>,<nil>,<nil>,<nil>,<nil>,<nil>,<nil>,325,<nil>
260329304,<nil>,<nil>,<nil>,<nil>,<nil>,<nil>,<nil>,<nil>,52,<nil>
3565946928,<nil>,<nil>,<nil>,<nil>,<nil>,<nil>,<nil>,<nil>,713,<nil>
1408585548,<nil>,<nil>,<nil>,<nil>,<nil>,<nil>,<nil>,<nil>,281,<nil>
3895873356,<nil>,<nil>,<nil>,<nil>,<nil>,<nil>,<nil>,<nil>,779,<nil>
2259832653,<nil>,<nil>,<nil>,<nil>,<nil>,<nil>,<nil>,<nil>,451,<nil>
3549515597,<nil>,<nil>,<nil>,<nil>,<nil>,<nil>,<nil>,<nil>,709,<nil>
1754681177,<nil>,<nil>,<nil>,<nil>,<nil>,<nil>,<nil>,<nil>,350,<nil>
796479308,<nil>,<nil>,<nil>,<nil>,<nil>,<nil>,<nil>,<nil>,159,<nil>
8867661,<nil>,<nil>,<nil>,<nil>,<nil>,<nil>,<nil>,<nil>,1,<nil>
2915061580,<nil>,<nil>,<nil>,<nil>,<nil>,<nil>,<nil>,<nil>,583,<nil>
2004963160,<nil>,<nil>,<nil>,<nil>,<nil>,<nil>,<nil>,<nil>,400,<nil>
3535163225,<nil>,<nil>,<nil>,<nil>,<nil>,<nil>,<nil>,<nil>,707,<nil>
1863405389,<nil>,<nil>,<nil>,<nil>,<nil>,<nil>,<nil>,<nil>,372,<nil>
1360809804,<nil>,<nil>,<nil>,<nil>,<nil>,<nil>,<nil>,<nil>,272,<nil>
3577433933,<nil>,<nil>,<nil>,<nil>,<nil>,<nil>,<nil>,<nil>,715,<nil>
3354480461,<nil>,<nil>,<nil>,<nil>,<nil>,<nil>,<nil>,<nil>,670,<nil>
2981625869,<nil>,<nil>,<nil>,<nil>,<nil>,<nil>,<nil>,<nil>,596,<nil>
2677886808,<nil>,<nil>,<nil>,<nil>,<nil>,<nil>,<nil>,<nil>,535,<nil>
889474905,<nil>,<nil>,<nil>,<nil>,<nil>,<nil>,<nil>,<nil>,177,<nil>
4015083365,<nil>,<nil>,<nil>,<nil>,<nil>,<nil>,<nil>,<nil>,803,<nil>
2727151279,<nil>,<nil>,<nil>,<nil>,<nil>,<nil>,<nil>,<nil>,545,<nil>
1926909773,<nil>,<nil>,<nil>,<nil>,<nil>,<nil>,<nil>,<nil>,385,<nil>
1433798875,<nil>,<nil>,<nil>,<nil>,<nil>,<nil>,<nil>,<nil>,286,<nil>
1212895064,<nil>,<nil>,<nil>,<nil>,<nil>,<nil>,<nil>,<nil>,242,<nil>
3544010572,<nil>,<nil>,<nil>,<nil>,<nil>,<nil>,<nil>,<nil>,708,<nil>
2470924108,<nil>,<nil>,<nil>,<nil>,<nil>,<nil>,<nil>,<nil>,494,<nil>
2147616432,<nil>,<nil>,<nil>,<nil>,<nil>,<nil>,<nil>,<nil>,429,<nil>
305418072,<nil>,<nil>,<nil>,<nil>,<nil>,<nil>,<nil>,<nil>,61,<nil>
3882559335,<nil>,<nil>,<nil>,<nil>,<nil>,<nil>,<nil>,<nil>,776,<nil>
2078015504,<nil>,<nil>,<nil>,<nil>,<nil>,<nil>,<nil>,<nil>,415,<nil>
4251650257,<nil>,<nil>,<nil>,<nil>,<nil>,<nil>,<nil>,<nil>,850,<nil>
3384430424,<nil>,<nil>,<nil>,<nil>,<nil>,<nil>,<nil>,<nil>,676,<nil>
4119154520,<nil>,<nil>,<nil>,<nil>,<nil>,<nil>,<nil>,<nil>,823,<nil>
2751221592,<nil>,<nil>,<nil>,<nil>,<nil>,<nil>,<nil>,<nil>,550,<nil>
1601916772,<nil>,<nil>,<nil>,<nil>,<nil>,<nil>,<nil>,<nil>,320,<nil>
3213840216,<nil>,<nil>,<nil>,<nil>,<nil>,<nil>,<nil>,<nil>,642,<nil>
1417826125,<nil>,<nil>,<nil>,<nil>,<nil>,<nil>,<nil>,<nil>,283,<nil>
200494925,<nil>,<nil>,<nil>,<nil>,<nil>,<nil>,<nil>,<nil>,40,<nil>
961283760,<nil>,<nil>,<nil>,<nil>,<nil>,<nil>,<nil>,<nil>,192,<nil>
3324399436,<nil>,<nil>,<nil>,<nil>,<nil>,<nil>,<nil>,<nil>,664,<nil>
2192658277,<nil>,<nil>,<nil>,<nil>,<nil>,<nil>,<nil>,<nil>,438,<nil>
3084406617,<nil>,<nil>,<nil>,<nil>,<nil>,<nil>,<nil>,<nil>,616,<nil>
2593214285,<nil>,<nil>,<nil>,<nil>,<nil>,<nil>,<nil>,<nil>,518,<nil>
1601195865,<nil>,<nil>,<nil>,<nil>,<nil>,<nil>,<nil>,<nil>,320,<nil>
3929165684,<nil>,<nil>,<nil>,<nil>,<nil>,<nil>,<nil>,<nil>,785,<nil>
3283767116,<nil>,<nil>,<nil>,<nil>,<nil>,<nil>,<nil>,<nil>,656,<nil>
535842649,<nil>,<nil>,<nil>,<nil>,<nil>,<nil>,<nil>,<nil>,107,<nil>
3158658893,<nil>,<nil>,<nil>,<nil>,<nil>,<nil>,<nil>,<nil>,631,<nil>
3648999245,<nil>,<nil>,<nil>,<nil>,<nil>,<nil>,<nil>,<nil>,729,<nil>
1404522317,<nil>,<nil>,<nil>,<nil>,<nil>,<nil>,<nil>,<nil>,280,<nil>
343363417,<nil>,<nil>,<nil>,<nil>,<nil>,<nil>,<nil>,<nil>,68,<nil>
2608353112,<nil>,<nil>,<nil>,<nil>,<nil>,<nil>,<nil>,<nil>,521,<nil>
677597017,<nil>,<nil>,<nil>,<nil>,<nil>,<nil>,<nil>,<nil>,135,<nil>
3979345932,<nil>,<nil>,<nil>,<nil>,<nil>,<nil>,<nil>,<nil>,795,<nil>
2317111117,<nil>,<nil>,<nil>,<nil>,<nil>,<nil>,<nil>,<nil>,463,<nil>
3687075672,<nil>,<nil>,<nil>,<nil>,<nil>,<nil>,<nil>,<nil>,737,<nil>
1867730764,<nil>,<nil>,<nil>,<nil>,<nil>,<nil>,<nil>,<nil>,373,<nil>
1253003096,<nil>,<nil>,<nil>,<nil>,<nil>,<nil>,<nil>,<nil>,250,<nil>
1736986444,<nil>,<nil>,<nil>,<nil>,<nil>,<nil>,<nil>,<nil>,347,<nil>
3953741645,<nil>,<nil>,<nil>,<nil>,<nil>,<nil>,<nil>,<nil>,790,<nil>
3531689515,<nil>,<nil>,<nil>,<nil>,<nil>,<nil>,<nil>,<nil>,706,<nil>
117657421,<nil>,<nil>,<nil>,<nil>,<nil>,<nil>,<nil>,<nil>,23,<nil>
2759610201,<nil>,<nil>,<nil>,<nil>,<nil>,<nil>,<nil>,<nil>,551,<nil>
2267107149,<nil>,<nil>,<nil>,<nil>,<nil>,<nil>,<nil>,<nil>,453,<nil>
2806075213,<nil>,<nil>,<nil>,<nil>,<nil>,<nil>,<nil>,<nil>,561,<nil>
1447579481,<nil>,<nil>,<nil>,<nil>,<nil>,<nil>,<nil>,<nil>,289,<nil>
798445400,<nil>,<nil>,<nil>,<nil>,<nil>,<nil>,<nil>,<nil>,159,<nil>
464652304,<nil>,<nil>,<nil>,<nil>,<nil>,<nil>,<nil>,<nil>,92,<nil>
3203616588,<nil>,<nil>,<nil>,<nil>,<nil>,<nil>,<nil>,<nil>,640,<nil>
1410879320,<nil>,<nil>,<nil>,<nil>,<nil>,<nil>,<nil>,<nil>,282,<nil>
1807372109,<nil>,<nil>,<nil>,<nil>,<nil>,<nil>,<nil>,<nil>,361,<nil>
1155747660,<nil>,<nil>,<nil>,<nil>,<nil>,<nil>,<nil>,<nil>,231,<nil>
226578264,<nil>,<nil>,<nil>,<nil>,<nil>,<nil>,<nil>,<nil>,45,<nil>
3309064025,<nil>,<nil>,<nil>,<nil>,<nil>,<nil>,<nil>,<nil>,661,<nil>
1633177421,<nil>,<nil>,<nil>,<nil>,<nil>,<nil>,<nil>,<nil>,326,<nil>
1203636224,<nil>,<nil>,<nil>,<nil>,<nil>,<nil>,<nil>,<nil>,240,<nil>
3287895897,<nil>,<nil>,<nil>,<nil>,<nil>,<nil>,<nil>,<nil>,657,<nil>
2047496024,<nil>,<nil>,<nil>,<nil>,<nil>,<nil>,<nil>,<nil>,409,<nil>
313151338,<nil>,<nil>,<nil>,<nil>,<nil>,<nil>,<nil>,<nil>,62,<nil>
2834976778,<nil>,<nil>,<nil>,<nil>,<nil>,<nil>,<nil>,<nil>,566,<nil>
525291341,<nil>,<nil>,<nil>,<nil>,<nil>,<nil>,<nil>,<nil>,105,<nil>
3294973784,<nil>,<nil>,<nil>,<nil>,<nil>,<nil>,<nil>,<nil>,658,<nil>
1378635596,<nil>,<nil>,<nil>,<nil>,<nil>,<nil>,<nil>,<nil>,275,<nil>
3450621773,<nil>,<nil>,<nil>,<nil>,<nil>,<nil>,<nil>,<nil>,690,<nil>
1871073112,<nil>,<nil>,<nil>,<nil>,<nil>,<nil>,<nil>,<nil>,374,<nil>
966545241,<nil>,<nil>,<nil>,<nil>,<nil>,<nil>,<nil>,<nil>,193,<nil>
4011282252,<nil>,<nil>,<nil>,<nil>,<nil>,<nil>,<nil>,<nil>,802,<nil>
2783465293,<nil>,<nil>,<nil>,<nil>,<nil>,<nil>,<nil>,<nil>,556,<nil>
2390362208,<nil>,<nil>,<nil>,<nil>,<nil>,<nil>,<nil>,<nil>,478,<nil>
43143001,<nil>,<nil>,<nil>,<nil>,<nil>,<nil>,<nil>,<nil>,8,<nil>
2729903080,<nil>,<nil>,<nil>,<nil>,<nil>,<nil>,<nil>,<nil>,545,<nil>
502419300,<nil>,<nil>,<nil>,<nil>,<nil>,<nil>,<nil>,<nil>,100,<nil>
3646902093,<nil>,<nil>,<nil>,<nil>,<nil>,<nil>,<nil>,<nil>,729,<nil>
279203672,<nil>,<nil>,<nil>,<nil>,<nil>,<nil>,<nil>,<nil>,55,<nil>
4237512536,<nil>,<nil>,<nil>,<nil>,<nil>,<nil>,<nil>,<nil>,847,<nil>
2152419149,<nil>,<nil>,<nil>,<nil>,<nil>,<nil>,<nil>,<nil>,430,<nil>
2690189472,<nil>,<nil>,<nil>,<nil>,<nil>,<nil>,<nil>,<nil>,538,<nil>
1727942488,<nil>,<nil>,<nil>,<nil>,<nil>,<nil>,<nil>,<nil>,345,<nil>
1238126412,<nil>,<nil>,<nil>,<nil>,<nil>,<nil>,<nil>,<nil>,247,<nil>
3455602509,<nil>,<nil>,<nil>,<nil>,<nil>,<nil>,<nil>,<nil>,691,<nil>
2135107428,<nil>,<nil>,<nil>,<nil>,<nil>,<nil>,<nil>,<nil>,427,<nil>
580603725,<nil>,<nil>,<nil>,<nil>,<nil>,<nil>,<nil>,<nil>,116,<nil>
3068743501,<nil>,<nil>,<nil>,<nil>,<nil>,<nil>,<nil>,<nil>,613,<nil>
2716731392,<nil>,<nil>,<nil>,<nil>,<nil>,<nil>,<nil>,<nil>,543,<nil>
646926169,<nil>,<nil>,<nil>,<nil>,<nil>,<nil>,<nil>,<nil>,129,<nil>
3474214756,<nil>,<nil>,<nil>,<nil>,<nil>,<nil>,<nil>,<nil>,694,<nil>
2484424536,<nil>,<nil>,<nil>,<nil>,<nil>,<nil>,<nil>,<nil>,496,<nil>
1085165388,<nil>,<nil>,<nil>,<nil>,<nil>,<nil>,<nil>,<nil>,217,<nil>
3428536140,<nil>,<nil>,<nil>,<nil>,<nil>,<nil>,<nil>,<nil>,685,<nil>
2945863500,<nil>,<nil>,<nil>,<nil>,<nil>,<nil>,<nil>,<nil>,589,<nil>
1165774669,<nil>,<nil>,<nil>,<nil>,<nil>,<nil>,<nil>,<nil>,233,<nil>
959185896,<nil>,<nil>,<nil>,<nil>,<nil>,<nil>,<nil>,<nil>,191,<nil>
2956003537,<nil>,<nil>,<nil>,<nil>,<nil>,<nil>,<nil>,<nil>,591,<nil>
3407957836,<nil>,<nil>,<nil>,<nil>,<nil>,<nil>,<nil>,<nil>,681,<nil>
2214547277,<nil>,<nil>,<nil>,<nil>,<nil>,<nil>,<nil>,<nil>,442,<nil>
4103669760,<nil>,<nil>,<nil>,<nil>,<nil>,<nil>,<nil>,<nil>,820,<nil>
1979797336,<nil>,<nil>,<nil>,<nil>,<nil>,<nil>,<nil>,<nil>,395,<nil>
1210011508,<nil>,<nil>,<nil>,<nil>,<nil>,<nil>,<nil>,<nil>,242,<nil>
4002762584,<nil>,<nil>,<nil>,<nil>,<nil>,<nil>,<nil>,<nil>,800,<nil>
3381153613,<nil>,<nil>,<nil>,<nil>,<nil>,<nil>,<nil>,<nil>,676,<nil>
4221783896,<nil>,<nil>,<nil>,<nil>,<nil>,<nil>,<nil>,<nil>,844,<nil>
2292862809,<nil>,<nil>,<nil>,<nil>,<nil>,<nil>,<nil>,<nil>,458,<nil>
1047088984,<nil>,<nil>,<nil>,<nil>,<nil>,<nil>,<nil>,<nil>,209,<nil>
3119337305,<nil>,<nil>,<nil>,<nil>,<nil>,<nil>,<nil>,<nil>,623,<nil>
3477229400,<nil>,<nil>,<nil>,<nil>,<nil>,<nil>,<nil>,<nil>,695,<nil>
2414956365,<nil>,<nil>,<nil>,<nil>,<nil>,<nil>,<nil>,<nil>,482,<nil>
1643794253,<nil>,<nil>,<nil>,<nil>,<nil>,<nil>,<nil>,<nil>,328,<nil>
949440344,<nil>,<nil>,<nil>,<nil>,<nil>,<nil>,<nil>,<nil>,189,<nil>
3444068173,<nil>,<nil>,<nil>,<nil>,<nil>,<nil>,<nil>,<nil>,688,<nil>
2629324620,<nil>,<nil>,<nil>,<nil>,<nil>,<nil>,<nil>,<nil>,525,<nil>
419450713,<nil>,<nil>,<nil>,<nil>,<nil>,<nil>,<nil>,<nil>,83,<nil>
3336589133,<nil>,<nil>,<nil>,<nil>,<nil>,<nil>,<nil>,<nil>,667,<nil>
929171472,<nil>,<nil>,<nil>,<nil>,<nil>,<nil>,<nil>,<nil>,185,<nil>
2954579800,<nil>,<nil>,<nil>,<nil>,<nil>,<nil>,<nil>,<nil>,590,<nil>
988237644,<nil>,<nil>,<nil>,<nil>,<nil>,<nil>,<nil>,<nil>,197,<nil>
695357284,<nil>,<nil>,<nil>,<nil>,<nil>,<nil>,<nil>,<nil>,139,<nil>
2977976181,<nil>,<nil>,<nil>,<nil>,<nil>,<nil>,<nil>,<nil>,595,<nil>
1608011596,<nil>,<nil>,<nil>,<nil>,<nil>,<nil>,<nil>,<nil>,321,<nil>
251285336,<nil>,<nil>,<nil>,<nil>,<nil>,<nil>,<nil>,<nil>,50,<nil>
2352828836,<nil>,<nil>,<nil>,<nil>,<nil>,<nil>,<nil>,<nil>,470,<nil>
476270424,<nil>,<nil>,<nil>,<nil>,<nil>,<nil>,<nil>,<nil>,95,<nil>
3343583368,<nil>,<nil>,<nil>,<nil>,<nil>,<nil>,<nil>,<nil>,668,<nil>
3841591296,<nil>,<nil>,<nil>,<nil>,<nil>,<nil>,<nil>,<nil>,768,<nil>
1697271628,<nil>,<nil>,<nil>,<nil>,<nil>,<nil>,<nil>,<nil>,339,<nil>
1005866852,<nil>,<nil>,<nil>,<nil>,<nil>,<nil>,<nil>,<nil>,201,<nil>
3724496717,<nil>,<nil>,<nil>,<nil>,<nil>,<nil>,<nil>,<nil>,744,<nil>
2074890073,<nil>,<nil>,<nil>,<nil>,<nil>,<nil>,<nil>,<nil>,414,<nil>
851791693,<nil>,<nil>,<nil>,<nil>,<nil>,<nil>,<nil>,<nil>,170,<nil>
1886637534,<nil>,<nil>,<nil>,<nil>,<nil>,<nil>,<nil>,<nil>,377,<nil>
16582656,<nil>,<nil>,<nil>,<nil>,<nil>,<nil>,<nil>,<nil>,3,<nil>
3413397349,<nil>,<nil>,<nil>,<nil>,<nil>,<nil>,<nil>,<nil>,682,<nil>
2668449612,<nil>,<nil>,<nil>,<nil>,<nil>,<nil>,<nil>,<nil>,533,<nil>
737627981,<nil>,<nil>,<nil>,<nil>,<nil>,<nil>,<nil>,<nil>,147,<nil>
61540393,<nil>,<nil>,<nil>,<nil>,<nil>,<nil>,<nil>,<nil>,12,<nil>
1279217484,<nil>,<nil>,<nil>,<nil>,<nil>,<nil>,<nil>,<nil>,255,<nil>
411699216,<nil>,<nil>,<nil>,<nil>,<nil>,<nil>,<nil>,<nil>,82,<nil>
2594328421,<nil>,<nil>,<nil>,<nil>,<nil>,<nil>,<nil>,<nil>,518,<nil>
2067681113,<nil>,<nil>,<nil>,<nil>,<nil>,<nil>,<nil>,<nil>,413,<nil>
2674609996,<nil>,<nil>,<nil>,<nil>,<nil>,<nil>,<nil>,<nil>,534,<nil>
751718233,<nil>,<nil>,<nil>,<nil>,<nil>,<nil>,<nil>,<nil>,150,<nil>
3370078040,<nil>,<nil>,<nil>,<nil>,<nil>,<nil>,<nil>,<nil>,674,<nil>
2869972825,<nil>,<nil>,<nil>,<nil>,<nil>,<nil>,<nil>,<nil>,573,<nil>
904286069,<nil>,<nil>,<nil>,<nil>,<nil>,<nil>,<nil>,<nil>,180,<nil>
4042084196,<nil>,<nil>,<nil>,<nil>,<nil>,<nil>,<nil>,<nil>,808,<nil>
898762416,<nil>,<nil>,<nil>,<nil>,<nil>,<nil>,<nil>,<nil>,179,<nil>
2836877145,<nil>,<nil>,<nil>,<nil>,<nil>,<nil>,<nil>,<nil>,567,<nil>
2662729888,<nil>,<nil>,<nil>,<nil>,<nil>,<nil>,<nil>,<nil>,532,<nil>
4065546060,<nil>,<nil>,<nil>,<nil>,<nil>,<nil>,<nil>,<nil>,813,<nil>
1707822937,<nil>,<nil>,<nil>,<nil>,<nil>,<nil>,<nil>,<nil>,341,<nil>
1044401996,<nil>,<nil>,<nil>,<nil>,<nil>,<nil>,<nil>,<nil>,208,<nil>
2812104537,<nil>,<nil>,<nil>,<nil>,<nil>,<nil>,<nil>,<nil>,562,<nil>
1478119274,<nil>,<nil>,<nil>,<nil>,<nil>,<nil>,<nil>,<nil>,295,<nil>
321408844,<nil>,<nil>,<nil>,<nil>,<nil>,<nil>,<nil>,<nil>,64,<nil>
1812352857,<nil>,<nil>,<nil>,<nil>,<nil>,<nil>,<nil>,<nil>,362,<nil>
715327504,<nil>,<nil>,<nil>,<nil>,<nil>,<nil>,<nil>,<nil>,143,<nil>
3442298751,<nil>,<nil>,<nil>,<nil>,<nil>,<nil>,<nil>,<nil>,688,<nil>
2683195213,<nil>,<nil>,<nil>,<nil>,<nil>,<nil>,<nil>,<nil>,536,<nil>
1613909837,<nil>,<nil>,<nil>,<nil>,<nil>,<nil>,<nil>,<nil>,322,<nil>
4248981325,<nil>,<nil>,<nil>,<nil>,<nil>,<nil>,<nil>,<nil>,849,<nil>
2799783781,<nil>,<nil>,<nil>,<nil>,<nil>,<nil>,<nil>,<nil>,559,<nil>
505761662,<nil>,<nil>,<nil>,<nil>,<nil>,<nil>,<nil>,<nil>,101,<nil>
2338672461,<nil>,<nil>,<nil>,<nil>,<nil>,<nil>,<nil>,<nil>,467,<nil>
2359185252,<nil>,<nil>,<nil>,<nil>,<nil>,<nil>,<nil>,<nil>,471,<nil>
3414314841,<nil>,<nil>,<nil>,<nil>,<nil>,<nil>,<nil>,<nil>,682,<nil>
2796604896,<nil>,<nil>,<nil>,<nil>,<nil>,<nil>,<nil>,<nil>,559,<nil>
4126560076,<nil>,<nil>,<nil>,<nil>,<nil>,<nil>,<nil>,<nil>,825,<nil>
2494451533,<nil>,<nil>,<nil>,<nil>,<nil>,<nil>,<nil>,<nil>,498,<nil>
1504904169,<nil>,<nil>,<nil>,<nil>,<nil>,<nil>,<nil>,<nil>,300,<nil>
3442167641,<nil>,<nil>,<nil>,<nil>,<nil>,<nil>,<nil>,<nil>,688,<nil>
3699134297,<nil>,<nil>,<nil>,<nil>,<nil>,<nil>,<nil>,<nil>,739,<nil>
357060440,<nil>,<nil>,<nil>,<nil>,<nil>,<nil>,<nil>,<nil>,71,<nil>
3130787856,<nil>,<nil>,<nil>,<nil>,<nil>,<nil>,<nil>,<nil>,626,<nil>
1798852441,<nil>,<nil>,<nil>,<nil>,<nil>,<nil>,<nil>,<nil>,359,<nil>
3948367717,<nil>,<nil>,<nil>,<nil>,<nil>,<nil>,<nil>,<nil>,789,<nil>
3069267788,<nil>,<nil>,<nil>,<nil>,<nil>,<nil>,<nil>,<nil>,613,<nil>
1139494757,<nil>,<nil>,<nil>,<nil>,<nil>,<nil>,<nil>,<nil>,227,<nil>
3570093901,<nil>,<nil>,<nil>,<nil>,<nil>,<nil>,<nil>,<nil>,714,<nil>
2181648204,<nil>,<nil>,<nil>,<nil>,<nil>,<nil>,<nil>,<nil>,436,<nil>
1846759244,<nil>,<nil>,<nil>,<nil>,<nil>,<nil>,<nil>,<nil>,369,<nil>
4221521753,<nil>,<nil>,<nil>,<nil>,<nil>,<nil>,<nil>,<nil>,844,<nil>
3136507725,<nil>,<nil>,<nil>,<nil>,<nil>,<nil>,<nil>,<nil>,627,<nil>
2369605477,<nil>,<nil>,<nil>,<nil>,<nil>,<nil>,<nil>,<nil>,473,<nil>
933515096,<nil>,<nil>,<nil>,<nil>,<nil>,<nil>,<nil>,<nil>,186,<nil>
4166471501,<nil>,<nil>,<nil>,<nil>,<nil>,<nil>,<nil>,<nil>,833,<nil>
3638382912,<nil>,<nil>,<nil>,<nil>,<nil>,<nil>,<nil>,<nil>,727,<nil>
1809796941,<nil>,<nil>,<nil>,<nil>,<nil>,<nil>,<nil>,<nil>,361,<nil>
746915856,<nil>,<nil>,<nil>,<nil>,<nil>,<nil>,<nil>,<nil>,149,<nil>
3682160473,<nil>,<nil>,<nil>,<nil>,<nil>,<nil>,<nil>,<nil>,736,<nil>
1709920089,<nil>,<nil>,<nil>,<nil>,<nil>,<nil>,<nil>,<nil>,341,<nil>
50614105,<nil>,<nil>,<nil>,<nil>,<nil>,<nil>,<nil>,<nil>,10,<nil>
4000862029,<nil>,<nil>,<nil>,<nil>,<nil>,<nil>,<nil>,<nil>,800,<nil>
95178584,<nil>,<nil>,<nil>,<nil>,<nil>,<nil>,<nil>,<nil>,19,<nil>
3194769241,<nil>,<nil>,<nil>,<nil>,<nil>,<nil>,<nil>,<nil>,638,<nil>
1733232302,<nil>,<nil>,<nil>,<nil>,<nil>,<nil>,<nil>,<nil>,346,<nil>
3174256472,<nil>,<nil>,<nil>,<nil>,<nil>,<nil>,<nil>,<nil>,634,<nil>
1922566144,<nil>,<nil>,<nil>,<nil>,<nil>,<nil>,<nil>,<nil>,384,<nil>
117722956,<nil>,<nil>,<nil>,<nil>,<nil>,<nil>,<nil>,<nil>,23,<nil>
2335919949,<nil>,<nil>,<nil>,<nil>,<nil>,<nil>,<nil>,<nil>,467,<nil>
823086925,<nil>,<nil>,<nil>,<nil>,<nil>,<nil>,<nil>,<nil>,164,<nil>
3600633689,<nil>,<nil>,<nil>,<nil>,<nil>,<nil>,<nil>,<nil>,720,<nil>
1621774168,<nil>,<nil>,<nil>,<nil>,<nil>,<nil>,<nil>,<nil>,324,<nil>
1154633549,<nil>,<nil>,<nil>,<nil>,<nil>,<nil>,<nil>,<nil>,230,<nil>
4003942220,<nil>,<nil>,<nil>,<nil>,<nil>,<nil>,<nil>,<nil>,800,<nil>
2343980876,<nil>,<nil>,<nil>,<nil>,<nil>,<nil>,<nil>,<nil>,468,<nil>
855854925,<nil>,<nil>,<nil>,<nil>,<nil>,<nil>,<nil>,<nil>,171,<nil>
3227012940,<nil>,<nil>,<nil>,<nil>,<nil>,<nil>,<nil>,<nil>,645,<nil>
2191675225,<nil>,<nil>,<nil>,<nil>,<nil>,<nil>,<nil>,<nil>,438,<nil>
282742629,<nil>,<nil>,<nil>,<nil>,<nil>,<nil>,<nil>,<nil>,56,<nil>
3451670349,<nil>,<nil>,<nil>,<nil>,<nil>,<nil>,<nil>,<nil>,690,<nil>
2835304281,<nil>,<nil>,<nil>,<nil>,<nil>,<nil>,<nil>,<nil>,567,<nil>
1576357720,<nil>,<nil>,<nil>,<nil>,<nil>,<nil>,<nil>,<nil>,315,<nil>
4015214912,<nil>,<nil>,<nil>,<nil>,<nil>,<nil>,<nil>,<nil>,803,<nil>
2564771661,<nil>,<nil>,<nil>,<nil>,<nil>,<nil>,<nil>,<nil>,512,<nil>
3383447372,<nil>,<nil>,<nil>,<nil>,<nil>,<nil>,<nil>,<nil>,676,<nil>
2667401037,<nil>,<nil>,<nil>,<nil>,<nil>,<nil>,<nil>,<nil>,533,<nil>
2457292620,<nil>,<nil>,<nil>,<nil>,<nil>,<nil>,<nil>,<nil>,491,<nil>
3934867289,<nil>,<nil>,<nil>,<nil>,<nil>,<nil>,<nil>,<nil>,786,<nil>
2545831768,<nil>,<nil>,<nil>,<nil>,<nil>,<nil>,<nil>,<nil>,509,<nil>
1536688173,<nil>,<nil>,<nil>,<nil>,<nil>,<nil>,<nil>,<nil>,307,<nil>
2117994536,<nil>,<nil>,<nil>,<nil>,<nil>,<nil>,<nil>,<nil>,423,<nil>
244535129,<nil>,<nil>,<nil>,<nil>,<nil>,<nil>,<nil>,<nil>,48,<nil>
3724347056,<nil>,<nil>,<nil>,<nil>,<nil>,<nil>,<nil>,<nil>,744,<nil>
3802681165,<nil>,<nil>,<nil>,<nil>,<nil>,<nil>,<nil>,<nil>,760,<nil>
2350450350,<nil>,<nil>,<nil>,<nil>,<nil>,<nil>,<nil>,<nil>,470,<nil>
351555417,<nil>,<nil>,<nil>,<nil>,<nil>,<nil>,<nil>,<nil>,70,<nil>
3797551104,<nil>,<nil>,<nil>,<nil>,<nil>,<nil>,<nil>,<nil>,759,<nil>
2876329805,<nil>,<nil>,<nil>,<nil>,<nil>,<nil>,<nil>,<nil>,575,<nil>
1243434852,<nil>,<nil>,<nil>,<nil>,<nil>,<nil>,<nil>,<nil>,248,<nil>
398544728,<nil>,<nil>,<nil>,<nil>,<nil>,<nil>,<nil>,<nil>,79,<nil>
2727366476,<nil>,<nil>,<nil>,<nil>,<nil>,<nil>,<nil>,<nil>,545,<nil>
2210221901,<nil>,<nil>,<nil>,<nil>,<nil>,<nil>,<nil>,<nil>,442,<nil>
1281052504,<nil>,<nil>,<nil>,<nil>,<nil>,<nil>,<nil>,<nil>,256,<nil>
2998947673,<nil>,<nil>,<nil>,<nil>,<nil>,<nil>,<nil>,<nil>,599,<nil>
748965721,<nil>,<nil>,<nil>,<nil>,<nil>,<nil>,<nil>,<nil>,149,<nil>
378031948,<nil>,<nil>,<nil>,<nil>,<nil>,<nil>,<nil>,<nil>,75,<nil>
473976665,<nil>,<nil>,<nil>,<nil>,<nil>,<nil>,<nil>,<nil>,94,<nil>
3520614232,<nil>,<nil>,<nil>,<nil>,<nil>,<nil>,<nil>,<nil>,704,<nil>
2181451609,<nil>,<nil>,<nil>,<nil>,<nil>,<nil>,<nil>,<nil>,436,<nil>
472076109,<nil>,<nil>,<nil>,<nil>,<nil>,<nil>,<nil>,<nil>,94,<nil>
3983822680,<nil>,<nil>,<nil>,<nil>,<nil>,<nil>,<nil>,<nil>,796,<nil>
1931956069,<nil>,<nil>,<nil>,<nil>,<nil>,<nil>,<nil>,<nil>,386,<nil>
2340292648,<nil>,<nil>,<nil>,<nil>,<nil>,<nil>,<nil>,<nil>,468,<nil>
1697927018,<nil>,<nil>,<nil>,<nil>,<nil>,<nil>,<nil>,<nil>,339,<nil>
2961985381,<nil>,<nil>,<nil>,<nil>,<nil>,<nil>,<nil>,<nil>,592,<nil>
2855358296,<nil>,<nil>,<nil>,<nil>,<nil>,<nil>,<nil>,<nil>,571,<nil>
1183010636,<nil>,<nil>,<nil>,<nil>,<nil>,<nil>,<nil>,<nil>,236,<nil>
3707195225,<nil>,<nil>,<nil>,<nil>,<nil>,<nil>,<nil>,<nil>,741,<nil>
3908372688,<nil>,<nil>,<nil>,<nil>,<nil>,<nil>,<nil>,<nil>,781,<nil>
1750617945,<nil>,<nil>,<nil>,<nil>,<nil>,<nil>,<nil>,<nil>,350,<nil>
828591961,<nil>,<nil>,<nil>,<nil>,<nil>,<nil>,<nil>,<nil>,165,<nil>
712200024,<nil>,<nil>,<nil>,<nil>,<nil>,<nil>,<nil>,<nil>,142,<nil>
3500822349,<nil>,<nil>,<nil>,<nil>,<nil>,<nil>,<nil>,<nil>,700,<nil>
2914396004,<nil>,<nil>,<nil>,<nil>,<nil>,<nil>,<nil>,<nil>,582,<nil>
991514444,<nil>,<nil>,<nil>,<nil>,<nil>,<nil>,<nil>,<nil>,198,<nil>
3834531850,<nil>,<nil>,<nil>,<nil>,<nil>,<nil>,<nil>,<nil>,766,<nil>
1403146061,<nil>,<nil>,<nil>,<nil>,<nil>,<nil>,<nil>,<nil>,280,<nil>
4010739374,<nil>,<nil>,<nil>,<nil>,<nil>,<nil>,<nil>,<nil>,802,<nil>
2158448650,<nil>,<nil>,<nil>,<nil>,<nil>,<nil>,<nil>,<nil>,431,<nil>
1039224652,<nil>,<nil>,<nil>,<nil>,<nil>,<nil>,<nil>,<nil>,207,<nil>
4047195685,<nil>,<nil>,<nil>,<nil>,<nil>,<nil>,<nil>,<nil>,809,<nil>
1782665049,<nil>,<nil>,<nil>,<nil>,<nil>,<nil>,<nil>,<nil>,356,<nil>
1572032344,<nil>,<nil>,<nil>,<nil>,<nil>,<nil>,<nil>,<nil>,314,<nil>
3088011084,<nil>,<nil>,<nil>,<nil>,<nil>,<nil>,<nil>,<nil>,617,<nil>
580669273,<nil>,<nil>,<nil>,<nil>,<nil>,<nil>,<nil>,<nil>,116,<nil>
3770765132,<nil>,<nil>,<nil>,<nil>,<nil>,<nil>,<nil>,<nil>,754,<nil>
542396236,<nil>,<nil>,<nil>,<nil>,<nil>,<nil>,<nil>,<nil>,108,<nil>
2912833369,<nil>,<nil>,<nil>,<nil>,<nil>,<nil>,<nil>,<nil>,582,<nil>
1155813220,<nil>,<nil>,<nil>,<nil>,<nil>,<nil>,<nil>,<nil>,231,<nil>
313806680,<nil>,<nil>,<nil>,<nil>,<nil>,<nil>,<nil>,<nil>,62,<nil>
3161935693,<nil>,<nil>,<nil>,<nil>,<nil>,<nil>,<nil>,<nil>,632,<nil>
2387038029,<nil>,<nil>,<nil>,<nil>,<nil>,<nil>,<nil>,<nil>,477,<nil>
998264652,<nil>,<nil>,<nil>,<nil>,<nil>,<nil>,<nil>,<nil>,199,<nil>
259870553,<nil>,<nil>,<nil>,<nil>,<nil>,<nil>,<nil>,<nil>,51,<nil>
73289738,<nil>,<nil>,<nil>,<nil>,<nil>,<nil>,<nil>,<nil>,14,<nil>
2378125132,<nil>,<nil>,<nil>,<nil>,<nil>,<nil>,<nil>,<nil>,475,<nil>
135614285,<nil>,<nil>,<nil>,<nil>,<nil>,<nil>,<nil>,<nil>,27,<nil>
1547980633,<nil>,<nil>,<nil>,<nil>,<nil>,<nil>,<nil>,<nil>,309,<nil>
158748504,<nil>,<nil>,<nil>,<nil>,<nil>,<nil>,<nil>,<nil>,31,<nil>
3674427224,<nil>,<nil>,<nil>,<nil>,<nil>,<nil>,<nil>,<nil>,734,<nil>
3320270669,<nil>,<nil>,<nil>,<nil>,<nil>,<nil>,<nil>,<nil>,664,<nil>
1797148504,<nil>,<nil>,<nil>,<nil>,<nil>,<nil>,<nil>,<nil>,359,<nil>
912525328,<nil>,<nil>,<nil>,<nil>,<nil>,<nil>,<nil>,<nil>,182,<nil>
3357560676,<nil>,<nil>,<nil>,<nil>,<nil>,<nil>,<nil>,<nil>,671,<nil>
1776111448,<nil>,<nil>,<nil>,<nil>,<nil>,<nil>,<nil>,<nil>,355,<nil>
435441497,<nil>,<nil>,<nil>,<nil>,<nil>,<nil>,<nil>,<nil>,87,<nil>
972359888,<nil>,<nil>,<nil>,<nil>,<nil>,<nil>,<nil>,<nil>,194,<nil>
3298053988,<nil>,<nil>,<nil>,<nil>,<nil>,<nil>,<nil>,<nil>,659,<nil>
2007781208,<nil>,<nil>,<nil>,<nil>,<nil>,<nil>,<nil>,<nil>,401,<nil>
812142425,<nil>,<nil>,<nil>,<nil>,<nil>,<nil>,<nil>,<nil>,162,<nil>
2246004581,<nil>,<nil>,<nil>,<nil>,<nil>,<nil>,<nil>,<nil>,449,<nil>
1691176792,<nil>,<nil>,<nil>,<nil>,<nil>,<nil>,<nil>,<nil>,338,<nil>
4023603021,<nil>,<nil>,<nil>,<nil>,<nil>,<nil>,<nil>,<nil>,804,<nil>
2720794720,<nil>,<nil>,<nil>,<nil>,<nil>,<nil>,<nil>,<nil>,544,<nil>
1062883172,<nil>,<nil>,<nil>,<nil>,<nil>,<nil>,<nil>,<nil>,212,<nil>
235079344,<nil>,<nil>,<nil>,<nil>,<nil>,<nil>,<nil>,<nil>,47,<nil>
2195803993,<nil>,<nil>,<nil>,<nil>,<nil>,<nil>,<nil>,<nil>,439,<nil>
2276413272,<nil>,<nil>,<nil>,<nil>,<nil>,<nil>,<nil>,<nil>,455,<nil>
3132444492,<nil>,<nil>,<nil>,<nil>,<nil>,<nil>,<nil>,<nil>,626,<nil>
3106885464,<nil>,<nil>,<nil>,<nil>,<nil>,<nil>,<nil>,<nil>,621,<nil>
2399864496,<nil>,<nil>,<nil>,<nil>,<nil>,<nil>,<nil>,<nil>,479,<nil>
1331842916,<nil>,<nil>,<nil>,<nil>,<nil>,<nil>,<nil>,<nil>,266,<nil>
4180102988,<nil>,<nil>,<nil>,<nil>,<nil>,<nil>,<nil>,<nil>,836,<nil>
1711933104,<nil>,<nil>,<nil>,<nil>,<nil>,<nil>,<nil>,<nil>,342,<nil>
673337164,<nil>,<nil>,<nil>,<nil>,<nil>,<nil>,<nil>,<nil>,134,<nil>
3100462949,<nil>,<nil>,<nil>,<nil>,<nil>,<nil>,<nil>,<nil>,620,<nil>
1143033700,<nil>,<nil>,<nil>,<nil>,<nil>,<nil>,<nil>,<nil>,228,<nil>
140529484,<nil>,<nil>,<nil>,<nil>,<nil>,<nil>,<nil>,<nil>,28,<nil>
297422680,<nil>,<nil>,<nil>,<nil>,<nil>,<nil>,<nil>,<nil>,59,<nil>
3068743500,<nil>,<nil>,<nil>,<nil>,<nil>,<nil>,<nil>,<nil>,613,<nil>
1420709720,<nil>,<nil>,<nil>,<nil>,<nil>,<nil>,<nil>,<nil>,284,<nil>
4080226137,<nil>,<nil>,<nil>,<nil>,<nil>,<nil>,<nil>,<nil>,816,<nil>
3429912408,<nil>,<nil>,<nil>,<nil>,<nil>,<nil>,<nil>,<nil>,685,<nil>
1789415257,<nil>,<nil>,<nil>,<nil>,<nil>,<nil>,<nil>,<nil>,357,<nil>
3762817065,<nil>,<nil>,<nil>,<nil>,<nil>,<nil>,<nil>,<nil>,752,<nil>
3180678989,<nil>,<nil>,<nil>,<nil>,<nil>,<nil>,<nil>,<nil>,636,<nil>
3995160408,<nil>,<nil>,<nil>,<nil>,<nil>,<nil>,<nil>,<nil>,799,<nil>
2064338777,<nil>,<nil>,<nil>,<nil>,<nil>,<nil>,<nil>,<nil>,412,<nil>
1572491085,<nil>,<nil>,<nil>,<nil>,<nil>,<nil>,<nil>,<nil>,314,<nil>
1954303820,<nil>,<nil>,<nil>,<nil>,<nil>,<nil>,<nil>,<nil>,390,<nil>
12210008,<nil>,<nil>,<nil>,<nil>,<nil>,<nil>,<nil>,<nil>,2,<nil>
3549450073,<nil>,<nil>,<nil>,<nil>,<nil>,<nil>,<nil>,<nil>,709,<nil>
1724534616,<nil>,<nil>,<nil>,<nil>,<nil>,<nil>,<nil>,<nil>,344,<nil>
907496997,<nil>,<nil>,<nil>,<nil>,<nil>,<nil>,<nil>,<nil>,181,<nil>
3131264844,<nil>,<nil>,<nil>,<nil>,<nil>,<nil>,<nil>,<nil>,626,<nil>
1200574285,<nil>,<nil>,<nil>,<nil>,<nil>,<nil>,<nil>,<nil>,240,<nil>
376178729,<nil>,<nil>,<nil>,<nil>,<nil>,<nil>,<nil>,<nil>,75,<nil>
2913816397,<nil>,<nil>,<nil>,<nil>,<nil>,<nil>,<nil>,<nil>,582,<nil>
1708216153,<nil>,<nil>,<nil>,<nil>,<nil>,<nil>,<nil>,<nil>,341,<nil>
3994373964,<nil>,<nil>,<nil>,<nil>,<nil>,<nil>,<nil>,<nil>,798,<nil>
2497859109,<nil>,<nil>,<nil>,<nil>,<nil>,<nil>,<nil>,<nil>,499,<nil>
846417741,<nil>,<nil>,<nil>,<nil>,<nil>,<nil>,<nil>,<nil>,169,<nil>
1410486105,<nil>,<nil>,<nil>,<nil>,<nil>,<nil>,<nil>,<nil>,282,<nil>
3899477849,<nil>,<nil>,<nil>,<nil>,<nil>,<nil>,<nil>,<nil>,779,<nil>
2092453721,<nil>,<nil>,<nil>,<nil>,<nil>,<nil>,<nil>,<nil>,418,<nil>
835866444,<nil>,<nil>,<nil>,<nil>,<nil>,<nil>,<nil>,<nil>,167,<nil>
2614054733,<nil>,<nil>,<nil>,<nil>,<nil>,<nil>,<nil>,<nil>,522,<nil>
1994149721,<nil>,<nil>,<nil>,<nil>,<nil>,<nil>,<nil>,<nil>,398,<nil>
940265322,<nil>,<nil>,<nil>,<nil>,<nil>,<nil>,<nil>,<nil>,188,<nil>
3446212648,<nil>,<nil>,<nil>,<nil>,<nil>,<nil>,<nil>,<nil>,689,<nil>
2285326168,<nil>,<nil>,<nil>,<nil>,<nil>,<nil>,<nil>,<nil>,457,<nil>
1029721944,<nil>,<nil>,<nil>,<nil>,<nil>,<nil>,<nil>,<nil>,205,<nil>
3515895640,<nil>,<nil>,<nil>,<nil>,<nil>,<nil>,<nil>,<nil>,703,<nil>
1631539044,<nil>,<nil>,<nil>,<nil>,<nil>,<nil>,<nil>,<nil>,326,<nil>
359354189,<nil>,<nil>,<nil>,<nil>,<nil>,<nil>,<nil>,<nil>,71,<nil>
1228933161,<nil>,<nil>,<nil>,<nil>,<nil>,<nil>,<nil>,<nil>,245,<nil>
3631435609,<nil>,<nil>,<nil>,<nil>,<nil>,<nil>,<nil>,<nil>,726,<nil>
1204440909,<nil>,<nil>,<nil>,<nil>,<nil>,<nil>,<nil>,<nil>,240,<nil>
130549760,<nil>,<nil>,<nil>,<nil>,<nil>,<nil>,<nil>,<nil>,26,<nil>
3349827109,<nil>,<nil>,<nil>,<nil>,<nil>,<nil>,<nil>,<nil>,669,<nil>
3137949517,<nil>,<nil>,<nil>,<nil>,<nil>,<nil>,<nil>,<nil>,627,<nil>
899829593,<nil>,<nil>,<nil>,<nil>,<nil>,<nil>,<nil>,<nil>,179,<nil>
3955052376,<nil>,<nil>,<nil>,<nil>,<nil>,<nil>,<nil>,<nil>,791,<nil>
1629638488,<nil>,<nil>,<nil>,<nil>,<nil>,<nil>,<nil>,<nil>,325,<nil>
4274147149,<nil>,<nil>,<nil>,<nil>,<nil>,<nil>,<nil>,<nil>,854,<nil>
3490336600,<nil>,<nil>,<nil>,<nil>,<nil>,<nil>,<nil>,<nil>,698,<nil>
110317412,<nil>,<nil>,<nil>,<nil>,<nil>,<nil>,<nil>,<nil>,22,<nil>
150556504,<nil>,<nil>,<nil>,<nil>,<nil>,<nil>,<nil>,<nil>,30,<nil>
3401011033,<nil>,<nil>,<nil>,<nil>,<nil>,<nil>,<nil>,<nil>,680,<nil>
3154923352,<nil>,<nil>,<nil>,<nil>,<nil>,<nil>,<nil>,<nil>,630,<nil>
1053970264,<nil>,<nil>,<nil>,<nil>,<nil>,<nil>,<nil>,<nil>,210,<nil>
130764632,<nil>,<nil>,<nil>,<nil>,<nil>,<nil>,<nil>,<nil>,26,<nil>
3931590489,<nil>,<nil>,<nil>,<nil>,<nil>,<nil>,<nil>,<nil>,786,<nil>
3134541656,<nil>,<nil>,<nil>,<nil>,<nil>,<nil>,<nil>,<nil>,626,<nil>
1481002829,<nil>,<nil>,<nil>,<nil>,<nil>,<nil>,<nil>,<nil>,296,<nil>
3414970188,<nil>,<nil>,<nil>,<nil>,<nil>,<nil>,<nil>,<nil>,682,<nil>
1473072984,<nil>,<nil>,<nil>,<nil>,<nil>,<nil>,<nil>,<nil>,294,<nil>
972705625,<nil>,<nil>,<nil>,<nil>,<nil>,<nil>,<nil>,<nil>,194,<nil>
3858892816,<nil>,<nil>,<nil>,<nil>,<nil>,<nil>,<nil>,<nil>,771,<nil>
2662027085,<nil>,<nil>,<nil>,<nil>,<nil>,<nil>,<nil>,<nil>,532,<nil>
1717981005,<nil>,<nil>,<nil>,<nil>,<nil>,<nil>,<nil>,<nil>,343,<nil>
2057785176,<nil>,<nil>,<nil>,<nil>,<nil>,<nil>,<nil>,<nil>,411,<nil>
1373177896,<nil>,<nil>,<nil>,<nil>,<nil>,<nil>,<nil>,<nil>,274,<nil>
2829668184,<nil>,<nil>,<nil>,<nil>,<nil>,<nil>,<nil>,<nil>,565,<nil>
1022644056,<nil>,<nil>,<nil>,<nil>,<nil>,<nil>,<nil>,<nil>,204,<nil>
3351531340,<nil>,<nil>,<nil>,<nil>,<nil>,<nil>,<nil>,<nil>,670,<nil>
2303676237,<nil>,<nil>,<nil>,<nil>,<nil>,<nil>,<nil>,<nil>,460,<nil>
2906869580,<nil>,<nil>,<nil>,<nil>,<nil>,<nil>,<nil>,<nil>,581,<nil>
1393971020,<nil>,<nil>,<nil>,<nil>,<nil>,<nil>,<nil>,<nil>,278,<nil>
4052701005,<nil>,<nil>,<nil>,<nil>,<nil>,<nil>,<nil>,<nil>,810,<nil>
2665107276,<nil>,<nil>,<nil>,<nil>,<nil>,<nil>,<nil>,<nil>,533,<nil>
598560601,<nil>,<nil>,<nil>,<nil>,<nil>,<nil>,<nil>,<nil>,119,<nil>
83316556,<nil>,<nil>,<nil>,<nil>,<nil>,<nil>,<nil>,<nil>,16,<nil>
2232831832,<nil>,<nil>,<nil>,<nil>,<nil>,<nil>,<nil>,<nil>,446,<nil>
425086808,<nil>,<nil>,<nil>,<nil>,<nil>,<nil>,<nil>,<nil>,85,<nil>
3804122957,<nil>,<nil>,<nil>,<nil>,<nil>,<nil>,<nil>,<nil>,760,<nil>
3723186008,<nil>,<nil>,<nil>,<nil>,<nil>,<nil>,<nil>,<nil>,744,<nil>
2195410764,<nil>,<nil>,<nil>,<nil>,<nil>,<nil>,<nil>,<nil>,439,<nil>
859000653,<nil>,<nil>,<nil>,<nil>,<nil>,<nil>,<nil>,<nil>,171,<nil>
1698058073,<nil>,<nil>,<nil>,<nil>,<nil>,<nil>,<nil>,<nil>,339,<nil>
23088973,<nil>,<nil>,<nil>,<nil>,<nil>,<nil>,<nil>,<nil>,4,<nil>
3695071053,<nil>,<nil>,<nil>,<nil>,<nil>,<nil>,<nil>,<nil>,739,<nil>
3863873745,<nil>,<nil>,<nil>,<nil>,<nil>,<nil>,<nil>,<nil>,772,<nil>
2852736856,<nil>,<nil>,<nil>,<nil>,<nil>,<nil>,<nil>,<nil>,570,<nil>
1050169177,<nil>,<nil>,<nil>,<nil>,<nil>,<nil>,<nil>,<nil>,210,<nil>
3877130085,<nil>,<nil>,<nil>,<nil>,<nil>,<nil>,<nil>,<nil>,775,<nil>
2587709272,<nil>,<nil>,<nil>,<nil>,<nil>,<nil>,<nil>,<nil>,517,<nil>
1885472864,<nil>,<nil>,<nil>,<nil>,<nil>,<nil>,<nil>,<nil>,377,<nil>
4109127501,<nil>,<nil>,<nil>,<nil>,<nil>,<nil>,<nil>,<nil>,821,<nil>
2294763352,<nil>,<nil>,<nil>,<nil>,<nil>,<nil>,<nil>,<nil>,458,<nil>
925716312,<nil>,<nil>,<nil>,<nil>,<nil>,<nil>,<nil>,<nil>,185,<nil>
3963899725,<nil>,<nil>,<nil>,<nil>,<nil>,<nil>,<nil>,<nil>,792,<nil>
2648899690,<nil>,<nil>,<nil>,<nil>,<nil>,<nil>,<nil>,<nil>,529,<nil>
84168524,<nil>,<nil>,<nil>,<nil>,<nil>,<nil>,<nil>,<nil>,16,<nil>
2437500760,<nil>,<nil>,<nil>,<nil>,<nil>,<nil>,<nil>,<nil>,487,<nil>
650661721,<nil>,<nil>,<nil>,<nil>,<nil>,<nil>,<nil>,<nil>,130,<nil>
541151065,<nil>,<nil>,<nil>,<nil>,<nil>,<nil>,<nil>,<nil>,108,<nil>
3729542988,<nil>,<nil>,<nil>,<nil>,<nil>,<nil>,<nil>,<nil>,745,<nil>
2673495896,<nil>,<nil>,<nil>,<nil>,<nil>,<nil>,<nil>,<nil>,534,<nil>
3803729740,<nil>,<nil>,<nil>,<nil>,<nil>,<nil>,<nil>,<nil>,760,<nil>
1997164364,<nil>,<nil>,<nil>,<nil>,<nil>,<nil>,<nil>,<nil>,399,<nil>
1662388240,<nil>,<nil>,<nil>,<nil>,<nil>,<nil>,<nil>,<nil>,332,<nil>
3112652632,<nil>,<nil>,<nil>,<nil>,<nil>,<nil>,<nil>,<nil>,622,<nil>
1477398361,<nil>,<nil>,<nil>,<nil>,<nil>,<nil>,<nil>,<nil>,295,<nil>
974147416,<nil>,<nil>,<nil>,<nil>,<nil>,<nil>,<nil>,<nil>,194,<nil>
2278313816,<nil>,<nil>,<nil>,<nil>,<nil>,<nil>,<nil>,<nil>,455,<nil>
1274957668,<nil>,<nil>,<nil>,<nil>,<nil>,<nil>,<nil>,<nil>,254,<nil>
3834072908,<nil>,<nil>,<nil>,<nil>,<nil>,<nil>,<nil>,<nil>,766,<nil>
1956859725,<nil>,<nil>,<nil>,<nil>,<nil>,<nil>,<nil>,<nil>,391,<nil>
1342066521,<nil>,<nil>,<nil>,<nil>,<nil>,<nil>,<nil>,<nil>,268,<nil>
2827898712,<nil>,<nil>,<nil>,<nil>,<nil>,<nil>,<nil>,<nil>,565,<nil>
2335526732,<nil>,<nil>,<nil>,<nil>,<nil>,<nil>,<nil>,<nil>,467,<nil>
3499839333,<nil>,<nil>,<nil>,<nil>,<nil>,<nil>,<nil>,<nil>,699,<nil>
1990469482,<nil>,<nil>,<nil>,<nil>,<nil>,<nil>,<nil>,<nil>,398,<nil>
3908325247,<nil>,<nil>,<nil>,<nil>,<nil>,<nil>,<nil>,<nil>,781,<nil>
2148290380,<nil>,<nil>,<nil>,<nil>,<nil>,<nil>,<nil>,<nil>,429,<nil>
643387224,<nil>,<nil>,<nil>,<nil>,<nil>,<nil>,<nil>,<nil>,128,<nil>
3263694512,<nil>,<nil>,<nil>,<nil>,<nil>,<nil>,<nil>,<nil>,652,<nil>
1451183960,<nil>,<nil>,<nil>,<nil>,<nil>,<nil>,<nil>,<nil>,290,<nil>
731250733,<nil>,<nil>,<nil>,<nil>,<nil>,<nil>,<nil>,<nil>,146,<nil>
1776405982,<nil>,<nil>,<nil>,<nil>,<nil>,<nil>,<nil>,<nil>,355,<nil>
4178642944,<nil>,<nil>,<nil>,<nil>,<nil>,<nil>,<nil>,<nil>,835,<nil>
2470137676,<nil>,<nil>,<nil>,<nil>,<nil>,<nil>,<nil>,<nil>,494,<nil>
338513741,<nil>,<nil>,<nil>,<nil>,<nil>,<nil>,<nil>,<nil>,67,<nil>
3127136089,<nil>,<nil>,<nil>,<nil>,<nil>,<nil>,<nil>,<nil>,625,<nil>
1565413209,<nil>,<nil>,<nil>,<nil>,<nil>,<nil>,<nil>,<nil>,313,<nil>
3382988632,<nil>,<nil>,<nil>,<nil>,<nil>,<nil>,<nil>,<nil>,676,<nil>
1720471384,<nil>,<nil>,<nil>,<nil>,<nil>,<nil>,<nil>,<nil>,344,<nil>
1094012760,<nil>,<nil>,<nil>,<nil>,<nil>,<nil>,<nil>,<nil>,218,<nil>
2577860816,<nil>,<nil>,<nil>,<nil>,<nil>,<nil>,<nil>,<nil>,515,<nil>
258953037,<nil>,<nil>,<nil>,<nil>,<nil>,<nil>,<nil>,<nil>,51,<nil>
3324727128,<nil>,<nil>,<nil>,<nil>,<nil>,<nil>,<nil>,<nil>,664,<nil>
2275495769,<nil>,<nil>,<nil>,<nil>,<nil>,<nil>,<nil>,<nil>,455,<nil>
494554957,<nil>,<nil>,<nil>,<nil>,<nil>,<nil>,<nil>,<nil>,98,<nil>
4294791000,<nil>,<nil>,<nil>,<nil>,<nil>,<nil>,<nil>,<nil>,858,<nil>
1254248281,<nil>,<nil>,<nil>,<nil>,<nil>,<nil>,<nil>,<nil>,250,<nil>
1495945037,<nil>,<nil>,<nil>,<nil>,<nil>,<nil>,<nil>,<nil>,299,<nil>
566710104,<nil>,<nil>,<nil>,<nil>,<nil>,<nil>,<nil>,<nil>,113,<nil>
1335971685,<nil>,<nil>,<nil>,<nil>,<nil>,<nil>,<nil>,<nil>,267,<nil>
1138315084,<nil>,<nil>,<nil>,<nil>,<nil>,<nil>,<nil>,<nil>,227,<nil>
106778457,<nil>,<nil>,<nil>,<nil>,<nil>,<nil>,<nil>,<nil>,21,<nil>
2525364330,<nil>,<nil>,<nil>,<nil>,<nil>,<nil>,<nil>,<nil>,505,<nil>
464998232,<nil>,<nil>,<nil>,<nil>,<nil>,<nil>,<nil>,<nil>,92,<nil>
3419426649,<nil>,<nil>,<nil>,<nil>,<nil>,<nil>,<nil>,<nil>,683,<nil>
8277836,<nil>,<nil>,<nil>,<nil>,<nil>,<nil>,<nil>,<nil>,1,<nil>
3687010136,<nil>,<nil>,<nil>,<nil>,<nil>,<nil>,<nil>,<nil>,737,<nil>
1788694360,<nil>,<nil>,<nil>,<nil>,<nil>,<nil>,<nil>,<nil>,357,<nil>
4116401996,<nil>,<nil>,<nil>,<nil>,<nil>,<nil>,<nil>,<nil>,823,<nil>
3070644045,<nil>,<nil>,<nil>,<nil>,<nil>,<nil>,<nil>,<nil>,614,<nil>
2364407908,<nil>,<nil>,<nil>,<nil>,<nil>,<nil>,<nil>,<nil>,472,<nil>
695226200,<nil>,<nil>,<nil>,<nil>,<nil>,<nil>,<nil>,<nil>,139,<nil>
3639168845,<nil>,<nil>,<nil>,<nil>,<nil>,<nil>,<nil>,<nil>,727,<nil>
1978486605,<nil>,<nil>,<nil>,<nil>,<nil>,<nil>,<nil>,<nil>,395,<nil>
3451670361,<nil>,<nil>,<nil>,<nil>,<nil>,<nil>,<nil>,<nil>,690,<nil>
3125694297,<nil>,<nil>,<nil>,<nil>,<nil>,<nil>,<nil>,<nil>,625,<nil>
1307004749,<nil>,<nil>,<nil>,<nil>,<nil>,<nil>,<nil>,<nil>,261,<nil>
1095782220,<nil>,<nil>,<nil>,<nil>,<nil>,<nil>,<nil>,<nil>,219,<nil>
3062648682,<nil>,<nil>,<nil>,<nil>,<nil>,<nil>,<nil>,<nil>,612,<nil>
1622560600,<nil>,<nil>,<nil>,<nil>,<nil>,<nil>,<nil>,<nil>,324,<nil>
419581773,<nil>,<nil>,<nil>,<nil>,<nil>,<nil>,<nil>,<nil>,83,<nil>
1945194317,<nil>,<nil>,<nil>,<nil>,<nil>,<nil>,<nil>,<nil>,389,<nil>
5853017,<nil>,<nil>,<nil>,<nil>,<nil>,<nil>,<nil>,<nil>,1,<nil>
2481278797,<nil>,<nil>,<nil>,<nil>,<nil>,<nil>,<nil>,<nil>,496,<nil>
1537822540,<nil>,<nil>,<nil>,<nil>,<nil>,<nil>,<nil>,<nil>,307,<nil>
2897039180,<nil>,<nil>,<nil>,<nil>,<nil>,<nil>,<nil>,<nil>,579,<nil>
1541558104,<nil>,<nil>,<nil>,<nil>,<nil>,<nil>,<nil>,<nil>,308,<nil>
18894668,<nil>,<nil>,<nil>,<nil>,<nil>,<nil>,<nil>,<nil>,3,<nil>
2373930840,<nil>,<nil>,<nil>,<nil>,<nil>,<nil>,<nil>,<nil>,474,<nil>
1352322528,<nil>,<nil>,<nil>,<nil>,<nil>,<nil>,<nil>,<nil>,270,<nil>
4026617701,<nil>,<nil>,<nil>,<nil>,<nil>,<nil>,<nil>,<nil>,805,<nil>
2308067149,<nil>,<nil>,<nil>,<nil>,<nil>,<nil>,<nil>,<nil>,461,<nil>
3110752089,<nil>,<nil>,<nil>,<nil>,<nil>,<nil>,<nil>,<nil>,622,<nil>
2004307788,<nil>,<nil>,<nil>,<nil>,<nil>,<nil>,<nil>,<nil>,400,<nil>
1013796709,<nil>,<nil>,<nil>,<nil>,<nil>,<nil>,<nil>,<nil>,202,<nil>
1890537292,<nil>,<nil>,<nil>,<nil>,<nil>,<nil>,<nil>,<nil>,378,<nil>
251613005,<nil>,<nil>,<nil>,<nil>,<nil>,<nil>,<nil>,<nil>,50,<nil>
2641907532,<nil>,<nil>,<nil>,<nil>,<nil>,<nil>,<nil>,<nil>,528,<nil>
1166888793,<nil>,<nil>,<nil>,<nil>,<nil>,<nil>,<nil>,<nil>,233,<nil>
668553049,<nil>,<nil>,<nil>,<nil>,<nil>,<nil>,<nil>,<nil>,133,<nil>
3724300120,<nil>,<nil>,<nil>,<nil>,<nil>,<nil>,<nil>,<nil>,744,<nil>
2810990413,<nil>,<nil>,<nil>,<nil>,<nil>,<nil>,<nil>,<nil>,562,<nil>
3763359577,<nil>,<nil>,<nil>,<nil>,<nil>,<nil>,<nil>,<nil>,752,<nil>
3699396440,<nil>,<nil>,<nil>,<nil>,<nil>,<nil>,<nil>,<nil>,739,<nil>
1738428237,<nil>,<nil>,<nil>,<nil>,<nil>,<nil>,<nil>,<nil>,347,<nil>
542639780,<nil>,<nil>,<nil>,<nil>,<nil>,<nil>,<nil>,<nil>,108,<nil>
3443019608,<nil>,<nil>,<nil>,<nil>,<nil>,<nil>,<nil>,<nil>,688,<nil>
3500625753,<nil>,<nil>,<nil>,<nil>,<nil>,<nil>,<nil>,<nil>,700,<nil>
2411268112,<nil>,<nil>,<nil>,<nil>,<nil>,<nil>,<nil>,<nil>,482,<nil>
617219758,<nil>,<nil>,<nil>,<nil>,<nil>,<nil>,<nil>,<nil>,123,<nil>
3158069092,<nil>,<nil>,<nil>,<nil>,<nil>,<nil>,<nil>,<nil>,631,<nil>
3245756237,<nil>,<nil>,<nil>,<nil>,<nil>,<nil>,<nil>,<nil>,649,<nil>
1155026777,<nil>,<nil>,<nil>,<nil>,<nil>,<nil>,<nil>,<nil>,231,<nil>
965496665,<nil>,<nil>,<nil>,<nil>,<nil>,<nil>,<nil>,<nil>,193,<nil>
3294121805,<nil>,<nil>,<nil>,<nil>,<nil>,<nil>,<nil>,<nil>,658,<nil>
3554805920,<nil>,<nil>,<nil>,<nil>,<nil>,<nil>,<nil>,<nil>,710,<nil>
2166640473,<nil>,<nil>,<nil>,<nil>,<nil>,<nil>,<nil>,<nil>,433,<nil>
2041728845,<nil>,<nil>,<nil>,<nil>,<nil>,<nil>,<nil>,<nil>,408,<nil>
235753293,<nil>,<nil>,<nil>,<nil>,<nil>,<nil>,<nil>,<nil>,47,<nil>
3878571852,<nil>,<nil>,<nil>,<nil>,<nil>,<nil>,<nil>,<nil>,775,<nil>
2521452376,<nil>,<nil>,<nil>,<nil>,<nil>,<nil>,<nil>,<nil>,504,<nil>
1112297292,<nil>,<nil>,<nil>,<nil>,<nil>,<nil>,<nil>,<nil>,222,<nil>
880019552,<nil>,<nil>,<nil>,<nil>,<nil>,<nil>,<nil>,<nil>,176,<nil>
3159885824,<nil>,<nil>,<nil>,<nil>,<nil>,<nil>,<nil>,<nil>,631,<nil>
2622771020,<nil>,<nil>,<nil>,<nil>,<nil>,<nil>,<nil>,<nil>,524,<nil>
984960845,<nil>,<nil>,<nil>,<nil>,<nil>,<nil>,<nil>,<nil>,196,<nil>
211242829,<nil>,<nil>,<nil>,<nil>,<nil>,<nil>,<nil>,<nil>,42,<nil>
1679249229,<nil>,<nil>,<nil>,<nil>,<nil>,<nil>,<nil>,<nil>,335,<nil>
211078624,<nil>,<nil>,<nil>,<nil>,<nil>,<nil>,<nil>,<nil>,42,<nil>
3225898828,<nil>,<nil>,<nil>,<nil>,<nil>,<nil>,<nil>,<nil>,645,<nil>
1450921817,<nil>,<nil>,<nil>,<nil>,<nil>,<nil>,<nil>,<nil>,290,<nil>
543182681,<nil>,<nil>,<nil>,<nil>,<nil>,<nil>,<nil>,<nil>,108,<nil>
4108593001,<nil>,<nil>,<nil>,<nil>,<nil>,<nil>,<nil>,<nil>,821,<nil>
2858700632,<nil>,<nil>,<nil>,<nil>,<nil>,<nil>,<nil>,<nil>,571,<nil>
1372999513,<nil>,<nil>,<nil>,<nil>,<nil>,<nil>,<nil>,<nil>,274,<nil>
2173783908,<nil>,<nil>,<nil>,<nil>,<nil>,<nil>,<nil>,<nil>,434,<nil>
871583564,<nil>,<nil>,<nil>,<nil>,<nil>,<nil>,<nil>,<nil>,174,<nil>
4033433445,<nil>,<nil>,<nil>,<nil>,<nil>,<nil>,<nil>,<nil>,806,<nil>
2157662040,<nil>,<nil>,<nil>,<nil>,<nil>,<nil>,<nil>,<nil>,431,<nil>
3375648588,<nil>,<nil>,<nil>,<nil>,<nil>,<nil>,<nil>,<nil>,675,<nil>
1743474509,<nil>,<nil>,<nil>,<nil>,<nil>,<nil>,<nil>,<nil>,348,<nil>
3210366796,<nil>,<nil>,<nil>,<nil>,<nil>,<nil>,<nil>,<nil>,642,<nil>
1574719309,<nil>,<nil>,<nil>,<nil>,<nil>,<nil>,<nil>,<nil>,314,<nil>
732891176,<nil>,<nil>,<nil>,<nil>,<nil>,<nil>,<nil>,<nil>,146,<nil>
1140412236,<nil>,<nil>,<nil>,<nil>,<nil>,<nil>,<nil>,<nil>,228,<nil>
3354873677,<nil>,<nil>,<nil>,<nil>,<nil>,<nil>,<nil>,<nil>,670,<nil>
1998849700,<nil>,<nil>,<nil>,<nil>,<nil>,<nil>,<nil>,<nil>,399,<nil>
339693389,<nil>,<nil>,<nil>,<nil>,<nil>,<nil>,<nil>,<nil>,67,<nil>
1794461567,<nil>,<nil>,<nil>,<nil>,<nil>,<nil>,<nil>,<nil>,358,<nil>
3773714265,<nil>,<nil>,<nil>,<nil>,<nil>,<nil>,<nil>,<nil>,754,<nil>
3403042636,<nil>,<nil>,<nil>,<nil>,<nil>,<nil>,<nil>,<nil>,680,<nil>
3393146701,<nil>,<nil>,<nil>,<nil>,<nil>,<nil>,<nil>,<nil>,678,<nil>
1438469965,<nil>,<nil>,<nil>,<nil>,<nil>,<nil>,<nil>,<nil>,287,<nil>
718688100,<nil>,<nil>,<nil>,<nil>,<nil>,<nil>,<nil>,<nil>,143,<nil>
3829860368,<nil>,<nil>,<nil>,<nil>,<nil>,<nil>,<nil>,<nil>,765,<nil>
2168409973,<nil>,<nil>,<nil>,<nil>,<nil>,<nil>,<nil>,<nil>,433,<nil>
599805772,<nil>,<nil>,<nil>,<nil>,<nil>,<nil>,<nil>,<nil>,119,<nil>
3123662681,<nil>,<nil>,<nil>,<nil>,<nil>,<nil>,<nil>,<nil>,624,<nil>
2018856780,<nil>,<nil>,<nil>,<nil>,<nil>,<nil>,<nil>,<nil>,403,<nil>
506351477,<nil>,<nil>,<nil>,<nil>,<nil>,<nil>,<nil>,<nil>,101,<nil>
2910998373,<nil>,<nil>,<nil>,<nil>,<nil>,<nil>,<nil>,<nil>,582,<nil>
2084786009,<nil>,<nil>,<nil>,<nil>,<nil>,<nil>,<nil>,<nil>,416,<nil>
80432972,<nil>,<nil>,<nil>,<nil>,<nil>,<nil>,<nil>,<nil>,16,<nil>
3474673485,<nil>,<nil>,<nil>,<nil>,<nil>,<nil>,<nil>,<nil>,694,<nil>
2100449112,<nil>,<nil>,<nil>,<nil>,<nil>,<nil>,<nil>,<nil>,420,<nil>
1426083661,<nil>,<nil>,<nil>,<nil>,<nil>,<nil>,<nil>,<nil>,285,<nil>
494620504,<nil>,<nil>,<nil>,<nil>,<nil>,<nil>,<nil>,<nil>,98,<nil>
2638499660,<nil>,<nil>,<nil>,<nil>,<nil>,<nil>,<nil>,<nil>,527,<nil>
863588185,<nil>,<nil>,<nil>,<nil>,<nil>,<nil>,<nil>,<nil>,172,<nil>
80367437,<nil>,<nil>,<nil>,<nil>,<nil>,<nil>,<nil>,<nil>,16,<nil>
3057602085,<nil>,<nil>,<nil>,<nil>,<nil>,<nil>,<nil>,<nil>,611,<nil>
2167951192,<nil>,<nil>,<nil>,<nil>,<nil>,<nil>,<nil>,<nil>,433,<nil>
3291303768,<nil>,<nil>,<nil>,<nil>,<nil>,<nil>,<nil>,<nil>,658,<nil>
1631473496,<nil>,<nil>,<nil>,<nil>,<nil>,<nil>,<nil>,<nil>,326,<nil>
143282009,<nil>,<nil>,<nil>,<nil>,<nil>,<nil>,<nil>,<nil>,28,<nil>
2534756197,<nil>,<nil>,<nil>,<nil>,<nil>,<nil>,<nil>,<nil>,506,<nil>
363548505,<nil>,<nil>,<nil>,<nil>,<nil>,<nil>,<nil>,<nil>,72,<nil>
4171845465,<nil>,<nil>,<nil>,<nil>,<nil>,<nil>,<nil>,<nil>,834,<nil>
852447064,<nil>,<nil>,<nil>,<nil>,<nil>,<nil>,<nil>,<nil>,170,<nil>
3408134189,<nil>,<nil>,<nil>,<nil>,<nil>,<nil>,<nil>,<nil>,681,<nil>
1987465037,<nil>,<nil>,<nil>,<nil>,<nil>,<nil>,<nil>,<nil>,397,<nil>
3208925016,<nil>,<nil>,<nil>,<nil>,<nil>,<nil>,<nil>,<nil>,641,<nil>
1560760141,<nil>,<nil>,<nil>,<nil>,<nil>,<nil>,<nil>,<nil>,312,<nil>
1067732824,<nil>,<nil>,<nil>,<nil>,<nil>,<nil>,<nil>,<nil>,213,<nil>
1844137828,<nil>,<nil>,<nil>,<nil>,<nil>,<nil>,<nil>,<nil>,368,<nil>
226774860,<nil>,<nil>,<nil>,<nil>,<nil>,<nil>,<nil>,<nil>,45,<nil>
2602389337,<nil>,<nil>,<nil>,<nil>,<nil>,<nil>,<nil>,<nil>,520,<nil>
321998669,<nil>,<nil>,<nil>,<nil>,<nil>,<nil>,<nil>,<nil>,64,<nil>
3228258124,<nil>,<nil>,<nil>,<nil>,<nil>,<nil>,<nil>,<nil>,645,<nil>
1887522637,<nil>,<nil>,<nil>,<nil>,<nil>,<nil>,<nil>,<nil>,377,<nil>
1250840408,<nil>,<nil>,<nil>,<nil>,<nil>,<nil>,<nil>,<nil>,250,<nil>
3577958220,<nil>,<nil>,<nil>,<nil>,<nil>,<nil>,<nil>,<nil>,715,<nil>
3098496844,<nil>,<nil>,<nil>,<nil>,<nil>,<nil>,<nil>,<nil>,619,<nil>
2588823384,<nil>,<nil>,<nil>,<nil>,<nil>,<nil>,<nil>,<nil>,517,<nil>
208293709,<nil>,<nil>,<nil>,<nil>,<nil>,<nil>,<nil>,<nil>,41,<nil>
4023275341,<nil>,<nil>,<nil>,<nil>,<nil>,<nil>,<nil>,<nil>,804,<nil>
3213053784,<nil>,<nil>,<nil>,<nil>,<nil>,<nil>,<nil>,<nil>,642,<nil>
1475366756,<nil>,<nil>,<nil>,<nil>,<nil>,<nil>,<nil>,<nil>,295,<nil>
33836876,<nil>,<nil>,<nil>,<nil>,<nil>,<nil>,<nil>,<nil>,6,<nil>
166612837,<nil>,<nil>,<nil>,<nil>,<nil>,<nil>,<nil>,<nil>,33,<nil>
2797994984,<nil>,<nil>,<nil>,<nil>,<nil>,<nil>,<nil>,<nil>,559,<nil>
940658509,<nil>,<nil>,<nil>,<nil>,<nil>,<nil>,<nil>,<nil>,188,<nil>
3642380108,<nil>,<nil>,<nil>,<nil>,<nil>,<nil>,<nil>,<nil>,728,<nil>
1991397208,<nil>,<nil>,<nil>,<nil>,<nil>,<nil>,<nil>,<nil>,398,<nil>
482084864,<nil>,<nil>,<nil>,<nil>,<nil>,<nil>,<nil>,<nil>,96,<nil>
2528726872,<nil>,<nil>,<nil>,<nil>,<nil>,<nil>,<nil>,<nil>,505,<nil>
1753173848,<nil>,<nil>,<nil>,<nil>,<nil>,<nil>,<nil>,<nil>,350,<nil>
16338788,<nil>,<nil>,<nil>,<nil>,<nil>,<nil>,<nil>,<nil>,3,<nil>
3828502372,<nil>,<nil>,<nil>,<nil>,<nil>,<nil>,<nil>,<nil>,765,<nil>
32132941,<nil>,<nil>,<nil>,<nil>,<nil>,<nil>,<nil>,<nil>,6,<nil>
2872987493,<nil>,<nil>,<nil>,<nil>,<nil>,<nil>,<nil>,<nil>,574,<nil>
2184335181,<nil>,<nil>,<nil>,<nil>,<nil>,<nil>,<nil>,<nil>,436,<nil>
211046244,<nil>,<nil>,<nil>,<nil>,<nil>,<nil>,<nil>,<nil>,42,<nil>
922505087,<nil>,<nil>,<nil>,<nil>,<nil>,<nil>,<nil>,<nil>,184,<nil>
3600699212,<nil>,<nil>,<nil>,<nil>,<nil>,<nil>,<nil>,<nil>,720,<nil>
1672892237,<nil>,<nil>,<nil>,<nil>,<nil>,<nil>,<nil>,<nil>,334,<nil>
3977858922,<nil>,<nil>,<nil>,<nil>,<nil>,<nil>,<nil>,<nil>,795,<nil>
3072610136,<nil>,<nil>,<nil>,<nil>,<nil>,<nil>,<nil>,<nil>,614,<nil>
994725721,<nil>,<nil>,<nil>,<nil>,<nil>,<nil>,<nil>,<nil>,198,<nil>
54153048,<nil>,<nil>,<nil>,<nil>,<nil>,<nil>,<nil>,<nil>,10,<nil>
2393984856,<nil>,<nil>,<nil>,<nil>,<nil>,<nil>,<nil>,<nil>,478,<nil>
742018893,<nil>,<nil>,<nil>,<nil>,<nil>,<nil>,<nil>,<nil>,148,<nil>
399658840,<nil>,<nil>,<nil>,<nil>,<nil>,<nil>,<nil>,<nil>,79,<nil>
2612219749,<nil>,<nil>,<nil>,<nil>,<nil>,<nil>,<nil>,<nil>,522,<nil>
1161318220,<nil>,<nil>,<nil>,<nil>,<nil>,<nil>,<nil>,<nil>,232,<nil>
251875160,<nil>,<nil>,<nil>,<nil>,<nil>,<nil>,<nil>,<nil>,50,<nil>
2727759692,<nil>,<nil>,<nil>,<nil>,<nil>,<nil>,<nil>,<nil>,545,<nil>
931090264,<nil>,<nil>,<nil>,<nil>,<nil>,<nil>,<nil>,<nil>,186,<nil>
535570279,<nil>,<nil>,<nil>,<nil>,<nil>,<nil>,<nil>,<nil>,107,<nil>
2936819544,<nil>,<nil>,<nil>,<nil>,<nil>,<nil>,<nil>,<nil>,587,<nil>
1877692237,<nil>,<nil>,<nil>,<nil>,<nil>,<nil>,<nil>,<nil>,375,<nil>
166723685,<nil>,<nil>,<nil>,<nil>,<nil>,<nil>,<nil>,<nil>,33,<nil>
4208134304,<nil>,<nil>,<nil>,<nil>,<nil>,<nil>,<nil>,<nil>,841,<nil>
2798473036,<nil>,<nil>,<nil>,<nil>,<nil>,<nil>,<nil>,<nil>,559,<nil>
1157058381,<nil>,<nil>,<nil>,<nil>,<nil>,<nil>,<nil>,<nil>,231,<nil>
534335309,<nil>,<nil>,<nil>,<nil>,<nil>,<nil>,<nil>,<nil>,106,<nil>
3994945576,<nil>,<nil>,<nil>,<nil>,<nil>,<nil>,<nil>,<nil>,798,<nil>
2674544472,<nil>,<nil>,<nil>,<nil>,<nil>,<nil>,<nil>,<nil>,534,<nil>
2157399589,<nil>,<nil>,<nil>,<nil>,<nil>,<nil>,<nil>,<nil>,431,<nil>
2828291929,<nil>,<nil>,<nil>,<nil>,<nil>,<nil>,<nil>,<nil>,565,<nil>
1292455768,<nil>,<nil>,<nil>,<nil>,<nil>,<nil>,<nil>,<nil>,258,<nil>
390025049,<nil>,<nil>,<nil>,<nil>,<nil>,<nil>,<nil>,<nil>,78,<nil>
558255948,<nil>,<nil>,<nil>,<nil>,<nil>,<nil>,<nil>,<nil>,111,<nil>
2637188953,<nil>,<nil>,<nil>,<nil>,<nil>,<nil>,<nil>,<nil>,527,<nil>
1978683212,<nil>,<nil>,<nil>,<nil>,<nil>,<nil>,<nil>,<nil>,395,<nil>
2676772684,<nil>,<nil>,<nil>,<nil>,<nil>,<nil>,<nil>,<nil>,535,<nil>
419516266,<nil>,<nil>,<nil>,<nil>,<nil>,<nil>,<nil>,<nil>,83,<nil>
128012121,<nil>,<nil>,<nil>,<nil>,<nil>,<nil>,<nil>,<nil>,25,<nil>
4030615384,<nil>,<nil>,<nil>,<nil>,<nil>,<nil>,<nil>,<nil>,806,<nil>
2235060045,<nil>,<nil>,<nil>,<nil>,<nil>,<nil>,<nil>,<nil>,447,<nil>
726355789,<nil>,<nil>,<nil>,<nil>,<nil>,<nil>,<nil>,<nil>,145,<nil>
86462296,<nil>,<nil>,<nil>,<nil>,<nil>,<nil>,<nil>,<nil>,17,<nil>
2415218508,<nil>,<nil>,<nil>,<nil>,<nil>,<nil>,<nil>,<nil>,483,<nil>
2274363054,<nil>,<nil>,<nil>,<nil>,<nil>,<nil>,<nil>,<nil>,454,<nil>
2228178777,<nil>,<nil>,<nil>,<nil>,<nil>,<nil>,<nil>,<nil>,445,<nil>
988106584,<nil>,<nil>,<nil>,<nil>,<nil>,<nil>,<nil>,<nil>,197,<nil>
748506957,<nil>,<nil>,<nil>,<nil>,<nil>,<nil>,<nil>,<nil>,149,<nil>
1841516376,<nil>,<nil>,<nil>,<nil>,<nil>,<nil>,<nil>,<nil>,368,<nil>
795365209,<nil>,<nil>,<nil>,<nil>,<nil>,<nil>,<nil>,<nil>,159,<nil>
2920763213,<nil>,<nil>,<nil>,<nil>,<nil>,<nil>,<nil>,<nil>,584,<nil>
682184537,<nil>,<nil>,<nil>,<nil>,<nil>,<nil>,<nil>,<nil>,136,<nil>
483741517,<nil>,<nil>,<nil>,<nil>,<nil>,<nil>,<nil>,<nil>,96,<nil>
1975471973,<nil>,<nil>,<nil>,<nil>,<nil>,<nil>,<nil>,<nil>,395,<nil>
233656152,<nil>,<nil>,<nil>,<nil>,<nil>,<nil>,<nil>,<nil>,46,<nil>
3819589476,<nil>,<nil>,<nil>,<nil>,<nil>,<nil>,<nil>,<nil>,763,<nil>
3052668580,<nil>,<nil>,<nil>,<nil>,<nil>,<nil>,<nil>,<nil>,610,<nil>
1207324992,<nil>,<nil>,<nil>,<nil>,<nil>,<nil>,<nil>,<nil>,241,<nil>
3954069336,<nil>,<nil>,<nil>,<nil>,<nil>,<nil>,<nil>,<nil>,790,<nil>
2166443865,<nil>,<nil>,<nil>,<nil>,<nil>,<nil>,<nil>,<nil>,433,<nil>
2896187237,<nil>,<nil>,<nil>,<nil>,<nil>,<nil>,<nil>,<nil>,579,<nil>
1359284320,<nil>,<nil>,<nil>,<nil>,<nil>,<nil>,<nil>,<nil>,271,<nil>
3668135757,<nil>,<nil>,<nil>,<nil>,<nil>,<nil>,<nil>,<nil>,733,<nil>
178409292,<nil>,<nil>,<nil>,<nil>,<nil>,<nil>,<nil>,<nil>,35,<nil>
2838449997,<nil>,<nil>,<nil>,<nil>,<nil>,<nil>,<nil>,<nil>,567,<nil>
2721730430,<nil>,<nil>,<nil>,<nil>,<nil>,<nil>,<nil>,<nil>,544,<nil>
1266700109,<nil>,<nil>,<nil>,<nil>,<nil>,<nil>,<nil>,<nil>,253,<nil>
924012376,<nil>,<nil>,<nil>,<nil>,<nil>,<nil>,<nil>,<nil>,184,<nil>
3138080601,<nil>,<nil>,<nil>,<nil>,<nil>,<nil>,<nil>,<nil>,627,<nil>
3326234444,<nil>,<nil>,<nil>,<nil>,<nil>,<nil>,<nil>,<nil>,665,<nil>
1555582809,<nil>,<nil>,<nil>,<nil>,<nil>,<nil>,<nil>,<nil>,311,<nil>
1264340852,<nil>,<nil>,<nil>,<nil>,<nil>,<nil>,<nil>,<nil>,252,<nil>
733499237,<nil>,<nil>,<nil>,<nil>,<nil>,<nil>,<nil>,<nil>,146,<nil>
3961585693,<nil>,<nil>,<nil>,<nil>,<nil>,<nil>,<nil>,<nil>,792,<nil>
2620411737,<nil>,<nil>,<nil>,<nil>,<nil>,<nil>,<nil>,<nil>,524,<nil>
2116374360,<nil>,<nil>,<nil>,<nil>,<nil>,<nil>,<nil>,<nil>,423,<nil>
956452684,<nil>,<nil>,<nil>,<nil>,<nil>,<nil>,<nil>,<nil>,191,<nil>
3322498893,<nil>,<nil>,<nil>,<nil>,<nil>,<nil>,<nil>,<nil>,664,<nil>
2670939980,<nil>,<nil>,<nil>,<nil>,<nil>,<nil>,<nil>,<nil>,534,<nil>
3684716377,<nil>,<nil>,<nil>,<nil>,<nil>,<nil>,<nil>,<nil>,736,<nil>
2591969112,<nil>,<nil>,<nil>,<nil>,<nil>,<nil>,<nil>,<nil>,518,<nil>
364990297,<nil>,<nil>,<nil>,<nil>,<nil>,<nil>,<nil>,<nil>,72,<nil>
3560375273,<nil>,<nil>,<nil>,<nil>,<nil>,<nil>,<nil>,<nil>,712,<nil>
1411075940,<nil>,<nil>,<nil>,<nil>,<nil>,<nil>,<nil>,<nil>,282,<nil>
4100738904,<nil>,<nil>,<nil>,<nil>,<nil>,<nil>,<nil>,<nil>,820,<nil>
3338882893,<nil>,<nil>,<nil>,<nil>,<nil>,<nil>,<nil>,<nil>,667,<nil>
2629894346,<nil>,<nil>,<nil>,<nil>,<nil>,<nil>,<nil>,<nil>,525,<nil>
392431268,<nil>,<nil>,<nil>,<nil>,<nil>,<nil>,<nil>,<nil>,78,<nil>
2444513124,<nil>,<nil>,<nil>,<nil>,<nil>,<nil>,<nil>,<nil>,488,<nil>
551964493,<nil>,<nil>,<nil>,<nil>,<nil>,<nil>,<nil>,<nil>,110,<nil>
3040628557,<nil>,<nil>,<nil>,<nil>,<nil>,<nil>,<nil>,<nil>,608,<nil>
1663913816,<nil>,<nil>,<nil>,<nil>,<nil>,<nil>,<nil>,<nil>,332,<nil>
4016066381,<nil>,<nil>,<nil>,<nil>,<nil>,<nil>,<nil>,<nil>,803,<nil>
2710130533,<nil>,<nil>,<nil>,<nil>,<nil>,<nil>,<nil>,<nil>,542,<nil>
457723764,<nil>,<nil>,<nil>,<nil>,<nil>,<nil>,<nil>,<nil>,91,<nil>
3173535576,<nil>,<nil>,<nil>,<nil>,<nil>,<nil>,<nil>,<nil>,634,<nil>
2541768536,<nil>,<nil>,<nil>,<nil>,<nil>,<nil>,<nil>,<nil>,508,<nil>
1500401497,<nil>,<nil>,<nil>,<nil>,<nil>,<nil>,<nil>,<nil>,300,<nil>
271404877,<nil>,<nil>,<nil>,<nil>,<nil>,<nil>,<nil>,<nil>,54,<nil>
818677776,<nil>,<nil>,<nil>,<nil>,<nil>,<nil>,<nil>,<nil>,163,<nil>
469126989,<nil>,<nil>,<nil>,<nil>,<nil>,<nil>,<nil>,<nil>,93,<nil>
3133361996,<nil>,<nil>,<nil>,<nil>,<nil>,<nil>,<nil>,<nil>,626,<nil>
1349930829,<nil>,<nil>,<nil>,<nil>,<nil>,<nil>,<nil>,<nil>,269,<nil>
721702733,<nil>,<nil>,<nil>,<nil>,<nil>,<nil>,<nil>,<nil>,144,<nil>
3079098189,<nil>,<nil>,<nil>,<nil>,<nil>,<nil>,<nil>,<nil>,615,<nil>
2919303328,<nil>,<nil>,<nil>,<nil>,<nil>,<nil>,<nil>,<nil>,583,<nil>
804212569,<nil>,<nil>,<nil>,<nil>,<nil>,<nil>,<nil>,<nil>,160,<nil>
3570159437,<nil>,<nil>,<nil>,<nil>,<nil>,<nil>,<nil>,<nil>,714,<nil>
2197442392,<nil>,<nil>,<nil>,<nil>,<nil>,<nil>,<nil>,<nil>,439,<nil>
85479244,<nil>,<nil>,<nil>,<nil>,<nil>,<nil>,<nil>,<nil>,17,<nil>
3629076301,<nil>,<nil>,<nil>,<nil>,<nil>,<nil>,<nil>,<nil>,725,<nil>
1822576461,<nil>,<nil>,<nil>,<nil>,<nil>,<nil>,<nil>,<nil>,364,<nil>
1634815821,<nil>,<nil>,<nil>,<nil>,<nil>,<nil>,<nil>,<nil>,326,<nil>
567562061,<nil>,<nil>,<nil>,<nil>,<nil>,<nil>,<nil>,<nil>,113,<nil>
3620491084,<nil>,<nil>,<nil>,<nil>,<nil>,<nil>,<nil>,<nil>,724,<nil>
3889712984,<nil>,<nil>,<nil>,<nil>,<nil>,<nil>,<nil>,<nil>,777,<nil>
1506103117,<nil>,<nil>,<nil>,<nil>,<nil>,<nil>,<nil>,<nil>,301,<nil>
1454526296,<nil>,<nil>,<nil>,<nil>,<nil>,<nil>,<nil>,<nil>,290,<nil>
4247652368,<nil>,<nil>,<nil>,<nil>,<nil>,<nil>,<nil>,<nil>,849,<nil>
2126073676,<nil>,<nil>,<nil>,<nil>,<nil>,<nil>,<nil>,<nil>,425,<nil>
354307929,<nil>,<nil>,<nil>,<nil>,<nil>,<nil>,<nil>,<nil>,70,<nil>
1159483224,<nil>,<nil>,<nil>,<nil>,<nil>,<nil>,<nil>,<nil>,231,<nil>
3929165644,<nil>,<nil>,<nil>,<nil>,<nil>,<nil>,<nil>,<nil>,785,<nil>
3605286744,<nil>,<nil>,<nil>,<nil>,<nil>,<nil>,<nil>,<nil>,721,<nil>
1849577316,<nil>,<nil>,<nil>,<nil>,<nil>,<nil>,<nil>,<nil>,369,<nil>
3981791052,<nil>,<nil>,<nil>,<nil>,<nil>,<nil>,<nil>,<nil>,796,<nil>
2105626484,<nil>,<nil>,<nil>,<nil>,<nil>,<nil>,<nil>,<nil>,421,<nil>
1603938150,<nil>,<nil>,<nil>,<nil>,<nil>,<nil>,<nil>,<nil>,320,<nil>
3896004440,<nil>,<nil>,<nil>,<nil>,<nil>,<nil>,<nil>,<nil>,779,<nil>
3260698444,<nil>,<nil>,<nil>,<nil>,<nil>,<nil>,<nil>,<nil>,652,<nil>
124276569,<nil>,<nil>,<nil>,<nil>,<nil>,<nil>,<nil>,<nil>,24,<nil>
311054157,<nil>,<nil>,<nil>,<nil>,<nil>,<nil>,<nil>,<nil>,62,<nil>
3674885976,<nil>,<nil>,<nil>,<nil>,<nil>,<nil>,<nil>,<nil>,734,<nil>
1522683724,<nil>,<nil>,<nil>,<nil>,<nil>,<nil>,<nil>,<nil>,304,<nil>
3864481612,<nil>,<nil>,<nil>,<nil>,<nil>,<nil>,<nil>,<nil>,772,<nil>
2312785765,<nil>,<nil>,<nil>,<nil>,<nil>,<nil>,<nil>,<nil>,462,<nil>
4032384845,<nil>,<nil>,<nil>,<nil>,<nil>,<nil>,<nil>,<nil>,806,<nil>
2679721817,<nil>,<nil>,<nil>,<nil>,<nil>,<nil>,<nil>,<nil>,535,<nil>
1156009805,<nil>,<nil>,<nil>,<nil>,<nil>,<nil>,<nil>,<nil>,231,<nil>
2210728072,<nil>,<nil>,<nil>,<nil>,<nil>,<nil>,<nil>,<nil>,442,<nil>
950816601,<nil>,<nil>,<nil>,<nil>,<nil>,<nil>,<nil>,<nil>,190,<nil>
3735356394,<nil>,<nil>,<nil>,<nil>,<nil>,<nil>,<nil>,<nil>,747,<nil>
2499825496,<nil>,<nil>,<nil>,<nil>,<nil>,<nil>,<nil>,<nil>,499,<nil>
760106840,<nil>,<nil>,<nil>,<nil>,<nil>,<nil>,<nil>,<nil>,152,<nil>
2978107225,<nil>,<nil>,<nil>,<nil>,<nil>,<nil>,<nil>,<nil>,595,<nil>
2046578509,<nil>,<nil>,<nil>,<nil>,<nil>,<nil>,<nil>,<nil>,409,<nil>
1911115596,<nil>,<nil>,<nil>,<nil>,<nil>,<nil>,<nil>,<nil>,382,<nil>
773148517,<nil>,<nil>,<nil>,<nil>,<nil>,<nil>,<nil>,<nil>,154,<nil>
1956138840,<nil>,<nil>,<nil>,<nil>,<nil>,<nil>,<nil>,<nil>,391,<nil>
9916237,<nil>,<nil>,<nil>,<nil>,<nil>,<nil>,<nil>,<nil>,1,<nil>
3691138905,<nil>,<nil>,<nil>,<nil>,<nil>,<nil>,<nil>,<nil>,738,<nil>
7622477,<nil>,<nil>,<nil>,<nil>,<nil>,<nil>,<nil>,<nil>,1,<nil>
3610791769,<nil>,<nil>,<nil>,<nil>,<nil>,<nil>,<nil>,<nil>,722,<nil>
1655000921,<nil>,<nil>,<nil>,<nil>,<nil>,<nil>,<nil>,<nil>,331,<nil>
270159704,<nil>,<nil>,<nil>,<nil>,<nil>,<nil>,<nil>,<nil>,54,<nil>
3998351372,<nil>,<nil>,<nil>,<nil>,<nil>,<nil>,<nil>,<nil>,799,<nil>
1945980761,<nil>,<nil>,<nil>,<nil>,<nil>,<nil>,<nil>,<nil>,389,<nil>
266948440,<nil>,<nil>,<nil>,<nil>,<nil>,<nil>,<nil>,<nil>,53,<nil>
3940962125,<nil>,<nil>,<nil>,<nil>,<nil>,<nil>,<nil>,<nil>,788,<nil>
3100397400,<nil>,<nil>,<nil>,<nil>,<nil>,<nil>,<nil>,<nil>,620,<nil>
571363149,<nil>,<nil>,<nil>,<nil>,<nil>,<nil>,<nil>,<nil>,114,<nil>
1123700557,<nil>,<nil>,<nil>,<nil>,<nil>,<nil>,<nil>,<nil>,224,<nil>
1633636172,<nil>,<nil>,<nil>,<nil>,<nil>,<nil>,<nil>,<nil>,326,<nil>
3715583833,<nil>,<nil>,<nil>,<nil>,<nil>,<nil>,<nil>,<nil>,743,<nil>
3075886925,<nil>,<nil>,<nil>,<nil>,<nil>,<nil>,<nil>,<nil>,615,<nil>
3473100633,<nil>,<nil>,<nil>,<nil>,<nil>,<nil>,<nil>,<nil>,694,<nil>
1938771800,<nil>,<nil>,<nil>,<nil>,<nil>,<nil>,<nil>,<nil>,387,<nil>
3847442253,<nil>,<nil>,<nil>,<nil>,<nil>,<nil>,<nil>,<nil>,769,<nil>
3356446552,<nil>,<nil>,<nil>,<nil>,<nil>,<nil>,<nil>,<nil>,671,<nil>
530927448,<nil>,<nil>,<nil>,<nil>,<nil>,<nil>,<nil>,<nil>,106,<nil>
4275374080,<nil>,<nil>,<nil>,<nil>,<nil>,<nil>,<nil>,<nil>,855,<nil>
2314424152,<nil>,<nil>,<nil>,<nil>,<nil>,<nil>,<nil>,<nil>,462,<nil>
1484083071,<nil>,<nil>,<nil>,<nil>,<nil>,<nil>,<nil>,<nil>,296,<nil>
3399569228,<nil>,<nil>,<nil>,<nil>,<nil>,<nil>,<nil>,<nil>,679,<nil>
2362003289,<nil>,<nil>,<nil>,<nil>,<nil>,<nil>,<nil>,<nil>,472,<nil>
288687780,<nil>,<nil>,<nil>,<nil>,<nil>,<nil>,<nil>,<nil>,57,<nil>
2740586512,<nil>,<nil>,<nil>,<nil>,<nil>,<nil>,<nil>,<nil>,548,<nil>
3412676429,<nil>,<nil>,<nil>,<nil>,<nil>,<nil>,<nil>,<nil>,682,<nil>
665866060,<nil>,<nil>,<nil>,<nil>,<nil>,<nil>,<nil>,<nil>,133,<nil>
488460120,<nil>,<nil>,<nil>,<nil>,<nil>,<nil>,<nil>,<nil>,97,<nil>
1805274969,<nil>,<nil>,<nil>,<nil>,<nil>,<nil>,<nil>,<nil>,361,<nil>
705628160,<nil>,<nil>,<nil>,<nil>,<nil>,<nil>,<nil>,<nil>,141,<nil>
3947777869,<nil>,<nil>,<nil>,<nil>,<nil>,<nil>,<nil>,<nil>,789,<nil>
3353660894,<nil>,<nil>,<nil>,<nil>,<nil>,<nil>,<nil>,<nil>,670,<nil>
2376814413,<nil>,<nil>,<nil>,<nil>,<nil>,<nil>,<nil>,<nil>,475,<nil>
571297613,<nil>,<nil>,<nil>,<nil>,<nil>,<nil>,<nil>,<nil>,114,<nil>
4225978200,<nil>,<nil>,<nil>,<nil>,<nil>,<nil>,<nil>,<nil>,845,<nil>
2004438873,<nil>,<nil>,<nil>,<nil>,<nil>,<nil>,<nil>,<nil>,400,<nil>
1206144856,<nil>,<nil>,<nil>,<nil>,<nil>,<nil>,<nil>,<nil>,241,<nil>
752550889,<nil>,<nil>,<nil>,<nil>,<nil>,<nil>,<nil>,<nil>,150,<nil>
2506575704,<nil>,<nil>,<nil>,<nil>,<nil>,<nil>,<nil>,<nil>,501,<nil>
864964441,<nil>,<nil>,<nil>,<nil>,<nil>,<nil>,<nil>,<nil>,172,<nil>
3651928076,<nil>,<nil>,<nil>,<nil>,<nil>,<nil>,<nil>,<nil>,730,<nil>
2548322124,<nil>,<nil>,<nil>,<nil>,<nil>,<nil>,<nil>,<nil>,509,<nil>
458379096,<nil>,<nil>,<nil>,<nil>,<nil>,<nil>,<nil>,<nil>,91,<nil>
1272598361,<nil>,<nil>,<nil>,<nil>,<nil>,<nil>,<nil>,<nil>,254,<nil>
254562174,<nil>,<nil>,<nil>,<nil>,<nil>,<nil>,<nil>,<nil>,50,<nil>
2391494489,<nil>,<nil>,<nil>,<nil>,<nil>,<nil>,<nil>,<nil>,478,<nil>
1284853580,<nil>,<nil>,<nil>,<nil>,<nil>,<nil>,<nil>,<nil>,256,<nil>
3060617037,<nil>,<nil>,<nil>,<nil>,<nil>,<nil>,<nil>,<nil>,612,<nil>
2740342617,<nil>,<nil>,<nil>,<nil>,<nil>,<nil>,<nil>,<nil>,548,<nil>
1795379020,<nil>,<nil>,<nil>,<nil>,<nil>,<nil>,<nil>,<nil>,359,<nil>
2386692112,<nil>,<nil>,<nil>,<nil>,<nil>,<nil>,<nil>,<nil>,477,<nil>
3397013324,<nil>,<nil>,<nil>,<nil>,<nil>,<nil>,<nil>,<nil>,679,<nil>
4108144472,<nil>,<nil>,<nil>,<nil>,<nil>,<nil>,<nil>,<nil>,821,<nil>
3788066637,<nil>,<nil>,<nil>,<nil>,<nil>,<nil>,<nil>,<nil>,757,<nil>
1697599321,<nil>,<nil>,<nil>,<nil>,<nil>,<nil>,<nil>,<nil>,339,<nil>
3891023705,<nil>,<nil>,<nil>,<nil>,<nil>,<nil>,<nil>,<nil>,778,<nil>
683757428,<nil>,<nil>,<nil>,<nil>,<nil>,<nil>,<nil>,<nil>,136,<nil>
3601662967,<nil>,<nil>,<nil>,<nil>,<nil>,<nil>,<nil>,<nil>,720,<nil>
1874022220,<nil>,<nil>,<nil>,<nil>,<nil>,<nil>,<nil>,<nil>,374,<nil>
4101328729,<nil>,<nil>,<nil>,<nil>,<nil>,<nil>,<nil>,<nil>,820,<nil>
3745992536,<nil>,<nil>,<nil>,<nil>,<nil>,<nil>,<nil>,<nil>,749,<nil>
1332349136,<nil>,<nil>,<nil>,<nil>,<nil>,<nil>,<nil>,<nil>,266,<nil>
3662696292,<nil>,<nil>,<nil>,<nil>,<nil>,<nil>,<nil>,<nil>,732,<nil>
2066632524,<nil>,<nil>,<nil>,<nil>,<nil>,<nil>,<nil>,<nil>,413,<nil>
131747661,<nil>,<nil>,<nil>,<nil>,<nil>,<nil>,<nil>,<nil>,26,<nil>
3187560268,<nil>,<nil>,<nil>,<nil>,<nil>,<nil>,<nil>,<nil>,637,<nil>
1883842410,<nil>,<nil>,<nil>,<nil>,<nil>,<nil>,<nil>,<nil>,376,<nil>
2996260697,<nil>,<nil>,<nil>,<nil>,<nil>,<nil>,<nil>,<nil>,599,<nil>
1722026120,<nil>,<nil>,<nil>,<nil>,<nil>,<nil>,<nil>,<nil>,344,<nil>
1047482213,<nil>,<nil>,<nil>,<nil>,<nil>,<nil>,<nil>,<nil>,209,<nil>
1805930328,<nil>,<nil>,<nil>,<nil>,<nil>,<nil>,<nil>,<nil>,361,<nil>
4283780940,<nil>,<nil>,<nil>,<nil>,<nil>,<nil>,<nil>,<nil>,856,<nil>
3375583064,<nil>,<nil>,<nil>,<nil>,<nil>,<nil>,<nil>,<nil>,675,<nil>
2792705880,<nil>,<nil>,<nil>,<nil>,<nil>,<nil>,<nil>,<nil>,558,<nil>
838881112,<nil>,<nil>,<nil>,<nil>,<nil>,<nil>,<nil>,<nil>,167,<nil>
4064104280,<nil>,<nil>,<nil>,<nil>,<nil>,<nil>,<nil>,<nil>,812,<nil>
3487434752,<nil>,<nil>,<nil>,<nil>,<nil>,<nil>,<nil>,<nil>,697,<nil>
1589137240,<nil>,<nil>,<nil>,<nil>,<nil>,<nil>,<nil>,<nil>,317,<nil>
670322520,<nil>,<nil>,<nil>,<nil>,<nil>,<nil>,<nil>,<nil>,134,<nil>
2496483148,<nil>,<nil>,<nil>,<nil>,<nil>,<nil>,<nil>,<nil>,499,<nil>
579030873,<nil>,<nil>,<nil>,<nil>,<nil>,<nil>,<nil>,<nil>,115,<nil>
3706670948,<nil>,<nil>,<nil>,<nil>,<nil>,<nil>,<nil>,<nil>,741,<nil>
481120089,<nil>,<nil>,<nil>,<nil>,<nil>,<nil>,<nil>,<nil>,96,<nil>
3972353868,<nil>,<nil>,<nil>,<nil>,<nil>,<nil>,<nil>,<nil>,794,<nil>
1870352204,<nil>,<nil>,<nil>,<nil>,<nil>,<nil>,<nil>,<nil>,374,<nil>
4074983256,<nil>,<nil>,<nil>,<nil>,<nil>,<nil>,<nil>,<nil>,814,<nil>
2716815181,<nil>,<nil>,<nil>,<nil>,<nil>,<nil>,<nil>,<nil>,543,<nil>
903171928,<nil>,<nil>,<nil>,<nil>,<nil>,<nil>,<nil>,<nil>,180,<nil>
3830337368,<nil>,<nil>,<nil>,<nil>,<nil>,<nil>,<nil>,<nil>,766,<nil>
2304968704,<nil>,<nil>,<nil>,<nil>,<nil>,<nil>,<nil>,<nil>,460,<nil>
320785888,<nil>,<nil>,<nil>,<nil>,<nil>,<nil>,<nil>,<nil>,64,<nil>
2358380753,<nil>,<nil>,<nil>,<nil>,<nil>,<nil>,<nil>,<nil>,471,<nil>
1033654092,<nil>,<nil>,<nil>,<nil>,<nil>,<nil>,<nil>,<nil>,206,<nil>
2811055949,<nil>,<nil>,<nil>,<nil>,<nil>,<nil>,<nil>,<nil>,562,<nil>
1884620816,<nil>,<nil>,<nil>,<nil>,<nil>,<nil>,<nil>,<nil>,376,<nil>
202395468,<nil>,<nil>,<nil>,<nil>,<nil>,<nil>,<nil>,<nil>,40,<nil>
2568638285,<nil>,<nil>,<nil>,<nil>,<nil>,<nil>,<nil>,<nil>,513,<nil>
627003225,<nil>,<nil>,<nil>,<nil>,<nil>,<nil>,<nil>,<nil>,125,<nil>
3291808759,<nil>,<nil>,<nil>,<nil>,<nil>,<nil>,<nil>,<nil>,658,<nil>
1125142348,<nil>,<nil>,<nil>,<nil>,<nil>,<nil>,<nil>,<nil>,225,<nil>
3637989197,<nil>,<nil>,<nil>,<nil>,<nil>,<nil>,<nil>,<nil>,727,<nil>
1975471949,<nil>,<nil>,<nil>,<nil>,<nil>,<nil>,<nil>,<nil>,395,<nil>
601575256,<nil>,<nil>,<nil>,<nil>,<nil>,<nil>,<nil>,<nil>,120,<nil>
2939637592,<nil>,<nil>,<nil>,<nil>,<nil>,<nil>,<nil>,<nil>,587,<nil>
976179020,<nil>,<nil>,<nil>,<nil>,<nil>,<nil>,<nil>,<nil>,195,<nil>
3690221413,<nil>,<nil>,<nil>,<nil>,<nil>,<nil>,<nil>,<nil>,738,<nil>
1804095308,<nil>,<nil>,<nil>,<nil>,<nil>,<nil>,<nil>,<nil>,360,<nil>
32591705,<nil>,<nil>,<nil>,<nil>,<nil>,<nil>,<nil>,<nil>,6,<nil>
2651148109,<nil>,<nil>,<nil>,<nil>,<nil>,<nil>,<nil>,<nil>,530,<nil>
1323042478,<nil>,<nil>,<nil>,<nil>,<nil>,<nil>,<nil>,<nil>,264,<nil>
4198321996,<nil>,<nil>,<nil>,<nil>,<nil>,<nil>,<nil>,<nil>,839,<nil>
3742519117,<nil>,<nil>,<nil>,<nil>,<nil>,<nil>,<nil>,<nil>,748,<nil>
2283687780,<nil>,<nil>,<nil>,<nil>,<nil>,<nil>,<nil>,<nil>,456,<nil>
1443647320,<nil>,<nil>,<nil>,<nil>,<nil>,<nil>,<nil>,<nil>,288,<nil>
3812380493,<nil>,<nil>,<nil>,<nil>,<nil>,<nil>,<nil>,<nil>,762,<nil>
2436190040,<nil>,<nil>,<nil>,<nil>,<nil>,<nil>,<nil>,<nil>,487,<nil>
2166761322,<nil>,<nil>,<nil>,<nil>,<nil>,<nil>,<nil>,<nil>,433,<nil>
333580288,<nil>,<nil>,<nil>,<nil>,<nil>,<nil>,<nil>,<nil>,66,<nil>
1276989260,<nil>,<nil>,<nil>,<nil>,<nil>,<nil>,<nil>,<nil>,255,<nil>
3360182105,<nil>,<nil>,<nil>,<nil>,<nil>,<nil>,<nil>,<nil>,672,<nil>
1813270348,<nil>,<nil>,<nil>,<nil>,<nil>,<nil>,<nil>,<nil>,362,<nil>
17649496,<nil>,<nil>,<nil>,<nil>,<nil>,<nil>,<nil>,<nil>,3,<nil>
2074758989,<nil>,<nil>,<nil>,<nil>,<nil>,<nil>,<nil>,<nil>,414,<nil>
551309144,<nil>,<nil>,<nil>,<nil>,<nil>,<nil>,<nil>,<nil>,110,<nil>
3467136844,<nil>,<nil>,<nil>,<nil>,<nil>,<nil>,<nil>,<nil>,693,<nil>
1962870784,<nil>,<nil>,<nil>,<nil>,<nil>,<nil>,<nil>,<nil>,392,<nil>
47777454,<nil>,<nil>,<nil>,<nil>,<nil>,<nil>,<nil>,<nil>,9,<nil>
2617856320,<nil>,<nil>,<nil>,<nil>,<nil>,<nil>,<nil>,<nil>,523,<nil>
254234456,<nil>,<nil>,<nil>,<nil>,<nil>,<nil>,<nil>,<nil>,50,<nil>
2606124877,<nil>,<nil>,<nil>,<nil>,<nil>,<nil>,<nil>,<nil>,521,<nil>
1099911001,<nil>,<nil>,<nil>,<nil>,<nil>,<nil>,<nil>,<nil>,219,<nil>
4008660824,<nil>,<nil>,<nil>,<nil>,<nil>,<nil>,<nil>,<nil>,801,<nil>
1935691609,<nil>,<nil>,<nil>,<nil>,<nil>,<nil>,<nil>,<nil>,387,<nil>
4272312153,<nil>,<nil>,<nil>,<nil>,<nil>,<nil>,<nil>,<nil>,854,<nil>
3488567117,<nil>,<nil>,<nil>,<nil>,<nil>,<nil>,<nil>,<nil>,697,<nil>
469913432,<nil>,<nil>,<nil>,<nil>,<nil>,<nil>,<nil>,<nil>,93,<nil>
3839905624,<nil>,<nil>,<nil>,<nil>,<nil>,<nil>,<nil>,<nil>,767,<nil>
1898794829,<nil>,<nil>,<nil>,<nil>,<nil>,<nil>,<nil>,<nil>,379,<nil>
691490649,<nil>,<nil>,<nil>,<nil>,<nil>,<nil>,<nil>,<nil>,138,<nil>
3602403160,<nil>,<nil>,<nil>,<nil>,<nil>,<nil>,<nil>,<nil>,720,<nil>
2261536601,<nil>,<nil>,<nil>,<nil>,<nil>,<nil>,<nil>,<nil>,452,<nil>
2926006104,<nil>,<nil>,<nil>,<nil>,<nil>,<nil>,<nil>,<nil>,585,<nil>
1257000780,<nil>,<nil>,<nil>,<nil>,<nil>,<nil>,<nil>,<nil>,251,<nil>
626216780,<nil>,<nil>,<nil>,<nil>,<nil>,<nil>,<nil>,<nil>,125,<nil>
428494669,<nil>,<nil>,<nil>,<nil>,<nil>,<nil>,<nil>,<nil>,85,<nil>
3190312780,<nil>,<nil>,<nil>,<nil>,<nil>,<nil>,<nil>,<nil>,638,<nil>
2796562282,<nil>,<nil>,<nil>,<nil>,<nil>,<nil>,<nil>,<nil>,559,<nil>
978585600,<nil>,<nil>,<nil>,<nil>,<nil>,<nil>,<nil>,<nil>,195,<nil>
4161294169,<nil>,<nil>,<nil>,<nil>,<nil>,<nil>,<nil>,<nil>,832,<nil>
3295104844,<nil>,<nil>,<nil>,<nil>,<nil>,<nil>,<nil>,<nil>,659,<nil>
2234470232,<nil>,<nil>,<nil>,<nil>,<nil>,<nil>,<nil>,<nil>,446,<nil>
11358041,<nil>,<nil>,<nil>,<nil>,<nil>,<nil>,<nil>,<nil>,2,<nil>
2828075089,<nil>,<nil>,<nil>,<nil>,<nil>,<nil>,<nil>,<nil>,565,<nil>
644239221,<nil>,<nil>,<nil>,<nil>,<nil>,<nil>,<nil>,<nil>,128,<nil>
3505868632,<nil>,<nil>,<nil>,<nil>,<nil>,<nil>,<nil>,<nil>,701,<nil>
2819444568,<nil>,<nil>,<nil>,<nil>,<nil>,<nil>,<nil>,<nil>,563,<nil>
879972173,<nil>,<nil>,<nil>,<nil>,<nil>,<nil>,<nil>,<nil>,175,<nil>
4116598617,<nil>,<nil>,<nil>,<nil>,<nil>,<nil>,<nil>,<nil>,823,<nil>
3096512512,<nil>,<nil>,<nil>,<nil>,<nil>,<nil>,<nil>,<nil>,619,<nil>
2054180685,<nil>,<nil>,<nil>,<nil>,<nil>,<nil>,<nil>,<nil>,410,<nil>
1099366481,<nil>,<nil>,<nil>,<nil>,<nil>,<nil>,<nil>,<nil>,219,<nil>
3265857755,<nil>,<nil>,<nil>,<nil>,<nil>,<nil>,<nil>,<nil>,653,<nil>
1400459584,<nil>,<nil>,<nil>,<nil>,<nil>,<nil>,<nil>,<nil>,280,<nil>
4149366617,<nil>,<nil>,<nil>,<nil>,<nil>,<nil>,<nil>,<nil>,829,<nil>
917327705,<nil>,<nil>,<nil>,<nil>,<nil>,<nil>,<nil>,<nil>,183,<nil>
3976856552,<nil>,<nil>,<nil>,<nil>,<nil>,<nil>,<nil>,<nil>,795,<nil>
2903658328,<nil>,<nil>,<nil>,<nil>,<nil>,<nil>,<nil>,<nil>,580,<nil>
3823980377,<nil>,<nil>,<nil>,<nil>,<nil>,<nil>,<nil>,<nil>,764,<nil>
2584366936,<nil>,<nil>,<nil>,<nil>,<nil>,<nil>,<nil>,<nil>,516,<nil>
350113613,<nil>,<nil>,<nil>,<nil>,<nil>,<nil>,<nil>,<nil>,70,<nil>
4006367064,<nil>,<nil>,<nil>,<nil>,<nil>,<nil>,<nil>,<nil>,801,<nil>
4110110541,<nil>,<nil>,<nil>,<nil>,<nil>,<nil>,<nil>,<nil>,822,<nil>
2307542873,<nil>,<nil>,<nil>,<nil>,<nil>,<nil>,<nil>,<nil>,461,<nil>
1967804237,<nil>,<nil>,<nil>,<nil>,<nil>,<nil>,<nil>,<nil>,393,<nil>
2888585037,<nil>,<nil>,<nil>,<nil>,<nil>,<nil>,<nil>,<nil>,577,<nil>
2533314380,<nil>,<nil>,<nil>,<nil>,<nil>,<nil>,<nil>,<nil>,506,<nil>
594300938,<nil>,<nil>,<nil>,<nil>,<nil>,<nil>,<nil>,<nil>,118,<nil>
2739097421,<nil>,<nil>,<nil>,<nil>,<nil>,<nil>,<nil>,<nil>,547,<nil>
783568717,<nil>,<nil>,<nil>,<nil>,<nil>,<nil>,<nil>,<nil>,156,<nil>
3556200280,<nil>,<nil>,<nil>,<nil>,<nil>,<nil>,<nil>,<nil>,711,<nil>
2656784217,<nil>,<nil>,<nil>,<nil>,<nil>,<nil>,<nil>,<nil>,531,<nil>
2664386431,<nil>,<nil>,<nil>,<nil>,<nil>,<nil>,<nil>,<nil>,532,<nil>
918769496,<nil>,<nil>,<nil>,<nil>,<nil>,<nil>,<nil>,<nil>,183,<nil>
4019474265,<nil>,<nil>,<nil>,<nil>,<nil>,<nil>,<nil>,<nil>,803,<nil>
2432585573,<nil>,<nil>,<nil>,<nil>,<nil>,<nil>,<nil>,<nil>,486,<nil>
1136611148,<nil>,<nil>,<nil>,<nil>,<nil>,<nil>,<nil>,<nil>,227,<nil>
3637006168,<nil>,<nil>,<nil>,<nil>,<nil>,<nil>,<nil>,<nil>,727,<nil>
727469900,<nil>,<nil>,<nil>,<nil>,<nil>,<nil>,<nil>,<nil>,145,<nil>
3688255321,<nil>,<nil>,<nil>,<nil>,<nil>,<nil>,<nil>,<nil>,737,<nil>
2145800012,<nil>,<nil>,<nil>,<nil>,<nil>,<nil>,<nil>,<nil>,429,<nil>
2565689177,<nil>,<nil>,<nil>,<nil>,<nil>,<nil>,<nil>,<nil>,513,<nil>
1780633421,<nil>,<nil>,<nil>,<nil>,<nil>,<nil>,<nil>,<nil>,356,<nil>
3338358604,<nil>,<nil>,<nil>,<nil>,<nil>,<nil>,<nil>,<nil>,667,<nil>
1263095629,<nil>,<nil>,<nil>,<nil>,<nil>,<nil>,<nil>,<nil>,252,<nil>
3751890765,<nil>,<nil>,<nil>,<nil>,<nil>,<nil>,<nil>,<nil>,750,<nil>
2738573157,<nil>,<nil>,<nil>,<nil>,<nil>,<nil>,<nil>,<nil>,547,<nil>
3073331033,<nil>,<nil>,<nil>,<nil>,<nil>,<nil>,<nil>,<nil>,614,<nil>
1823100748,<nil>,<nil>,<nil>,<nil>,<nil>,<nil>,<nil>,<nil>,364,<nil>
207507277,<nil>,<nil>,<nil>,<nil>,<nil>,<nil>,<nil>,<nil>,41,<nil>
2783858509,<nil>,<nil>,<nil>,<nil>,<nil>,<nil>,<nil>,<nil>,556,<nil>
1263161176,<nil>,<nil>,<nil>,<nil>,<nil>,<nil>,<nil>,<nil>,252,<nil>
4057157453,<nil>,<nil>,<nil>,<nil>,<nil>,<nil>,<nil>,<nil>,811,<nil>
613680815,<nil>,<nil>,<nil>,<nil>,<nil>,<nil>,<nil>,<nil>,122,<nil>
3916040233,<nil>,<nil>,<nil>,<nil>,<nil>,<nil>,<nil>,<nil>,783,<nil>
2870955852,<nil>,<nil>,<nil>,<nil>,<nil>,<nil>,<nil>,<nil>,574,<nil>
1087459149,<nil>,<nil>,<nil>,<nil>,<nil>,<nil>,<nil>,<nil>,217,<nil>
29052761,<nil>,<nil>,<nil>,<nil>,<nil>,<nil>,<nil>,<nil>,5,<nil>
104419148,<nil>,<nil>,<nil>,<nil>,<nil>,<nil>,<nil>,<nil>,20,<nil>
1387417433,<nil>,<nil>,<nil>,<nil>,<nil>,<nil>,<nil>,<nil>,277,<nil>
52481504,<nil>,<nil>,<nil>,<nil>,<nil>,<nil>,<nil>,<nil>,10,<nil>
2650951501,<nil>,<nil>,<nil>,<nil>,<nil>,<nil>,<nil>,<nil>,530,<nil>
214519629,<nil>,<nil>,<nil>,<nil>,<nil>,<nil>,<nil>,<nil>,42,<nil>
3269349196,<nil>,<nil>,<nil>,<nil>,<nil>,<nil>,<nil>,<nil>,653,<nil>
1794789209,<nil>,<nil>,<nil>,<nil>,<nil>,<nil>,<nil>,<nil>,358,<nil>
2472234841,<nil>,<nil>,<nil>,<nil>,<nil>,<nil>,<nil>,<nil>,494,<nil>
939609944,<nil>,<nil>,<nil>,<nil>,<nil>,<nil>,<nil>,<nil>,187,<nil>
174804813,<nil>,<nil>,<nil>,<nil>,<nil>,<nil>,<nil>,<nil>,34,<nil>
115232588,<nil>,<nil>,<nil>,<nil>,<nil>,<nil>,<nil>,<nil>,23,<nil>
2342670169,<nil>,<nil>,<nil>,<nil>,<nil>,<nil>,<nil>,<nil>,468,<nil>
874270564,<nil>,<nil>,<nil>,<nil>,<nil>,<nil>,<nil>,<nil>,174,<nil>
2823376716,<nil>,<nil>,<nil>,<nil>,<nil>,<nil>,<nil>,<nil>,564,<nil>
744312653,<nil>,<nil>,<nil>,<nil>,<nil>,<nil>,<nil>,<nil>,148,<nil>
978145100,<nil>,<nil>,<nil>,<nil>,<nil>,<nil>,<nil>,<nil>,195,<nil>
1305890636,<nil>,<nil>,<nil>,<nil>,<nil>,<nil>,<nil>,<nil>,261,<nil>
3525136205,<nil>,<nil>,<nil>,<nil>,<nil>,<nil>,<nil>,<nil>,705,<nil>
3074018783,<nil>,<nil>,<nil>,<nil>,<nil>,<nil>,<nil>,<nil>,614,<nil>
876677329,<nil>,<nil>,<nil>,<nil>,<nil>,<nil>,<nil>,<nil>,175,<nil>
2431078221,<nil>,<nil>,<nil>,<nil>,<nil>,<nil>,<nil>,<nil>,486,<nil>
931923968,<nil>,<nil>,<nil>,<nil>,<nil>,<nil>,<nil>,<nil>,186,<nil>
514853083,<nil>,<nil>,<nil>,<nil>,<nil>,<nil>,<nil>,<nil>,102,<nil>
1375358796,<nil>,<nil>,<nil>,<nil>,<nil>,<nil>,<nil>,<nil>,275,<nil>
465456984,<nil>,<nil>,<nil>,<nil>,<nil>,<nil>,<nil>,<nil>,93,<nil>
1102597965,<nil>,<nil>,<nil>,<nil>,<nil>,<nil>,<nil>,<nil>,220,<nil>
3588116301,<nil>,<nil>,<nil>,<nil>,<nil>,<nil>,<nil>,<nil>,717,<nil>
2077708109,<nil>,<nil>,<nil>,<nil>,<nil>,<nil>,<nil>,<nil>,415,<nil>
3582938956,<nil>,<nil>,<nil>,<nil>,<nil>,<nil>,<nil>,<nil>,716,<nil>
1921339212,<nil>,<nil>,<nil>,<nil>,<nil>,<nil>,<nil>,<nil>,384,<nil>
4151594841,<nil>,<nil>,<nil>,<nil>,<nil>,<nil>,<nil>,<nil>,830,<nil>
3511373645,<nil>,<nil>,<nil>,<nil>,<nil>,<nil>,<nil>,<nil>,702,<nil>
798904141,<nil>,<nil>,<nil>,<nil>,<nil>,<nil>,<nil>,<nil>,159,<nil>
3411431244,<nil>,<nil>,<nil>,<nil>,<nil>,<nil>,<nil>,<nil>,682,<nil>
2931314508,<nil>,<nil>,<nil>,<nil>,<nil>,<nil>,<nil>,<nil>,586,<nil>
40783693,<nil>,<nil>,<nil>,<nil>,<nil>,<nil>,<nil>,<nil>,8,<nil>
3538177868,<nil>,<nil>,<nil>,<nil>,<nil>,<nil>,<nil>,<nil>,707,<nil>
859524953,<nil>,<nil>,<nil>,<nil>,<nil>,<nil>,<nil>,<nil>,171,<nil>
3044233037,<nil>,<nil>,<nil>,<nil>,<nil>,<nil>,<nil>,<nil>,608,<nil>
3479570592,<nil>,<nil>,<nil>,<nil>,<nil>,<nil>,<nil>,<nil>,695,<nil>
2931380045,<nil>,<nil>,<nil>,<nil>,<nil>,<nil>,<nil>,<nil>,586,<nil>
1417236301,<nil>,<nil>,<nil>,<nil>,<nil>,<nil>,<nil>,<nil>,283,<nil>
1143689061,<nil>,<nil>,<nil>,<nil>,<nil>,<nil>,<nil>,<nil>,228,<nil>
2696022057,<nil>,<nil>,<nil>,<nil>,<nil>,<nil>,<nil>,<nil>,539,<nil>
1353076556,<nil>,<nil>,<nil>,<nil>,<nil>,<nil>,<nil>,<nil>,270,<nil>
4165543782,<nil>,<nil>,<nil>,<nil>,<nil>,<nil>,<nil>,<nil>,833,<nil>
2626506572,<nil>,<nil>,<nil>,<nil>,<nil>,<nil>,<nil>,<nil>,525,<nil>
2455654233,<nil>,<nil>,<nil>,<nil>,<nil>,<nil>,<nil>,<nil>,491,<nil>
354373465,<nil>,<nil>,<nil>,<nil>,<nil>,<nil>,<nil>,<nil>,70,<nil>
4018032473,<nil>,<nil>,<nil>,<nil>,<nil>,<nil>,<nil>,<nil>,803,<nil>
2579320652,<nil>,<nil>,<nil>,<nil>,<nil>,<nil>,<nil>,<nil>,515,<nil>
1174228812,<nil>,<nil>,<nil>,<nil>,<nil>,<nil>,<nil>,<nil>,234,<nil>
3687141197,<nil>,<nil>,<nil>,<nil>,<nil>,<nil>,<nil>,<nil>,737,<nil>
3161196763,<nil>,<nil>,<nil>,<nil>,<nil>,<nil>,<nil>,<nil>,632,<nil>
397627212,<nil>,<nil>,<nil>,<nil>,<nil>,<nil>,<nil>,<nil>,79,<nil>
671371097,<nil>,<nil>,<nil>,<nil>,<nil>,<nil>,<nil>,<nil>,134,<nil>
3645919076,<nil>,<nil>,<nil>,<nil>,<nil>,<nil>,<nil>,<nil>,729,<nil>
3598780576,<nil>,<nil>,<nil>,<nil>,<nil>,<nil>,<nil>,<nil>,719,<nil>
799100749,<nil>,<nil>,<nil>,<nil>,<nil>,<nil>,<nil>,<nil>,159,<nil>
3429257048,<nil>,<nil>,<nil>,<nil>,<nil>,<nil>,<nil>,<nil>,685,<nil>
2677493593,<nil>,<nil>,<nil>,<nil>,<nil>,<nil>,<nil>,<nil>,535,<nil>
2778287948,<nil>,<nil>,<nil>,<nil>,<nil>,<nil>,<nil>,<nil>,555,<nil>
2310931432,<nil>,<nil>,<nil>,<nil>,<nil>,<nil>,<nil>,<nil>,462,<nil>
2413645645,<nil>,<nil>,<nil>,<nil>,<nil>,<nil>,<nil>,<nil>,482,<nil>
1589989208,<nil>,<nil>,<nil>,<nil>,<nil>,<nil>,<nil>,<nil>,317,<nil>
3807465305,<nil>,<nil>,<nil>,<nil>,<nil>,<nil>,<nil>,<nil>,761,<nil>
3889188696,<nil>,<nil>,<nil>,<nil>,<nil>,<nil>,<nil>,<nil>,777,<nil>
3612233572,<nil>,<nil>,<nil>,<nil>,<nil>,<nil>,<nil>,<nil>,722,<nil>
2165329740,<nil>,<nil>,<nil>,<nil>,<nil>,<nil>,<nil>,<nil>,433,<nil>
387993433,<nil>,<nil>,<nil>,<nil>,<nil>,<nil>,<nil>,<nil>,77,<nil>
512577381,<nil>,<nil>,<nil>,<nil>,<nil>,<nil>,<nil>,<nil>,102,<nil>
3503181644,<nil>,<nil>,<nil>,<nil>,<nil>,<nil>,<nil>,<nil>,700,<nil>
1146048345,<nil>,<nil>,<nil>,<nil>,<nil>,<nil>,<nil>,<nil>,229,<nil>
482234188,<nil>,<nil>,<nil>,<nil>,<nil>,<nil>,<nil>,<nil>,96,<nil>
3252047693,<nil>,<nil>,<nil>,<nil>,<nil>,<nil>,<nil>,<nil>,650,<nil>
1580355416,<nil>,<nil>,<nil>,<nil>,<nil>,<nil>,<nil>,<nil>,316,<nil>
3909046092,<nil>,<nil>,<nil>,<nil>,<nil>,<nil>,<nil>,<nil>,781,<nil>
3426045772,<nil>,<nil>,<nil>,<nil>,<nil>,<nil>,<nil>,<nil>,685,<nil>
3737538380,<nil>,<nil>,<nil>,<nil>,<nil>,<nil>,<nil>,<nil>,747,<nil>
1864716132,<nil>,<nil>,<nil>,<nil>,<nil>,<nil>,<nil>,<nil>,372,<nil>
661278590,<nil>,<nil>,<nil>,<nil>,<nil>,<nil>,<nil>,<nil>,132,<nil>
2038910809,<nil>,<nil>,<nil>,<nil>,<nil>,<nil>,<nil>,<nil>,407,<nil>
380391257,<nil>,<nil>,<nil>,<nil>,<nil>,<nil>,<nil>,<nil>,76,<nil>
4022095704,<nil>,<nil>,<nil>,<nil>,<nil>,<nil>,<nil>,<nil>,804,<nil>
3262861133,<nil>,<nil>,<nil>,<nil>,<nil>,<nil>,<nil>,<nil>,652,<nil>
1389973337,<nil>,<nil>,<nil>,<nil>,<nil>,<nil>,<nil>,<nil>,277,<nil>
759105632,<nil>,<nil>,<nil>,<nil>,<nil>,<nil>,<nil>,<nil>,151,<nil>
3745140568,<nil>,<nil>,<nil>,<nil>,<nil>,<nil>,<nil>,<nil>,749,<nil>
3249950540,<nil>,<nil>,<nil>,<nil>,<nil>,<nil>,<nil>,<nil>,649,<nil>
1551501312,<nil>,<nil>,<nil>,<nil>,<nil>,<nil>,<nil>,<nil>,310,<nil>
3695706213,<nil>,<nil>,<nil>,<nil>,<nil>,<nil>,<nil>,<nil>,739,<nil>
1583745233,<nil>,<nil>,<nil>,<nil>,<nil>,<nil>,<nil>,<nil>,316,<nil>
732188493,<nil>,<nil>,<nil>,<nil>,<nil>,<nil>,<nil>,<nil>,146,<nil>
507662181,<nil>,<nil>,<nil>,<nil>,<nil>,<nil>,<nil>,<nil>,101,<nil>
2939440973,<nil>,<nil>,<nil>,<nil>,<nil>,<nil>,<nil>,<nil>,587,<nil>
2371506021,<nil>,<nil>,<nil>,<nil>,<nil>,<nil>,<nil>,<nil>,474,<nil>
750407512,<nil>,<nil>,<nil>,<nil>,<nil>,<nil>,<nil>,<nil>,150,<nil>
3406122841,<nil>,<nil>,<nil>,<nil>,<nil>,<nil>,<nil>,<nil>,681,<nil>
2304986956,<nil>,<nil>,<nil>,<nil>,<nil>,<nil>,<nil>,<nil>,460,<nil>
1106923365,<nil>,<nil>,<nil>,<nil>,<nil>,<nil>,<nil>,<nil>,221,<nil>
3807661912,<nil>,<nil>,<nil>,<nil>,<nil>,<nil>,<nil>,<nil>,761,<nil>
2903134041,<nil>,<nil>,<nil>,<nil>,<nil>,<nil>,<nil>,<nil>,580,<nil>
291458892,<nil>,<nil>,<nil>,<nil>,<nil>,<nil>,<nil>,<nil>,58,<nil>
4250226508,<nil>,<nil>,<nil>,<nil>,<nil>,<nil>,<nil>,<nil>,850,<nil>
3516399661,<nil>,<nil>,<nil>,<nil>,<nil>,<nil>,<nil>,<nil>,703,<nil>
1229934412,<nil>,<nil>,<nil>,<nil>,<nil>,<nil>,<nil>,<nil>,245,<nil>
172773208,<nil>,<nil>,<nil>,<nil>,<nil>,<nil>,<nil>,<nil>,34,<nil>
747589952,<nil>,<nil>,<nil>,<nil>,<nil>,<nil>,<nil>,<nil>,149,<nil>
3456782156,<nil>,<nil>,<nil>,<nil>,<nil>,<nil>,<nil>,<nil>,691,<nil>
1674923853,<nil>,<nil>,<nil>,<nil>,<nil>,<nil>,<nil>,<nil>,334,<nil>
1303971856,<nil>,<nil>,<nil>,<nil>,<nil>,<nil>,<nil>,<nil>,260,<nil>
89851920,<nil>,<nil>,<nil>,<nil>,<nil>,<nil>,<nil>,<nil>,17,<nil>
2244038477,<nil>,<nil>,<nil>,<nil>,<nil>,<nil>,<nil>,<nil>,448,<nil>
99110733,<nil>,<nil>,<nil>,<nil>,<nil>,<nil>,<nil>,<nil>,19,<nil>
2828009573,<nil>,<nil>,<nil>,<nil>,<nil>,<nil>,<nil>,<nil>,565,<nil>
1533955929,<nil>,<nil>,<nil>,<nil>,<nil>,<nil>,<nil>,<nil>,306,<nil>
2501398360,<nil>,<nil>,<nil>,<nil>,<nil>,<nil>,<nil>,<nil>,500,<nil>
555241293,<nil>,<nil>,<nil>,<nil>,<nil>,<nil>,<nil>,<nil>,111,<nil>
3441625184,<nil>,<nil>,<nil>,<nil>,<nil>,<nil>,<nil>,<nil>,688,<nil>
1966493528,<nil>,<nil>,<nil>,<nil>,<nil>,<nil>,<nil>,<nil>,393,<nil>
1294421837,<nil>,<nil>,<nil>,<nil>,<nil>,<nil>,<nil>,<nil>,258,<nil>
598214865,<nil>,<nil>,<nil>,<nil>,<nil>,<nil>,<nil>,<nil>,119,<nil>
3144503128,<nil>,<nil>,<nil>,<nil>,<nil>,<nil>,<nil>,<nil>,628,<nil>
1053642573,<nil>,<nil>,<nil>,<nil>,<nil>,<nil>,<nil>,<nil>,210,<nil>
720785229,<nil>,<nil>,<nil>,<nil>,<nil>,<nil>,<nil>,<nil>,144,<nil>
2776125273,<nil>,<nil>,<nil>,<nil>,<nil>,<nil>,<nil>,<nil>,555,<nil>
1563895653,<nil>,<nil>,<nil>,<nil>,<nil>,<nil>,<nil>,<nil>,312,<nil>
171003736,<nil>,<nil>,<nil>,<nil>,<nil>,<nil>,<nil>,<nil>,34,<nil>
1656049485,<nil>,<nil>,<nil>,<nil>,<nil>,<nil>,<nil>,<nil>,331,<nil>
161089552,<nil>,<nil>,<nil>,<nil>,<nil>,<nil>,<nil>,<nil>,32,<nil>
3674099545,<nil>,<nil>,<nil>,<nil>,<nil>,<nil>,<nil>,<nil>,734,<nil>
1189218320,<nil>,<nil>,<nil>,<nil>,<nil>,<nil>,<nil>,<nil>,237,<nil>
3206172504,<nil>,<nil>,<nil>,<nil>,<nil>,<nil>,<nil>,<nil>,641,<nil>
2147176269,<nil>,<nil>,<nil>,<nil>,<nil>,<nil>,<nil>,<nil>,429,<nil>
2792968013,<nil>,<nil>,<nil>,<nil>,<nil>,<nil>,<nil>,<nil>,558,<nil>
1404063564,<nil>,<nil>,<nil>,<nil>,<nil>,<nil>,<nil>,<nil>,280,<nil>
38227788,<nil>,<nil>,<nil>,<nil>,<nil>,<nil>,<nil>,<nil>,7,<nil>
2392215384,<nil>,<nil>,<nil>,<nil>,<nil>,<nil>,<nil>,<nil>,478,<nil>
1035161421,<nil>,<nil>,<nil>,<nil>,<nil>,<nil>,<nil>,<nil>,207,<nil>
3810938712,<nil>,<nil>,<nil>,<nil>,<nil>,<nil>,<nil>,<nil>,762,<nil>
2283163468,<nil>,<nil>,<nil>,<nil>,<nil>,<nil>,<nil>,<nil>,456,<nil>
769656832,<nil>,<nil>,<nil>,<nil>,<nil>,<nil>,<nil>,<nil>,153,<nil>
3056535204,<nil>,<nil>,<nil>,<nil>,<nil>,<nil>,<nil>,<nil>,611,<nil>
818499455,<nil>,<nil>,<nil>,<nil>,<nil>,<nil>,<nil>,<nil>,163,<nil>
3229175629,<nil>,<nil>,<nil>,<nil>,<nil>,<nil>,<nil>,<nil>,645,<nil>
1434931033,<nil>,<nil>,<nil>,<nil>,<nil>,<nil>,<nil>,<nil>,286,<nil>
182144844,<nil>,<nil>,<nil>,<nil>,<nil>,<nil>,<nil>,<nil>,36,<nil>
2678214488,<nil>,<nil>,<nil>,<nil>,<nil>,<nil>,<nil>,<nil>,535,<nil>
883642189,<nil>,<nil>,<nil>,<nil>,<nil>,<nil>,<nil>,<nil>,176,<nil>
3078770509,<nil>,<nil>,<nil>,<nil>,<nil>,<nil>,<nil>,<nil>,615,<nil>
1272074061,<nil>,<nil>,<nil>,<nil>,<nil>,<nil>,<nil>,<nil>,254,<nil>
3884076876,<nil>,<nil>,<nil>,<nil>,<nil>,<nil>,<nil>,<nil>,776,<nil>
2100973389,<nil>,<nil>,<nil>,<nil>,<nil>,<nil>,<nil>,<nil>,420,<nil>
643387236,<nil>,<nil>,<nil>,<nil>,<nil>,<nil>,<nil>,<nil>,128,<nil>
3505672024,<nil>,<nil>,<nil>,<nil>,<nil>,<nil>,<nil>,<nil>,701,<nil>
1637484763,<nil>,<nil>,<nil>,<nil>,<nil>,<nil>,<nil>,<nil>,327,<nil>
3957870912,<nil>,<nil>,<nil>,<nil>,<nil>,<nil>,<nil>,<nil>,791,<nil>
1814777689,<nil>,<nil>,<nil>,<nil>,<nil>,<nil>,<nil>,<nil>,362,<nil>
4289089357,<nil>,<nil>,<nil>,<nil>,<nil>,<nil>,<nil>,<nil>,857,<nil>
2768195416,<nil>,<nil>,<nil>,<nil>,<nil>,<nil>,<nil>,<nil>,553,<nil>
824528717,<nil>,<nil>,<nil>,<nil>,<nil>,<nil>,<nil>,<nil>,164,<nil>
3877569513,<nil>,<nil>,<nil>,<nil>,<nil>,<nil>,<nil>,<nil>,775,<nil>
1722747088,<nil>,<nil>,<nil>,<nil>,<nil>,<nil>,<nil>,<nil>,344,<nil>
4265955148,<nil>,<nil>,<nil>,<nil>,<nil>,<nil>,<nil>,<nil>,853,<nil>
2311212876,<nil>,<nil>,<nil>,<nil>,<nil>,<nil>,<nil>,<nil>,462,<nil>
535908185,<nil>,<nil>,<nil>,<nil>,<nil>,<nil>,<nil>,<nil>,107,<nil>
4195438413,<nil>,<nil>,<nil>,<nil>,<nil>,<nil>,<nil>,<nil>,839,<nil>
2548059993,<nil>,<nil>,<nil>,<nil>,<nil>,<nil>,<nil>,<nil>,509,<nil>
433672013,<nil>,<nil>,<nil>,<nil>,<nil>,<nil>,<nil>,<nil>,86,<nil>
3205451608,<nil>,<nil>,<nil>,<nil>,<nil>,<nil>,<nil>,<nil>,641,<nil>
1276333913,<nil>,<nil>,<nil>,<nil>,<nil>,<nil>,<nil>,<nil>,255,<nil>
770920280,<nil>,<nil>,<nil>,<nil>,<nil>,<nil>,<nil>,<nil>,154,<nil>
866340684,<nil>,<nil>,<nil>,<nil>,<nil>,<nil>,<nil>,<nil>,173,<nil>
3230617421,<nil>,<nil>,<nil>,<nil>,<nil>,<nil>,<nil>,<nil>,646,<nil>
2612154201,<nil>,<nil>,<nil>,<nil>,<nil>,<nil>,<nil>,<nil>,522,<nil>
2062569305,<nil>,<nil>,<nil>,<nil>,<nil>,<nil>,<nil>,<nil>,412,<nil>
3961540441,<nil>,<nil>,<nil>,<nil>,<nil>,<nil>,<nil>,<nil>,792,<nil>
3480768345,<nil>,<nil>,<nil>,<nil>,<nil>,<nil>,<nil>,<nil>,696,<nil>
2021591056,<nil>,<nil>,<nil>,<nil>,<nil>,<nil>,<nil>,<nil>,404,<nil>
773017421,<nil>,<nil>,<nil>,<nil>,<nil>,<nil>,<nil>,<nil>,154,<nil>
2700609632,<nil>,<nil>,<nil>,<nil>,<nil>,<nil>,<nil>,<nil>,540,<nil>
283791193,<nil>,<nil>,<nil>,<nil>,<nil>,<nil>,<nil>,<nil>,56,<nil>
3926544216,<nil>,<nil>,<nil>,<nil>,<nil>,<nil>,<nil>,<nil>,785,<nil>
2365869900,<nil>,<nil>,<nil>,<nil>,<nil>,<nil>,<nil>,<nil>,473,<nil>
117395276,<nil>,<nil>,<nil>,<nil>,<nil>,<nil>,<nil>,<nil>,23,<nil>
4087304024,<nil>,<nil>,<nil>,<nil>,<nil>,<nil>,<nil>,<nil>,817,<nil>
397561701,<nil>,<nil>,<nil>,<nil>,<nil>,<nil>,<nil>,<nil>,79,<nil>
3018982390,<nil>,<nil>,<nil>,<nil>,<nil>,<nil>,<nil>,<nil>,603,<nil>
2028293964,<nil>,<nil>,<nil>,<nil>,<nil>,<nil>,<nil>,<nil>,405,<nil>
1230917465,<nil>,<nil>,<nil>,<nil>,<nil>,<nil>,<nil>,<nil>,246,<nil>
3708617704,<nil>,<nil>,<nil>,<nil>,<nil>,<nil>,<nil>,<nil>,741,<nil>
3515305816,<nil>,<nil>,<nil>,<nil>,<nil>,<nil>,<nil>,<nil>,703,<nil>
1394429784,<nil>,<nil>,<nil>,<nil>,<nil>,<nil>,<nil>,<nil>,278,<nil>
3316928345,<nil>,<nil>,<nil>,<nil>,<nil>,<nil>,<nil>,<nil>,663,<nil>
3240578892,<nil>,<nil>,<nil>,<nil>,<nil>,<nil>,<nil>,<nil>,648,<nil>
2969522020,<nil>,<nil>,<nil>,<nil>,<nil>,<nil>,<nil>,<nil>,593,<nil>
1350960814,<nil>,<nil>,<nil>,<nil>,<nil>,<nil>,<nil>,<nil>,270,<nil>
3382202212,<nil>,<nil>,<nil>,<nil>,<nil>,<nil>,<nil>,<nil>,676,<nil>
2879934308,<nil>,<nil>,<nil>,<nil>,<nil>,<nil>,<nil>,<nil>,575,<nil>
3766898520,<nil>,<nil>,<nil>,<nil>,<nil>,<nil>,<nil>,<nil>,753,<nil>
900419405,<nil>,<nil>,<nil>,<nil>,<nil>,<nil>,<nil>,<nil>,180,<nil>
3676917592,<nil>,<nil>,<nil>,<nil>,<nil>,<nil>,<nil>,<nil>,735,<nil>
3501412173,<nil>,<nil>,<nil>,<nil>,<nil>,<nil>,<nil>,<nil>,700,<nil>
1748914021,<nil>,<nil>,<nil>,<nil>,<nil>,<nil>,<nil>,<nil>,349,<nil>
773148493,<nil>,<nil>,<nil>,<nil>,<nil>,<nil>,<nil>,<nil>,154,<nil>
3949612888,<nil>,<nil>,<nil>,<nil>,<nil>,<nil>,<nil>,<nil>,789,<nil>
1924222846,<nil>,<nil>,<nil>,<nil>,<nil>,<nil>,<nil>,<nil>,384,<nil>
949768025,<nil>,<nil>,<nil>,<nil>,<nil>,<nil>,<nil>,<nil>,189,<nil>
585912141,<nil>,<nil>,<nil>,<nil>,<nil>,<nil>,<nil>,<nil>,117,<nil>
3828557670,<nil>,<nil>,<nil>,<nil>,<nil>,<nil>,<nil>,<nil>,765,<nil>
1574260569,<nil>,<nil>,<nil>,<nil>,<nil>,<nil>,<nil>,<nil>,314,<nil>
990728037,<nil>,<nil>,<nil>,<nil>,<nil>,<nil>,<nil>,<nil>,198,<nil>
449335117,<nil>,<nil>,<nil>,<nil>,<nil>,<nil>,<nil>,<nil>,89,<nil>
3262719849,<nil>,<nil>,<nil>,<nil>,<nil>,<nil>,<nil>,<nil>,652,<nil>
1842171737,<nil>,<nil>,<nil>,<nil>,<nil>,<nil>,<nil>,<nil>,368,<nil>
40456025,<nil>,<nil>,<nil>,<nil>,<nil>,<nil>,<nil>,<nil>,8,<nil>
128339800,<nil>,<nil>,<nil>,<nil>,<nil>,<nil>,<nil>,<nil>,25,<nil>
1386106700,<nil>,<nil>,<nil>,<nil>,<nil>,<nil>,<nil>,<nil>,277,<nil>
499470169,<nil>,<nil>,<nil>,<nil>,<nil>,<nil>,<nil>,<nil>,99,<nil>
3122024269,<nil>,<nil>,<nil>,<nil>,<nil>,<nil>,<nil>,<nil>,624,<nil>
1874874201,<nil>,<nil>,<nil>,<nil>,<nil>,<nil>,<nil>,<nil>,374,<nil>
1590102112,<nil>,<nil>,<nil>,<nil>,<nil>,<nil>,<nil>,<nil>,318,<nil>
761417549,<nil>,<nil>,<nil>,<nil>,<nil>,<nil>,<nil>,<nil>,152,<nil>
3815591756,<nil>,<nil>,<nil>,<nil>,<nil>,<nil>,<nil>,<nil>,763,<nil>
3199946584,<nil>,<nil>,<nil>,<nil>,<nil>,<nil>,<nil>,<nil>,639,<nil>
2965262157,<nil>,<nil>,<nil>,<nil>,<nil>,<nil>,<nil>,<nil>,593,<nil>
2466467660,<nil>,<nil>,<nil>,<nil>,<nil>,<nil>,<nil>,<nil>,493,<nil>
2067550053,<nil>,<nil>,<nil>,<nil>,<nil>,<nil>,<nil>,<nil>,413,<nil>
621760332,<nil>,<nil>,<nil>,<nil>,<nil>,<nil>,<nil>,<nil>,124,<nil>
3921694564,<nil>,<nil>,<nil>,<nil>,<nil>,<nil>,<nil>,<nil>,784,<nil>
327044940,<nil>,<nil>,<nil>,<nil>,<nil>,<nil>,<nil>,<nil>,65,<nil>
2259898201,<nil>,<nil>,<nil>,<nil>,<nil>,<nil>,<nil>,<nil>,451,<nil>
2060341069,<nil>,<nil>,<nil>,<nil>,<nil>,<nil>,<nil>,<nil>,412,<nil>
698961765,<nil>,<nil>,<nil>,<nil>,<nil>,<nil>,<nil>,<nil>,139,<nil>
3265351512,<nil>,<nil>,<nil>,<nil>,<nil>,<nil>,<nil>,<nil>,653,<nil>
1984188237,<nil>,<nil>,<nil>,<nil>,<nil>,<nil>,<nil>,<nil>,396,<nil>
1152077684,<nil>,<nil>,<nil>,<nil>,<nil>,<nil>,<nil>,<nil>,230,<nil>
3289272141,<nil>,<nil>,<nil>,<nil>,<nil>,<nil>,<nil>,<nil>,657,<nil>
3100790605,<nil>,<nil>,<nil>,<nil>,<nil>,<nil>,<nil>,<nil>,620,<nil>
3187101529,<nil>,<nil>,<nil>,<nil>,<nil>,<nil>,<nil>,<nil>,637,<nil>
1861963621,<nil>,<nil>,<nil>,<nil>,<nil>,<nil>,<nil>,<nil>,372,<nil>
1323895003,<nil>,<nil>,<nil>,<nil>,<nil>,<nil>,<nil>,<nil>,264,<nil>
344543052,<nil>,<nil>,<nil>,<nil>,<nil>,<nil>,<nil>,<nil>,68,<nil>
3524153215,<nil>,<nil>,<nil>,<nil>,<nil>,<nil>,<nil>,<nil>,704,<nil>
1992951808,<nil>,<nil>,<nil>,<nil>,<nil>,<nil>,<nil>,<nil>,398,<nil>
2023509836,<nil>,<nil>,<nil>,<nil>,<nil>,<nil>,<nil>,<nil>,404,<nil>
213405516,<nil>,<nil>,<nil>,<nil>,<nil>,<nil>,<nil>,<nil>,42,<nil>
3589754700,<nil>,<nil>,<nil>,<nil>,<nil>,<nil>,<nil>,<nil>,717,<nil>
880758605,<nil>,<nil>,<nil>,<nil>,<nil>,<nil>,<nil>,<nil>,176,<nil>
3525005145,<nil>,<nil>,<nil>,<nil>,<nil>,<nil>,<nil>,<nil>,705,<nil>
2425114444,<nil>,<nil>,<nil>,<nil>,<nil>,<nil>,<nil>,<nil>,485,<nil>
1691045709,<nil>,<nil>,<nil>,<nil>,<nil>,<nil>,<nil>,<nil>,338,<nil>
461918040,<nil>,<nil>,<nil>,<nil>,<nil>,<nil>,<nil>,<nil>,92,<nil>
2518830925,<nil>,<nil>,<nil>,<nil>,<nil>,<nil>,<nil>,<nil>,503,<nil>
1018842969,<nil>,<nil>,<nil>,<nil>,<nil>,<nil>,<nil>,<nil>,203,<nil>
1418022745,<nil>,<nil>,<nil>,<nil>,<nil>,<nil>,<nil>,<nil>,283,<nil>
1273843545,<nil>,<nil>,<nil>,<nil>,<nil>,<nil>,<nil>,<nil>,254,<nil>
3279048525,<nil>,<nil>,<nil>,<nil>,<nil>,<nil>,<nil>,<nil>,655,<nil>
2350403416,<nil>,<nil>,<nil>,<nil>,<nil>,<nil>,<nil>,<nil>,470,<nil>
59985752,<nil>,<nil>,<nil>,<nil>,<nil>,<nil>,<nil>,<nil>,11,<nil>
3877982040,<nil>,<nil>,<nil>,<nil>,<nil>,<nil>,<nil>,<nil>,775,<nil>
1629048664,<nil>,<nil>,<nil>,<nil>,<nil>,<nil>,<nil>,<nil>,325,<nil>
873138216,<nil>,<nil>,<nil>,<nil>,<nil>,<nil>,<nil>,<nil>,174,<nil>
3719647053,<nil>,<nil>,<nil>,<nil>,<nil>,<nil>,<nil>,<nil>,743,<nil>
2341996544,<nil>,<nil>,<nil>,<nil>,<nil>,<nil>,<nil>,<nil>,468,<nil>
684937048,<nil>,<nil>,<nil>,<nil>,<nil>,<nil>,<nil>,<nil>,136,<nil>
3121875153,<nil>,<nil>,<nil>,<nil>,<nil>,<nil>,<nil>,<nil>,624,<nil>
1557923840,<nil>,<nil>,<nil>,<nil>,<nil>,<nil>,<nil>,<nil>,311,<nil>
308105037,<nil>,<nil>,<nil>,<nil>,<nil>,<nil>,<nil>,<nil>,61,<nil>
626413400,<nil>,<nil>,<nil>,<nil>,<nil>,<nil>,<nil>,<nil>,125,<nil>
2513588044,<nil>,<nil>,<nil>,<nil>,<nil>,<nil>,<nil>,<nil>,502,<nil>
1626754905,<nil>,<nil>,<nil>,<nil>,<nil>,<nil>,<nil>,<nil>,325,<nil>
3397111264,<nil>,<nil>,<nil>,<nil>,<nil>,<nil>,<nil>,<nil>,679,<nil>
1292717605,<nil>,<nil>,<nil>,<nil>,<nil>,<nil>,<nil>,<nil>,258,<nil>
180571993,<nil>,<nil>,<nil>,<nil>,<nil>,<nil>,<nil>,<nil>,36,<nil>
3793309528,<nil>,<nil>,<nil>,<nil>,<nil>,<nil>,<nil>,<nil>,758,<nil>
2265927500,<nil>,<nil>,<nil>,<nil>,<nil>,<nil>,<nil>,<nil>,453,<nil>
202526553,<nil>,<nil>,<nil>,<nil>,<nil>,<nil>,<nil>,<nil>,40,<nil>
3426111321,<nil>,<nil>,<nil>,<nil>,<nil>,<nil>,<nil>,<nil>,685,<nil>
1034159081,<nil>,<nil>,<nil>,<nil>,<nil>,<nil>,<nil>,<nil>,206,<nil>
176050046,<nil>,<nil>,<nil>,<nil>,<nil>,<nil>,<nil>,<nil>,35,<nil>
2957379584,<nil>,<nil>,<nil>,<nil>,<nil>,<nil>,<nil>,<nil>,591,<nil>
769281868,<nil>,<nil>,<nil>,<nil>,<nil>,<nil>,<nil>,<nil>,153,<nil>
750145357,<nil>,<nil>,<nil>,<nil>,<nil>,<nil>,<nil>,<nil>,150,<nil>
3322498904,<nil>,<nil>,<nil>,<nil>,<nil>,<nil>,<nil>,<nil>,664,<nil>
2388414284,<nil>,<nil>,<nil>,<nil>,<nil>,<nil>,<nil>,<nil>,477,<nil>
457199437,<nil>,<nil>,<nil>,<nil>,<nil>,<nil>,<nil>,<nil>,91,<nil>
3382923085,<nil>,<nil>,<nil>,<nil>,<nil>,<nil>,<nil>,<nil>,676,<nil>
2589806412,<nil>,<nil>,<nil>,<nil>,<nil>,<nil>,<nil>,<nil>,517,<nil>
2267631448,<nil>,<nil>,<nil>,<nil>,<nil>,<nil>,<nil>,<nil>,453,<nil>
43994969,<nil>,<nil>,<nil>,<nil>,<nil>,<nil>,<nil>,<nil>,8,<nil>
3687403352,<nil>,<nil>,<nil>,<nil>,<nil>,<nil>,<nil>,<nil>,737,<nil>
3381743461,<nil>,<nil>,<nil>,<nil>,<nil>,<nil>,<nil>,<nil>,676,<nil>
1865895797,<nil>,<nil>,<nil>,<nil>,<nil>,<nil>,<nil>,<nil>,373,<nil>
281497420,<nil>,<nil>,<nil>,<nil>,<nil>,<nil>,<nil>,<nil>,56,<nil>
2289782604,<nil>,<nil>,<nil>,<nil>,<nil>,<nil>,<nil>,<nil>,457,<nil>
336023372,<nil>,<nil>,<nil>,<nil>,<nil>,<nil>,<nil>,<nil>,67,<nil>
2808958826,<nil>,<nil>,<nil>,<nil>,<nil>,<nil>,<nil>,<nil>,561,<nil>
1052266329,<nil>,<nil>,<nil>,<nil>,<nil>,<nil>,<nil>,<nil>,210,<nil>
382029657,<nil>,<nil>,<nil>,<nil>,<nil>,<nil>,<nil>,<nil>,76,<nil>
3144109912,<nil>,<nil>,<nil>,<nil>,<nil>,<nil>,<nil>,<nil>,628,<nil>
2129284953,<nil>,<nil>,<nil>,<nil>,<nil>,<nil>,<nil>,<nil>,425,<nil>
1035292504,<nil>,<nil>,<nil>,<nil>,<nil>,<nil>,<nil>,<nil>,207,<nil>
2937933656,<nil>,<nil>,<nil>,<nil>,<nil>,<nil>,<nil>,<nil>,587,<nil>
594235225,<nil>,<nil>,<nil>,<nil>,<nil>,<nil>,<nil>,<nil>,118,<nil>
3650375512,<nil>,<nil>,<nil>,<nil>,<nil>,<nil>,<nil>,<nil>,730,<nil>
1416318797,<nil>,<nil>,<nil>,<nil>,<nil>,<nil>,<nil>,<nil>,283,<nil>
1332629029,<nil>,<nil>,<nil>,<nil>,<nil>,<nil>,<nil>,<nil>,266,<nil>
656214235,<nil>,<nil>,<nil>,<nil>,<nil>,<nil>,<nil>,<nil>,131,<nil>
3577565016,<nil>,<nil>,<nil>,<nil>,<nil>,<nil>,<nil>,<nil>,715,<nil>
930959181,<nil>,<nil>,<nil>,<nil>,<nil>,<nil>,<nil>,<nil>,186,<nil>
3768536933,<nil>,<nil>,<nil>,<nil>,<nil>,<nil>,<nil>,<nil>,753,<nil>
3075952472,<nil>,<nil>,<nil>,<nil>,<nil>,<nil>,<nil>,<nil>,615,<nil>
2295615320,<nil>,<nil>,<nil>,<nil>,<nil>,<nil>,<nil>,<nil>,459,<nil>
206262093,<nil>,<nil>,<nil>,<nil>,<nil>,<nil>,<nil>,<nil>,41,<nil>
4158213976,<nil>,<nil>,<nil>,<nil>,<nil>,<nil>,<nil>,<nil>,831,<nil>
2473527312,<nil>,<nil>,<nil>,<nil>,<nil>,<nil>,<nil>,<nil>,494,<nil>
4086714229,<nil>,<nil>,<nil>,<nil>,<nil>,<nil>,<nil>,<nil>,817,<nil>
3569635161,<nil>,<nil>,<nil>,<nil>,<nil>,<nil>,<nil>,<nil>,713,<nil>
2955759449,<nil>,<nil>,<nil>,<nil>,<nil>,<nil>,<nil>,<nil>,591,<nil>
2141474636,<nil>,<nil>,<nil>,<nil>,<nil>,<nil>,<nil>,<nil>,428,<nil>
655773517,<nil>,<nil>,<nil>,<nil>,<nil>,<nil>,<nil>,<nil>,131,<nil>
4033203680,<nil>,<nil>,<nil>,<nil>,<nil>,<nil>,<nil>,<nil>,806,<nil>
1544048484,<nil>,<nil>,<nil>,<nil>,<nil>,<nil>,<nil>,<nil>,308,<nil>
697651033,<nil>,<nil>,<nil>,<nil>,<nil>,<nil>,<nil>,<nil>,139,<nil>
3872673612,<nil>,<nil>,<nil>,<nil>,<nil>,<nil>,<nil>,<nil>,774,<nil>
2222149464,<nil>,<nil>,<nil>,<nil>,<nil>,<nil>,<nil>,<nil>,444,<nil>
2266103853,<nil>,<nil>,<nil>,<nil>,<nil>,<nil>,<nil>,<nil>,453,<nil>
2179944280,<nil>,<nil>,<nil>,<nil>,<nil>,<nil>,<nil>,<nil>,435,<nil>
1544245068,<nil>,<nil>,<nil>,<nil>,<nil>,<nil>,<nil>,<nil>,308,<nil>
480005976,<nil>,<nil>,<nil>,<nil>,<nil>,<nil>,<nil>,<nil>,96,<nil>
3180154724,<nil>,<nil>,<nil>,<nil>,<nil>,<nil>,<nil>,<nil>,636,<nil>
2549284909,<nil>,<nil>,<nil>,<nil>,<nil>,<nil>,<nil>,<nil>,509,<nil>
4131082100,<nil>,<nil>,<nil>,<nil>,<nil>,<nil>,<nil>,<nil>,826,<nil>
3445772120,<nil>,<nil>,<nil>,<nil>,<nil>,<nil>,<nil>,<nil>,689,<nil>
3691663180,<nil>,<nil>,<nil>,<nil>,<nil>,<nil>,<nil>,<nil>,738,<nil>
2634108760,<nil>,<nil>,<nil>,<nil>,<nil>,<nil>,<nil>,<nil>,526,<nil>
678055768,<nil>,<nil>,<nil>,<nil>,<nil>,<nil>,<nil>,<nil>,135,<nil>
3621211981,<nil>,<nil>,<nil>,<nil>,<nil>,<nil>,<nil>,<nil>,724,<nil>
699354956,<nil>,<nil>,<nil>,<nil>,<nil>,<nil>,<nil>,<nil>,139,<nil>
2918862669,<nil>,<nil>,<nil>,<nil>,<nil>,<nil>,<nil>,<nil>,583,<nil>
2212235472,<nil>,<nil>,<nil>,<nil>,<nil>,<nil>,<nil>,<nil>,442,<nil>
994332492,<nil>,<nil>,<nil>,<nil>,<nil>,<nil>,<nil>,<nil>,198,<nil>
3948367693,<nil>,<nil>,<nil>,<nil>,<nil>,<nil>,<nil>,<nil>,789,<nil>
2875525120,<nil>,<nil>,<nil>,<nil>,<nil>,<nil>,<nil>,<nil>,575,<nil>
1600016204,<nil>,<nil>,<nil>,<nil>,<nil>,<nil>,<nil>,<nil>,320,<nil>
4255534925,<nil>,<nil>,<nil>,<nil>,<nil>,<nil>,<nil>,<nil>,851,<nil>
3825666208,<nil>,<nil>,<nil>,<nil>,<nil>,<nil>,<nil>,<nil>,765,<nil>
391335768,<nil>,<nil>,<nil>,<nil>,<nil>,<nil>,<nil>,<nil>,78,<nil>
3361343488,<nil>,<nil>,<nil>,<nil>,<nil>,<nil>,<nil>,<nil>,672,<nil>
937971533,<nil>,<nil>,<nil>,<nil>,<nil>,<nil>,<nil>,<nil>,187,<nil>
2428242016,<nil>,<nil>,<nil>,<nil>,<nil>,<nil>,<nil>,<nil>,485,<nil>
1846955852,<nil>,<nil>,<nil>,<nil>,<nil>,<nil>,<nil>,<nil>,369,<nil>
1958170444,<nil>,<nil>,<nil>,<nil>,<nil>,<nil>,<nil>,<nil>,391,<nil>
2892975961,<nil>,<nil>,<nil>,<nil>,<nil>,<nil>,<nil>,<nil>,578,<nil>
1526288217,<nil>,<nil>,<nil>,<nil>,<nil>,<nil>,<nil>,<nil>,305,<nil>
3529985880,<nil>,<nil>,<nil>,<nil>,<nil>,<nil>,<nil>,<nil>,705,<nil>
1711624012,<nil>,<nil>,<nil>,<nil>,<nil>,<nil>,<nil>,<nil>,342,<nil>
275205988,<nil>,<nil>,<nil>,<nil>,<nil>,<nil>,<nil>,<nil>,55,<nil>
2847756120,<nil>,<nil>,<nil>,<nil>,<nil>,<nil>,<nil>,<nil>,569,<nil>
904810317,<nil>,<nil>,<nil>,<nil>,<nil>,<nil>,<nil>,<nil>,180,<nil>
3740553060,<nil>,<nil>,<nil>,<nil>,<nil>,<nil>,<nil>,<nil>,748,<nil>
1795379070,<nil>,<nil>,<nil>,<nil>,<nil>,<nil>,<nil>,<nil>,359,<nil>
4294705258,<nil>,<nil>,<nil>,<nil>,<nil>,<nil>,<nil>,<nil>,858,<nil>
2390576972,<nil>,<nil>,<nil>,<nil>,<nil>,<nil>,<nil>,<nil>,478,<nil>
751914829,<nil>,<nil>,<nil>,<nil>,<nil>,<nil>,<nil>,<nil>,150,<nil>
3294973797,<nil>,<nil>,<nil>,<nil>,<nil>,<nil>,<nil>,<nil>,658,<nil>
1872318285,<nil>,<nil>,<nil>,<nil>,<nil>,<nil>,<nil>,<nil>,374,<nil>
49631052,<nil>,<nil>,<nil>,<nil>,<nil>,<nil>,<nil>,<nil>,9,<nil>
2239778636,<nil>,<nil>,<nil>,<nil>,<nil>,<nil>,<nil>,<nil>,447,<nil>
285822796,<nil>,<nil>,<nil>,<nil>,<nil>,<nil>,<nil>,<nil>,57,<nil>
3190163456,<nil>,<nil>,<nil>,<nil>,<nil>,<nil>,<nil>,<nil>,638,<nil>
1863733080,<nil>,<nil>,<nil>,<nil>,<nil>,<nil>,<nil>,<nil>,372,<nil>
2850901837,<nil>,<nil>,<nil>,<nil>,<nil>,<nil>,<nil>,<nil>,570,<nil>
2383368025,<nil>,<nil>,<nil>,<nil>,<nil>,<nil>,<nil>,<nil>,476,<nil>
300155882,<nil>,<nil>,<nil>,<nil>,<nil>,<nil>,<nil>,<nil>,60,<nil>
2207469439,<nil>,<nil>,<nil>,<nil>,<nil>,<nil>,<nil>,<nil>,441,<nil>
638781440,<nil>,<nil>,<nil>,<nil>,<nil>,<nil>,<nil>,<nil>,127,<nil>
3227537228,<nil>,<nil>,<nil>,<nil>,<nil>,<nil>,<nil>,<nil>,645,<nil>
2183483213,<nil>,<nil>,<nil>,<nil>,<nil>,<nil>,<nil>,<nil>,436,<nil>
552423257,<nil>,<nil>,<nil>,<nil>,<nil>,<nil>,<nil>,<nil>,110,<nil>
3311947608,<nil>,<nil>,<nil>,<nil>,<nil>,<nil>,<nil>,<nil>,662,<nil>
2682474328,<nil>,<nil>,<nil>,<nil>,<nil>,<nil>,<nil>,<nil>,536,<nil>
249581400,<nil>,<nil>,<nil>,<nil>,<nil>,<nil>,<nil>,<nil>,49,<nil>
2431471436,<nil>,<nil>,<nil>,<nil>,<nil>,<nil>,<nil>,<nil>,486,<nil>
1090342733,<nil>,<nil>,<nil>,<nil>,<nil>,<nil>,<nil>,<nil>,218,<nil>
622939993,<nil>,<nil>,<nil>,<nil>,<nil>,<nil>,<nil>,<nil>,124,<nil>
3449900901,<nil>,<nil>,<nil>,<nil>,<nil>,<nil>,<nil>,<nil>,689,<nil>
2887667532,<nil>,<nil>,<nil>,<nil>,<nil>,<nil>,<nil>,<nil>,577,<nil>
3177467737,<nil>,<nil>,<nil>,<nil>,<nil>,<nil>,<nil>,<nil>,635,<nil>
1500729176,<nil>,<nil>,<nil>,<nil>,<nil>,<nil>,<nil>,<nil>,300,<nil>
513353576,<nil>,<nil>,<nil>,<nil>,<nil>,<nil>,<nil>,<nil>,102,<nil>
1117409101,<nil>,<nil>,<nil>,<nil>,<nil>,<nil>,<nil>,<nil>,223,<nil>
468143948,<nil>,<nil>,<nil>,<nil>,<nil>,<nil>,<nil>,<nil>,93,<nil>
3733278553,<nil>,<nil>,<nil>,<nil>,<nil>,<nil>,<nil>,<nil>,746,<nil>
2921811788,<nil>,<nil>,<nil>,<nil>,<nil>,<nil>,<nil>,<nil>,584,<nil>
1000296281,<nil>,<nil>,<nil>,<nil>,<nil>,<nil>,<nil>,<nil>,200,<nil>
589562857,<nil>,<nil>,<nil>,<nil>,<nil>,<nil>,<nil>,<nil>,117,<nil>
536104793,<nil>,<nil>,<nil>,<nil>,<nil>,<nil>,<nil>,<nil>,107,<nil>
2618380148,<nil>,<nil>,<nil>,<nil>,<nil>,<nil>,<nil>,<nil>,523,<nil>
2100449113,<nil>,<nil>,<nil>,<nil>,<nil>,<nil>,<nil>,<nil>,420,<nil>
3360247629,<nil>,<nil>,<nil>,<nil>,<nil>,<nil>,<nil>,<nil>,672,<nil>
2055209961,<nil>,<nil>,<nil>,<nil>,<nil>,<nil>,<nil>,<nil>,411,<nil>
792809305,<nil>,<nil>,<nil>,<nil>,<nil>,<nil>,<nil>,<nil>,158,<nil>
2505396057,<nil>,<nil>,<nil>,<nil>,<nil>,<nil>,<nil>,<nil>,501,<nil>
1842827084,<nil>,<nil>,<nil>,<nil>,<nil>,<nil>,<nil>,<nil>,368,<nil>
3301330765,<nil>,<nil>,<nil>,<nil>,<nil>,<nil>,<nil>,<nil>,660,<nil>
2024735734,<nil>,<nil>,<nil>,<nil>,<nil>,<nil>,<nil>,<nil>,404,<nil>
3920187237,<nil>,<nil>,<nil>,<nil>,<nil>,<nil>,<nil>,<nil>,784,<nil>
3408220004,<nil>,<nil>,<nil>,<nil>,<nil>,<nil>,<nil>,<nil>,681,<nil>
1470320460,<nil>,<nil>,<nil>,<nil>,<nil>,<nil>,<nil>,<nil>,294,<nil>
3688714061,<nil>,<nil>,<nil>,<nil>,<nil>,<nil>,<nil>,<nil>,737,<nil>
3150448776,<nil>,<nil>,<nil>,<nil>,<nil>,<nil>,<nil>,<nil>,630,<nil>
2043611272,<nil>,<nil>,<nil>,<nil>,<nil>,<nil>,<nil>,<nil>,408,<nil>
1350192985,<nil>,<nil>,<nil>,<nil>,<nil>,<nil>,<nil>,<nil>,270,<nil>
946818892,<nil>,<nil>,<nil>,<nil>,<nil>,<nil>,<nil>,<nil>,189,<nil>
3517271908,<nil>,<nil>,<nil>,<nil>,<nil>,<nil>,<nil>,<nil>,703,<nil>
1779388236,<nil>,<nil>,<nil>,<nil>,<nil>,<nil>,<nil>,<nil>,355,<nil>
301420377,<nil>,<nil>,<nil>,<nil>,<nil>,<nil>,<nil>,<nil>,60,<nil>
47075149,<nil>,<nil>,<nil>,<nil>,<nil>,<nil>,<nil>,<nil>,9,<nil>
2684899149,<nil>,<nil>,<nil>,<nil>,<nil>,<nil>,<nil>,<nil>,536,<nil>
1031950169,<nil>,<nil>,<nil>,<nil>,<nil>,<nil>,<nil>,<nil>,206,<nil>
605179737,<nil>,<nil>,<nil>,<nil>,<nil>,<nil>,<nil>,<nil>,121,<nil>
3930849391,<nil>,<nil>,<nil>,<nil>,<nil>,<nil>,<nil>,<nil>,786,<nil>
2146062157,<nil>,<nil>,<nil>,<nil>,<nil>,<nil>,<nil>,<nil>,429,<nil>
2544062297,<nil>,<nil>,<nil>,<nil>,<nil>,<nil>,<nil>,<nil>,508,<nil>
1439649612,<nil>,<nil>,<nil>,<nil>,<nil>,<nil>,<nil>,<nil>,287,<nil>
811552588,<nil>,<nil>,<nil>,<nil>,<nil>,<nil>,<nil>,<nil>,162,<nil>
3164688216,<nil>,<nil>,<nil>,<nil>,<nil>,<nil>,<nil>,<nil>,632,<nil>
1981894488,<nil>,<nil>,<nil>,<nil>,<nil>,<nil>,<nil>,<nil>,396,<nil>
476532557,<nil>,<nil>,<nil>,<nil>,<nil>,<nil>,<nil>,<nil>,95,<nil>
4215343264,<nil>,<nil>,<nil>,<nil>,<nil>,<nil>,<nil>,<nil>,843,<nil>
14831437,<nil>,<nil>,<nil>,<nil>,<nil>,<nil>,<nil>,<nil>,2,<nil>
1183829472,<nil>,<nil>,<nil>,<nil>,<nil>,<nil>,<nil>,<nil>,236,<nil>
2742636389,<nil>,<nil>,<nil>,<nil>,<nil>,<nil>,<nil>,<nil>,548,<nil>
815550308,<nil>,<nil>,<nil>,<nil>,<nil>,<nil>,<nil>,<nil>,163,<nil>
79712076,<nil>,<nil>,<nil>,<nil>,<nil>,<nil>,<nil>,<nil>,15,<nil>
2555006797,<nil>,<nil>,<nil>,<nil>,<nil>,<nil>,<nil>,<nil>,511,<nil>
736579416,<nil>,<nil>,<nil>,<nil>,<nil>,<nil>,<nil>,<nil>,147,<nil>
2929479512,<nil>,<nil>,<nil>,<nil>,<nil>,<nil>,<nil>,<nil>,585,<nil>
1258180428,<nil>,<nil>,<nil>,<nil>,<nil>,<nil>,<nil>,<nil>,251,<nil>
1103253337,<nil>,<nil>,<nil>,<nil>,<nil>,<nil>,<nil>,<nil>,220,<nil>
1911750858,<nil>,<nil>,<nil>,<nil>,<nil>,<nil>,<nil>,<nil>,382,<nil>
4036102144,<nil>,<nil>,<nil>,<nil>,<nil>,<nil>,<nil>,<nil>,807,<nil>
2439925605,<nil>,<nil>,<nil>,<nil>,<nil>,<nil>,<nil>,<nil>,487,<nil>
128733028,<nil>,<nil>,<nil>,<nil>,<nil>,<nil>,<nil>,<nil>,25,<nil>
2835304268,<nil>,<nil>,<nil>,<nil>,<nil>,<nil>,<nil>,<nil>,567,<nil>
2449475584,<nil>,<nil>,<nil>,<nil>,<nil>,<nil>,<nil>,<nil>,489,<nil>
3928575821,<nil>,<nil>,<nil>,<nil>,<nil>,<nil>,<nil>,<nil>,785,<nil>
2109493080,<nil>,<nil>,<nil>,<nil>,<nil>,<nil>,<nil>,<nil>,421,<nil>
584470348,<nil>,<nil>,<nil>,<nil>,<nil>,<nil>,<nil>,<nil>,116,<nil>
269353960,<nil>,<nil>,<nil>,<nil>,<nil>,<nil>,<nil>,<nil>,53,<nil>
3362672460,<nil>,<nil>,<nil>,<nil>,<nil>,<nil>,<nil>,<nil>,672,<nil>
3033943884,<nil>,<nil>,<nil>,<nil>,<nil>,<nil>,<nil>,<nil>,606,<nil>
2970832728,<nil>,<nil>,<nil>,<nil>,<nil>,<nil>,<nil>,<nil>,594,<nil>
1387137120,<nil>,<nil>,<nil>,<nil>,<nil>,<nil>,<nil>,<nil>,277,<nil>
93802328,<nil>,<nil>,<nil>,<nil>,<nil>,<nil>,<nil>,<nil>,18,<nil>
284381005,<nil>,<nil>,<nil>,<nil>,<nil>,<nil>,<nil>,<nil>,56,<nil>
2912178008,<nil>,<nil>,<nil>,<nil>,<nil>,<nil>,<nil>,<nil>,582,<nil>
1914654730,<nil>,<nil>,<nil>,<nil>,<nil>,<nil>,<nil>,<nil>,382,<nil>
35540824,<nil>,<nil>,<nil>,<nil>,<nil>,<nil>,<nil>,<nil>,7,<nil>
3335325696,<nil>,<nil>,<nil>,<nil>,<nil>,<nil>,<nil>,<nil>,667,<nil>
1551519565,<nil>,<nil>,<nil>,<nil>,<nil>,<nil>,<nil>,<nil>,310,<nil>
263278602,<nil>,<nil>,<nil>,<nil>,<nil>,<nil>,<nil>,<nil>,52,<nil>
1420382028,<nil>,<nil>,<nil>,<nil>,<nil>,<nil>,<nil>,<nil>,284,<nil>
658001752,<nil>,<nil>,<nil>,<nil>,<nil>,<nil>,<nil>,<nil>,131,<nil>
126046029,<nil>,<nil>,<nil>,<nil>,<nil>,<nil>,<nil>,<nil>,25,<nil>
3900985354,<nil>,<nil>,<nil>,<nil>,<nil>,<nil>,<nil>,<nil>,780,<nil>
2226868045,<nil>,<nil>,<nil>,<nil>,<nil>,<nil>,<nil>,<nil>,445,<nil>
997328912,<nil>,<nil>,<nil>,<nil>,<nil>,<nil>,<nil>,<nil>,199,<nil>
439944878,<nil>,<nil>,<nil>,<nil>,<nil>,<nil>,<nil>,<nil>,87,<nil>
4242210916,<nil>,<nil>,<nil>,<nil>,<nil>,<nil>,<nil>,<nil>,848,<nil>
2381054967,<nil>,<nil>,<nil>,<nil>,<nil>,<nil>,<nil>,<nil>,476,<nil>
3299168088,<nil>,<nil>,<nil>,<nil>,<nil>,<nil>,<nil>,<nil>,659,<nil>
1490898776,<nil>,<nil>,<nil>,<nil>,<nil>,<nil>,<nil>,<nil>,298,<nil>
882659161,<nil>,<nil>,<nil>,<nil>,<nil>,<nil>,<nil>,<nil>,176,<nil>
1476022105,<nil>,<nil>,<nil>,<nil>,<nil>,<nil>,<nil>,<nil>,295,<nil>
515788620,<nil>,<nil>,<nil>,<nil>,<nil>,<nil>,<nil>,<nil>,103,<nil>
3655290405,<nil>,<nil>,<nil>,<nil>,<nil>,<nil>,<nil>,<nil>,731,<nil>
754011980,<nil>,<nil>,<nil>,<nil>,<nil>,<nil>,<nil>,<nil>,150,<nil>
3096661836,<nil>,<nil>,<nil>,<nil>,<nil>,<nil>,<nil>,<nil>,619,<nil>
574574413,<nil>,<nil>,<nil>,<nil>,<nil>,<nil>,<nil>,<nil>,114,<nil>
3074183001,<nil>,<nil>,<nil>,<nil>,<nil>,<nil>,<nil>,<nil>,614,<nil>
1969114956,<nil>,<nil>,<nil>,<nil>,<nil>,<nil>,<nil>,<nil>,393,<nil>
775704397,<nil>,<nil>,<nil>,<nil>,<nil>,<nil>,<nil>,<nil>,155,<nil>
1211912612,<nil>,<nil>,<nil>,<nil>,<nil>,<nil>,<nil>,<nil>,242,<nil>
3347205964,<nil>,<nil>,<nil>,<nil>,<nil>,<nil>,<nil>,<nil>,669,<nil>
2130661196,<nil>,<nil>,<nil>,<nil>,<nil>,<nil>,<nil>,<nil>,426,<nil>
3575664461,<nil>,<nil>,<nil>,<nil>,<nil>,<nil>,<nil>,<nil>,715,<nil>
1041977177,<nil>,<nil>,<nil>,<nil>,<nil>,<nil>,<nil>,<nil>,208,<nil>
860948496,<nil>,<nil>,<nil>,<nil>,<nil>,<nil>,<nil>,<nil>,172,<nil>
1511196672,<nil>,<nil>,<nil>,<nil>,<nil>,<nil>,<nil>,<nil>,302,<nil>
3950464844,<nil>,<nil>,<nil>,<nil>,<nil>,<nil>,<nil>,<nil>,790,<nil>
1592151897,<nil>,<nil>,<nil>,<nil>,<nil>,<nil>,<nil>,<nil>,318,<nil>
646598488,<nil>,<nil>,<nil>,<nil>,<nil>,<nil>,<nil>,<nil>,129,<nil>
2703707981,<nil>,<nil>,<nil>,<nil>,<nil>,<nil>,<nil>,<nil>,540,<nil>
1203392345,<nil>,<nil>,<nil>,<nil>,<nil>,<nil>,<nil>,<nil>,240,<nil>
3680325453,<nil>,<nil>,<nil>,<nil>,<nil>,<nil>,<nil>,<nil>,736,<nil>
1848921932,<nil>,<nil>,<nil>,<nil>,<nil>,<nil>,<nil>,<nil>,369,<nil>
189222732,<nil>,<nil>,<nil>,<nil>,<nil>,<nil>,<nil>,<nil>,37,<nil>
2418429785,<nil>,<nil>,<nil>,<nil>,<nil>,<nil>,<nil>,<nil>,483,<nil>
944263012,<nil>,<nil>,<nil>,<nil>,<nil>,<nil>,<nil>,<nil>,188,<nil>
3823175332,<nil>,<nil>,<nil>,<nil>,<nil>,<nil>,<nil>,<nil>,764,<nil>
1960530240,<nil>,<nil>,<nil>,<nil>,<nil>,<nil>,<nil>,<nil>,392,<nil>
4184605687,<nil>,<nil>,<nil>,<nil>,<nil>,<nil>,<nil>,<nil>,836,<nil>
2115784537,<nil>,<nil>,<nil>,<nil>,<nil>,<nil>,<nil>,<nil>,423,<nil>
444288845,<nil>,<nil>,<nil>,<nil>,<nil>,<nil>,<nil>,<nil>,88,<nil>
3097644889,<nil>,<nil>,<nil>,<nil>,<nil>,<nil>,<nil>,<nil>,619,<nil>
1142968153,<nil>,<nil>,<nil>,<nil>,<nil>,<nil>,<nil>,<nil>,228,<nil>
3765784397,<nil>,<nil>,<nil>,<nil>,<nil>,<nil>,<nil>,<nil>,753,<nil>
1676496729,<nil>,<nil>,<nil>,<nil>,<nil>,<nil>,<nil>,<nil>,335,<nil>
128470860,<nil>,<nil>,<nil>,<nil>,<nil>,<nil>,<nil>,<nil>,25,<nil>
2505199449,<nil>,<nil>,<nil>,<nil>,<nil>,<nil>,<nil>,<nil>,501,<nil>
1134710617,<nil>,<nil>,<nil>,<nil>,<nil>,<nil>,<nil>,<nil>,226,<nil>
4193668952,<nil>,<nil>,<nil>,<nil>,<nil>,<nil>,<nil>,<nil>,838,<nil>
1661751117,<nil>,<nil>,<nil>,<nil>,<nil>,<nil>,<nil>,<nil>,332,<nil>
875908952,<nil>,<nil>,<nil>,<nil>,<nil>,<nil>,<nil>,<nil>,175,<nil>
2934001485,<nil>,<nil>,<nil>,<nil>,<nil>,<nil>,<nil>,<nil>,586,<nil>
1474711396,<nil>,<nil>,<nil>,<nil>,<nil>,<nil>,<nil>,<nil>,294,<nil>
4180102988,<nil>,<nil>,<nil>,<nil>,<nil>,<nil>,<nil>,<nil>,836,<nil>
2598129509,<nil>,<nil>,<nil>,<nil>,<nil>,<nil>,<nil>,<nil>,519,<nil>
453726041,<nil>,<nil>,<nil>,<nil>,<nil>,<nil>,<nil>,<nil>,90,<nil>
2986889061,<nil>,<nil>,<nil>,<nil>,<nil>,<nil>,<nil>,<nil>,597,<nil>
1054345256,<nil>,<nil>,<nil>,<nil>,<nil>,<nil>,<nil>,<nil>,210,<nil>
3903409997,<nil>,<nil>,<nil>,<nil>,<nil>,<nil>,<nil>,<nil>,780,<nil>
2149994341,<nil>,<nil>,<nil>,<nil>,<nil>,<nil>,<nil>,<nil>,429,<nil>
1595821900,<nil>,<nil>,<nil>,<nil>,<nil>,<nil>,<nil>,<nil>,319,<nil>
3788525388,<nil>,<nil>,<nil>,<nil>,<nil>,<nil>,<nil>,<nil>,757,<nil>
3307949900,<nil>,<nil>,<nil>,<nil>,<nil>,<nil>,<nil>,<nil>,661,<nil>
3762507609,<nil>,<nil>,<nil>,<nil>,<nil>,<nil>,<nil>,<nil>,752,<nil>
1797148493,<nil>,<nil>,<nil>,<nil>,<nil>,<nil>,<nil>,<nil>,359,<nil>
1609387853,<nil>,<nil>,<nil>,<nil>,<nil>,<nil>,<nil>,<nil>,321,<nil>
3696054143,<nil>,<nil>,<nil>,<nil>,<nil>,<nil>,<nil>,<nil>,739,<nil>
2156660736,<nil>,<nil>,<nil>,<nil>,<nil>,<nil>,<nil>,<nil>,431,<nil>
1748455244,<nil>,<nil>,<nil>,<nil>,<nil>,<nil>,<nil>,<nil>,349,<nil>
3210235725,<nil>,<nil>,<nil>,<nil>,<nil>,<nil>,<nil>,<nil>,642,<nil>
1316048741,<nil>,<nil>,<nil>,<nil>,<nil>,<nil>,<nil>,<nil>,263,<nil>
1204357136,<nil>,<nil>,<nil>,<nil>,<nil>,<nil>,<nil>,<nil>,240,<nil>
1241993048,<nil>,<nil>,<nil>,<nil>,<nil>,<nil>,<nil>,<nil>,248,<nil>
3446493005,<nil>,<nil>,<nil>,<nil>,<nil>,<nil>,<nil>,<nil>,689,<nil>
1867010058,<nil>,<nil>,<nil>,<nil>,<nil>,<nil>,<nil>,<nil>,373,<nil>
1809207128,<nil>,<nil>,<nil>,<nil>,<nil>,<nil>,<nil>,<nil>,361,<nil>
450562048,<nil>,<nil>,<nil>,<nil>,<nil>,<nil>,<nil>,<nil>,90,<nil>
3607177064,<nil>,<nil>,<nil>,<nil>,<nil>,<nil>,<nil>,<nil>,721,<nil>
3695136589,<nil>,<nil>,<nil>,<nil>,<nil>,<nil>,<nil>,<nil>,739,<nil>
3071954765,<nil>,<nil>,<nil>,<nil>,<nil>,<nil>,<nil>,<nil>,614,<nil>
1627934540,<nil>,<nil>,<nil>,<nil>,<nil>,<nil>,<nil>,<nil>,325,<nil>
3844296525,<nil>,<nil>,<nil>,<nil>,<nil>,<nil>,<nil>,<nil>,768,<nil>
3857076068,<nil>,<nil>,<nil>,<nil>,<nil>,<nil>,<nil>,<nil>,771,<nil>
347295576,<nil>,<nil>,<nil>,<nil>,<nil>,<nil>,<nil>,<nil>,69,<nil>
2405519181,<nil>,<nil>,<nil>,<nil>,<nil>,<nil>,<nil>,<nil>,481,<nil>
2194624332,<nil>,<nil>,<nil>,<nil>,<nil>,<nil>,<nil>,<nil>,438,<nil>
2012219054,<nil>,<nil>,<nil>,<nil>,<nil>,<nil>,<nil>,<nil>,402,<nil>
1179995981,<nil>,<nil>,<nil>,<nil>,<nil>,<nil>,<nil>,<nil>,235,<nil>
1622560613,<nil>,<nil>,<nil>,<nil>,<nil>,<nil>,<nil>,<nil>,324,<nil>
32919372,<nil>,<nil>,<nil>,<nil>,<nil>,<nil>,<nil>,<nil>,6,<nil>
3148566361,<nil>,<nil>,<nil>,<nil>,<nil>,<nil>,<nil>,<nil>,629,<nil>
1321619289,<nil>,<nil>,<nil>,<nil>,<nil>,<nil>,<nil>,<nil>,264,<nil>
3516354393,<nil>,<nil>,<nil>,<nil>,<nil>,<nil>,<nil>,<nil>,703,<nil>
3035909977,<nil>,<nil>,<nil>,<nil>,<nil>,<nil>,<nil>,<nil>,607,<nil>
3554627405,<nil>,<nil>,<nil>,<nil>,<nil>,<nil>,<nil>,<nil>,710,<nil>
1907314521,<nil>,<nil>,<nil>,<nil>,<nil>,<nil>,<nil>,<nil>,381,<nil>
727535477,<nil>,<nil>,<nil>,<nil>,<nil>,<nil>,<nil>,<nil>,145,<nil>
2329366348,<nil>,<nil>,<nil>,<nil>,<nil>,<nil>,<nil>,<nil>,465,<nil>
115953497,<nil>,<nil>,<nil>,<nil>,<nil>,<nil>,<nil>,<nil>,23,<nil>
2729529176,<nil>,<nil>,<nil>,<nil>,<nil>,<nil>,<nil>,<nil>,545,<nil>
2255441741,<nil>,<nil>,<nil>,<nil>,<nil>,<nil>,<nil>,<nil>,451,<nil>
2223329125,<nil>,<nil>,<nil>,<nil>,<nil>,<nil>,<nil>,<nil>,444,<nil>
347623256,<nil>,<nil>,<nil>,<nil>,<nil>,<nil>,<nil>,<nil>,69,<nil>
125700096,<nil>,<nil>,<nil>,<nil>,<nil>,<nil>,<nil>,<nil>,25,<nil>
2369212237,<nil>,<nil>,<nil>,<nil>,<nil>,<nil>,<nil>,<nil>,473,<nil>
3290648408,<nil>,<nil>,<nil>,<nil>,<nil>,<nil>,<nil>,<nil>,658,<nil>
1771327308,<nil>,<nil>,<nil>,<nil>,<nil>,<nil>,<nil>,<nil>,354,<nil>
282808141,<nil>,<nil>,<nil>,<nil>,<nil>,<nil>,<nil>,<nil>,56,<nil>
1261963304,<nil>,<nil>,<nil>,<nil>,<nil>,<nil>,<nil>,<nil>,252,<nil>
926285930,<nil>,<nil>,<nil>,<nil>,<nil>,<nil>,<nil>,<nil>,185,<nil>
4234432345,<nil>,<nil>,<nil>,<nil>,<nil>,<nil>,<nil>,<nil>,846,<nil>
4012396364,<nil>,<nil>,<nil>,<nil>,<nil>,<nil>,<nil>,<nil>,802,<nil>
94981976,<nil>,<nil>,<nil>,<nil>,<nil>,<nil>,<nil>,<nil>,18,<nil>
2722910028,<nil>,<nil>,<nil>,<nil>,<nil>,<nil>,<nil>,<nil>,544,<nil>
1677610829,<nil>,<nil>,<nil>,<nil>,<nil>,<nil>,<nil>,<nil>,335,<nil>
177360729,<nil>,<nil>,<nil>,<nil>,<nil>,<nil>,<nil>,<nil>,35,<nil>
589891246,<nil>,<nil>,<nil>,<nil>,<nil>,<nil>,<nil>,<nil>,117,<nil>
2360823679,<nil>,<nil>,<nil>,<nil>,<nil>,<nil>,<nil>,<nil>,472,<nil>
2390904653,<nil>,<nil>,<nil>,<nil>,<nil>,<nil>,<nil>,<nil>,478,<nil>
3694022476,<nil>,<nil>,<nil>,<nil>,<nil>,<nil>,<nil>,<nil>,738,<nil>
2347913037,<nil>,<nil>,<nil>,<nil>,<nil>,<nil>,<nil>,<nil>,469,<nil>
1667518474,<nil>,<nil>,<nil>,<nil>,<nil>,<nil>,<nil>,<nil>,333,<nil>
432164685,<nil>,<nil>,<nil>,<nil>,<nil>,<nil>,<nil>,<nil>,86,<nil>
4073934668,<nil>,<nil>,<nil>,<nil>,<nil>,<nil>,<nil>,<nil>,814,<nil>
1845383001,<nil>,<nil>,<nil>,<nil>,<nil>,<nil>,<nil>,<nil>,369,<nil>
1034243916,<nil>,<nil>,<nil>,<nil>,<nil>,<nil>,<nil>,<nil>,206,<nil>
54742910,<nil>,<nil>,<nil>,<nil>,<nil>,<nil>,<nil>,<nil>,10,<nil>
56315724,<nil>,<nil>,<nil>,<nil>,<nil>,<nil>,<nil>,<nil>,11,<nil>
3588443992,<nil>,<nil>,<nil>,<nil>,<nil>,<nil>,<nil>,<nil>,717,<nil>
2448361488,<nil>,<nil>,<nil>,<nil>,<nil>,<nil>,<nil>,<nil>,489,<nil>
643583821,<nil>,<nil>,<nil>,<nil>,<nil>,<nil>,<nil>,<nil>,128,<nil>
4094167176,<nil>,<nil>,<nil>,<nil>,<nil>,<nil>,<nil>,<nil>,818,<nil>
2879410008,<nil>,<nil>,<nil>,<nil>,<nil>,<nil>,<nil>,<nil>,575,<nil>
658919257,<nil>,<nil>,<nil>,<nil>,<nil>,<nil>,<nil>,<nil>,131,<nil>
193005787,<nil>,<nil>,<nil>,<nil>,<nil>,<nil>,<nil>,<nil>,38,<nil>
4197142349,<nil>,<nil>,<nil>,<nil>,<nil>,<nil>,<nil>,<nil>,839,<nil>
2531479384,<nil>,<nil>,<nil>,<nil>,<nil>,<nil>,<nil>,<nil>,506,<nil>
588009293,<nil>,<nil>,<nil>,<nil>,<nil>,<nil>,<nil>,<nil>,117,<nil>
3984197284,<nil>,<nil>,<nil>,<nil>,<nil>,<nil>,<nil>,<nil>,796,<nil>
4285615948,<nil>,<nil>,<nil>,<nil>,<nil>,<nil>,<nil>,<nil>,857,<nil>
2807648089,<nil>,<nil>,<nil>,<nil>,<nil>,<nil>,<nil>,<nil>,561,<nil>
2062747808,<nil>,<nil>,<nil>,<nil>,<nil>,<nil>,<nil>,<nil>,412,<nil>
3413462860,<nil>,<nil>,<nil>,<nil>,<nil>,<nil>,<nil>,<nil>,682,<nil>
2948616024,<nil>,<nil>,<nil>,<nil>,<nil>,<nil>,<nil>,<nil>,589,<nil>
1571770188,<nil>,<nil>,<nil>,<nil>,<nil>,<nil>,<nil>,<nil>,314,<nil>
228395008,<nil>,<nil>,<nil>,<nil>,<nil>,<nil>,<nil>,<nil>,45,<nil>
3150663512,<nil>,<nil>,<nil>,<nil>,<nil>,<nil>,<nil>,<nil>,630,<nil>
1703825253,<nil>,<nil>,<nil>,<nil>,<nil>,<nil>,<nil>,<nil>,340,<nil>
296439653,<nil>,<nil>,<nil>,<nil>,<nil>,<nil>,<nil>,<nil>,59,<nil>
489443160,<nil>,<nil>,<nil>,<nil>,<nil>,<nil>,<nil>,<nil>,97,<nil>
427183949,<nil>,<nil>,<nil>,<nil>,<nil>,<nil>,<nil>,<nil>,85,<nil>
3198504792,<nil>,<nil>,<nil>,<nil>,<nil>,<nil>,<nil>,<nil>,639,<nil>
1710313305,<nil>,<nil>,<nil>,<nil>,<nil>,<nil>,<nil>,<nil>,342,<nil>
1518096216,<nil>,<nil>,<nil>,<nil>,<nil>,<nil>,<nil>,<nil>,303,<nil>
3735048025,<nil>,<nil>,<nil>,<nil>,<nil>,<nil>,<nil>,<nil>,747,<nil>
2924367692,<nil>,<nil>,<nil>,<nil>,<nil>,<nil>,<nil>,<nil>,584,<nil>
992890701,<nil>,<nil>,<nil>,<nil>,<nil>,<nil>,<nil>,<nil>,198,<nil>
2662223692,<nil>,<nil>,<nil>,<nil>,<nil>,<nil>,<nil>,<nil>,532,<nil>
1925205849,<nil>,<nil>,<nil>,<nil>,<nil>,<nil>,<nil>,<nil>,385,<nil>
2854244184,<nil>,<nil>,<nil>,<nil>,<nil>,<nil>,<nil>,<nil>,570,<nil>
1689080128,<nil>,<nil>,<nil>,<nil>,<nil>,<nil>,<nil>,<nil>,337,<nil>
4117516108,<nil>,<nil>,<nil>,<nil>,<nil>,<nil>,<nil>,<nil>,823,<nil>
1582106640,<nil>,<nil>,<nil>,<nil>,<nil>,<nil>,<nil>,<nil>,316,<nil>
902909784,<nil>,<nil>,<nil>,<nil>,<nil>,<nil>,<nil>,<nil>,180,<nil>
2142392140,<nil>,<nil>,<nil>,<nil>,<nil>,<nil>,<nil>,<nil>,428,<nil>
539644224,<nil>,<nil>,<nil>,<nil>,<nil>,<nil>,<nil>,<nil>,107,<nil>
4003417932,<nil>,<nil>,<nil>,<nil>,<nil>,<nil>,<nil>,<nil>,800,<nil>
2568310605,<nil>,<nil>,<nil>,<nil>,<nil>,<nil>,<nil>,<nil>,513,<nil>
919162713,<nil>,<nil>,<nil>,<nil>,<nil>,<nil>,<nil>,<nil>,183,<nil>
4174907601,<nil>,<nil>,<nil>,<nil>,<nil>,<nil>,<nil>,<nil>,834,<nil>
714362700,<nil>,<nil>,<nil>,<nil>,<nil>,<nil>,<nil>,<nil>,142,<nil>
3509538648,<nil>,<nil>,<nil>,<nil>,<nil>,<nil>,<nil>,<nil>,701,<nil>
1100631884,<nil>,<nil>,<nil>,<nil>,<nil>,<nil>,<nil>,<nil>,220,<nil>
3969142604,<nil>,<nil>,<nil>,<nil>,<nil>,<nil>,<nil>,<nil>,793,<nil>
2857258852,<nil>,<nil>,<nil>,<nil>,<nil>,<nil>,<nil>,<nil>,571,<nil>
2621132621,<nil>,<nil>,<nil>,<nil>,<nil>,<nil>,<nil>,<nil>,524,<nil>
3166785369,<nil>,<nil>,<nil>,<nil>,<nil>,<nil>,<nil>,<nil>,633,<nil>
1506234201,<nil>,<nil>,<nil>,<nil>,<nil>,<nil>,<nil>,<nil>,301,<nil>
1162170189,<nil>,<nil>,<nil>,<nil>,<nil>,<nil>,<nil>,<nil>,232,<nil>
2111637545,<nil>,<nil>,<nil>,<nil>,<nil>,<nil>,<nil>,<nil>,422,<nil>
497176397,<nil>,<nil>,<nil>,<nil>,<nil>,<nil>,<nil>,<nil>,99,<nil>
3876147033,<nil>,<nil>,<nil>,<nil>,<nil>,<nil>,<nil>,<nil>,775,<nil>
2199670616,<nil>,<nil>,<nil>,<nil>,<nil>,<nil>,<nil>,<nil>,439,<nil>
982142808,<nil>,<nil>,<nil>,<nil>,<nil>,<nil>,<nil>,<nil>,196,<nil>
1387089752,<nil>,<nil>,<nil>,<nil>,<nil>,<nil>,<nil>,<nil>,277,<nil>
3592703821,<nil>,<nil>,<nil>,<nil>,<nil>,<nil>,<nil>,<nil>,718,<nil>
2645839692,<nil>,<nil>,<nil>,<nil>,<nil>,<nil>,<nil>,<nil>,529,<nil>
3904899072,<nil>,<nil>,<nil>,<nil>,<nil>,<nil>,<nil>,<nil>,780,<nil>
1590775653,<nil>,<nil>,<nil>,<nil>,<nil>,<nil>,<nil>,<nil>,318,<nil>
3901443940,<nil>,<nil>,<nil>,<nil>,<nil>,<nil>,<nil>,<nil>,780,<nil>
2680967012,<nil>,<nil>,<nil>,<nil>,<nil>,<nil>,<nil>,<nil>,536,<nil>
194006861,<nil>,<nil>,<nil>,<nil>,<nil>,<nil>,<nil>,<nil>,38,<nil>
2548125529,<nil>,<nil>,<nil>,<nil>,<nil>,<nil>,<nil>,<nil>,509,<nil>
1328303961,<nil>,<nil>,<nil>,<nil>,<nil>,<nil>,<nil>,<nil>,265,<nil>
367873868,<nil>,<nil>,<nil>,<nil>,<nil>,<nil>,<nil>,<nil>,73,<nil>
2728939341,<nil>,<nil>,<nil>,<nil>,<nil>,<nil>,<nil>,<nil>,545,<nil>
1052069708,<nil>,<nil>,<nil>,<nil>,<nil>,<nil>,<nil>,<nil>,210,<nil>
3558952781,<nil>,<nil>,<nil>,<nil>,<nil>,<nil>,<nil>,<nil>,711,<nil>
1755336525,<nil>,<nil>,<nil>,<nil>,<nil>,<nil>,<nil>,<nil>,351,<nil>
4097003341,<nil>,<nil>,<nil>,<nil>,<nil>,<nil>,<nil>,<nil>,819,<nil>
3310505816,<nil>,<nil>,<nil>,<nil>,<nil>,<nil>,<nil>,<nil>,662,<nil>
2117226329,<nil>,<nil>,<nil>,<nil>,<nil>,<nil>,<nil>,<nil>,423,<nil>
646664037,<nil>,<nil>,<nil>,<nil>,<nil>,<nil>,<nil>,<nil>,129,<nil>
3603910976,<nil>,<nil>,<nil>,<nil>,<nil>,<nil>,<nil>,<nil>,720,<nil>
4052045644,<nil>,<nil>,<nil>,<nil>,<nil>,<nil>,<nil>,<nil>,810,<nil>
2558086989,<nil>,<nil>,<nil>,<nil>,<nil>,<nil>,<nil>,<nil>,511,<nil>
1187729240,<nil>,<nil>,<nil>,<nil>,<nil>,<nil>,<nil>,<nil>,237,<nil>
499797848,<nil>,<nil>,<nil>,<nil>,<nil>,<nil>,<nil>,<nil>,99,<nil>
2573619033,<nil>,<nil>,<nil>,<nil>,<nil>,<nil>,<nil>,<nil>,514,<nil>
2465747364,<nil>,<nil>,<nil>,<nil>,<nil>,<nil>,<nil>,<nil>,493,<nil>
2986168152,<nil>,<nil>,<nil>,<nil>,<nil>,<nil>,<nil>,<nil>,597,<nil>
1034833752,<nil>,<nil>,<nil>,<nil>,<nil>,<nil>,<nil>,<nil>,206,<nil>
1804947288,<nil>,<nil>,<nil>,<nil>,<nil>,<nil>,<nil>,<nil>,360,<nil>
3576037388,<nil>,<nil>,<nil>,<nil>,<nil>,<nil>,<nil>,<nil>,715,<nil>
2115719000,<nil>,<nil>,<nil>,<nil>,<nil>,<nil>,<nil>,<nil>,423,<nil>
622350169,<nil>,<nil>,<nil>,<nil>,<nil>,<nil>,<nil>,<nil>,124,<nil>
1578651480,<nil>,<nil>,<nil>,<nil>,<nil>,<nil>,<nil>,<nil>,315,<nil>
3904589644,<nil>,<nil>,<nil>,<nil>,<nil>,<nil>,<nil>,<nil>,780,<nil>
2387824473,<nil>,<nil>,<nil>,<nil>,<nil>,<nil>,<nil>,<nil>,477,<nil>
381964108,<nil>,<nil>,<nil>,<nil>,<nil>,<nil>,<nil>,<nil>,76,<nil>
2319077209,<nil>,<nil>,<nil>,<nil>,<nil>,<nil>,<nil>,<nil>,463,<nil>
2904033296,<nil>,<nil>,<nil>,<nil>,<nil>,<nil>,<nil>,<nil>,580,<nil>
3754970980,<nil>,<nil>,<nil>,<nil>,<nil>,<nil>,<nil>,<nil>,750,<nil>
2176714752,<nil>,<nil>,<nil>,<nil>,<nil>,<nil>,<nil>,<nil>,435,<nil>
44584792,<nil>,<nil>,<nil>,<nil>,<nil>,<nil>,<nil>,<nil>,8,<nil>
2844086105,<nil>,<nil>,<nil>,<nil>,<nil>,<nil>,<nil>,<nil>,568,<nil>
2071809881,<nil>,<nil>,<nil>,<nil>,<nil>,<nil>,<nil>,<nil>,414,<nil>
1413041996,<nil>,<nil>,<nil>,<nil>,<nil>,<nil>,<nil>,<nil>,282,<nil>
4044443468,<nil>,<nil>,<nil>,<nil>,<nil>,<nil>,<nil>,<nil>,808,<nil>
663879725,<nil>,<nil>,<nil>,<nil>,<nil>,<nil>,<nil>,<nil>,132,<nil>
2185449292,<nil>,<nil>,<nil>,<nil>,<nil>,<nil>,<nil>,<nil>,437,<nil>
683364184,<nil>,<nil>,<nil>,<nil>,<nil>,<nil>,<nil>,<nil>,136,<nil>
2459193177,<nil>,<nil>,<nil>,<nil>,<nil>,<nil>,<nil>,<nil>,491,<nil>
236867416,<nil>,<nil>,<nil>,<nil>,<nil>,<nil>,<nil>,<nil>,47,<nil>
2318094168,<nil>,<nil>,<nil>,<nil>,<nil>,<nil>,<nil>,<nil>,463,<nil>
308086993,<nil>,<nil>,<nil>,<nil>,<nil>,<nil>,<nil>,<nil>,61,<nil>
4050276185,<nil>,<nil>,<nil>,<nil>,<nil>,<nil>,<nil>,<nil>,810,<nil>
2480820057,<nil>,<nil>,<nil>,<nil>,<nil>,<nil>,<nil>,<nil>,496,<nil>
656035672,<nil>,<nil>,<nil>,<nil>,<nil>,<nil>,<nil>,<nil>,131,<nil>
4097517416,<nil>,<nil>,<nil>,<nil>,<nil>,<nil>,<nil>,<nil>,819,<nil>
3238940505,<nil>,<nil>,<nil>,<nil>,<nil>,<nil>,<nil>,<nil>,647,<nil>
2732085080,<nil>,<nil>,<nil>,<nil>,<nil>,<nil>,<nil>,<nil>,546,<nil>
3609528336,<nil>,<nil>,<nil>,<nil>,<nil>,<nil>,<nil>,<nil>,721,<nil>
1669924528,<nil>,<nil>,<nil>,<nil>,<nil>,<nil>,<nil>,<nil>,333,<nil>
105467724,<nil>,<nil>,<nil>,<nil>,<nil>,<nil>,<nil>,<nil>,21,<nil>
212356940,<nil>,<nil>,<nil>,<nil>,<nil>,<nil>,<nil>,<nil>,42,<nil>
2292010841,<nil>,<nil>,<nil>,<nil>,<nil>,<nil>,<nil>,<nil>,458,<nil>
1781485388,<nil>,<nil>,<nil>,<nil>,<nil>,<nil>,<nil>,<nil>,356,<nil>
1168330584,<nil>,<nil>,<nil>,<nil>,<nil>,<nil>,<nil>,<nil>,233,<nil>
679104333,<nil>,<nil>,<nil>,<nil>,<nil>,<nil>,<nil>,<nil>,135,<nil>
4013772650,<nil>,<nil>,<nil>,<nil>,<nil>,<nil>,<nil>,<nil>,802,<nil>
241651544,<nil>,<nil>,<nil>,<nil>,<nil>,<nil>,<nil>,<nil>,48,<nil>
3494709248,<nil>,<nil>,<nil>,<nil>,<nil>,<nil>,<nil>,<nil>,698,<nil>
797658969,<nil>,<nil>,<nil>,<nil>,<nil>,<nil>,<nil>,<nil>,159,<nil>
3705098072,<nil>,<nil>,<nil>,<nil>,<nil>,<nil>,<nil>,<nil>,741,<nil>
1921011532,<nil>,<nil>,<nil>,<nil>,<nil>,<nil>,<nil>,<nil>,384,<nil>
4001845081,<nil>,<nil>,<nil>,<nil>,<nil>,<nil>,<nil>,<nil>,800,<nil>
3499315032,<nil>,<nil>,<nil>,<nil>,<nil>,<nil>,<nil>,<nil>,699,<nil>
2937933669,<nil>,<nil>,<nil>,<nil>,<nil>,<nil>,<nil>,<nil>,587,<nil>
2962706264,<nil>,<nil>,<nil>,<nil>,<nil>,<nil>,<nil>,<nil>,592,<nil>
1366576996,<nil>,<nil>,<nil>,<nil>,<nil>,<nil>,<nil>,<nil>,273,<nil>
3815001945,<nil>,<nil>,<nil>,<nil>,<nil>,<nil>,<nil>,<nil>,763,<nil>
745819992,<nil>,<nil>,<nil>,<nil>,<nil>,<nil>,<nil>,<nil>,149,<nil>
2780122956,<nil>,<nil>,<nil>,<nil>,<nil>,<nil>,<nil>,<nil>,556,<nil>
2459258712,<nil>,<nil>,<nil>,<nil>,<nil>,<nil>,<nil>,<nil>,491,<nil>
3950989144,<nil>,<nil>,<nil>,<nil>,<nil>,<nil>,<nil>,<nil>,790,<nil>
1984057164,<nil>,<nil>,<nil>,<nil>,<nil>,<nil>,<nil>,<nil>,396,<nil>
949112665,<nil>,<nil>,<nil>,<nil>,<nil>,<nil>,<nil>,<nil>,189,<nil>
464605017,<nil>,<nil>,<nil>,<nil>,<nil>,<nil>,<nil>,<nil>,92,<nil>
1405112153,<nil>,<nil>,<nil>,<nil>,<nil>,<nil>,<nil>,<nil>,281,<nil>
3860811596,<nil>,<nil>,<nil>,<nil>,<nil>,<nil>,<nil>,<nil>,772,<nil>
2804567896,<nil>,<nil>,<nil>,<nil>,<nil>,<nil>,<nil>,<nil>,560,<nil>
388900708,<nil>,<nil>,<nil>,<nil>,<nil>,<nil>,<nil>,<nil>,77,<nil>
2788183885,<nil>,<nil>,<nil>,<nil>,<nil>,<nil>,<nil>,<nil>,557,<nil>
1847807820,<nil>,<nil>,<nil>,<nil>,<nil>,<nil>,<nil>,<nil>,369,<nil>
218255193,<nil>,<nil>,<nil>,<nil>,<nil>,<nil>,<nil>,<nil>,43,<nil>
1640714073,<nil>,<nil>,<nil>,<nil>,<nil>,<nil>,<nil>,<nil>,328,<nil>
1200705380,<nil>,<nil>,<nil>,<nil>,<nil>,<nil>,<nil>,<nil>,240,<nil>
3906948940,<nil>,<nil>,<nil>,<nil>,<nil>,<nil>,<nil>,<nil>,781,<nil>
3989720920,<nil>,<nil>,<nil>,<nil>,<nil>,<nil>,<nil>,<nil>,797,<nil>
1472876377,<nil>,<nil>,<nil>,<nil>,<nil>,<nil>,<nil>,<nil>,294,<nil>
174542719,<nil>,<nil>,<nil>,<nil>,<nil>,<nil>,<nil>,<nil>,34,<nil>
2902001664,<nil>,<nil>,<nil>,<nil>,<nil>,<nil>,<nil>,<nil>,580,<nil>
3051507545,<nil>,<nil>,<nil>,<nil>,<nil>,<nil>,<nil>,<nil>,610,<nil>
3510239434,<nil>,<nil>,<nil>,<nil>,<nil>,<nil>,<nil>,<nil>,702,<nil>
3461435812,<nil>,<nil>,<nil>,<nil>,<nil>,<nil>,<nil>,<nil>,692,<nil>
1098469209,<nil>,<nil>,<nil>,<nil>,<nil>,<nil>,<nil>,<nil>,219,<nil>
754732877,<nil>,<nil>,<nil>,<nil>,<nil>,<nil>,<nil>,<nil>,150,<nil>
1032998757,<nil>,<nil>,<nil>,<nil>,<nil>,<nil>,<nil>,<nil>,206,<nil>
3366670180,<nil>,<nil>,<nil>,<nil>,<nil>,<nil>,<nil>,<nil>,673,<nil>
2369539916,<nil>,<nil>,<nil>,<nil>,<nil>,<nil>,<nil>,<nil>,473,<nil>
247728347,<nil>,<nil>,<nil>,<nil>,<nil>,<nil>,<nil>,<nil>,49,<nil>
3787673445,<nil>,<nil>,<nil>,<nil>,<nil>,<nil>,<nil>,<nil>,757,<nil>
3969732429,<nil>,<nil>,<nil>,<nil>,<nil>,<nil>,<nil>,<nil>,793,<nil>
2018070349,<nil>,<nil>,<nil>,<nil>,<nil>,<nil>,<nil>,<nil>,403,<nil>
1634554176,<nil>,<nil>,<nil>,<nil>,<nil>,<nil>,<nil>,<nil>,326,<nil>
3978383192,<nil>,<nil>,<nil>,<nil>,<nil>,<nil>,<nil>,<nil>,795,<nil>
1901940569,<nil>,<nil>,<nil>,<nil>,<nil>,<nil>,<nil>,<nil>,380,<nil>
138005984,<nil>,<nil>,<nil>,<nil>,<nil>,<nil>,<nil>,<nil>,27,<nil>
1959022424,<nil>,<nil>,<nil>,<nil>,<nil>,<nil>,<nil>,<nil>,391,<nil>
4161949517,<nil>,<nil>,<nil>,<nil>,<nil>,<nil>,<nil>,<nil>,832,<nil>
3550367577,<nil>,<nil>,<nil>,<nil>,<nil>,<nil>,<nil>,<nil>,710,<nil>
1780764492,<nil>,<nil>,<nil>,<nil>,<nil>,<nil>,<nil>,<nil>,356,<nil>
4120989516,<nil>,<nil>,<nil>,<nil>,<nil>,<nil>,<nil>,<nil>,824,<nil>
2774421325,<nil>,<nil>,<nil>,<nil>,<nil>,<nil>,<nil>,<nil>,554,<nil>
4197928781,<nil>,<nil>,<nil>,<nil>,<nil>,<nil>,<nil>,<nil>,839,<nil>
2550353753,<nil>,<nil>,<nil>,<nil>,<nil>,<nil>,<nil>,<nil>,510,<nil>
2327596876,<nil>,<nil>,<nil>,<nil>,<nil>,<nil>,<nil>,<nil>,465,<nil>
2272153433,<nil>,<nil>,<nil>,<nil>,<nil>,<nil>,<nil>,<nil>,454,<nil>
22695769,<nil>,<nil>,<nil>,<nil>,<nil>,<nil>,<nil>,<nil>,4,<nil>
3530837837,<nil>,<nil>,<nil>,<nil>,<nil>,<nil>,<nil>,<nil>,706,<nil>
2676182861,<nil>,<nil>,<nil>,<nil>,<nil>,<nil>,<nil>,<nil>,535,<nil>
732647257,<nil>,<nil>,<nil>,<nil>,<nil>,<nil>,<nil>,<nil>,146,<nil>
3928117068,<nil>,<nil>,<nil>,<nil>,<nil>,<nil>,<nil>,<nil>,785,<nil>
3314896729,<nil>,<nil>,<nil>,<nil>,<nil>,<nil>,<nil>,<nil>,662,<nil>
2514374488,<nil>,<nil>,<nil>,<nil>,<nil>,<nil>,<nil>,<nil>,502,<nil>
1414025049,<nil>,<nil>,<nil>,<nil>,<nil>,<nil>,<nil>,<nil>,282,<nil>
4092350309,<nil>,<nil>,<nil>,<nil>,<nil>,<nil>,<nil>,<nil>,818,<nil>
2877509477,<nil>,<nil>,<nil>,<nil>,<nil>,<nil>,<nil>,<nil>,575,<nil>
2897432408,<nil>,<nil>,<nil>,<nil>,<nil>,<nil>,<nil>,<nil>,579,<nil>
1120030565,<nil>,<nil>,<nil>,<nil>,<nil>,<nil>,<nil>,<nil>,224,<nil>
4042262624,<nil>,<nil>,<nil>,<nil>,<nil>,<nil>,<nil>,<nil>,808,<nil>
2664761344,<nil>,<nil>,<nil>,<nil>,<nil>,<nil>,<nil>,<nil>,532,<nil>
1703563085,<nil>,<nil>,<nil>,<nil>,<nil>,<nil>,<nil>,<nil>,340,<nil>
2882162508,<nil>,<nil>,<nil>,<nil>,<nil>,<nil>,<nil>,<nil>,576,<nil>
1811697484,<nil>,<nil>,<nil>,<nil>,<nil>,<nil>,<nil>,<nil>,362,<nil>
616320868,<nil>,<nil>,<nil>,<nil>,<nil>,<nil>,<nil>,<nil>,123,<nil>
3321253708,<nil>,<nil>,<nil>,<nil>,<nil>,<nil>,<nil>,<nil>,664,<nil>
1243172685,<nil>,<nil>,<nil>,<nil>,<nil>,<nil>,<nil>,<nil>,248,<nil>
321212237,<nil>,<nil>,<nil>,<nil>,<nil>,<nil>,<nil>,<nil>,64,<nil>
2818330457,<nil>,<nil>,<nil>,<nil>,<nil>,<nil>,<nil>,<nil>,563,<nil>
1120816985,<nil>,<nil>,<nil>,<nil>,<nil>,<nil>,<nil>,<nil>,224,<nil>
3799273317,<nil>,<nil>,<nil>,<nil>,<nil>,<nil>,<nil>,<nil>,759,<nil>
2747271304,<nil>,<nil>,<nil>,<nil>,<nil>,<nil>,<nil>,<nil>,549,<nil>
2054311769,<nil>,<nil>,<nil>,<nil>,<nil>,<nil>,<nil>,<nil>,410,<nil>
3271577444,<nil>,<nil>,<nil>,<nil>,<nil>,<nil>,<nil>,<nil>,654,<nil>
2710654808,<nil>,<nil>,<nil>,<nil>,<nil>,<nil>,<nil>,<nil>,542,<nil>
3100135257,<nil>,<nil>,<nil>,<nil>,<nil>,<nil>,<nil>,<nil>,620,<nil>
1281773389,<nil>,<nil>,<nil>,<nil>,<nil>,<nil>,<nil>,<nil>,256,<nil>
3934605145,<nil>,<nil>,<nil>,<nil>,<nil>,<nil>,<nil>,<nil>,786,<nil>
1968983885,<nil>,<nil>,<nil>,<nil>,<nil>,<nil>,<nil>,<nil>,393,<nil>
3727445836,<nil>,<nil>,<nil>,<nil>,<nil>,<nil>,<nil>,<nil>,745,<nil>
2145996645,<nil>,<nil>,<nil>,<nil>,<nil>,<nil>,<nil>,<nil>,429,<nil>
1318342477,<nil>,<nil>,<nil>,<nil>,<nil>,<nil>,<nil>,<nil>,263,<nil>
19222348,<nil>,<nil>,<nil>,<nil>,<nil>,<nil>,<nil>,<nil>,3,<nil>
2053394282,<nil>,<nil>,<nil>,<nil>,<nil>,<nil>,<nil>,<nil>,410,<nil>
2540897966,<nil>,<nil>,<nil>,<nil>,<nil>,<nil>,<nil>,<nil>,508,<nil>
606621706,<nil>,<nil>,<nil>,<nil>,<nil>,<nil>,<nil>,<nil>,121,<nil>
2333298521,<nil>,<nil>,<nil>,<nil>,<nil>,<nil>,<nil>,<nil>,466,<nil>
1694715725,<nil>,<nil>,<nil>,<nil>,<nil>,<nil>,<nil>,<nil>,338,<nil>
1451558952,<nil>,<nil>,<nil>,<nil>,<nil>,<nil>,<nil>,<nil>,290,<nil>
4003680077,<nil>,<nil>,<nil>,<nil>,<nil>,<nil>,<nil>,<nil>,800,<nil>
3223539533,<nil>,<nil>,<nil>,<nil>,<nil>,<nil>,<nil>,<nil>,644,<nil>
539756704,<nil>,<nil>,<nil>,<nil>,<nil>,<nil>,<nil>,<nil>,107,<nil>
2971357016,<nil>,<nil>,<nil>,<nil>,<nil>,<nil>,<nil>,<nil>,594,<nil>
738611021,<nil>,<nil>,<nil>,<nil>,<nil>,<nil>,<nil>,<nil>,147,<nil>
3940241228,<nil>,<nil>,<nil>,<nil>,<nil>,<nil>,<nil>,<nil>,788,<nil>
570249049,<nil>,<nil>,<nil>,<nil>,<nil>,<nil>,<nil>,<nil>,114,<nil>
3188543320,<nil>,<nil>,<nil>,<nil>,<nil>,<nil>,<nil>,<nil>,637,<nil>
1900808400,<nil>,<nil>,<nil>,<nil>,<nil>,<nil>,<nil>,<nil>,380,<nil>
71061336,<nil>,<nil>,<nil>,<nil>,<nil>,<nil>,<nil>,<nil>,14,<nil>
2842054476,<nil>,<nil>,<nil>,<nil>,<nil>,<nil>,<nil>,<nil>,568,<nil>
1477070668,<nil>,<nil>,<nil>,<nil>,<nil>,<nil>,<nil>,<nil>,295,<nil>
789663564,<nil>,<nil>,<nil>,<nil>,<nil>,<nil>,<nil>,<nil>,157,<nil>
2857783117,<nil>,<nil>,<nil>,<nil>,<nil>,<nil>,<nil>,<nil>,571,<nil>
2423785632,<nil>,<nil>,<nil>,<nil>,<nil>,<nil>,<nil>,<nil>,484,<nil>
1515605861,<nil>,<nil>,<nil>,<nil>,<nil>,<nil>,<nil>,<nil>,303,<nil>
2239713112,<nil>,<nil>,<nil>,<nil>,<nil>,<nil>,<nil>,<nil>,447,<nil>
1675186020,<nil>,<nil>,<nil>,<nil>,<nil>,<nil>,<nil>,<nil>,335,<nil>
184766296,<nil>,<nil>,<nil>,<nil>,<nil>,<nil>,<nil>,<nil>,36,<nil>
2665500492,<nil>,<nil>,<nil>,<nil>,<nil>,<nil>,<nil>,<nil>,533,<nil>
711216972,<nil>,<nil>,<nil>,<nil>,<nil>,<nil>,<nil>,<nil>,142,<nil>
2632929101,<nil>,<nil>,<nil>,<nil>,<nil>,<nil>,<nil>,<nil>,526,<nil>
1255886680,<nil>,<nil>,<nil>,<nil>,<nil>,<nil>,<nil>,<nil>,251,<nil>
4171714380,<nil>,<nil>,<nil>,<nil>,<nil>,<nil>,<nil>,<nil>,834,<nil>
2379763544,<nil>,<nil>,<nil>,<nil>,<nil>,<nil>,<nil>,<nil>,475,<nil>
802030569,<nil>,<nil>,<nil>,<nil>,<nil>,<nil>,<nil>,<nil>,160,<nil>
2711441252,<nil>,<nil>,<nil>,<nil>,<nil>,<nil>,<nil>,<nil>,542,<nil>
1168582503,<nil>,<nil>,<nil>,<nil>,<nil>,<nil>,<nil>,<nil>,233,<nil>
3738783576,<nil>,<nil>,<nil>,<nil>,<nil>,<nil>,<nil>,<nil>,747,<nil>
1804881753,<nil>,<nil>,<nil>,<nil>,<nil>,<nil>,<nil>,<nil>,360,<nil>
729173837,<nil>,<nil>,<nil>,<nil>,<nil>,<nil>,<nil>,<nil>,145,<nil>
3375320921,<nil>,<nil>,<nil>,<nil>,<nil>,<nil>,<nil>,<nil>,675,<nil>
1264144205,<nil>,<nil>,<nil>,<nil>,<nil>,<nil>,<nil>,<nil>,252,<nil>
929910605,<nil>,<nil>,<nil>,<nil>,<nil>,<nil>,<nil>,<nil>,185,<nil>
3619639141,<nil>,<nil>,<nil>,<nil>,<nil>,<nil>,<nil>,<nil>,723,<nil>
2039172952,<nil>,<nil>,<nil>,<nil>,<nil>,<nil>,<nil>,<nil>,407,<nil>
4099624781,<nil>,<nil>,<nil>,<nil>,<nil>,<nil>,<nil>,<nil>,819,<nil>
2855534673,<nil>,<nil>,<nil>,<nil>,<nil>,<nil>,<nil>,<nil>,571,<nil>
602296152,<nil>,<nil>,<nil>,<nil>,<nil>,<nil>,<nil>,<nil>,120,<nil>
2955366221,<nil>,<nil>,<nil>,<nil>,<nil>,<nil>,<nil>,<nil>,591,<nil>
1381125964,<nil>,<nil>,<nil>,<nil>,<nil>,<nil>,<nil>,<nil>,276,<nil>
1701078116,<nil>,<nil>,<nil>,<nil>,<nil>,<nil>,<nil>,<nil>,340,<nil>
2064535372,<nil>,<nil>,<nil>,<nil>,<nil>,<nil>,<nil>,<nil>,412,<nil>
2468433740,<nil>,<nil>,<nil>,<nil>,<nil>,<nil>,<nil>,<nil>,493,<nil>
952454988,<nil>,<nil>,<nil>,<nil>,<nil>,<nil>,<nil>,<nil>,190,<nil>
3775793152,<nil>,<nil>,<nil>,<nil>,<nil>,<nil>,<nil>,<nil>,755,<nil>
1444022481,<nil>,<nil>,<nil>,<nil>,<nil>,<nil>,<nil>,<nil>,288,<nil>
4186245136,<nil>,<nil>,<nil>,<nil>,<nil>,<nil>,<nil>,<nil>,837,<nil>
2182631256,<nil>,<nil>,<nil>,<nil>,<nil>,<nil>,<nil>,<nil>,436,<nil>
507203404,<nil>,<nil>,<nil>,<nil>,<nil>,<nil>,<nil>,<nil>,101,<nil>
2722189133,<nil>,<nil>,<nil>,<nil>,<nil>,<nil>,<nil>,<nil>,544,<nil>
1641677800,<nil>,<nil>,<nil>,<nil>,<nil>,<nil>,<nil>,<nil>,328,<nil>
3691204440,<nil>,<nil>,<nil>,<nil>,<nil>,<nil>,<nil>,<nil>,738,<nil>
2203930457,<nil>,<nil>,<nil>,<nil>,<nil>,<nil>,<nil>,<nil>,440,<nil>
2308067161,<nil>,<nil>,<nil>,<nil>,<nil>,<nil>,<nil>,<nil>,461,<nil>
1685540697,<nil>,<nil>,<nil>,<nil>,<nil>,<nil>,<nil>,<nil>,337,<nil>
4161425229,<nil>,<nil>,<nil>,<nil>,<nil>,<nil>,<nil>,<nil>,832,<nil>
4262154073,<nil>,<nil>,<nil>,<nil>,<nil>,<nil>,<nil>,<nil>,852,<nil>
2648002404,<nil>,<nil>,<nil>,<nil>,<nil>,<nil>,<nil>,<nil>,529,<nil>
1825394521,<nil>,<nil>,<nil>,<nil>,<nil>,<nil>,<nil>,<nil>,365,<nil>
1792692057,<nil>,<nil>,<nil>,<nil>,<nil>,<nil>,<nil>,<nil>,358,<nil>
1864912716,<nil>,<nil>,<nil>,<nil>,<nil>,<nil>,<nil>,<nil>,372,<nil>
2991279948,<nil>,<nil>,<nil>,<nil>,<nil>,<nil>,<nil>,<nil>,598,<nil>
1035685708,<nil>,<nil>,<nil>,<nil>,<nil>,<nil>,<nil>,<nil>,207,<nil>
4122234712,<nil>,<nil>,<nil>,<nil>,<nil>,<nil>,<nil>,<nil>,824,<nil>
1559056216,<nil>,<nil>,<nil>,<nil>,<nil>,<nil>,<nil>,<nil>,311,<nil>
4101853005,<nil>,<nil>,<nil>,<nil>,<nil>,<nil>,<nil>,<nil>,820,<nil>
2697875277,<nil>,<nil>,<nil>,<nil>,<nil>,<nil>,<nil>,<nil>,539,<nil>
1046171481,<nil>,<nil>,<nil>,<nil>,<nil>,<nil>,<nil>,<nil>,209,<nil>
909463396,<nil>,<nil>,<nil>,<nil>,<nil>,<nil>,<nil>,<nil>,181,<nil>
1561022297,<nil>,<nil>,<nil>,<nil>,<nil>,<nil>,<nil>,<nil>,312,<nil>
165171020,<nil>,<nil>,<nil>,<nil>,<nil>,<nil>,<nil>,<nil>,33,<nil>
3261540212,<nil>,<nil>,<nil>,<nil>,<nil>,<nil>,<nil>,<nil>,652,<nil>
2066829157,<nil>,<nil>,<nil>,<nil>,<nil>,<nil>,<nil>,<nil>,413,<nil>
622677836,<nil>,<nil>,<nil>,<nil>,<nil>,<nil>,<nil>,<nil>,124,<nil>
3406843724,<nil>,<nil>,<nil>,<nil>,<nil>,<nil>,<nil>,<nil>,681,<nil>
3527298905,<nil>,<nil>,<nil>,<nil>,<nil>,<nil>,<nil>,<nil>,705,<nil>
1995198296,<nil>,<nil>,<nil>,<nil>,<nil>,<nil>,<nil>,<nil>,399,<nil>
4055256909,<nil>,<nil>,<nil>,<nil>,<nil>,<nil>,<nil>,<nil>,811,<nil>
3919728500,<nil>,<nil>,<nil>,<nil>,<nil>,<nil>,<nil>,<nil>,783,<nil>
4196618061,<nil>,<nil>,<nil>,<nil>,<nil>,<nil>,<nil>,<nil>,839,<nil>
2304790373,<nil>,<nil>,<nil>,<nil>,<nil>,<nil>,<nil>,<nil>,460,<nil>
2044003305,<nil>,<nil>,<nil>,<nil>,<nil>,<nil>,<nil>,<nil>,408,<nil>
3088976080,<nil>,<nil>,<nil>,<nil>,<nil>,<nil>,<nil>,<nil>,617,<nil>
1121144676,<nil>,<nil>,<nil>,<nil>,<nil>,<nil>,<nil>,<nil>,224,<nil>
794165354,<nil>,<nil>,<nil>,<nil>,<nil>,<nil>,<nil>,<nil>,158,<nil>
699140315,<nil>,<nil>,<nil>,<nil>,<nil>,<nil>,<nil>,<nil>,139,<nil>
2681274474,<nil>,<nil>,<nil>,<nil>,<nil>,<nil>,<nil>,<nil>,536,<nil>
920014680,<nil>,<nil>,<nil>,<nil>,<nil>,<nil>,<nil>,<nil>,184,<nil>
3703525208,<nil>,<nil>,<nil>,<nil>,<nil>,<nil>,<nil>,<nil>,740,<nil>
2307608396,<nil>,<nil>,<nil>,<nil>,<nil>,<nil>,<nil>,<nil>,461,<nil>
4241248089,<nil>,<nil>,<nil>,<nil>,<nil>,<nil>,<nil>,<nil>,848,<nil>
3000717144,<nil>,<nil>,<nil>,<nil>,<nil>,<nil>,<nil>,<nil>,600,<nil>
3250147149,<nil>,<nil>,<nil>,<nil>,<nil>,<nil>,<nil>,<nil>,650,<nil>
1055412084,<nil>,<nil>,<nil>,<nil>,<nil>,<nil>,<nil>,<nil>,211,<nil>
3649982297,<nil>,<nil>,<nil>,<nil>,<nil>,<nil>,<nil>,<nil>,729,<nil>
2259308376,<nil>,<nil>,<nil>,<nil>,<nil>,<nil>,<nil>,<nil>,451,<nil>
1642811213,<nil>,<nil>,<nil>,<nil>,<nil>,<nil>,<nil>,<nil>,328,<nil>
398282584,<nil>,<nil>,<nil>,<nil>,<nil>,<nil>,<nil>,<nil>,79,<nil>
3191492429,<nil>,<nil>,<nil>,<nil>,<nil>,<nil>,<nil>,<nil>,638,<nil>
953044825,<nil>,<nil>,<nil>,<nil>,<nil>,<nil>,<nil>,<nil>,190,<nil>
1468550988,<nil>,<nil>,<nil>,<nil>,<nil>,<nil>,<nil>,<nil>,293,<nil>
416942176,<nil>,<nil>,<nil>,<nil>,<nil>,<nil>,<nil>,<nil>,83,<nil>
3459075929,<nil>,<nil>,<nil>,<nil>,<nil>,<nil>,<nil>,<nil>,691,<nil>
828395341,<nil>,<nil>,<nil>,<nil>,<nil>,<nil>,<nil>,<nil>,165,<nil>
3599322968,<nil>,<nil>,<nil>,<nil>,<nil>,<nil>,<nil>,<nil>,719,<nil>
1361989453,<nil>,<nil>,<nil>,<nil>,<nil>,<nil>,<nil>,<nil>,272,<nil>
1483165529,<nil>,<nil>,<nil>,<nil>,<nil>,<nil>,<nil>,<nil>,296,<nil>
4087893877,<nil>,<nil>,<nil>,<nil>,<nil>,<nil>,<nil>,<nil>,817,<nil>
3552989005,<nil>,<nil>,<nil>,<nil>,<nil>,<nil>,<nil>,<nil>,710,<nil>
4285747044,<nil>,<nil>,<nil>,<nil>,<nil>,<nil>,<nil>,<nil>,857,<nil>
2550878028,<nil>,<nil>,<nil>,<nil>,<nil>,<nil>,<nil>,<nil>,510,<nil>
1038438220,<nil>,<nil>,<nil>,<nil>,<nil>,<nil>,<nil>,<nil>,207,<nil>
4000730969,<nil>,<nil>,<nil>,<nil>,<nil>,<nil>,<nil>,<nil>,800,<nil>
3525201741,<nil>,<nil>,<nil>,<nil>,<nil>,<nil>,<nil>,<nil>,705,<nil>
487411545,<nil>,<nil>,<nil>,<nil>,<nil>,<nil>,<nil>,<nil>,97,<nil>
3092991820,<nil>,<nil>,<nil>,<nil>,<nil>,<nil>,<nil>,<nil>,618,<nil>
1506955097,<nil>,<nil>,<nil>,<nil>,<nil>,<nil>,<nil>,<nil>,301,<nil>
4225370153,<nil>,<nil>,<nil>,<nil>,<nil>,<nil>,<nil>,<nil>,845,<nil>
2456768344,<nil>,<nil>,<nil>,<nil>,<nil>,<nil>,<nil>,<nil>,491,<nil>
3951316813,<nil>,<nil>,<nil>,<nil>,<nil>,<nil>,<nil>,<nil>,790,<nil>
1385255232,<nil>,<nil>,<nil>,<nil>,<nil>,<nil>,<nil>,<nil>,277,<nil>
3209842521,<nil>,<nil>,<nil>,<nil>,<nil>,<nil>,<nil>,<nil>,641,<nil>
1888571236,<nil>,<nil>,<nil>,<nil>,<nil>,<nil>,<nil>,<nil>,377,<nil>
14700376,<nil>,<nil>,<nil>,<nil>,<nil>,<nil>,<nil>,<nil>,2,<nil>
2524598105,<nil>,<nil>,<nil>,<nil>,<nil>,<nil>,<nil>,<nil>,504,<nil>
1309167449,<nil>,<nil>,<nil>,<nil>,<nil>,<nil>,<nil>,<nil>,261,<nil>
4095692633,<nil>,<nil>,<nil>,<nil>,<nil>,<nil>,<nil>,<nil>,819,<nil>
2616330256,<nil>,<nil>,<nil>,<nil>,<nil>,<nil>,<nil>,<nil>,523,<nil>
1917472588,<nil>,<nil>,<nil>,<nil>,<nil>,<nil>,<nil>,<nil>,383,<nil>
1232424830,<nil>,<nil>,<nil>,<nil>,<nil>,<nil>,<nil>,<nil>,246,<nil>
3778170700,<nil>,<nil>,<nil>,<nil>,<nil>,<nil>,<nil>,<nil>,755,<nil>
2562281292,<nil>,<nil>,<nil>,<nil>,<nil>,<nil>,<nil>,<nil>,512,<nil>
3138998104,<nil>,<nil>,<nil>,<nil>,<nil>,<nil>,<nil>,<nil>,627,<nil>
1631670105,<nil>,<nil>,<nil>,<nil>,<nil>,<nil>,<nil>,<nil>,326,<nil>
700600141,<nil>,<nil>,<nil>,<nil>,<nil>,<nil>,<nil>,<nil>,140,<nil>
4069001216,<nil>,<nil>,<nil>,<nil>,<nil>,<nil>,<nil>,<nil>,813,<nil>
2161725260,<nil>,<nil>,<nil>,<nil>,<nil>,<nil>,<nil>,<nil>,432,<nil>
528437069,<nil>,<nil>,<nil>,<nil>,<nil>,<nil>,<nil>,<nil>,105,<nil>
4013510477,<nil>,<nil>,<nil>,<nil>,<nil>,<nil>,<nil>,<nil>,802,<nil>
3699507245,<nil>,<nil>,<nil>,<nil>,<nil>,<nil>,<nil>,<nil>,739,<nil>
1673005152,<nil>,<nil>,<nil>,<nil>,<nil>,<nil>,<nil>,<nil>,334,<nil>
739462988,<nil>,<nil>,<nil>,<nil>,<nil>,<nil>,<nil>,<nil>,147,<nil>
4138159949,<nil>,<nil>,<nil>,<nil>,<nil>,<nil>,<nil>,<nil>,827,<nil>
3883618136,<nil>,<nil>,<nil>,<nil>,<nil>,<nil>,<nil>,<nil>,776,<nil>
2511210496,<nil>,<nil>,<nil>,<nil>,<nil>,<nil>,<nil>,<nil>,502,<nil>
516818606,<nil>,<nil>,<nil>,<nil>,<nil>,<nil>,<nil>,<nil>,103,<nil>
3049607178,<nil>,<nil>,<nil>,<nil>,<nil>,<nil>,<nil>,<nil>,609,<nil>
1394691928,<nil>,<nil>,<nil>,<nil>,<nil>,<nil>,<nil>,<nil>,278,<nil>
4232728409,<nil>,<nil>,<nil>,<nil>,<nil>,<nil>,<nil>,<nil>,846,<nil>
3018215257,<nil>,<nil>,<nil>,<nil>,<nil>,<nil>,<nil>,<nil>,603,<nil>
3525791576,<nil>,<nil>,<nil>,<nil>,<nil>,<nil>,<nil>,<nil>,705,<nil>
1288195917,<nil>,<nil>,<nil>,<nil>,<nil>,<nil>,<nil>,<nil>,257,<nil>
783288320,<nil>,<nil>,<nil>,<nil>,<nil>,<nil>,<nil>,<nil>,156,<nil>
3032360810,<nil>,<nil>,<nil>,<nil>,<nil>,<nil>,<nil>,<nil>,606,<nil>
2021216076,<nil>,<nil>,<nil>,<nil>,<nil>,<nil>,<nil>,<nil>,404,<nil>
1270304589,<nil>,<nil>,<nil>,<nil>,<nil>,<nil>,<nil>,<nil>,254,<nil>
3474935641,<nil>,<nil>,<nil>,<nil>,<nil>,<nil>,<nil>,<nil>,694,<nil>
2967228248,<nil>,<nil>,<nil>,<nil>,<nil>,<nil>,<nil>,<nil>,593,<nil>
597708633,<nil>,<nil>,<nil>,<nil>,<nil>,<nil>,<nil>,<nil>,119,<nil>
3950512144,<nil>,<nil>,<nil>,<nil>,<nil>,<nil>,<nil>,<nil>,790,<nil>
2035484768,<nil>,<nil>,<nil>,<nil>,<nil>,<nil>,<nil>,<nil>,407,<nil>
786648909,<nil>,<nil>,<nil>,<nil>,<nil>,<nil>,<nil>,<nil>,157,<nil>
3273215821,<nil>,<nil>,<nil>,<nil>,<nil>,<nil>,<nil>,<nil>,654,<nil>
1752059736,<nil>,<nil>,<nil>,<nil>,<nil>,<nil>,<nil>,<nil>,350,<nil>
1670121135,<nil>,<nil>,<nil>,<nil>,<nil>,<nil>,<nil>,<nil>,334,<nil>
4174446703,<nil>,<nil>,<nil>,<nil>,<nil>,<nil>,<nil>,<nil>,834,<nil>
1972111456,<nil>,<nil>,<nil>,<nil>,<nil>,<nil>,<nil>,<nil>,394,<nil>
533790820,<nil>,<nil>,<nil>,<nil>,<nil>,<nil>,<nil>,<nil>,106,<nil>
3192409932,<nil>,<nil>,<nil>,<nil>,<nil>,<nil>,<nil>,<nil>,638,<nil>
1415270233,<nil>,<nil>,<nil>,<nil>,<nil>,<nil>,<nil>,<nil>,283,<nil>
3804516197,<nil>,<nil>,<nil>,<nil>,<nil>,<nil>,<nil>,<nil>,760,<nil>
1943752525,<nil>,<nil>,<nil>,<nil>,<nil>,<nil>,<nil>,<nil>,388,<nil>
136925005,<nil>,<nil>,<nil>,<nil>,<nil>,<nil>,<nil>,<nil>,27,<nil>
2130530136,<nil>,<nil>,<nil>,<nil>,<nil>,<nil>,<nil>,<nil>,426,<nil>
190861133,<nil>,<nil>,<nil>,<nil>,<nil>,<nil>,<nil>,<nil>,38,<nil>
3991097176,<nil>,<nil>,<nil>,<nil>,<nil>,<nil>,<nil>,<nil>,798,<nil>
1768116057,<nil>,<nil>,<nil>,<nil>,<nil>,<nil>,<nil>,<nil>,353,<nil>
3827435656,<nil>,<nil>,<nil>,<nil>,<nil>,<nil>,<nil>,<nil>,765,<nil>
3692187480,<nil>,<nil>,<nil>,<nil>,<nil>,<nil>,<nil>,<nil>,738,<nil>
1369395032,<nil>,<nil>,<nil>,<nil>,<nil>,<nil>,<nil>,<nil>,273,<nil>
4073213796,<nil>,<nil>,<nil>,<nil>,<nil>,<nil>,<nil>,<nil>,814,<nil>
2336116556,<nil>,<nil>,<nil>,<nil>,<nil>,<nil>,<nil>,<nil>,467,<nil>
3043708760,<nil>,<nil>,<nil>,<nil>,<nil>,<nil>,<nil>,<nil>,608,<nil>
817319769,<nil>,<nil>,<nil>,<nil>,<nil>,<nil>,<nil>,<nil>,163,<nil>
4041803995,<nil>,<nil>,<nil>,<nil>,<nil>,<nil>,<nil>,<nil>,808,<nil>
2670612301,<nil>,<nil>,<nil>,<nil>,<nil>,<nil>,<nil>,<nil>,534,<nil>
2920894297,<nil>,<nil>,<nil>,<nil>,<nil>,<nil>,<nil>,<nil>,584,<nil>
1826246488,<nil>,<nil>,<nil>,<nil>,<nil>,<nil>,<nil>,<nil>,365,<nil>
893472588,<nil>,<nil>,<nil>,<nil>,<nil>,<nil>,<nil>,<nil>,178,<nil>
221728601,<nil>,<nil>,<nil>,<nil>,<nil>,<nil>,<nil>,<nil>,44,<nil>
2698399565,<nil>,<nil>,<nil>,<nil>,<nil>,<nil>,<nil>,<nil>,539,<nil>
1457475404,<nil>,<nil>,<nil>,<nil>,<nil>,<nil>,<nil>,<nil>,291,<nil>
4085731160,<nil>,<nil>,<nil>,<nil>,<nil>,<nil>,<nil>,<nil>,817,<nil>
2156941145,<nil>,<nil>,<nil>,<nil>,<nil>,<nil>,<nil>,<nil>,431,<nil>
1515212621,<nil>,<nil>,<nil>,<nil>,<nil>,<nil>,<nil>,<nil>,303,<nil>
741625677,<nil>,<nil>,<nil>,<nil>,<nil>,<nil>,<nil>,<nil>,148,<nil>
2798210905,<nil>,<nil>,<nil>,<nil>,<nil>,<nil>,<nil>,<nil>,559,<nil>
2314555225,<nil>,<nil>,<nil>,<nil>,<nil>,<nil>,<nil>,<nil>,462,<nil>
506464416,<nil>,<nil>,<nil>,<nil>,<nil>,<nil>,<nil>,<nil>,101,<nil>
2686603097,<nil>,<nil>,<nil>,<nil>,<nil>,<nil>,<nil>,<nil>,537,<nil>
1911574348,<nil>,<nil>,<nil>,<nil>,<nil>,<nil>,<nil>,<nil>,382,<nil>
2054901593,<nil>,<nil>,<nil>,<nil>,<nil>,<nil>,<nil>,<nil>,410,<nil>
361582412,<nil>,<nil>,<nil>,<nil>,<nil>,<nil>,<nil>,<nil>,72,<nil>
4029239116,<nil>,<nil>,<nil>,<nil>,<nil>,<nil>,<nil>,<nil>,805,<nil>
1804291917,<nil>,<nil>,<nil>,<nil>,<nil>,<nil>,<nil>,<nil>,360,<nil>
1539264332,<nil>,<nil>,<nil>,<nil>,<nil>,<nil>,<nil>,<nil>,307,<nil>
4285269679,<nil>,<nil>,<nil>,<nil>,<nil>,<nil>,<nil>,<nil>,857,<nil>
2698727257,<nil>,<nil>,<nil>,<nil>,<nil>,<nil>,<nil>,<nil>,539,<nil>
1356091213,<nil>,<nil>,<nil>,<nil>,<nil>,<nil>,<nil>,<nil>,271,<nil>
3514388301,<nil>,<nil>,<nil>,<nil>,<nil>,<nil>,<nil>,<nil>,702,<nil>
1909280612,<nil>,<nil>,<nil>,<nil>,<nil>,<nil>,<nil>,<nil>,381,<nil>
1680999400,<nil>,<nil>,<nil>,<nil>,<nil>,<nil>,<nil>,<nil>,336,<nil>
2214612813,<nil>,<nil>,<nil>,<nil>,<nil>,<nil>,<nil>,<nil>,442,<nil>
975916876,<nil>,<nil>,<nil>,<nil>,<nil>,<nil>,<nil>,<nil>,195,<nil>
3638316877,<nil>,<nil>,<nil>,<nil>,<nil>,<nil>,<nil>,<nil>,727,<nil>
1503285081,<nil>,<nil>,<nil>,<nil>,<nil>,<nil>,<nil>,<nil>,300,<nil>
1308970840,<nil>,<nil>,<nil>,<nil>,<nil>,<nil>,<nil>,<nil>,261,<nil>
4194520909,<nil>,<nil>,<nil>,<nil>,<nil>,<nil>,<nil>,<nil>,838,<nil>
3186380644,<nil>,<nil>,<nil>,<nil>,<nil>,<nil>,<nil>,<nil>,637,<nil>
275009356,<nil>,<nil>,<nil>,<nil>,<nil>,<nil>,<nil>,<nil>,55,<nil>
3377549133,<nil>,<nil>,<nil>,<nil>,<nil>,<nil>,<nil>,<nil>,675,<nil>
742149964,<nil>,<nil>,<nil>,<nil>,<nil>,<nil>,<nil>,<nil>,148,<nil>
3909615818,<nil>,<nil>,<nil>,<nil>,<nil>,<nil>,<nil>,<nil>,781,<nil>
2713342372,<nil>,<nil>,<nil>,<nil>,<nil>,<nil>,<nil>,<nil>,542,<nil>
277040973,<nil>,<nil>,<nil>,<nil>,<nil>,<nil>,<nil>,<nil>,55,<nil>
2235387748,<nil>,<nil>,<nil>,<nil>,<nil>,<nil>,<nil>,<nil>,447,<nil>
2237794523,<nil>,<nil>,<nil>,<nil>,<nil>,<nil>,<nil>,<nil>,447,<nil>
4119529681,<nil>,<nil>,<nil>,<nil>,<nil>,<nil>,<nil>,<nil>,823,<nil>
4202581860,<nil>,<nil>,<nil>,<nil>,<nil>,<nil>,<nil>,<nil>,840,<nil>
1677283160,<nil>,<nil>,<nil>,<nil>,<nil>,<nil>,<nil>,<nil>,335,<nil>
3735768909,<nil>,<nil>,<nil>,<nil>,<nil>,<nil>,<nil>,<nil>,747,<nil>
2382581593,<nil>,<nil>,<nil>,<nil>,<nil>,<nil>,<nil>,<nil>,476,<nil>
869027673,<nil>,<nil>,<nil>,<nil>,<nil>,<nil>,<nil>,<nil>,173,<nil>
3916171280,<nil>,<nil>,<nil>,<nil>,<nil>,<nil>,<nil>,<nil>,783,<nil>
1963395168,<nil>,<nil>,<nil>,<nil>,<nil>,<nil>,<nil>,<nil>,392,<nil>
360730468,<nil>,<nil>,<nil>,<nil>,<nil>,<nil>,<nil>,<nil>,72,<nil>
2780581720,<nil>,<nil>,<nil>,<nil>,<nil>,<nil>,<nil>,<nil>,556,<nil>
2312130381,<nil>,<nil>,<nil>,<nil>,<nil>,<nil>,<nil>,<nil>,462,<nil>
664751961,<nil>,<nil>,<nil>,<nil>,<nil>,<nil>,<nil>,<nil>,132,<nil>
3047116660,<nil>,<nil>,<nil>,<nil>,<nil>,<nil>,<nil>,<nil>,609,<nil>
1334267725,<nil>,<nil>,<nil>,<nil>,<nil>,<nil>,<nil>,<nil>,266,<nil>
3047293009,<nil>,<nil>,<nil>,<nil>,<nil>,<nil>,<nil>,<nil>,609,<nil>
938543323,<nil>,<nil>,<nil>,<nil>,<nil>,<nil>,<nil>,<nil>,187,<nil>
3723972428,<nil>,<nil>,<nil>,<nil>,<nil>,<nil>,<nil>,<nil>,744,<nil>
3093188428,<nil>,<nil>,<nil>,<nil>,<nil>,<nil>,<nil>,<nil>,618,<nil>
733237081,<nil>,<nil>,<nil>,<nil>,<nil>,<nil>,<nil>,<nil>,146,<nil>
4067053388,<nil>,<nil>,<nil>,<nil>,<nil>,<nil>,<nil>,<nil>,813,<nil>
2961901787,<nil>,<nil>,<nil>,<nil>,<nil>,<nil>,<nil>,<nil>,592,<nil>
2346798936,<nil>,<nil>,<nil>,<nil>,<nil>,<nil>,<nil>,<nil>,469,<nil>
970280780,<nil>,<nil>,<nil>,<nil>,<nil>,<nil>,<nil>,<nil>,194,<nil>
3470544728,<nil>,<nil>,<nil>,<nil>,<nil>,<nil>,<nil>,<nil>,694,<nil>
4166340440,<nil>,<nil>,<nil>,<nil>,<nil>,<nil>,<nil>,<nil>,833,<nil>
1784631117,<nil>,<nil>,<nil>,<nil>,<nil>,<nil>,<nil>,<nil>,356,<nil>
273698637,<nil>,<nil>,<nil>,<nil>,<nil>,<nil>,<nil>,<nil>,54,<nil>
3657387865,<nil>,<nil>,<nil>,<nil>,<nil>,<nil>,<nil>,<nil>,731,<nil>
2114004842,<nil>,<nil>,<nil>,<nil>,<nil>,<nil>,<nil>,<nil>,422,<nil>
382815781,<nil>,<nil>,<nil>,<nil>,<nil>,<nil>,<nil>,<nil>,76,<nil>
3374843904,<nil>,<nil>,<nil>,<nil>,<nil>,<nil>,<nil>,<nil>,674,<nil>
1691373400,<nil>,<nil>,<nil>,<nil>,<nil>,<nil>,<nil>,<nil>,338,<nil>
3617869657,<nil>,<nil>,<nil>,<nil>,<nil>,<nil>,<nil>,<nil>,723,<nil>
2954973004,<nil>,<nil>,<nil>,<nil>,<nil>,<nil>,<nil>,<nil>,590,<nil>
708923237,<nil>,<nil>,<nil>,<nil>,<nil>,<nil>,<nil>,<nil>,141,<nil>
3078246244,<nil>,<nil>,<nil>,<nil>,<nil>,<nil>,<nil>,<nil>,615,<nil>
2342866764,<nil>,<nil>,<nil>,<nil>,<nil>,<nil>,<nil>,<nil>,468,<nil>
1248350040,<nil>,<nil>,<nil>,<nil>,<nil>,<nil>,<nil>,<nil>,249,<nil>
3755429721,<nil>,<nil>,<nil>,<nil>,<nil>,<nil>,<nil>,<nil>,751,<nil>
3687534412,<nil>,<nil>,<nil>,<nil>,<nil>,<nil>,<nil>,<nil>,737,<nil>
1595756377,<nil>,<nil>,<nil>,<nil>,<nil>,<nil>,<nil>,<nil>,319,<nil>
4077670221,<nil>,<nil>,<nil>,<nil>,<nil>,<nil>,<nil>,<nil>,815,<nil>
2996850520,<nil>,<nil>,<nil>,<nil>,<nil>,<nil>,<nil>,<nil>,599,<nil>
359794728,<nil>,<nil>,<nil>,<nil>,<nil>,<nil>,<nil>,<nil>,71,<nil>
3063304013,<nil>,<nil>,<nil>,<nil>,<nil>,<nil>,<nil>,<nil>,612,<nil>
1907238757,<nil>,<nil>,<nil>,<nil>,<nil>,<nil>,<nil>,<nil>,381,<nil>
982667108,<nil>,<nil>,<nil>,<nil>,<nil>,<nil>,<nil>,<nil>,196,<nil>
2656632877,<nil>,<nil>,<nil>,<nil>,<nil>,<nil>,<nil>,<nil>,531,<nil>
636440396,<nil>,<nil>,<nil>,<nil>,<nil>,<nil>,<nil>,<nil>,127,<nil>
3737276237,<nil>,<nil>,<nil>,<nil>,<nil>,<nil>,<nil>,<nil>,747,<nil>
3787411289,<nil>,<nil>,<nil>,<nil>,<nil>,<nil>,<nil>,<nil>,757,<nil>
2600740712,<nil>,<nil>,<nil>,<nil>,<nil>,<nil>,<nil>,<nil>,520,<nil>
320884569,<nil>,<nil>,<nil>,<nil>,<nil>,<nil>,<nil>,<nil>,64,<nil>
100814668,<nil>,<nil>,<nil>,<nil>,<nil>,<nil>,<nil>,<nil>,20,<nil>
940330841,<nil>,<nil>,<nil>,<nil>,<nil>,<nil>,<nil>,<nil>,188,<nil>
3429191513,<nil>,<nil>,<nil>,<nil>,<nil>,<nil>,<nil>,<nil>,685,<nil>
1682442448,<nil>,<nil>,<nil>,<nil>,<nil>,<nil>,<nil>,<nil>,336,<nil>
623642760,<nil>,<nil>,<nil>,<nil>,<nil>,<nil>,<nil>,<nil>,124,<nil>
1715818316,<nil>,<nil>,<nil>,<nil>,<nil>,<nil>,<nil>,<nil>,343,<nil>
134500197,<nil>,<nil>,<nil>,<nil>,<nil>,<nil>,<nil>,<nil>,26,<nil>
2859945805,<nil>,<nil>,<nil>,<nil>,<nil>,<nil>,<nil>,<nil>,571,<nil>
2910342988,<nil>,<nil>,<nil>,<nil>,<nil>,<nil>,<nil>,<nil>,582,<nil>
538005325,<nil>,<nil>,<nil>,<nil>,<nil>,<nil>,<nil>,<nil>,107,<nil>
3550302028,<nil>,<nil>,<nil>,<nil>,<nil>,<nil>,<nil>,<nil>,710,<nil>
1911639885,<nil>,<nil>,<nil>,<nil>,<nil>,<nil>,<nil>,<nil>,382,<nil>
450242404,<nil>,<nil>,<nil>,<nil>,<nil>,<nil>,<nil>,<nil>,90,<nil>
3174977368,<nil>,<nil>,<nil>,<nil>,<nil>,<nil>,<nil>,<nil>,634,<nil>
3122941772,<nil>,<nil>,<nil>,<nil>,<nil>,<nil>,<nil>,<nil>,624,<nil>
1350258521,<nil>,<nil>,<nil>,<nil>,<nil>,<nil>,<nil>,<nil>,270,<nil>
655034587,<nil>,<nil>,<nil>,<nil>,<nil>,<nil>,<nil>,<nil>,131,<nil>
2988068696,<nil>,<nil>,<nil>,<nil>,<nil>,<nil>,<nil>,<nil>,597,<nil>
1193234253,<nil>,<nil>,<nil>,<nil>,<nil>,<nil>,<nil>,<nil>,238,<nil>
3837349721,<nil>,<nil>,<nil>,<nil>,<nil>,<nil>,<nil>,<nil>,767,<nil>
3472183116,<nil>,<nil>,<nil>,<nil>,<nil>,<nil>,<nil>,<nil>,694,<nil>
925027808,<nil>,<nil>,<nil>,<nil>,<nil>,<nil>,<nil>,<nil>,185,<nil>
3969405248,<nil>,<nil>,<nil>,<nil>,<nil>,<nil>,<nil>,<nil>,793,<nil>
1821069145,<nil>,<nil>,<nil>,<nil>,<nil>,<nil>,<nil>,<nil>,364,<nil>
298143267,<nil>,<nil>,<nil>,<nil>,<nil>,<nil>,<nil>,<nil>,59,<nil>
2926661464,<nil>,<nil>,<nil>,<nil>,<nil>,<nil>,<nil>,<nil>,585,<nil>
1145982797,<nil>,<nil>,<nil>,<nil>,<nil>,<nil>,<nil>,<nil>,229,<nil>
4223618893,<nil>,<nil>,<nil>,<nil>,<nil>,<nil>,<nil>,<nil>,844,<nil>
3532148556,<nil>,<nil>,<nil>,<nil>,<nil>,<nil>,<nil>,<nil>,706,<nil>
1471500121,<nil>,<nil>,<nil>,<nil>,<nil>,<nil>,<nil>,<nil>,294,<nil>
529682253,<nil>,<nil>,<nil>,<nil>,<nil>,<nil>,<nil>,<nil>,105,<nil>
3293663052,<nil>,<nil>,<nil>,<nil>,<nil>,<nil>,<nil>,<nil>,658,<nil>
1817726809,<nil>,<nil>,<nil>,<nil>,<nil>,<nil>,<nil>,<nil>,363,<nil>
3879741287,<nil>,<nil>,<nil>,<nil>,<nil>,<nil>,<nil>,<nil>,775,<nil>
2111589925,<nil>,<nil>,<nil>,<nil>,<nil>,<nil>,<nil>,<nil>,422,<nil>
1374244684,<nil>,<nil>,<nil>,<nil>,<nil>,<nil>,<nil>,<nil>,274,<nil>
574836606,<nil>,<nil>,<nil>,<nil>,<nil>,<nil>,<nil>,<nil>,114,<nil>
3123007308,<nil>,<nil>,<nil>,<nil>,<nil>,<nil>,<nil>,<nil>,624,<nil>
1461997388,<nil>,<nil>,<nil>,<nil>,<nil>,<nil>,<nil>,<nil>,292,<nil>
2617462616,<nil>,<nil>,<nil>,<nil>,<nil>,<nil>,<nil>,<nil>,523,<nil>
651382604,<nil>,<nil>,<nil>,<nil>,<nil>,<nil>,<nil>,<nil>,130,<nil>
42094413,<nil>,<nil>,<nil>,<nil>,<nil>,<nil>,<nil>,<nil>,8,<nil>
3079819097,<nil>,<nil>,<nil>,<nil>,<nil>,<nil>,<nil>,<nil>,615,<nil>
1556500301,<nil>,<nil>,<nil>,<nil>,<nil>,<nil>,<nil>,<nil>,311,<nil>
4100607845,<nil>,<nil>,<nil>,<nil>,<nil>,<nil>,<nil>,<nil>,820,<nil>
4139143000,<nil>,<nil>,<nil>,<nil>,<nil>,<nil>,<nil>,<nil>,827,<nil>
1439584077,<nil>,<nil>,<nil>,<nil>,<nil>,<nil>,<nil>,<nil>,287,<nil>
3629403981,<nil>,<nil>,<nil>,<nil>,<nil>,<nil>,<nil>,<nil>,725,<nil>
2536787788,<nil>,<nil>,<nil>,<nil>,<nil>,<nil>,<nil>,<nil>,507,<nil>
1768312664,<nil>,<nil>,<nil>,<nil>,<nil>,<nil>,<nil>,<nil>,353,<nil>
241585996,<nil>,<nil>,<nil>,<nil>,<nil>,<nil>,<nil>,<nil>,48,<nil>
4229517133,<nil>,<nil>,<nil>,<nil>,<nil>,<nil>,<nil>,<nil>,845,<nil>
799493965,<nil>,<nil>,<nil>,<nil>,<nil>,<nil>,<nil>,<nil>,159,<nil>
3889889325,<nil>,<nil>,<nil>,<nil>,<nil>,<nil>,<nil>,<nil>,777,<nil>
2177828528,<nil>,<nil>,<nil>,<nil>,<nil>,<nil>,<nil>,<nil>,435,<nil>
422268761,<nil>,<nil>,<nil>,<nil>,<nil>,<nil>,<nil>,<nil>,84,<nil>
3046395725,<nil>,<nil>,<nil>,<nil>,<nil>,<nil>,<nil>,<nil>,609,<nil>
1422534503,<nil>,<nil>,<nil>,<nil>,<nil>,<nil>,<nil>,<nil>,284,<nil>
3429519181,<nil>,<nil>,<nil>,<nil>,<nil>,<nil>,<nil>,<nil>,685,<nil>
2926399308,<nil>,<nil>,<nil>,<nil>,<nil>,<nil>,<nil>,<nil>,585,<nil>
3704115021,<nil>,<nil>,<nil>,<nil>,<nil>,<nil>,<nil>,<nil>,740,<nil>
1612861273,<nil>,<nil>,<nil>,<nil>,<nil>,<nil>,<nil>,<nil>,322,<nil>
959860568,<nil>,<nil>,<nil>,<nil>,<nil>,<nil>,<nil>,<nil>,191,<nil>
3662565220,<nil>,<nil>,<nil>,<nil>,<nil>,<nil>,<nil>,<nil>,732,<nil>
2325172056,<nil>,<nil>,<nil>,<nil>,<nil>,<nil>,<nil>,<nil>,465,<nil>
2124697420,<nil>,<nil>,<nil>,<nil>,<nil>,<nil>,<nil>,<nil>,424,<nil>
2762493784,<nil>,<nil>,<nil>,<nil>,<nil>,<nil>,<nil>,<nil>,552,<nil>
1105743704,<nil>,<nil>,<nil>,<nil>,<nil>,<nil>,<nil>,<nil>,221,<nil>
4251406180,<nil>,<nil>,<nil>,<nil>,<nil>,<nil>,<nil>,<nil>,850,<nil>
3654569804,<nil>,<nil>,<nil>,<nil>,<nil>,<nil>,<nil>,<nil>,730,<nil>
1575374669,<nil>,<nil>,<nil>,<nil>,<nil>,<nil>,<nil>,<nil>,315,<nil>
1094995789,<nil>,<nil>,<nil>,<nil>,<nil>,<nil>,<nil>,<nil>,218,<nil>
1271353177,<nil>,<nil>,<nil>,<nil>,<nil>,<nil>,<nil>,<nil>,254,<nil>
3612102489,<nil>,<nil>,<nil>,<nil>,<nil>,<nil>,<nil>,<nil>,722,<nil>
1658015577,<nil>,<nil>,<nil>,<nil>,<nil>,<nil>,<nil>,<nil>,331,<nil>
1602244429,<nil>,<nil>,<nil>,<nil>,<nil>,<nil>,<nil>,<nil>,320,<nil>
1786269516,<nil>,<nil>,<nil>,<nil>,<nil>,<nil>,<nil>,<nil>,357,<nil>
4162015065,<nil>,<nil>,<nil>,<nil>,<nil>,<nil>,<nil>,<nil>,832,<nil>
3646508876,<nil>,<nil>,<nil>,<nil>,<nil>,<nil>,<nil>,<nil>,729,<nil>
2244544528,<nil>,<nil>,<nil>,<nil>,<nil>,<nil>,<nil>,<nil>,448,<nil>
512362160,<nil>,<nil>,<nil>,<nil>,<nil>,<nil>,<nil>,<nil>,102,<nil>
2953465689,<nil>,<nil>,<nil>,<nil>,<nil>,<nil>,<nil>,<nil>,590,<nil>
3131854680,<nil>,<nil>,<nil>,<nil>,<nil>,<nil>,<nil>,<nil>,626,<nil>
2220642125,<nil>,<nil>,<nil>,<nil>,<nil>,<nil>,<nil>,<nil>,444,<nil>
3633860428,<nil>,<nil>,<nil>,<nil>,<nil>,<nil>,<nil>,<nil>,726,<nil>
2230407013,<nil>,<nil>,<nil>,<nil>,<nil>,<nil>,<nil>,<nil>,446,<nil>
1585991500,<nil>,<nil>,<nil>,<nil>,<nil>,<nil>,<nil>,<nil>,317,<nil>
3948957517,<nil>,<nil>,<nil>,<nil>,<nil>,<nil>,<nil>,<nil>,789,<nil>
3664316432,<nil>,<nil>,<nil>,<nil>,<nil>,<nil>,<nil>,<nil>,732,<nil>
2198949720,<nil>,<nil>,<nil>,<nil>,<nil>,<nil>,<nil>,<nil>,439,<nil>
4113846093,<nil>,<nil>,<nil>,<nil>,<nil>,<nil>,<nil>,<nil>,822,<nil>
3191754573,<nil>,<nil>,<nil>,<nil>,<nil>,<nil>,<nil>,<nil>,638,<nil>
4134358890,<nil>,<nil>,<nil>,<nil>,<nil>,<nil>,<nil>,<nil>,826,<nil>
2655080269,<nil>,<nil>,<nil>,<nil>,<nil>,<nil>,<nil>,<nil>,531,<nil>
626741080,<nil>,<nil>,<nil>,<nil>,<nil>,<nil>,<nil>,<nil>,125,<nil>
2257528681,<nil>,<nil>,<nil>,<nil>,<nil>,<nil>,<nil>,<nil>,451,<nil>
267079501,<nil>,<nil>,<nil>,<nil>,<nil>,<nil>,<nil>,<nil>,53,<nil>
3937750861,<nil>,<nil>,<nil>,<nil>,<nil>,<nil>,<nil>,<nil>,787,<nil>
1984515917,<nil>,<nil>,<nil>,<nil>,<nil>,<nil>,<nil>,<nil>,396,<nil>
531124069,<nil>,<nil>,<nil>,<nil>,<nil>,<nil>,<nil>,<nil>,106,<nil>
3965472601,<nil>,<nil>,<nil>,<nil>,<nil>,<nil>,<nil>,<nil>,793,<nil>
2293714765,<nil>,<nil>,<nil>,<nil>,<nil>,<nil>,<nil>,<nil>,458,<nil>
1222266701,<nil>,<nil>,<nil>,<nil>,<nil>,<nil>,<nil>,<nil>,244,<nil>
1725779800,<nil>,<nil>,<nil>,<nil>,<nil>,<nil>,<nil>,<nil>,345,<nil>
4075310925,<nil>,<nil>,<nil>,<nil>,<nil>,<nil>,<nil>,<nil>,815,<nil>
3169996633,<nil>,<nil>,<nil>,<nil>,<nil>,<nil>,<nil>,<nil>,633,<nil>
1986088781,<nil>,<nil>,<nil>,<nil>,<nil>,<nil>,<nil>,<nil>,397,<nil>
464605016,<nil>,<nil>,<nil>,<nil>,<nil>,<nil>,<nil>,<nil>,92,<nil>
3091418956,<nil>,<nil>,<nil>,<nil>,<nil>,<nil>,<nil>,<nil>,618,<nil>
1425493848,<nil>,<nil>,<nil>,<nil>,<nil>,<nil>,<nil>,<nil>,285,<nil>
4208611160,<nil>,<nil>,<nil>,<nil>,<nil>,<nil>,<nil>,<nil>,841,<nil>
3274329932,<nil>,<nil>,<nil>,<nil>,<nil>,<nil>,<nil>,<nil>,654,<nil>
1635536717,<nil>,<nil>,<nil>,<nil>,<nil>,<nil>,<nil>,<nil>,327,<nil>
32329572,<nil>,<nil>,<nil>,<nil>,<nil>,<nil>,<nil>,<nil>,6,<nil>
3552989044,<nil>,<nil>,<nil>,<nil>,<nil>,<nil>,<nil>,<nil>,710,<nil>
20860760,<nil>,<nil>,<nil>,<nil>,<nil>,<nil>,<nil>,<nil>,4,<nil>
2788446028,<nil>,<nil>,<nil>,<nil>,<nil>,<nil>,<nil>,<nil>,557,<nil>
1014517593,<nil>,<nil>,<nil>,<nil>,<nil>,<nil>,<nil>,<nil>,202,<nil>
2592689997,<nil>,<nil>,<nil>,<nil>,<nil>,<nil>,<nil>,<nil>,518,<nil>
922177368,<nil>,<nil>,<nil>,<nil>,<nil>,<nil>,<nil>,<nil>,184,<nil>
3847376728,<nil>,<nil>,<nil>,<nil>,<nil>,<nil>,<nil>,<nil>,769,<nil>
692670285,<nil>,<nil>,<nil>,<nil>,<nil>,<nil>,<nil>,<nil>,138,<nil>
3463532376,<nil>,<nil>,<nil>,<nil>,<nil>,<nil>,<nil>,<nil>,692,<nil>
2246332248,<nil>,<nil>,<nil>,<nil>,<nil>,<nil>,<nil>,<nil>,449,<nil>
2064844464,<nil>,<nil>,<nil>,<nil>,<nil>,<nil>,<nil>,<nil>,412,<nil>
3758575460,<nil>,<nil>,<nil>,<nil>,<nil>,<nil>,<nil>,<nil>,751,<nil>
2945845408,<nil>,<nil>,<nil>,<nil>,<nil>,<nil>,<nil>,<nil>,589,<nil>
1424838500,<nil>,<nil>,<nil>,<nil>,<nil>,<nil>,<nil>,<nil>,284,<nil>
4285288280,<nil>,<nil>,<nil>,<nil>,<nil>,<nil>,<nil>,<nil>,857,<nil>
3080343373,<nil>,<nil>,<nil>,<nil>,<nil>,<nil>,<nil>,<nil>,616,<nil>
1721043040,<nil>,<nil>,<nil>,<nil>,<nil>,<nil>,<nil>,<nil>,344,<nil>
355487565,<nil>,<nil>,<nil>,<nil>,<nil>,<nil>,<nil>,<nil>,71,<nil>
2174420992,<nil>,<nil>,<nil>,<nil>,<nil>,<nil>,<nil>,<nil>,434,<nil>
4197338969,<nil>,<nil>,<nil>,<nil>,<nil>,<nil>,<nil>,<nil>,839,<nil>
3237695308,<nil>,<nil>,<nil>,<nil>,<nil>,<nil>,<nil>,<nil>,647,<nil>
2563254122,<nil>,<nil>,<nil>,<nil>,<nil>,<nil>,<nil>,<nil>,512,<nil>
972902221,<nil>,<nil>,<nil>,<nil>,<nil>,<nil>,<nil>,<nil>,194,<nil>
4183623680,<nil>,<nil>,<nil>,<nil>,<nil>,<nil>,<nil>,<nil>,836,<nil>
2039435085,<nil>,<nil>,<nil>,<nil>,<nil>,<nil>,<nil>,<nil>,407,<nil>
1240944460,<nil>,<nil>,<nil>,<nil>,<nil>,<nil>,<nil>,<nil>,248,<nil>
1656901465,<nil>,<nil>,<nil>,<nil>,<nil>,<nil>,<nil>,<nil>,331,<nil>
4274999128,<nil>,<nil>,<nil>,<nil>,<nil>,<nil>,<nil>,<nil>,854,<nil>
904220492,<nil>,<nil>,<nil>,<nil>,<nil>,<nil>,<nil>,<nil>,180,<nil>
3278524249,<nil>,<nil>,<nil>,<nil>,<nil>,<nil>,<nil>,<nil>,655,<nil>
2775011160,<nil>,<nil>,<nil>,<nil>,<nil>,<nil>,<nil>,<nil>,555,<nil>
947539789,<nil>,<nil>,<nil>,<nil>,<nil>,<nil>,<nil>,<nil>,189,<nil>
4019521552,<nil>,<nil>,<nil>,<nil>,<nil>,<nil>,<nil>,<nil>,803,<nil>
2347978584,<nil>,<nil>,<nil>,<nil>,<nil>,<nil>,<nil>,<nil>,469,<nil>
2115194700,<nil>,<nil>,<nil>,<nil>,<nil>,<nil>,<nil>,<nil>,423,<nil>
413990941,<nil>,<nil>,<nil>,<nil>,<nil>,<nil>,<nil>,<nil>,82,<nil>
2356611072,<nil>,<nil>,<nil>,<nil>,<nil>,<nil>,<nil>,<nil>,471,<nil>
2465025881,<nil>,<nil>,<nil>,<nil>,<nil>,<nil>,<nil>,<nil>,493,<nil>
1359957836,<nil>,<nil>,<nil>,<nil>,<nil>,<nil>,<nil>,<nil>,271,<nil>
1845120856,<nil>,<nil>,<nil>,<nil>,<nil>,<nil>,<nil>,<nil>,369,<nil>
3906293581,<nil>,<nil>,<nil>,<nil>,<nil>,<nil>,<nil>,<nil>,781,<nil>
3272803305,<nil>,<nil>,<nil>,<nil>,<nil>,<nil>,<nil>,<nil>,654,<nil>
785928053,<nil>,<nil>,<nil>,<nil>,<nil>,<nil>,<nil>,<nil>,157,<nil>
2436517720,<nil>,<nil>,<nil>,<nil>,<nil>,<nil>,<nil>,<nil>,487,<nil>
493702989,<nil>,<nil>,<nil>,<nil>,<nil>,<nil>,<nil>,<nil>,98,<nil>
2373078861,<nil>,<nil>,<nil>,<nil>,<nil>,<nil>,<nil>,<nil>,474,<nil>
837439308,<nil>,<nil>,<nil>,<nil>,<nil>,<nil>,<nil>,<nil>,167,<nil>
4222635864,<nil>,<nil>,<nil>,<nil>,<nil>,<nil>,<nil>,<nil>,844,<nil>
2253213516,<nil>,<nil>,<nil>,<nil>,<nil>,<nil>,<nil>,<nil>,450,<nil>
2954841933,<nil>,<nil>,<nil>,<nil>,<nil>,<nil>,<nil>,<nil>,590,<nil>
1086261288,<nil>,<nil>,<nil>,<nil>,<nil>,<nil>,<nil>,<nil>,217,<nil>
204885836,<nil>,<nil>,<nil>,<nil>,<nil>,<nil>,<nil>,<nil>,40,<nil>
3411627852,<nil>,<nil>,<nil>,<nil>,<nil>,<nil>,<nil>,<nil>,682,<nil>
2206748504,<nil>,<nil>,<nil>,<nil>,<nil>,<nil>,<nil>,<nil>,441,<nil>
389893964,<nil>,<nil>,<nil>,<nil>,<nil>,<nil>,<nil>,<nil>,77,<nil>
3458223961,<nil>,<nil>,<nil>,<nil>,<nil>,<nil>,<nil>,<nil>,691,<nil>
1620725580,<nil>,<nil>,<nil>,<nil>,<nil>,<nil>,<nil>,<nil>,324,<nil>
3961671500,<nil>,<nil>,<nil>,<nil>,<nil>,<nil>,<nil>,<nil>,792,<nil>
2018594648,<nil>,<nil>,<nil>,<nil>,<nil>,<nil>,<nil>,<nil>,403,<nil>
235753305,<nil>,<nil>,<nil>,<nil>,<nil>,<nil>,<nil>,<nil>,47,<nil>
2856931149,<nil>,<nil>,<nil>,<nil>,<nil>,<nil>,<nil>,<nil>,571,<nil>
1504053264,<nil>,<nil>,<nil>,<nil>,<nil>,<nil>,<nil>,<nil>,300,<nil>
4102901580,<nil>,<nil>,<nil>,<nil>,<nil>,<nil>,<nil>,<nil>,820,<nil>
2999013221,<nil>,<nil>,<nil>,<nil>,<nil>,<nil>,<nil>,<nil>,599,<nil>
1749372772,<nil>,<nil>,<nil>,<nil>,<nil>,<nil>,<nil>,<nil>,349,<nil>
315838296,<nil>,<nil>,<nil>,<nil>,<nil>,<nil>,<nil>,<nil>,63,<nil>
3113504589,<nil>,<nil>,<nil>,<nil>,<nil>,<nil>,<nil>,<nil>,622,<nil>
3605745484,<nil>,<nil>,<nil>,<nil>,<nil>,<nil>,<nil>,<nil>,721,<nil>
2424459097,<nil>,<nil>,<nil>,<nil>,<nil>,<nil>,<nil>,<nil>,484,<nil>
469192537,<nil>,<nil>,<nil>,<nil>,<nil>,<nil>,<nil>,<nil>,93,<nil>
3967110988,<nil>,<nil>,<nil>,<nil>,<nil>,<nil>,<nil>,<nil>,793,<nil>
4104736600,<nil>,<nil>,<nil>,<nil>,<nil>,<nil>,<nil>,<nil>,820,<nil>
1585139545,<nil>,<nil>,<nil>,<nil>,<nil>,<nil>,<nil>,<nil>,317,<nil>
1081757528,<nil>,<nil>,<nil>,<nil>,<nil>,<nil>,<nil>,<nil>,216,<nil>
3930345317,<nil>,<nil>,<nil>,<nil>,<nil>,<nil>,<nil>,<nil>,786,<nil>
408112984,<nil>,<nil>,<nil>,<nil>,<nil>,<nil>,<nil>,<nil>,81,<nil>
2899005272,<nil>,<nil>,<nil>,<nil>,<nil>,<nil>,<nil>,<nil>,579,<nil>
671960921,<nil>,<nil>,<nil>,<nil>,<nil>,<nil>,<nil>,<nil>,134,<nil>
1760055129,<nil>,<nil>,<nil>,<nil>,<nil>,<nil>,<nil>,<nil>,352,<nil>
4237381453,<nil>,<nil>,<nil>,<nil>,<nil>,<nil>,<nil>,<nil>,847,<nil>
2848411468,<nil>,<nil>,<nil>,<nil>,<nil>,<nil>,<nil>,<nil>,569,<nil>
2586398565,<nil>,<nil>,<nil>,<nil>,<nil>,<nil>,<nil>,<nil>,517,<nil>
1850036044,<nil>,<nil>,<nil>,<nil>,<nil>,<nil>,<nil>,<nil>,370,<nil>
3919990605,<nil>,<nil>,<nil>,<nil>,<nil>,<nil>,<nil>,<nil>,783,<nil>
3819261772,<nil>,<nil>,<nil>,<nil>,<nil>,<nil>,<nil>,<nil>,763,<nil>
3209842509,<nil>,<nil>,<nil>,<nil>,<nil>,<nil>,<nil>,<nil>,641,<nil>
2815315800,<nil>,<nil>,<nil>,<nil>,<nil>,<nil>,<nil>,<nil>,563,<nil>
1162497869,<nil>,<nil>,<nil>,<nil>,<nil>,<nil>,<nil>,<nil>,232,<nil>
3791605592,<nil>,<nil>,<nil>,<nil>,<nil>,<nil>,<nil>,<nil>,758,<nil>
3759014888,<nil>,<nil>,<nil>,<nil>,<nil>,<nil>,<nil>,<nil>,751,<nil>
1957646168,<nil>,<nil>,<nil>,<nil>,<nil>,<nil>,<nil>,<nil>,391,<nil>
581652300,<nil>,<nil>,<nil>,<nil>,<nil>,<nil>,<nil>,<nil>,116,<nil>
3818803032,<nil>,<nil>,<nil>,<nil>,<nil>,<nil>,<nil>,<nil>,763,<nil>
1819823949,<nil>,<nil>,<nil>,<nil>,<nil>,<nil>,<nil>,<nil>,363,<nil>
644884329,<nil>,<nil>,<nil>,<nil>,<nil>,<nil>,<nil>,<nil>,128,<nil>
3738044432,<nil>,<nil>,<nil>,<nil>,<nil>,<nil>,<nil>,<nil>,747,<nil>
3597356876,<nil>,<nil>,<nil>,<nil>,<nil>,<nil>,<nil>,<nil>,719,<nil>
2085637964,<nil>,<nil>,<nil>,<nil>,<nil>,<nil>,<nil>,<nil>,417,<nil>
3498594136,<nil>,<nil>,<nil>,<nil>,<nil>,<nil>,<nil>,<nil>,699,<nil>
1828409164,<nil>,<nil>,<nil>,<nil>,<nil>,<nil>,<nil>,<nil>,365,<nil>
1053577036,<nil>,<nil>,<nil>,<nil>,<nil>,<nil>,<nil>,<nil>,210,<nil>
3298151902,<nil>,<nil>,<nil>,<nil>,<nil>,<nil>,<nil>,<nil>,659,<nil>
1078921425,<nil>,<nil>,<nil>,<nil>,<nil>,<nil>,<nil>,<nil>,215,<nil>
3638382413,<nil>,<nil>,<nil>,<nil>,<nil>,<nil>,<nil>,<nil>,727,<nil>
388845093,<nil>,<nil>,<nil>,<nil>,<nil>,<nil>,<nil>,<nil>,77,<nil>
3023261517,<nil>,<nil>,<nil>,<nil>,<nil>,<nil>,<nil>,<nil>,604,<nil>
1491423052,<nil>,<nil>,<nil>,<nil>,<nil>,<nil>,<nil>,<nil>,298,<nil>
3684388684,<nil>,<nil>,<nil>,<nil>,<nil>,<nil>,<nil>,<nil>,736,<nil>
2491567949,<nil>,<nil>,<nil>,<nil>,<nil>,<nil>,<nil>,<nil>,498,<nil>
4013707084,<nil>,<nil>,<nil>,<nil>,<nil>,<nil>,<nil>,<nil>,802,<nil>
2289323877,<nil>,<nil>,<nil>,<nil>,<nil>,<nil>,<nil>,<nil>,457,<nil>
1320308569,<nil>,<nil>,<nil>,<nil>,<nil>,<nil>,<nil>,<nil>,264,<nil>
4103688025,<nil>,<nil>,<nil>,<nil>,<nil>,<nil>,<nil>,<nil>,820,<nil>
2998161228,<nil>,<nil>,<nil>,<nil>,<nil>,<nil>,<nil>,<nil>,599,<nil>
1504464717,<nil>,<nil>,<nil>,<nil>,<nil>,<nil>,<nil>,<nil>,300,<nil>
4133572440,<nil>,<nil>,<nil>,<nil>,<nil>,<nil>,<nil>,<nil>,826,<nil>
2998161229,<nil>,<nil>,<nil>,<nil>,<nil>,<nil>,<nil>,<nil>,599,<nil>
1494110041,<nil>,<nil>,<nil>,<nil>,<nil>,<nil>,<nil>,<nil>,298,<nil>
432164697,<nil>,<nil>,<nil>,<nil>,<nil>,<nil>,<nil>,<nil>,86,<nil>
3190312792,<nil>,<nil>,<nil>,<nil>,<nil>,<nil>,<nil>,<nil>,638,<nil>
1534152525,<nil>,<nil>,<nil>,<nil>,<nil>,<nil>,<nil>,<nil>,306,<nil>
722995200,<nil>,<nil>,<nil>,<nil>,<nil>,<nil>,<nil>,<nil>,144,<nil>
3323266736,<nil>,<nil>,<nil>,<nil>,<nil>,<nil>,<nil>,<nil>,664,<nil>
3816574797,<nil>,<nil>,<nil>,<nil>,<nil>,<nil>,<nil>,<nil>,763,<nil>
2166312793,<nil>,<nil>,<nil>,<nil>,<nil>,<nil>,<nil>,<nil>,433,<nil>
1090080589,<nil>,<nil>,<nil>,<nil>,<nil>,<nil>,<nil>,<nil>,218,<nil>
3861139288,<nil>,<nil>,<nil>,<nil>,<nil>,<nil>,<nil>,<nil>,772,<nil>
3219410764,<nil>,<nil>,<nil>,<nil>,<nil>,<nil>,<nil>,<nil>,643,<nil>
2653966157,<nil>,<nil>,<nil>,<nil>,<nil>,<nil>,<nil>,<nil>,530,<nil>
1152143193,<nil>,<nil>,<nil>,<nil>,<nil>,<nil>,<nil>,<nil>,230,<nil>
3605679948,<nil>,<nil>,<nil>,<nil>,<nil>,<nil>,<nil>,<nil>,721,<nil>
2258915149,<nil>,<nil>,<nil>,<nil>,<nil>,<nil>,<nil>,<nil>,451,<nil>
1501122393,<nil>,<nil>,<nil>,<nil>,<nil>,<nil>,<nil>,<nil>,300,<nil>
26956196,<nil>,<nil>,<nil>,<nil>,<nil>,<nil>,<nil>,<nil>,5,<nil>
1030443328,<nil>,<nil>,<nil>,<nil>,<nil>,<nil>,<nil>,<nil>,206,<nil>
4069674840,<nil>,<nil>,<nil>,<nil>,<nil>,<nil>,<nil>,<nil>,813,<nil>
3626585944,<nil>,<nil>,<nil>,<nil>,<nil>,<nil>,<nil>,<nil>,725,<nil>
1884704612,<nil>,<nil>,<nil>,<nil>,<nil>,<nil>,<nil>,<nil>,376,<nil>
4251191336,<nil>,<nil>,<nil>,<nil>,<nil>,<nil>,<nil>,<nil>,850,<nil>
109662028,<nil>,<nil>,<nil>,<nil>,<nil>,<nil>,<nil>,<nil>,21,<nil>
3292483417,<nil>,<nil>,<nil>,<nil>,<nil>,<nil>,<nil>,<nil>,658,<nil>
896749401,<nil>,<nil>,<nil>,<nil>,<nil>,<nil>,<nil>,<nil>,179,<nil>
246107992,<nil>,<nil>,<nil>,<nil>,<nil>,<nil>,<nil>,<nil>,49,<nil>
1362906968,<nil>,<nil>,<nil>,<nil>,<nil>,<nil>,<nil>,<nil>,272,<nil>
3436334937,<nil>,<nil>,<nil>,<nil>,<nil>,<nil>,<nil>,<nil>,687,<nil>
200494937,<nil>,<nil>,<nil>,<nil>,<nil>,<nil>,<nil>,<nil>,40,<nil>
1236881229,<nil>,<nil>,<nil>,<nil>,<nil>,<nil>,<nil>,<nil>,247,<nil>
3869069133,<nil>,<nil>,<nil>,<nil>,<nil>,<nil>,<nil>,<nil>,773,<nil>
2789298008,<nil>,<nil>,<nil>,<nil>,<nil>,<nil>,<nil>,<nil>,557,<nil>
225333080,<nil>,<nil>,<nil>,<nil>,<nil>,<nil>,<nil>,<nil>,45,<nil>
2147831641,<nil>,<nil>,<nil>,<nil>,<nil>,<nil>,<nil>,<nil>,429,<nil>
1065373517,<nil>,<nil>,<nil>,<nil>,<nil>,<nil>,<nil>,<nil>,213,<nil>
2081443710,<nil>,<nil>,<nil>,<nil>,<nil>,<nil>,<nil>,<nil>,416,<nil>
4197666637,<nil>,<nil>,<nil>,<nil>,<nil>,<nil>,<nil>,<nil>,839,<nil>
3923398500,<nil>,<nil>,<nil>,<nil>,<nil>,<nil>,<nil>,<nil>,784,<nil>
1438207832,<nil>,<nil>,<nil>,<nil>,<nil>,<nil>,<nil>,<nil>,287,<nil>
3950071641,<nil>,<nil>,<nil>,<nil>,<nil>,<nil>,<nil>,<nil>,790,<nil>
3894028148,<nil>,<nil>,<nil>,<nil>,<nil>,<nil>,<nil>,<nil>,778,<nil>
3258208088,<nil>,<nil>,<nil>,<nil>,<nil>,<nil>,<nil>,<nil>,651,<nil>
1171541837,<nil>,<nil>,<nil>,<nil>,<nil>,<nil>,<nil>,<nil>,234,<nil>
981028685,<nil>,<nil>,<nil>,<nil>,<nil>,<nil>,<nil>,<nil>,196,<nil>
3626370024,<nil>,<nil>,<nil>,<nil>,<nil>,<nil>,<nil>,<nil>,725,<nil>
1455818961,<nil>,<nil>,<nil>,<nil>,<nil>,<nil>,<nil>,<nil>,291,<nil>
600330061,<nil>,<nil>,<nil>,<nil>,<nil>,<nil>,<nil>,<nil>,120,<nil>
572411737,<nil>,<nil>,<nil>,<nil>,<nil>,<nil>,<nil>,<nil>,114,<nil>
2911981401,<nil>,<nil>,<nil>,<nil>,<nil>,<nil>,<nil>,<nil>,582,<nil>
1593921381,<nil>,<nil>,<nil>,<nil>,<nil>,<nil>,<nil>,<nil>,318,<nil>
1290293068,<nil>,<nil>,<nil>,<nil>,<nil>,<nil>,<nil>,<nil>,258,<nil>
3642969944,<nil>,<nil>,<nil>,<nil>,<nil>,<nil>,<nil>,<nil>,728,<nil>
1858883417,<nil>,<nil>,<nil>,<nil>,<nil>,<nil>,<nil>,<nil>,371,<nil>
3766308696,<nil>,<nil>,<nil>,<nil>,<nil>,<nil>,<nil>,<nil>,753,<nil>
2131840857,<nil>,<nil>,<nil>,<nil>,<nil>,<nil>,<nil>,<nil>,426,<nil>
620777305,<nil>,<nil>,<nil>,<nil>,<nil>,<nil>,<nil>,<nil>,124,<nil>
847662925,<nil>,<nil>,<nil>,<nil>,<nil>,<nil>,<nil>,<nil>,169,<nil>
3913961304,<nil>,<nil>,<nil>,<nil>,<nil>,<nil>,<nil>,<nil>,782,<nil>
2888443750,<nil>,<nil>,<nil>,<nil>,<nil>,<nil>,<nil>,<nil>,577,<nil>
1004425049,<nil>,<nil>,<nil>,<nil>,<nil>,<nil>,<nil>,<nil>,200,<nil>
4002154536,<nil>,<nil>,<nil>,<nil>,<nil>,<nil>,<nil>,<nil>,800,<nil>
3437842253,<nil>,<nil>,<nil>,<nil>,<nil>,<nil>,<nil>,<nil>,687,<nil>
2606190425,<nil>,<nil>,<nil>,<nil>,<nil>,<nil>,<nil>,<nil>,521,<nil>
503074649,<nil>,<nil>,<nil>,<nil>,<nil>,<nil>,<nil>,<nil>,100,<nil>
4159917901,<nil>,<nil>,<nil>,<nil>,<nil>,<nil>,<nil>,<nil>,831,<nil>
3094957912,<nil>,<nil>,<nil>,<nil>,<nil>,<nil>,<nil>,<nil>,618,<nil>
1509295791,<nil>,<nil>,<nil>,<nil>,<nil>,<nil>,<nil>,<nil>,301,<nil>
4241641305,<nil>,<nil>,<nil>,<nil>,<nil>,<nil>,<nil>,<nil>,848,<nil>
3183038296,<nil>,<nil>,<nil>,<nil>,<nil>,<nil>,<nil>,<nil>,636,<nil>
2197574052,<nil>,<nil>,<nil>,<nil>,<nil>,<nil>,<nil>,<nil>,439,<nil>
1426083672,<nil>,<nil>,<nil>,<nil>,<nil>,<nil>,<nil>,<nil>,285,<nil>
3640348505,<nil>,<nil>,<nil>,<nil>,<nil>,<nil>,<nil>,<nil>,728,<nil>
3028027392,<nil>,<nil>,<nil>,<nil>,<nil>,<nil>,<nil>,<nil>,605,<nil>
3066449753,<nil>,<nil>,<nil>,<nil>,<nil>,<nil>,<nil>,<nil>,613,<nil>
1829243099,<nil>,<nil>,<nil>,<nil>,<nil>,<nil>,<nil>,<nil>,365,<nil>
4013641548,<nil>,<nil>,<nil>,<nil>,<nil>,<nil>,<nil>,<nil>,802,<nil>
3483979608,<nil>,<nil>,<nil>,<nil>,<nil>,<nil>,<nil>,<nil>,696,<nil>
1249005389,<nil>,<nil>,<nil>,<nil>,<nil>,<nil>,<nil>,<nil>,249,<nil>
283117568,<nil>,<nil>,<nil>,<nil>,<nil>,<nil>,<nil>,<nil>,56,<nil>
3246018392,<nil>,<nil>,<nil>,<nil>,<nil>,<nil>,<nil>,<nil>,649,<nil>
3318959961,<nil>,<nil>,<nil>,<nil>,<nil>,<nil>,<nil>,<nil>,663,<nil>
1661554521,<nil>,<nil>,<nil>,<nil>,<nil>,<nil>,<nil>,<nil>,332,<nil>
4062185680,<nil>,<nil>,<nil>,<nil>,<nil>,<nil>,<nil>,<nil>,812,<nil>
2747682636,<nil>,<nil>,<nil>,<nil>,<nil>,<nil>,<nil>,<nil>,549,<nil>
1157320536,<nil>,<nil>,<nil>,<nil>,<nil>,<nil>,<nil>,<nil>,231,<nil>
3799273293,<nil>,<nil>,<nil>,<nil>,<nil>,<nil>,<nil>,<nil>,759,<nil>
1909804901,<nil>,<nil>,<nil>,<nil>,<nil>,<nil>,<nil>,<nil>,381,<nil>
1879789388,<nil>,<nil>,<nil>,<nil>,<nil>,<nil>,<nil>,<nil>,375,<nil>
245714765,<nil>,<nil>,<nil>,<nil>,<nil>,<nil>,<nil>,<nil>,49,<nil>
509103961,<nil>,<nil>,<nil>,<nil>,<nil>,<nil>,<nil>,<nil>,101,<nil>
3075034969,<nil>,<nil>,<nil>,<nil>,<nil>,<nil>,<nil>,<nil>,615,<nil>
3878965080,<nil>,<nil>,<nil>,<nil>,<nil>,<nil>,<nil>,<nil>,775,<nil>
1788497741,<nil>,<nil>,<nil>,<nil>,<nil>,<nil>,<nil>,<nil>,357,<nil>
1014452045,<nil>,<nil>,<nil>,<nil>,<nil>,<nil>,<nil>,<nil>,202,<nil>
3309784921,<nil>,<nil>,<nil>,<nil>,<nil>,<nil>,<nil>,<nil>,661,<nil>
1343442765,<nil>,<nil>,<nil>,<nil>,<nil>,<nil>,<nil>,<nil>,268,<nil>
4043394893,<nil>,<nil>,<nil>,<nil>,<nil>,<nil>,<nil>,<nil>,808,<nil>
2772043428,<nil>,<nil>,<nil>,<nil>,<nil>,<nil>,<nil>,<nil>,554,<nil>
1227378532,<nil>,<nil>,<nil>,<nil>,<nil>,<nil>,<nil>,<nil>,245,<nil>
3061141337,<nil>,<nil>,<nil>,<nil>,<nil>,<nil>,<nil>,<nil>,612,<nil>
1674334040,<nil>,<nil>,<nil>,<nil>,<nil>,<nil>,<nil>,<nil>,334,<nil>
525750117,<nil>,<nil>,<nil>,<nil>,<nil>,<nil>,<nil>,<nil>,105,<nil>
2944618328,<nil>,<nil>,<nil>,<nil>,<nil>,<nil>,<nil>,<nil>,588,<nil>
1001410381,<nil>,<nil>,<nil>,<nil>,<nil>,<nil>,<nil>,<nil>,200,<nil>
669273933,<nil>,<nil>,<nil>,<nil>,<nil>,<nil>,<nil>,<nil>,133,<nil>
2542096217,<nil>,<nil>,<nil>,<nil>,<nil>,<nil>,<nil>,<nil>,508,<nil>
1142247244,<nil>,<nil>,<nil>,<nil>,<nil>,<nil>,<nil>,<nil>,228,<nil>
3849867124,<nil>,<nil>,<nil>,<nil>,<nil>,<nil>,<nil>,<nil>,769,<nil>
774328141,<nil>,<nil>,<nil>,<nil>,<nil>,<nil>,<nil>,<nil>,154,<nil>
3715565584,<nil>,<nil>,<nil>,<nil>,<nil>,<nil>,<nil>,<nil>,743,<nil>
3085960168,<nil>,<nil>,<nil>,<nil>,<nil>,<nil>,<nil>,<nil>,617,<nil>
806899533,<nil>,<nil>,<nil>,<nil>,<nil>,<nil>,<nil>,<nil>,161,<nil>
4118892388,<nil>,<nil>,<nil>,<nil>,<nil>,<nil>,<nil>,<nil>,823,<nil>
1594707801,<nil>,<nil>,<nil>,<nil>,<nil>,<nil>,<nil>,<nil>,318,<nil>
968118105,<nil>,<nil>,<nil>,<nil>,<nil>,<nil>,<nil>,<nil>,193,<nil>
3716173644,<nil>,<nil>,<nil>,<nil>,<nil>,<nil>,<nil>,<nil>,743,<nil>
1612009305,<nil>,<nil>,<nil>,<nil>,<nil>,<nil>,<nil>,<nil>,322,<nil>
4229975885,<nil>,<nil>,<nil>,<nil>,<nil>,<nil>,<nil>,<nil>,845,<nil>
2844413772,<nil>,<nil>,<nil>,<nil>,<nil>,<nil>,<nil>,<nil>,568,<nil>
474369869,<nil>,<nil>,<nil>,<nil>,<nil>,<nil>,<nil>,<nil>,94,<nil>
288837453,<nil>,<nil>,<nil>,<nil>,<nil>,<nil>,<nil>,<nil>,57,<nil>
2774617933,<nil>,<nil>,<nil>,<nil>,<nil>,<nil>,<nil>,<nil>,554,<nil>
2451328857,<nil>,<nil>,<nil>,<nil>,<nil>,<nil>,<nil>,<nil>,490,<nil>
3145092941,<nil>,<nil>,<nil>,<nil>,<nil>,<nil>,<nil>,<nil>,629,<nil>
1757040460,<nil>,<nil>,<nil>,<nil>,<nil>,<nil>,<nil>,<nil>,351,<nil>
240865100,<nil>,<nil>,<nil>,<nil>,<nil>,<nil>,<nil>,<nil>,48,<nil>
2665500516,<nil>,<nil>,<nil>,<nil>,<nil>,<nil>,<nil>,<nil>,533,<nil>
1662865228,<nil>,<nil>,<nil>,<nil>,<nil>,<nil>,<nil>,<nil>,332,<nil>
1059278669,<nil>,<nil>,<nil>,<nil>,<nil>,<nil>,<nil>,<nil>,211,<nil>
3984019277,<nil>,<nil>,<nil>,<nil>,<nil>,<nil>,<nil>,<nil>,796,<nil>
2158907212,<nil>,<nil>,<nil>,<nil>,<nil>,<nil>,<nil>,<nil>,431,<nil>
1807175501,<nil>,<nil>,<nil>,<nil>,<nil>,<nil>,<nil>,<nil>,361,<nil>
902844249,<nil>,<nil>,<nil>,<nil>,<nil>,<nil>,<nil>,<nil>,180,<nil>
532369228,<nil>,<nil>,<nil>,<nil>,<nil>,<nil>,<nil>,<nil>,106,<nil>
902385484,<nil>,<nil>,<nil>,<nil>,<nil>,<nil>,<nil>,<nil>,180,<nil>
3119075149,<nil>,<nil>,<nil>,<nil>,<nil>,<nil>,<nil>,<nil>,623,<nil>
1612533593,<nil>,<nil>,<nil>,<nil>,<nil>,<nil>,<nil>,<nil>,322,<nil>
672288600,<nil>,<nil>,<nil>,<nil>,<nil>,<nil>,<nil>,<nil>,134,<nil>
4012920692,<nil>,<nil>,<nil>,<nil>,<nil>,<nil>,<nil>,<nil>,802,<nil>
2156285773,<nil>,<nil>,<nil>,<nil>,<nil>,<nil>,<nil>,<nil>,431,<nil>
1186334761,<nil>,<nil>,<nil>,<nil>,<nil>,<nil>,<nil>,<nil>,237,<nil>
2193346015,<nil>,<nil>,<nil>,<nil>,<nil>,<nil>,<nil>,<nil>,438,<nil>
4283584357,<nil>,<nil>,<nil>,<nil>,<nil>,<nil>,<nil>,<nil>,856,<nil>
3436597081,<nil>,<nil>,<nil>,<nil>,<nil>,<nil>,<nil>,<nil>,687,<nil>
2945142629,<nil>,<nil>,<nil>,<nil>,<nil>,<nil>,<nil>,<nil>,589,<nil>
945835865,<nil>,<nil>,<nil>,<nil>,<nil>,<nil>,<nil>,<nil>,189,<nil>
440422232,<nil>,<nil>,<nil>,<nil>,<nil>,<nil>,<nil>,<nil>,88,<nil>
455102296,<nil>,<nil>,<nil>,<nil>,<nil>,<nil>,<nil>,<nil>,91,<nil>
3827322712,<nil>,<nil>,<nil>,<nil>,<nil>,<nil>,<nil>,<nil>,765,<nil>
2208368656,<nil>,<nil>,<nil>,<nil>,<nil>,<nil>,<nil>,<nil>,441,<nil>
4193800024,<nil>,<nil>,<nil>,<nil>,<nil>,<nil>,<nil>,<nil>,838,<nil>
3573043021,<nil>,<nil>,<nil>,<nil>,<nil>,<nil>,<nil>,<nil>,714,<nil>
775356517,<nil>,<nil>,<nil>,<nil>,<nil>,<nil>,<nil>,<nil>,155,<nil>
3885780812,<nil>,<nil>,<nil>,<nil>,<nil>,<nil>,<nil>,<nil>,777,<nil>
440682308,<nil>,<nil>,<nil>,<nil>,<nil>,<nil>,<nil>,<nil>,88,<nil>
1798262654,<nil>,<nil>,<nil>,<nil>,<nil>,<nil>,<nil>,<nil>,359,<nil>
58609496,<nil>,<nil>,<nil>,<nil>,<nil>,<nil>,<nil>,<nil>,11,<nil>
3873525592,<nil>,<nil>,<nil>,<nil>,<nil>,<nil>,<nil>,<nil>,774,<nil>
3920187213,<nil>,<nil>,<nil>,<nil>,<nil>,<nil>,<nil>,<nil>,784,<nil>
2259701581,<nil>,<nil>,<nil>,<nil>,<nil>,<nil>,<nil>,<nil>,451,<nil>
1985826661,<nil>,<nil>,<nil>,<nil>,<nil>,<nil>,<nil>,<nil>,397,<nil>
2553302861,<nil>,<nil>,<nil>,<nil>,<nil>,<nil>,<nil>,<nil>,510,<nil>
1943210144,<nil>,<nil>,<nil>,<nil>,<nil>,<nil>,<nil>,<nil>,388,<nil>
2159169356,<nil>,<nil>,<nil>,<nil>,<nil>,<nil>,<nil>,<nil>,431,<nil>
499797836,<nil>,<nil>,<nil>,<nil>,<nil>,<nil>,<nil>,<nil>,99,<nil>
3022802777,<nil>,<nil>,<nil>,<nil>,<nil>,<nil>,<nil>,<nil>,604,<nil>
1466650456,<nil>,<nil>,<nil>,<nil>,<nil>,<nil>,<nil>,<nil>,293,<nil>
4101590872,<nil>,<nil>,<nil>,<nil>,<nil>,<nil>,<nil>,<nil>,820,<nil>
2684815496,<nil>,<nil>,<nil>,<nil>,<nil>,<nil>,<nil>,<nil>,536,<nil>
926633816,<nil>,<nil>,<nil>,<nil>,<nil>,<nil>,<nil>,<nil>,185,<nil>
2987675469,<nil>,<nil>,<nil>,<nil>,<nil>,<nil>,<nil>,<nil>,597,<nil>
1906659160,<nil>,<nil>,<nil>,<nil>,<nil>,<nil>,<nil>,<nil>,381,<nil>
677269324,<nil>,<nil>,<nil>,<nil>,<nil>,<nil>,<nil>,<nil>,135,<nil>
3728101209,<nil>,<nil>,<nil>,<nil>,<nil>,<nil>,<nil>,<nil>,745,<nil>
2198425432,<nil>,<nil>,<nil>,<nil>,<nil>,<nil>,<nil>,<nil>,439,<nil>
414797657,<nil>,<nil>,<nil>,<nil>,<nil>,<nil>,<nil>,<nil>,82,<nil>
2570332006,<nil>,<nil>,<nil>,<nil>,<nil>,<nil>,<nil>,<nil>,514,<nil>
603850848,<nil>,<nil>,<nil>,<nil>,<nil>,<nil>,<nil>,<nil>,120,<nil>
3338358616,<nil>,<nil>,<nil>,<nil>,<nil>,<nil>,<nil>,<nil>,667,<nil>
1699696460,<nil>,<nil>,<nil>,<nil>,<nil>,<nil>,<nil>,<nil>,339,<nil>
4222504793,<nil>,<nil>,<nil>,<nil>,<nil>,<nil>,<nil>,<nil>,844,<nil>
2236370765,<nil>,<nil>,<nil>,<nil>,<nil>,<nil>,<nil>,<nil>,447,<nil>
616769386,<nil>,<nil>,<nil>,<nil>,<nil>,<nil>,<nil>,<nil>,123,<nil>
4078260056,<nil>,<nil>,<nil>,<nil>,<nil>,<nil>,<nil>,<nil>,815,<nil>
2882096985,<nil>,<nil>,<nil>,<nil>,<nil>,<nil>,<nil>,<nil>,576,<nil>
1058033496,<nil>,<nil>,<nil>,<nil>,<nil>,<nil>,<nil>,<nil>,211,<nil>
510480254,<nil>,<nil>,<nil>,<nil>,<nil>,<nil>,<nil>,<nil>,102,<nil>
4066332505,<nil>,<nil>,<nil>,<nil>,<nil>,<nil>,<nil>,<nil>,813,<nil>
3108523852,<nil>,<nil>,<nil>,<nil>,<nil>,<nil>,<nil>,<nil>,621,<nil>
1163153240,<nil>,<nil>,<nil>,<nil>,<nil>,<nil>,<nil>,<nil>,232,<nil>
2350581920,<nil>,<nil>,<nil>,<nil>,<nil>,<nil>,<nil>,<nil>,470,<nil>
624971608,<nil>,<nil>,<nil>,<nil>,<nil>,<nil>,<nil>,<nil>,124,<nil>
3854716760,<nil>,<nil>,<nil>,<nil>,<nil>,<nil>,<nil>,<nil>,770,<nil>
2372030297,<nil>,<nil>,<nil>,<nil>,<nil>,<nil>,<nil>,<nil>,474,<nil>
884067806,<nil>,<nil>,<nil>,<nil>,<nil>,<nil>,<nil>,<nil>,176,<nil>
2048216909,<nil>,<nil>,<nil>,<nil>,<nil>,<nil>,<nil>,<nil>,409,<nil>
670912344,<nil>,<nil>,<nil>,<nil>,<nil>,<nil>,<nil>,<nil>,134,<nil>
1430343501,<nil>,<nil>,<nil>,<nil>,<nil>,<nil>,<nil>,<nil>,286,<nil>
3900460876,<nil>,<nil>,<nil>,<nil>,<nil>,<nil>,<nil>,<nil>,780,<nil>
3416346457,<nil>,<nil>,<nil>,<nil>,<nil>,<nil>,<nil>,<nil>,683,<nil>
3190706009,<nil>,<nil>,<nil>,<nil>,<nil>,<nil>,<nil>,<nil>,638,<nil>
1360482136,<nil>,<nil>,<nil>,<nil>,<nil>,<nil>,<nil>,<nil>,272,<nil>
3984346956,<nil>,<nil>,<nil>,<nil>,<nil>,<nil>,<nil>,<nil>,796,<nil>
2050379597,<nil>,<nil>,<nil>,<nil>,<nil>,<nil>,<nil>,<nil>,410,<nil>
622790704,<nil>,<nil>,<nil>,<nil>,<nil>,<nil>,<nil>,<nil>,124,<nil>
760041304,<nil>,<nil>,<nil>,<nil>,<nil>,<nil>,<nil>,<nil>,152,<nil>
892358526,<nil>,<nil>,<nil>,<nil>,<nil>,<nil>,<nil>,<nil>,178,<nil>
3438235468,<nil>,<nil>,<nil>,<nil>,<nil>,<nil>,<nil>,<nil>,687,<nil>
1666404185,<nil>,<nil>,<nil>,<nil>,<nil>,<nil>,<nil>,<nil>,333,<nil>
3693694809,<nil>,<nil>,<nil>,<nil>,<nil>,<nil>,<nil>,<nil>,738,<nil>
2218068128,<nil>,<nil>,<nil>,<nil>,<nil>,<nil>,<nil>,<nil>,443,<nil>
4255862629,<nil>,<nil>,<nil>,<nil>,<nil>,<nil>,<nil>,<nil>,851,<nil>
2189905752,<nil>,<nil>,<nil>,<nil>,<nil>,<nil>,<nil>,<nil>,437,<nil>
1352141008,<nil>,<nil>,<nil>,<nil>,<nil>,<nil>,<nil>,<nil>,270,<nil>
3746778956,<nil>,<nil>,<nil>,<nil>,<nil>,<nil>,<nil>,<nil>,749,<nil>
3719909208,<nil>,<nil>,<nil>,<nil>,<nil>,<nil>,<nil>,<nil>,743,<nil>
3971764045,<nil>,<nil>,<nil>,<nil>,<nil>,<nil>,<nil>,<nil>,794,<nil>
2141343564,<nil>,<nil>,<nil>,<nil>,<nil>,<nil>,<nil>,<nil>,428,<nil>
1660440396,<nil>,<nil>,<nil>,<nil>,<nil>,<nil>,<nil>,<nil>,332,<nil>
2630176600,<nil>,<nil>,<nil>,<nil>,<nil>,<nil>,<nil>,<nil>,526,<nil>
1136152409,<nil>,<nil>,<nil>,<nil>,<nil>,<nil>,<nil>,<nil>,227,<nil>
4035727180,<nil>,<nil>,<nil>,<nil>,<nil>,<nil>,<nil>,<nil>,807,<nil>
3832631117,<nil>,<nil>,<nil>,<nil>,<nil>,<nil>,<nil>,<nil>,766,<nil>
2891992908,<nil>,<nil>,<nil>,<nil>,<nil>,<nil>,<nil>,<nil>,578,<nil>
1242386264,<nil>,<nil>,<nil>,<nil>,<nil>,<nil>,<nil>,<nil>,248,<nil>
1802981197,<nil>,<nil>,<nil>,<nil>,<nil>,<nil>,<nil>,<nil>,360,<nil>
4205727589,<nil>,<nil>,<nil>,<nil>,<nil>,<nil>,<nil>,<nil>,841,<nil>
3215609688,<nil>,<nil>,<nil>,<nil>,<nil>,<nil>,<nil>,<nil>,643,<nil>
869400605,<nil>,<nil>,<nil>,<nil>,<nil>,<nil>,<nil>,<nil>,173,<nil>
3114618701,<nil>,<nil>,<nil>,<nil>,<nil>,<nil>,<nil>,<nil>,622,<nil>
2815675872,<nil>,<nil>,<nil>,<nil>,<nil>,<nil>,<nil>,<nil>,563,<nil>
2152091469,<nil>,<nil>,<nil>,<nil>,<nil>,<nil>,<nil>,<nil>,430,<nil>
401362789,<nil>,<nil>,<nil>,<nil>,<nil>,<nil>,<nil>,<nil>,80,<nil>
4021636953,<nil>,<nil>,<nil>,<nil>,<nil>,<nil>,<nil>,<nil>,804,<nil>
3236234216,<nil>,<nil>,<nil>,<nil>,<nil>,<nil>,<nil>,<nil>,647,<nil>
1482754048,<nil>,<nil>,<nil>,<nil>,<nil>,<nil>,<nil>,<nil>,296,<nil>
77287257,<nil>,<nil>,<nil>,<nil>,<nil>,<nil>,<nil>,<nil>,15,<nil>
618417997,<nil>,<nil>,<nil>,<nil>,<nil>,<nil>,<nil>,<nil>,123,<nil>
292507481,<nil>,<nil>,<nil>,<nil>,<nil>,<nil>,<nil>,<nil>,58,<nil>
3266531748,<nil>,<nil>,<nil>,<nil>,<nil>,<nil>,<nil>,<nil>,653,<nil>
885739353,<nil>,<nil>,<nil>,<nil>,<nil>,<nil>,<nil>,<nil>,177,<nil>
831737677,<nil>,<nil>,<nil>,<nil>,<nil>,<nil>,<nil>,<nil>,166,<nil>
341167442,<nil>,<nil>,<nil>,<nil>,<nil>,<nil>,<nil>,<nil>,68,<nil>
932335449,<nil>,<nil>,<nil>,<nil>,<nil>,<nil>,<nil>,<nil>,186,<nil>
568676173,<nil>,<nil>,<nil>,<nil>,<nil>,<nil>,<nil>,<nil>,113,<nil>
197414745,<nil>,<nil>,<nil>,<nil>,<nil>,<nil>,<nil>,<nil>,39,<nil>
2905474734,<nil>,<nil>,<nil>,<nil>,<nil>,<nil>,<nil>,<nil>,581,<nil>
1878085452,<nil>,<nil>,<nil>,<nil>,<nil>,<nil>,<nil>,<nil>,375,<nil>
4254289753,<nil>,<nil>,<nil>,<nil>,<nil>,<nil>,<nil>,<nil>,850,<nil>
2998816600,<nil>,<nil>,<nil>,<nil>,<nil>,<nil>,<nil>,<nil>,599,<nil>
1333546840,<nil>,<nil>,<nil>,<nil>,<nil>,<nil>,<nil>,<nil>,266,<nil>
857362264,<nil>,<nil>,<nil>,<nil>,<nil>,<nil>,<nil>,<nil>,171,<nil>
3435745112,<nil>,<nil>,<nil>,<nil>,<nil>,<nil>,<nil>,<nil>,687,<nil>
1651003225,<nil>,<nil>,<nil>,<nil>,<nil>,<nil>,<nil>,<nil>,330,<nil>
4272574285,<nil>,<nil>,<nil>,<nil>,<nil>,<nil>,<nil>,<nil>,854,<nil>
2604158808,<nil>,<nil>,<nil>,<nil>,<nil>,<nil>,<nil>,<nil>,520,<nil>
1896632165,<nil>,<nil>,<nil>,<nil>,<nil>,<nil>,<nil>,<nil>,379,<nil>
2620084057,<nil>,<nil>,<nil>,<nil>,<nil>,<nil>,<nil>,<nil>,524,<nil>
1661357900,<nil>,<nil>,<nil>,<nil>,<nil>,<nil>,<nil>,<nil>,332,<nil>
1456820044,<nil>,<nil>,<nil>,<nil>,<nil>,<nil>,<nil>,<nil>,291,<nil>
3830927193,<nil>,<nil>,<nil>,<nil>,<nil>,<nil>,<nil>,<nil>,766,<nil>
2580369229,<nil>,<nil>,<nil>,<nil>,<nil>,<nil>,<nil>,<nil>,516,<nil>
2220904268,<nil>,<nil>,<nil>,<nil>,<nil>,<nil>,<nil>,<nil>,444,<nil>
2443530060,<nil>,<nil>,<nil>,<nil>,<nil>,<nil>,<nil>,<nil>,488,<nil>
952586061,<nil>,<nil>,<nil>,<nil>,<nil>,<nil>,<nil>,<nil>,190,<nil>
215731680,<nil>,<nil>,<nil>,<nil>,<nil>,<nil>,<nil>,<nil>,43,<nil>
272125773,<nil>,<nil>,<nil>,<nil>,<nil>,<nil>,<nil>,<nil>,54,<nil>
3095201808,<nil>,<nil>,<nil>,<nil>,<nil>,<nil>,<nil>,<nil>,619,<nil>
2187677541,<nil>,<nil>,<nil>,<nil>,<nil>,<nil>,<nil>,<nil>,437,<nil>
1761366336,<nil>,<nil>,<nil>,<nil>,<nil>,<nil>,<nil>,<nil>,352,<nil>
3715321677,<nil>,<nil>,<nil>,<nil>,<nil>,<nil>,<nil>,<nil>,743,<nil>
3516551000,<nil>,<nil>,<nil>,<nil>,<nil>,<nil>,<nil>,<nil>,703,<nil>
2825998157,<nil>,<nil>,<nil>,<nil>,<nil>,<nil>,<nil>,<nil>,565,<nil>
1770409817,<nil>,<nil>,<nil>,<nil>,<nil>,<nil>,<nil>,<nil>,354,<nil>
177723333,<nil>,<nil>,<nil>,<nil>,<nil>,<nil>,<nil>,<nil>,35,<nil>
4054666789,<nil>,<nil>,<nil>,<nil>,<nil>,<nil>,<nil>,<nil>,810,<nil>
2450411341,<nil>,<nil>,<nil>,<nil>,<nil>,<nil>,<nil>,<nil>,490,<nil>
1443319641,<nil>,<nil>,<nil>,<nil>,<nil>,<nil>,<nil>,<nil>,288,<nil>
639913817,<nil>,<nil>,<nil>,<nil>,<nil>,<nil>,<nil>,<nil>,127,<nil>
3405991757,<nil>,<nil>,<nil>,<nil>,<nil>,<nil>,<nil>,<nil>,681,<nil>
3518058317,<nil>,<nil>,<nil>,<nil>,<nil>,<nil>,<nil>,<nil>,703,<nil>
1850101592,<nil>,<nil>,<nil>,<nil>,<nil>,<nil>,<nil>,<nil>,370,<nil>
4255797092,<nil>,<nil>,<nil>,<nil>,<nil>,<nil>,<nil>,<nil>,851,<nil>
2441236300,<nil>,<nil>,<nil>,<nil>,<nil>,<nil>,<nil>,<nil>,488,<nil>
2403225420,<nil>,<nil>,<nil>,<nil>,<nil>,<nil>,<nil>,<nil>,480,<nil>
3527626572,<nil>,<nil>,<nil>,<nil>,<nil>,<nil>,<nil>,<nil>,705,<nil>
2978285728,<nil>,<nil>,<nil>,<nil>,<nil>,<nil>,<nil>,<nil>,595,<nil>
809586520,<nil>,<nil>,<nil>,<nil>,<nil>,<nil>,<nil>,<nil>,161,<nil>
3466940249,<nil>,<nil>,<nil>,<nil>,<nil>,<nil>,<nil>,<nil>,693,<nil>
2965589848,<nil>,<nil>,<nil>,<nil>,<nil>,<nil>,<nil>,<nil>,593,<nil>
1432702797,<nil>,<nil>,<nil>,<nil>,<nil>,<nil>,<nil>,<nil>,286,<nil>
961892172,<nil>,<nil>,<nil>,<nil>,<nil>,<nil>,<nil>,<nil>,192,<nil>
3470282573,<nil>,<nil>,<nil>,<nil>,<nil>,<nil>,<nil>,<nil>,694,<nil>
1530679129,<nil>,<nil>,<nil>,<nil>,<nil>,<nil>,<nil>,<nil>,306,<nil>
3912978292,<nil>,<nil>,<nil>,<nil>,<nil>,<nil>,<nil>,<nil>,782,<nil>
2053197645,<nil>,<nil>,<nil>,<nil>,<nil>,<nil>,<nil>,<nil>,410,<nil>
822234968,<nil>,<nil>,<nil>,<nil>,<nil>,<nil>,<nil>,<nil>,164,<nil>
2733461325,<nil>,<nil>,<nil>,<nil>,<nil>,<nil>,<nil>,<nil>,546,<nil>
1784958796,<nil>,<nil>,<nil>,<nil>,<nil>,<nil>,<nil>,<nil>,356,<nil>
4286271320,<nil>,<nil>,<nil>,<nil>,<nil>,<nil>,<nil>,<nil>,857,<nil>
2966685696,<nil>,<nil>,<nil>,<nil>,<nil>,<nil>,<nil>,<nil>,593,<nil>
1259294552,<nil>,<nil>,<nil>,<nil>,<nil>,<nil>,<nil>,<nil>,251,<nil>
3038203737,<nil>,<nil>,<nil>,<nil>,<nil>,<nil>,<nil>,<nil>,607,<nil>
2557824857,<nil>,<nil>,<nil>,<nil>,<nil>,<nil>,<nil>,<nil>,511,<nil>
4278603597,<nil>,<nil>,<nil>,<nil>,<nil>,<nil>,<nil>,<nil>,855,<nil>
3207876429,<nil>,<nil>,<nil>,<nil>,<nil>,<nil>,<nil>,<nil>,641,<nil>
2090993326,<nil>,<nil>,<nil>,<nil>,<nil>,<nil>,<nil>,<nil>,418,<nil>
3110031180,<nil>,<nil>,<nil>,<nil>,<nil>,<nil>,<nil>,<nil>,622,<nil>
1321750349,<nil>,<nil>,<nil>,<nil>,<nil>,<nil>,<nil>,<nil>,264,<nil>
3675606873,<nil>,<nil>,<nil>,<nil>,<nil>,<nil>,<nil>,<nil>,735,<nil>
1620266869,<nil>,<nil>,<nil>,<nil>,<nil>,<nil>,<nil>,<nil>,324,<nil>
4216016729,<nil>,<nil>,<nil>,<nil>,<nil>,<nil>,<nil>,<nil>,843,<nil>
4140126028,<nil>,<nil>,<nil>,<nil>,<nil>,<nil>,<nil>,<nil>,828,<nil>
4065808255,<nil>,<nil>,<nil>,<nil>,<nil>,<nil>,<nil>,<nil>,813,<nil>
4061286220,<nil>,<nil>,<nil>,<nil>,<nil>,<nil>,<nil>,<nil>,812,<nil>
2265927512,<nil>,<nil>,<nil>,<nil>,<nil>,<nil>,<nil>,<nil>,453,<nil>
332418905,<nil>,<nil>,<nil>,<nil>,<nil>,<nil>,<nil>,<nil>,66,<nil>
3107475277,<nil>,<nil>,<nil>,<nil>,<nil>,<nil>,<nil>,<nil>,621,<nil>
1506234212,<nil>,<nil>,<nil>,<nil>,<nil>,<nil>,<nil>,<nil>,301,<nil>
4262660256,<nil>,<nil>,<nil>,<nil>,<nil>,<nil>,<nil>,<nil>,852,<nil>
4209725273,<nil>,<nil>,<nil>,<nil>,<nil>,<nil>,<nil>,<nil>,841,<nil>
2838974284,<nil>,<nil>,<nil>,<nil>,<nil>,<nil>,<nil>,<nil>,567,<nil>
1498304333,<nil>,<nil>,<nil>,<nil>,<nil>,<nil>,<nil>,<nil>,299,<nil>
3188739916,<nil>,<nil>,<nil>,<nil>,<nil>,<nil>,<nil>,<nil>,637,<nil>
2153926489,<nil>,<nil>,<nil>,<nil>,<nil>,<nil>,<nil>,<nil>,430,<nil>
1948602188,<nil>,<nil>,<nil>,<nil>,<nil>,<nil>,<nil>,<nil>,389,<nil>
301551448,<nil>,<nil>,<nil>,<nil>,<nil>,<nil>,<nil>,<nil>,60,<nil>
2962837337,<nil>,<nil>,<nil>,<nil>,<nil>,<nil>,<nil>,<nil>,592,<nil>
2261977104,<nil>,<nil>,<nil>,<nil>,<nil>,<nil>,<nil>,<nil>,452,<nil>
454446925,<nil>,<nil>,<nil>,<nil>,<nil>,<nil>,<nil>,<nil>,90,<nil>
3003010916,<nil>,<nil>,<nil>,<nil>,<nil>,<nil>,<nil>,<nil>,600,<nil>
1435848525,<nil>,<nil>,<nil>,<nil>,<nil>,<nil>,<nil>,<nil>,287,<nil>
1760560804,<nil>,<nil>,<nil>,<nil>,<nil>,<nil>,<nil>,<nil>,352,<nil>
518934361,<nil>,<nil>,<nil>,<nil>,<nil>,<nil>,<nil>,<nil>,103,<nil>
3155775321,<nil>,<nil>,<nil>,<nil>,<nil>,<nil>,<nil>,<nil>,631,<nil>
1902464844,<nil>,<nil>,<nil>,<nil>,<nil>,<nil>,<nil>,<nil>,380,<nil>
121589581,<nil>,<nil>,<nil>,<nil>,<nil>,<nil>,<nil>,<nil>,24,<nil>
3040497496,<nil>,<nil>,<nil>,<nil>,<nil>,<nil>,<nil>,<nil>,608,<nil>
2325751656,<nil>,<nil>,<nil>,<nil>,<nil>,<nil>,<nil>,<nil>,465,<nil>
443830092,<nil>,<nil>,<nil>,<nil>,<nil>,<nil>,<nil>,<nil>,88,<nil>
2820296537,<nil>,<nil>,<nil>,<nil>,<nil>,<nil>,<nil>,<nil>,564,<nil>
1128157004,<nil>,<nil>,<nil>,<nil>,<nil>,<nil>,<nil>,<nil>,225,<nil>
4240658265,<nil>,<nil>,<nil>,<nil>,<nil>,<nil>,<nil>,<nil>,848,<nil>
1988251468,<nil>,<nil>,<nil>,<nil>,<nil>,<nil>,<nil>,<nil>,397,<nil>
69554009,<nil>,<nil>,<nil>,<nil>,<nil>,<nil>,<nil>,<nil>,13,<nil>
3421392728,<nil>,<nil>,<nil>,<nil>,<nil>,<nil>,<nil>,<nil>,684,<nil>
1399738188,<nil>,<nil>,<nil>,<nil>,<nil>,<nil>,<nil>,<nil>,279,<nil>
3763621709,<nil>,<nil>,<nil>,<nil>,<nil>,<nil>,<nil>,<nil>,752,<nil>
1962364761,<nil>,<nil>,<nil>,<nil>,<nil>,<nil>,<nil>,<nil>,392,<nil>
566316876,<nil>,<nil>,<nil>,<nil>,<nil>,<nil>,<nil>,<nil>,113,<nil>
3055112012,<nil>,<nil>,<nil>,<nil>,<nil>,<nil>,<nil>,<nil>,611,<nil>
1838960460,<nil>,<nil>,<nil>,<nil>,<nil>,<nil>,<nil>,<nil>,367,<nil>
2145406797,<nil>,<nil>,<nil>,<nil>,<nil>,<nil>,<nil>,<nil>,429,<nil>
1511214936,<nil>,<nil>,<nil>,<nil>,<nil>,<nil>,<nil>,<nil>,302,<nil>
3569373005,<nil>,<nil>,<nil>,<nil>,<nil>,<nil>,<nil>,<nil>,713,<nil>
3341307724,<nil>,<nil>,<nil>,<nil>,<nil>,<nil>,<nil>,<nil>,668,<nil>
1680297804,<nil>,<nil>,<nil>,<nil>,<nil>,<nil>,<nil>,<nil>,336,<nil>
4104605541,<nil>,<nil>,<nil>,<nil>,<nil>,<nil>,<nil>,<nil>,820,<nil>
3917467104,<nil>,<nil>,<nil>,<nil>,<nil>,<nil>,<nil>,<nil>,783,<nil>
69226328,<nil>,<nil>,<nil>,<nil>,<nil>,<nil>,<nil>,<nil>,13,<nil>
2851950424,<nil>,<nil>,<nil>,<nil>,<nil>,<nil>,<nil>,<nil>,570,<nil>
613306189,<nil>,<nil>,<nil>,<nil>,<nil>,<nil>,<nil>,<nil>,122,<nil>
3665383244,<nil>,<nil>,<nil>,<nil>,<nil>,<nil>,<nil>,<nil>,733,<nil>
2596949836,<nil>,<nil>,<nil>,<nil>,<nil>,<nil>,<nil>,<nil>,519,<nil>
560222040,<nil>,<nil>,<nil>,<nil>,<nil>,<nil>,<nil>,<nil>,112,<nil>
3057143629,<nil>,<nil>,<nil>,<nil>,<nil>,<nil>,<nil>,<nil>,611,<nil>
2776256332,<nil>,<nil>,<nil>,<nil>,<nil>,<nil>,<nil>,<nil>,555,<nil>
1326909103,<nil>,<nil>,<nil>,<nil>,<nil>,<nil>,<nil>,<nil>,265,<nil>
668928000,<nil>,<nil>,<nil>,<nil>,<nil>,<nil>,<nil>,<nil>,133,<nil>
2830389068,<nil>,<nil>,<nil>,<nil>,<nil>,<nil>,<nil>,<nil>,566,<nil>
680742744,<nil>,<nil>,<nil>,<nil>,<nil>,<nil>,<nil>,<nil>,136,<nil>
3036565325,<nil>,<nil>,<nil>,<nil>,<nil>,<nil>,<nil>,<nil>,607,<nil>
1535987545,<nil>,<nil>,<nil>,<nil>,<nil>,<nil>,<nil>,<nil>,307,<nil>
2509197145,<nil>,<nil>,<nil>,<nil>,<nil>,<nil>,<nil>,<nil>,501,<nil>
2014859085,<nil>,<nil>,<nil>,<nil>,<nil>,<nil>,<nil>,<nil>,402,<nil>
335545320,<nil>,<nil>,<nil>,<nil>,<nil>,<nil>,<nil>,<nil>,67,<nil>
2489732965,<nil>,<nil>,<nil>,<nil>,<nil>,<nil>,<nil>,<nil>,497,<nil>
575950668,<nil>,<nil>,<nil>,<nil>,<nil>,<nil>,<nil>,<nil>,115,<nil>
3504754508,<nil>,<nil>,<nil>,<nil>,<nil>,<nil>,<nil>,<nil>,700,<nil>
1288720217,<nil>,<nil>,<nil>,<nil>,<nil>,<nil>,<nil>,<nil>,257,<nil>
4199239512,<nil>,<nil>,<nil>,<nil>,<nil>,<nil>,<nil>,<nil>,839,<nil>
3277213528,<nil>,<nil>,<nil>,<nil>,<nil>,<nil>,<nil>,<nil>,655,<nil>
765742936,<nil>,<nil>,<nil>,<nil>,<nil>,<nil>,<nil>,<nil>,153,<nil>
2806796109,<nil>,<nil>,<nil>,<nil>,<nil>,<nil>,<nil>,<nil>,561,<nil>
1000099661,<nil>,<nil>,<nil>,<nil>,<nil>,<nil>,<nil>,<nil>,200,<nil>
382881625,<nil>,<nil>,<nil>,<nil>,<nil>,<nil>,<nil>,<nil>,76,<nil>
879644492,<nil>,<nil>,<nil>,<nil>,<nil>,<nil>,<nil>,<nil>,175,<nil>
2927578956,<nil>,<nil>,<nil>,<nil>,<nil>,<nil>,<nil>,<nil>,585,<nil>
2483310425,<nil>,<nil>,<nil>,<nil>,<nil>,<nil>,<nil>,<nil>,496,<nil>
812076877,<nil>,<nil>,<nil>,<nil>,<nil>,<nil>,<nil>,<nil>,162,<nil>
3718926156,<nil>,<nil>,<nil>,<nil>,<nil>,<nil>,<nil>,<nil>,743,<nil>
2353745740,<nil>,<nil>,<nil>,<nil>,<nil>,<nil>,<nil>,<nil>,470,<nil>
872697689,<nil>,<nil>,<nil>,<nil>,<nil>,<nil>,<nil>,<nil>,174,<nil>
3363327833,<nil>,<nil>,<nil>,<nil>,<nil>,<nil>,<nil>,<nil>,672,<nil>
3145224012,<nil>,<nil>,<nil>,<nil>,<nil>,<nil>,<nil>,<nil>,629,<nil>
387534680,<nil>,<nil>,<nil>,<nil>,<nil>,<nil>,<nil>,<nil>,77,<nil>
2606845785,<nil>,<nil>,<nil>,<nil>,<nil>,<nil>,<nil>,<nil>,521,<nil>
1880117093,<nil>,<nil>,<nil>,<nil>,<nil>,<nil>,<nil>,<nil>,376,<nil>
3802746713,<nil>,<nil>,<nil>,<nil>,<nil>,<nil>,<nil>,<nil>,760,<nil>
2448295952,<nil>,<nil>,<nil>,<nil>,<nil>,<nil>,<nil>,<nil>,489,<nil>
439242602,<nil>,<nil>,<nil>,<nil>,<nil>,<nil>,<nil>,<nil>,87,<nil>
2091976704,<nil>,<nil>,<nil>,<nil>,<nil>,<nil>,<nil>,<nil>,418,<nil>
61474468,<nil>,<nil>,<nil>,<nil>,<nil>,<nil>,<nil>,<nil>,12,<nil>
2806927193,<nil>,<nil>,<nil>,<nil>,<nil>,<nil>,<nil>,<nil>,561,<nil>
3324464973,<nil>,<nil>,<nil>,<nil>,<nil>,<nil>,<nil>,<nil>,664,<nil>
1678724953,<nil>,<nil>,<nil>,<nil>,<nil>,<nil>,<nil>,<nil>,335,<nil>
1309757260,<nil>,<nil>,<nil>,<nil>,<nil>,<nil>,<nil>,<nil>,261,<nil>
470241112,<nil>,<nil>,<nil>,<nil>,<nil>,<nil>,<nil>,<nil>,94,<nil>
3105247064,<nil>,<nil>,<nil>,<nil>,<nil>,<nil>,<nil>,<nil>,621,<nil>
1224888165,<nil>,<nil>,<nil>,<nil>,<nil>,<nil>,<nil>,<nil>,244,<nil>
3943714637,<nil>,<nil>,<nil>,<nil>,<nil>,<nil>,<nil>,<nil>,788,<nil>
4015476557,<nil>,<nil>,<nil>,<nil>,<nil>,<nil>,<nil>,<nil>,803,<nil>
2652458829,<nil>,<nil>,<nil>,<nil>,<nil>,<nil>,<nil>,<nil>,530,<nil>
2037796697,<nil>,<nil>,<nil>,<nil>,<nil>,<nil>,<nil>,<nil>,407,<nil>
796741464,<nil>,<nil>,<nil>,<nil>,<nil>,<nil>,<nil>,<nil>,159,<nil>
453529420,<nil>,<nil>,<nil>,<nil>,<nil>,<nil>,<nil>,<nil>,90,<nil>
2535477081,<nil>,<nil>,<nil>,<nil>,<nil>,<nil>,<nil>,<nil>,507,<nil>
1000296280,<nil>,<nil>,<nil>,<nil>,<nil>,<nil>,<nil>,<nil>,200,<nil>
368987992,<nil>,<nil>,<nil>,<nil>,<nil>,<nil>,<nil>,<nil>,73,<nil>
154685260,<nil>,<nil>,<nil>,<nil>,<nil>,<nil>,<nil>,<nil>,30,<nil>
2942109696,<nil>,<nil>,<nil>,<nil>,<nil>,<nil>,<nil>,<nil>,588,<nil>
1085802715,<nil>,<nil>,<nil>,<nil>,<nil>,<nil>,<nil>,<nil>,217,<nil>
4241248089,<nil>,<nil>,<nil>,<nil>,<nil>,<nil>,<nil>,<nil>,848,<nil>
915492685,<nil>,<nil>,<nil>,<nil>,<nil>,<nil>,<nil>,<nil>,183,<nil>
4237885521,<nil>,<nil>,<nil>,<nil>,<nil>,<nil>,<nil>,<nil>,847,<nil>
2606649164,<nil>,<nil>,<nil>,<nil>,<nil>,<nil>,<nil>,<nil>,521,<nil>
1468878680,<nil>,<nil>,<nil>,<nil>,<nil>,<nil>,<nil>,<nil>,293,<nil>
3393605465,<nil>,<nil>,<nil>,<nil>,<nil>,<nil>,<nil>,<nil>,678,<nil>
2141409100,<nil>,<nil>,<nil>,<nil>,<nil>,<nil>,<nil>,<nil>,428,<nil>
2204323690,<nil>,<nil>,<nil>,<nil>,<nil>,<nil>,<nil>,<nil>,440,<nil>
804716560,<nil>,<nil>,<nil>,<nil>,<nil>,<nil>,<nil>,<nil>,160,<nil>
74927948,<nil>,<nil>,<nil>,<nil>,<nil>,<nil>,<nil>,<nil>,14,<nil>
2359054156,<nil>,<nil>,<nil>,<nil>,<nil>,<nil>,<nil>,<nil>,471,<nil>
1902268237,<nil>,<nil>,<nil>,<nil>,<nil>,<nil>,<nil>,<nil>,380,<nil>
2657898341,<nil>,<nil>,<nil>,<nil>,<nil>,<nil>,<nil>,<nil>,531,<nil>
1075531608,<nil>,<nil>,<nil>,<nil>,<nil>,<nil>,<nil>,<nil>,215,<nil>
644810752,<nil>,<nil>,<nil>,<nil>,<nil>,<nil>,<nil>,<nil>,128,<nil>
1045778253,<nil>,<nil>,<nil>,<nil>,<nil>,<nil>,<nil>,<nil>,209,<nil>
2407485260,<nil>,<nil>,<nil>,<nil>,<nil>,<nil>,<nil>,<nil>,481,<nil>
677597028,<nil>,<nil>,<nil>,<nil>,<nil>,<nil>,<nil>,<nil>,135,<nil>
3459403637,<nil>,<nil>,<nil>,<nil>,<nil>,<nil>,<nil>,<nil>,691,<nil>
1607206928,<nil>,<nil>,<nil>,<nil>,<nil>,<nil>,<nil>,<nil>,321,<nil>
3821471396,<nil>,<nil>,<nil>,<nil>,<nil>,<nil>,<nil>,<nil>,764,<nil>
2122403365,<nil>,<nil>,<nil>,<nil>,<nil>,<nil>,<nil>,<nil>,424,<nil>
25055065,<nil>,<nil>,<nil>,<nil>,<nil>,<nil>,<nil>,<nil>,5,<nil>
3322498892,<nil>,<nil>,<nil>,<nil>,<nil>,<nil>,<nil>,<nil>,664,<nil>
1755646171,<nil>,<nil>,<nil>,<nil>,<nil>,<nil>,<nil>,<nil>,351,<nil>
4186591065,<nil>,<nil>,<nil>,<nil>,<nil>,<nil>,<nil>,<nil>,837,<nil>
600657765,<nil>,<nil>,<nil>,<nil>,<nil>,<nil>,<nil>,<nil>,120,<nil>
1639468876,<nil>,<nil>,<nil>,<nil>,<nil>,<nil>,<nil>,<nil>,327,<nil>
3866709849,<nil>,<nil>,<nil>,<nil>,<nil>,<nil>,<nil>,<nil>,773,<nil>
4096393297,<nil>,<nil>,<nil>,<nil>,<nil>,<nil>,<nil>,<nil>,819,<nil>
3006353229,<nil>,<nil>,<nil>,<nil>,<nil>,<nil>,<nil>,<nil>,601,<nil>
1929183244,<nil>,<nil>,<nil>,<nil>,<nil>,<nil>,<nil>,<nil>,385,<nil>
4129705805,<nil>,<nil>,<nil>,<nil>,<nil>,<nil>,<nil>,<nil>,825,<nil>
2571194218,<nil>,<nil>,<nil>,<nil>,<nil>,<nil>,<nil>,<nil>,514,<nil>
361844569,<nil>,<nil>,<nil>,<nil>,<nil>,<nil>,<nil>,<nil>,72,<nil>
161238861,<nil>,<nil>,<nil>,<nil>,<nil>,<nil>,<nil>,<nil>,32,<nil>
2795458381,<nil>,<nil>,<nil>,<nil>,<nil>,<nil>,<nil>,<nil>,559,<nil>
1140608845,<nil>,<nil>,<nil>,<nil>,<nil>,<nil>,<nil>,<nil>,228,<nil>
3901574988,<nil>,<nil>,<nil>,<nil>,<nil>,<nil>,<nil>,<nil>,780,<nil>
2116833101,<nil>,<nil>,<nil>,<nil>,<nil>,<nil>,<nil>,<nil>,423,<nil>
2060472141,<nil>,<nil>,<nil>,<nil>,<nil>,<nil>,<nil>,<nil>,412,<nil>
457658212,<nil>,<nil>,<nil>,<nil>,<nil>,<nil>,<nil>,<nil>,91,<nil>
3921891149,<nil>,<nil>,<nil>,<nil>,<nil>,<nil>,<nil>,<nil>,784,<nil>
1267421016,<nil>,<nil>,<nil>,<nil>,<nil>,<nil>,<nil>,<nil>,253,<nil>
3632680793,<nil>,<nil>,<nil>,<nil>,<nil>,<nil>,<nil>,<nil>,726,<nil>
1952403288,<nil>,<nil>,<nil>,<nil>,<nil>,<nil>,<nil>,<nil>,390,<nil>
1165840204,<nil>,<nil>,<nil>,<nil>,<nil>,<nil>,<nil>,<nil>,233,<nil>
3475197773,<nil>,<nil>,<nil>,<nil>,<nil>,<nil>,<nil>,<nil>,695,<nil>
3640872804,<nil>,<nil>,<nil>,<nil>,<nil>,<nil>,<nil>,<nil>,728,<nil>
1437552460,<nil>,<nil>,<nil>,<nil>,<nil>,<nil>,<nil>,<nil>,287,<nil>
3938209624,<nil>,<nil>,<nil>,<nil>,<nil>,<nil>,<nil>,<nil>,787,<nil>
3040694105,<nil>,<nil>,<nil>,<nil>,<nil>,<nil>,<nil>,<nil>,608,<nil>
2029866829,<nil>,<nil>,<nil>,<nil>,<nil>,<nil>,<nil>,<nil>,405,<nil>
790646604,<nil>,<nil>,<nil>,<nil>,<nil>,<nil>,<nil>,<nil>,158,<nil>
3308539737,<nil>,<nil>,<nil>,<nil>,<nil>,<nil>,<nil>,<nil>,661,<nil>
2038236848,<nil>,<nil>,<nil>,<nil>,<nil>,<nil>,<nil>,<nil>,407,<nil>
535580493,<nil>,<nil>,<nil>,<nil>,<nil>,<nil>,<nil>,<nil>,107,<nil>
4179906380,<nil>,<nil>,<nil>,<nil>,<nil>,<nil>,<nil>,<nil>,835,<nil>
1819234137,<nil>,<nil>,<nil>,<nil>,<nil>,<nil>,<nil>,<nil>,363,<nil>
1482379097,<nil>,<nil>,<nil>,<nil>,<nil>,<nil>,<nil>,<nil>,296,<nil>
389304152,<nil>,<nil>,<nil>,<nil>,<nil>,<nil>,<nil>,<nil>,77,<nil>
3483193165,<nil>,<nil>,<nil>,<nil>,<nil>,<nil>,<nil>,<nil>,696,<nil>
3415345168,<nil>,<nil>,<nil>,<nil>,<nil>,<nil>,<nil>,<nil>,683,<nil>
2432323416,<nil>,<nil>,<nil>,<nil>,<nil>,<nil>,<nil>,<nil>,486,<nil>
4093464408,<nil>,<nil>,<nil>,<nil>,<nil>,<nil>,<nil>,<nil>,818,<nil>
3213426733,<nil>,<nil>,<nil>,<nil>,<nil>,<nil>,<nil>,<nil>,642,<nil>
3667677016,<nil>,<nil>,<nil>,<nil>,<nil>,<nil>,<nil>,<nil>,733,<nil>
2014662477,<nil>,<nil>,<nil>,<nil>,<nil>,<nil>,<nil>,<nil>,402,<nil>
219107161,<nil>,<nil>,<nil>,<nil>,<nil>,<nil>,<nil>,<nil>,43,<nil>
4027797325,<nil>,<nil>,<nil>,<nil>,<nil>,<nil>,<nil>,<nil>,805,<nil>
3695071053,<nil>,<nil>,<nil>,<nil>,<nil>,<nil>,<nil>,<nil>,739,<nil>
2383695716,<nil>,<nil>,<nil>,<nil>,<nil>,<nil>,<nil>,<nil>,476,<nil>
1850953549,<nil>,<nil>,<nil>,<nil>,<nil>,<nil>,<nil>,<nil>,370,<nil>
4159197016,<nil>,<nil>,<nil>,<nil>,<nil>,<nil>,<nil>,<nil>,831,<nil>
1775783757,<nil>,<nil>,<nil>,<nil>,<nil>,<nil>,<nil>,<nil>,355,<nil>
1007177561,<nil>,<nil>,<nil>,<nil>,<nil>,<nil>,<nil>,<nil>,201,<nil>
988958540,<nil>,<nil>,<nil>,<nil>,<nil>,<nil>,<nil>,<nil>,197,<nil>
2038564864,<nil>,<nil>,<nil>,<nil>,<nil>,<nil>,<nil>,<nil>,407,<nil>
4198125388,<nil>,<nil>,<nil>,<nil>,<nil>,<nil>,<nil>,<nil>,839,<nil>
2267762509,<nil>,<nil>,<nil>,<nil>,<nil>,<nil>,<nil>,<nil>,453,<nil>
1207390041,<nil>,<nil>,<nil>,<nil>,<nil>,<nil>,<nil>,<nil>,241,<nil>
3886829389,<nil>,<nil>,<nil>,<nil>,<nil>,<nil>,<nil>,<nil>,777,<nil>
3236777804,<nil>,<nil>,<nil>,<nil>,<nil>,<nil>,<nil>,<nil>,647,<nil>
2792181593,<nil>,<nil>,<nil>,<nil>,<nil>,<nil>,<nil>,<nil>,558,<nil>
1473007460,<nil>,<nil>,<nil>,<nil>,<nil>,<nil>,<nil>,<nil>,294,<nil>
1019760460,<nil>,<nil>,<nil>,<nil>,<nil>,<nil>,<nil>,<nil>,203,<nil>
559107929,<nil>,<nil>,<nil>,<nil>,<nil>,<nil>,<nil>,<nil>,111,<nil>
3188346713,<nil>,<nil>,<nil>,<nil>,<nil>,<nil>,<nil>,<nil>,637,<nil>
3326281392,<nil>,<nil>,<nil>,<nil>,<nil>,<nil>,<nil>,<nil>,665,<nil>
1701007180,<nil>,<nil>,<nil>,<nil>,<nil>,<nil>,<nil>,<nil>,340,<nil>
959663961,<nil>,<nil>,<nil>,<nil>,<nil>,<nil>,<nil>,<nil>,191,<nil>
3437711181,<nil>,<nil>,<nil>,<nil>,<nil>,<nil>,<nil>,<nil>,687,<nil>
1847218046,<nil>,<nil>,<nil>,<nil>,<nil>,<nil>,<nil>,<nil>,369,<nil>
4130164569,<nil>,<nil>,<nil>,<nil>,<nil>,<nil>,<nil>,<nil>,826,<nil>
2740801368,<nil>,<nil>,<nil>,<nil>,<nil>,<nil>,<nil>,<nil>,548,<nil>
505696077,<nil>,<nil>,<nil>,<nil>,<nil>,<nil>,<nil>,<nil>,101,<nil>
1500532557,<nil>,<nil>,<nil>,<nil>,<nil>,<nil>,<nil>,<nil>,300,<nil>
2990821220,<nil>,<nil>,<nil>,<nil>,<nil>,<nil>,<nil>,<nil>,598,<nil>
2285915980,<nil>,<nil>,<nil>,<nil>,<nil>,<nil>,<nil>,<nil>,457,<nil>
1949257561,<nil>,<nil>,<nil>,<nil>,<nil>,<nil>,<nil>,<nil>,389,<nil>
280055629,<nil>,<nil>,<nil>,<nil>,<nil>,<nil>,<nil>,<nil>,56,<nil>
3051376472,<nil>,<nil>,<nil>,<nil>,<nil>,<nil>,<nil>,<nil>,610,<nil>
3763228493,<nil>,<nil>,<nil>,<nil>,<nil>,<nil>,<nil>,<nil>,752,<nil>
2240630616,<nil>,<nil>,<nil>,<nil>,<nil>,<nil>,<nil>,<nil>,448,<nil>
1020415832,<nil>,<nil>,<nil>,<nil>,<nil>,<nil>,<nil>,<nil>,204,<nil>
3463728997,<nil>,<nil>,<nil>,<nil>,<nil>,<nil>,<nil>,<nil>,692,<nil>
2159759180,<nil>,<nil>,<nil>,<nil>,<nil>,<nil>,<nil>,<nil>,431,<nil>
4244459353,<nil>,<nil>,<nil>,<nil>,<nil>,<nil>,<nil>,<nil>,848,<nil>
3082684432,<nil>,<nil>,<nil>,<nil>,<nil>,<nil>,<nil>,<nil>,616,<nil>
3949154124,<nil>,<nil>,<nil>,<nil>,<nil>,<nil>,<nil>,<nil>,789,<nil>
2030522201,<nil>,<nil>,<nil>,<nil>,<nil>,<nil>,<nil>,<nil>,406,<nil>
501239629,<nil>,<nil>,<nil>,<nil>,<nil>,<nil>,<nil>,<nil>,100,<nil>
3704377164,<nil>,<nil>,<nil>,<nil>,<nil>,<nil>,<nil>,<nil>,740,<nil>
1334595405,<nil>,<nil>,<nil>,<nil>,<nil>,<nil>,<nil>,<nil>,266,<nil>
320473104,<nil>,<nil>,<nil>,<nil>,<nil>,<nil>,<nil>,<nil>,64,<nil>
2310557517,<nil>,<nil>,<nil>,<nil>,<nil>,<nil>,<nil>,<nil>,462,<nil>
2860142413,<nil>,<nil>,<nil>,<nil>,<nil>,<nil>,<nil>,<nil>,572,<nil>
1351176013,<nil>,<nil>,<nil>,<nil>,<nil>,<nil>,<nil>,<nil>,270,<nil>
1877299020,<nil>,<nil>,<nil>,<nil>,<nil>,<nil>,<nil>,<nil>,375,<nil>
217009996,<nil>,<nil>,<nil>,<nil>,<nil>,<nil>,<nil>,<nil>,43,<nil>
3457568600,<nil>,<nil>,<nil>,<nil>,<nil>,<nil>,<nil>,<nil>,691,<nil>
4103930856,<nil>,<nil>,<nil>,<nil>,<nil>,<nil>,<nil>,<nil>,820,<nil>
2630766425,<nil>,<nil>,<nil>,<nil>,<nil>,<nil>,<nil>,<nil>,526,<nil>
1388400472,<nil>,<nil>,<nil>,<nil>,<nil>,<nil>,<nil>,<nil>,277,<nil>
3365293900,<nil>,<nil>,<nil>,<nil>,<nil>,<nil>,<nil>,<nil>,673,<nil>
2752859992,<nil>,<nil>,<nil>,<nil>,<nil>,<nil>,<nil>,<nil>,550,<nil>
1595297613,<nil>,<nil>,<nil>,<nil>,<nil>,<nil>,<nil>,<nil>,319,<nil>
3092008793,<nil>,<nil>,<nil>,<nil>,<nil>,<nil>,<nil>,<nil>,618,<nil>
2646411280,<nil>,<nil>,<nil>,<nil>,<nil>,<nil>,<nil>,<nil>,529,<nil>
928862040,<nil>,<nil>,<nil>,<nil>,<nil>,<nil>,<nil>,<nil>,185,<nil>
2984005465,<nil>,<nil>,<nil>,<nil>,<nil>,<nil>,<nil>,<nil>,596,<nil>
2345094989,<nil>,<nil>,<nil>,<nil>,<nil>,<nil>,<nil>,<nil>,469,<nil>
1034112869,<nil>,<nil>,<nil>,<nil>,<nil>,<nil>,<nil>,<nil>,206,<nil>
3739832140,<nil>,<nil>,<nil>,<nil>,<nil>,<nil>,<nil>,<nil>,747,<nil>
2080460620,<nil>,<nil>,<nil>,<nil>,<nil>,<nil>,<nil>,<nil>,416,<nil>
1378821988,<nil>,<nil>,<nil>,<nil>,<nil>,<nil>,<nil>,<nil>,275,<nil>
391073624,<nil>,<nil>,<nil>,<nil>,<nil>,<nil>,<nil>,<nil>,78,<nil>
3167309644,<nil>,<nil>,<nil>,<nil>,<nil>,<nil>,<nil>,<nil>,633,<nil>
1612009316,<nil>,<nil>,<nil>,<nil>,<nil>,<nil>,<nil>,<nil>,322,<nil>
138956620,<nil>,<nil>,<nil>,<nil>,<nil>,<nil>,<nil>,<nil>,27,<nil>
3514453836,<nil>,<nil>,<nil>,<nil>,<nil>,<nil>,<nil>,<nil>,702,<nil>
1551847256,<nil>,<nil>,<nil>,<nil>,<nil>,<nil>,<nil>,<nil>,310,<nil>
45352960,<nil>,<nil>,<nil>,<nil>,<nil>,<nil>,<nil>,<nil>,9,<nil>
1610614446,<nil>,<nil>,<nil>,<nil>,<nil>,<nil>,<nil>,<nil>,322,<nil>
91049828,<nil>,<nil>,<nil>,<nil>,<nil>,<nil>,<nil>,<nil>,18,<nil>
117133132,<nil>,<nil>,<nil>,<nil>,<nil>,<nil>,<nil>,<nil>,23,<nil>
2342539097,<nil>,<nil>,<nil>,<nil>,<nil>,<nil>,<nil>,<nil>,468,<nil>
1978289996,<nil>,<nil>,<nil>,<nil>,<nil>,<nil>,<nil>,<nil>,395,<nil>
42749773,<nil>,<nil>,<nil>,<nil>,<nil>,<nil>,<nil>,<nil>,8,<nil>
2842120025,<nil>,<nil>,<nil>,<nil>,<nil>,<nil>,<nil>,<nil>,568,<nil>
112545625,<nil>,<nil>,<nil>,<nil>,<nil>,<nil>,<nil>,<nil>,22,<nil>
2144751437,<nil>,<nil>,<nil>,<nil>,<nil>,<nil>,<nil>,<nil>,428,<nil>
1936871244,<nil>,<nil>,<nil>,<nil>,<nil>,<nil>,<nil>,<nil>,387,<nil>
286347096,<nil>,<nil>,<nil>,<nil>,<nil>,<nil>,<nil>,<nil>,57,<nil>
2343128909,<nil>,<nil>,<nil>,<nil>,<nil>,<nil>,<nil>,<nil>,468,<nil>
1396395852,<nil>,<nil>,<nil>,<nil>,<nil>,<nil>,<nil>,<nil>,279,<nil>
3186839385,<nil>,<nil>,<nil>,<nil>,<nil>,<nil>,<nil>,<nil>,637,<nil>
562646873,<nil>,<nil>,<nil>,<nil>,<nil>,<nil>,<nil>,<nil>,112,<nil>
3838707375,<nil>,<nil>,<nil>,<nil>,<nil>,<nil>,<nil>,<nil>,767,<nil>
3700510540,<nil>,<nil>,<nil>,<nil>,<nil>,<nil>,<nil>,<nil>,740,<nil>
1905348440,<nil>,<nil>,<nil>,<nil>,<nil>,<nil>,<nil>,<nil>,381,<nil>
464015205,<nil>,<nil>,<nil>,<nil>,<nil>,<nil>,<nil>,<nil>,92,<nil>
2463125325,<nil>,<nil>,<nil>,<nil>,<nil>,<nil>,<nil>,<nil>,492,<nil>
3511701337,<nil>,<nil>,<nil>,<nil>,<nil>,<nil>,<nil>,<nil>,702,<nil>
2272087896,<nil>,<nil>,<nil>,<nil>,<nil>,<nil>,<nil>,<nil>,454,<nil>
3980545892,<nil>,<nil>,<nil>,<nil>,<nil>,<nil>,<nil>,<nil>,796,<nil>
4012461900,<nil>,<nil>,<nil>,<nil>,<nil>,<nil>,<nil>,<nil>,802,<nil>
2287488868,<nil>,<nil>,<nil>,<nil>,<nil>,<nil>,<nil>,<nil>,457,<nil>
985419596,<nil>,<nil>,<nil>,<nil>,<nil>,<nil>,<nil>,<nil>,197,<nil>
3069464409,<nil>,<nil>,<nil>,<nil>,<nil>,<nil>,<nil>,<nil>,613,<nil>
2147503961,<nil>,<nil>,<nil>,<nil>,<nil>,<nil>,<nil>,<nil>,429,<nil>
555110233,<nil>,<nil>,<nil>,<nil>,<nil>,<nil>,<nil>,<nil>,111,<nil>
3117680680,<nil>,<nil>,<nil>,<nil>,<nil>,<nil>,<nil>,<nil>,623,<nil>
2704691021,<nil>,<nil>,<nil>,<nil>,<nil>,<nil>,<nil>,<nil>,540,<nil>
866584592,<nil>,<nil>,<nil>,<nil>,<nil>,<nil>,<nil>,<nil>,173,<nil>
3148894040,<nil>,<nil>,<nil>,<nil>,<nil>,<nil>,<nil>,<nil>,629,<nil>
1627344716,<nil>,<nil>,<nil>,<nil>,<nil>,<nil>,<nil>,<nil>,325,<nil>
3825749837,<nil>,<nil>,<nil>,<nil>,<nil>,<nil>,<nil>,<nil>,765,<nil>
1723223885,<nil>,<nil>,<nil>,<nil>,<nil>,<nil>,<nil>,<nil>,344,<nil>
900532265,<nil>,<nil>,<nil>,<nil>,<nil>,<nil>,<nil>,<nil>,180,<nil>
2578337625,<nil>,<nil>,<nil>,<nil>,<nil>,<nil>,<nil>,<nil>,515,<nil>
964644709,<nil>,<nil>,<nil>,<nil>,<nil>,<nil>,<nil>,<nil>,192,<nil>
3997060941,<nil>,<nil>,<nil>,<nil>,<nil>,<nil>,<nil>,<nil>,799,<nil>
2349420377,<nil>,<nil>,<nil>,<nil>,<nil>,<nil>,<nil>,<nil>,469,<nil>
1540706124,<nil>,<nil>,<nil>,<nil>,<nil>,<nil>,<nil>,<nil>,308,<nil>
2515881804,<nil>,<nil>,<nil>,<nil>,<nil>,<nil>,<nil>,<nil>,503,<nil>
596594521,<nil>,<nil>,<nil>,<nil>,<nil>,<nil>,<nil>,<nil>,119,<nil>
399920973,<nil>,<nil>,<nil>,<nil>,<nil>,<nil>,<nil>,<nil>,79,<nil>
1179519017,<nil>,<nil>,<nil>,<nil>,<nil>,<nil>,<nil>,<nil>,235,<nil>
3853012824,<nil>,<nil>,<nil>,<nil>,<nil>,<nil>,<nil>,<nil>,770,<nil>
3358543692,<nil>,<nil>,<nil>,<nil>,<nil>,<nil>,<nil>,<nil>,671,<nil>
1694257572,<nil>,<nil>,<nil>,<nil>,<nil>,<nil>,<nil>,<nil>,338,<nil>
3623636813,<nil>,<nil>,<nil>,<nil>,<nil>,<nil>,<nil>,<nil>,724,<nil>
1963020109,<nil>,<nil>,<nil>,<nil>,<nil>,<nil>,<nil>,<nil>,392,<nil>
216944485,<nil>,<nil>,<nil>,<nil>,<nil>,<nil>,<nil>,<nil>,43,<nil>
2913488716,<nil>,<nil>,<nil>,<nil>,<nil>,<nil>,<nil>,<nil>,582,<nil>
1130319693,<nil>,<nil>,<nil>,<nil>,<nil>,<nil>,<nil>,<nil>,226,<nil>
3779219289,<nil>,<nil>,<nil>,<nil>,<nil>,<nil>,<nil>,<nil>,755,<nil>
166154073,<nil>,<nil>,<nil>,<nil>,<nil>,<nil>,<nil>,<nil>,33,<nil>
3208531788,<nil>,<nil>,<nil>,<nil>,<nil>,<nil>,<nil>,<nil>,641,<nil>
2965851685,<nil>,<nil>,<nil>,<nil>,<nil>,<nil>,<nil>,<nil>,593,<nil>
128143180,<nil>,<nil>,<nil>,<nil>,<nil>,<nil>,<nil>,<nil>,25,<nil>
2505133913,<nil>,<nil>,<nil>,<nil>,<nil>,<nil>,<nil>,<nil>,501,<nil>
2457030488,<nil>,<nil>,<nil>,<nil>,<nil>,<nil>,<nil>,<nil>,491,<nil>
798314328,<nil>,<nil>,<nil>,<nil>,<nil>,<nil>,<nil>,<nil>,159,<nil>
2854506317,<nil>,<nil>,<nil>,<nil>,<nil>,<nil>,<nil>,<nil>,570,<nil>
1354714969,<nil>,<nil>,<nil>,<nil>,<nil>,<nil>,<nil>,<nil>,270,<nil>
3528413017,<nil>,<nil>,<nil>,<nil>,<nil>,<nil>,<nil>,<nil>,705,<nil>
3271577421,<nil>,<nil>,<nil>,<nil>,<nil>,<nil>,<nil>,<nil>,654,<nil>
4009174890,<nil>,<nil>,<nil>,<nil>,<nil>,<nil>,<nil>,<nil>,801,<nil>
1128400896,<nil>,<nil>,<nil>,<nil>,<nil>,<nil>,<nil>,<nil>,225,<nil>
3123859277,<nil>,<nil>,<nil>,<nil>,<nil>,<nil>,<nil>,<nil>,624,<nil>
3217706840,<nil>,<nil>,<nil>,<nil>,<nil>,<nil>,<nil>,<nil>,643,<nil>
1447972685,<nil>,<nil>,<nil>,<nil>,<nil>,<nil>,<nil>,<nil>,289,<nil>
354832204,<nil>,<nil>,<nil>,<nil>,<nil>,<nil>,<nil>,<nil>,70,<nil>
3685699455,<nil>,<nil>,<nil>,<nil>,<nil>,<nil>,<nil>,<nil>,737,<nil>
1776308044,<nil>,<nil>,<nil>,<nil>,<nil>,<nil>,<nil>,<nil>,355,<nil>
4140519245,<nil>,<nil>,<nil>,<nil>,<nil>,<nil>,<nil>,<nil>,828,<nil>
2834059108,<nil>,<nil>,<nil>,<nil>,<nil>,<nil>,<nil>,<nil>,566,<nil>
2001489741,<nil>,<nil>,<nil>,<nil>,<nil>,<nil>,<nil>,<nil>,400,<nil>
14372714,<nil>,<nil>,<nil>,<nil>,<nil>,<nil>,<nil>,<nil>,2,<nil>
2914713706,<nil>,<nil>,<nil>,<nil>,<nil>,<nil>,<nil>,<nil>,582,<nil>
1304579928,<nil>,<nil>,<nil>,<nil>,<nil>,<nil>,<nil>,<nil>,260,<nil>
3800321869,<nil>,<nil>,<nil>,<nil>,<nil>,<nil>,<nil>,<nil>,760,<nil>
2134527832,<nil>,<nil>,<nil>,<nil>,<nil>,<nil>,<nil>,<nil>,426,<nil>
44257101,<nil>,<nil>,<nil>,<nil>,<nil>,<nil>,<nil>,<nil>,8,<nil>
2653572940,<nil>,<nil>,<nil>,<nil>,<nil>,<nil>,<nil>,<nil>,530,<nil>
1812746085,<nil>,<nil>,<nil>,<nil>,<nil>,<nil>,<nil>,<nil>,362,<nil>
75386700,<nil>,<nil>,<nil>,<nil>,<nil>,<nil>,<nil>,<nil>,15,<nil>
2598784857,<nil>,<nil>,<nil>,<nil>,<nil>,<nil>,<nil>,<nil>,519,<nil>
1954414605,<nil>,<nil>,<nil>,<nil>,<nil>,<nil>,<nil>,<nil>,390,<nil>
192808960,<nil>,<nil>,<nil>,<nil>,<nil>,<nil>,<nil>,<nil>,38,<nil>
2174897996,<nil>,<nil>,<nil>,<nil>,<nil>,<nil>,<nil>,<nil>,434,<nil>
255086425,<nil>,<nil>,<nil>,<nil>,<nil>,<nil>,<nil>,<nil>,51,<nil>
1904955263,<nil>,<nil>,<nil>,<nil>,<nil>,<nil>,<nil>,<nil>,380,<nil>
1065635673,<nil>,<nil>,<nil>,<nil>,<nil>,<nil>,<nil>,<nil>,213,<nil>
3748155237,<nil>,<nil>,<nil>,<nil>,<nil>,<nil>,<nil>,<nil>,749,<nil>
3194965848,<nil>,<nil>,<nil>,<nil>,<nil>,<nil>,<nil>,<nil>,638,<nil>
800345944,<nil>,<nil>,<nil>,<nil>,<nil>,<nil>,<nil>,<nil>,160,<nil>
3423424332,<nil>,<nil>,<nil>,<nil>,<nil>,<nil>,<nil>,<nil>,684,<nil>
1353469785,<nil>,<nil>,<nil>,<nil>,<nil>,<nil>,<nil>,<nil>,270,<nil>
4038217573,<nil>,<nil>,<nil>,<nil>,<nil>,<nil>,<nil>,<nil>,807,<nil>
2161463128,<nil>,<nil>,<nil>,<nil>,<nil>,<nil>,<nil>,<nil>,432,<nil>
1603096421,<nil>,<nil>,<nil>,<nil>,<nil>,<nil>,<nil>,<nil>,320,<nil>
3646115700,<nil>,<nil>,<nil>,<nil>,<nil>,<nil>,<nil>,<nil>,729,<nil>
3138062352,<nil>,<nil>,<nil>,<nil>,<nil>,<nil>,<nil>,<nil>,627,<nil>
1131237196,<nil>,<nil>,<nil>,<nil>,<nil>,<nil>,<nil>,<nil>,226,<nil>
3799994201,<nil>,<nil>,<nil>,<nil>,<nil>,<nil>,<nil>,<nil>,759,<nil>
1962299212,<nil>,<nil>,<nil>,<nil>,<nil>,<nil>,<nil>,<nil>,392,<nil>
8539980,<nil>,<nil>,<nil>,<nil>,<nil>,<nil>,<nil>,<nil>,1,<nil>
2644004684,<nil>,<nil>,<nil>,<nil>,<nil>,<nil>,<nil>,<nil>,528,<nil>
418205517,<nil>,<nil>,<nil>,<nil>,<nil>,<nil>,<nil>,<nil>,83,<nil>
355880780,<nil>,<nil>,<nil>,<nil>,<nil>,<nil>,<nil>,<nil>,71,<nil>
2581417817,<nil>,<nil>,<nil>,<nil>,<nil>,<nil>,<nil>,<nil>,516,<nil>
1038241612,<nil>,<nil>,<nil>,<nil>,<nil>,<nil>,<nil>,<nil>,207,<nil>
3726772224,<nil>,<nil>,<nil>,<nil>,<nil>,<nil>,<nil>,<nil>,745,<nil>
2961592164,<nil>,<nil>,<nil>,<nil>,<nil>,<nil>,<nil>,<nil>,592,<nil>
1085034328,<nil>,<nil>,<nil>,<nil>,<nil>,<nil>,<nil>,<nil>,217,<nil>
522735460,<nil>,<nil>,<nil>,<nil>,<nil>,<nil>,<nil>,<nil>,104,<nil>
2336706392,<nil>,<nil>,<nil>,<nil>,<nil>,<nil>,<nil>,<nil>,467,<nil>
812142412,<nil>,<nil>,<nil>,<nil>,<nil>,<nil>,<nil>,<nil>,162,<nil>
51335000,<nil>,<nil>,<nil>,<nil>,<nil>,<nil>,<nil>,<nil>,10,<nil>
1463111525,<nil>,<nil>,<nil>,<nil>,<nil>,<nil>,<nil>,<nil>,292,<nil>
3869658956,<nil>,<nil>,<nil>,<nil>,<nil>,<nil>,<nil>,<nil>,773,<nil>
3688237056,<nil>,<nil>,<nil>,<nil>,<nil>,<nil>,<nil>,<nil>,737,<nil>
2019774297,<nil>,<nil>,<nil>,<nil>,<nil>,<nil>,<nil>,<nil>,403,<nil>
914902860,<nil>,<nil>,<nil>,<nil>,<nil>,<nil>,<nil>,<nil>,182,<nil>
3872935768,<nil>,<nil>,<nil>,<nil>,<nil>,<nil>,<nil>,<nil>,774,<nil>
3085127513,<nil>,<nil>,<nil>,<nil>,<nil>,<nil>,<nil>,<nil>,617,<nil>
1570262873,<nil>,<nil>,<nil>,<nil>,<nil>,<nil>,<nil>,<nil>,314,<nil>
1066094424,<nil>,<nil>,<nil>,<nil>,<nil>,<nil>,<nil>,<nil>,213,<nil>
3396751193,<nil>,<nil>,<nil>,<nil>,<nil>,<nil>,<nil>,<nil>,679,<nil>
1861177176,<nil>,<nil>,<nil>,<nil>,<nil>,<nil>,<nil>,<nil>,372,<nil>
4190261068,<nil>,<nil>,<nil>,<nil>,<nil>,<nil>,<nil>,<nil>,838,<nil>
2565295961,<nil>,<nil>,<nil>,<nil>,<nil>,<nil>,<nil>,<nil>,513,<nil>
102172335,<nil>,<nil>,<nil>,<nil>,<nil>,<nil>,<nil>,<nil>,20,<nil>
1778995044,<nil>,<nil>,<nil>,<nil>,<nil>,<nil>,<nil>,<nil>,355,<nil>
1854295925,<nil>,<nil>,<nil>,<nil>,<nil>,<nil>,<nil>,<nil>,370,<nil>
1622298457,<nil>,<nil>,<nil>,<nil>,<nil>,<nil>,<nil>,<nil>,324,<nil>
3358084953,<nil>,<nil>,<nil>,<nil>,<nil>,<nil>,<nil>,<nil>,671,<nil>
1507807065,<nil>,<nil>,<nil>,<nil>,<nil>,<nil>,<nil>,<nil>,301,<nil>
408375116,<nil>,<nil>,<nil>,<nil>,<nil>,<nil>,<nil>,<nil>,81,<nil>
2728021849,<nil>,<nil>,<nil>,<nil>,<nil>,<nil>,<nil>,<nil>,545,<nil>
1651312656,<nil>,<nil>,<nil>,<nil>,<nil>,<nil>,<nil>,<nil>,330,<nil>
4254617420,<nil>,<nil>,<nil>,<nil>,<nil>,<nil>,<nil>,<nil>,850,<nil>
3573219373,<nil>,<nil>,<nil>,<nil>,<nil>,<nil>,<nil>,<nil>,714,<nil>
269897561,<nil>,<nil>,<nil>,<nil>,<nil>,<nil>,<nil>,<nil>,53,<nil>
3032239960,<nil>,<nil>,<nil>,<nil>,<nil>,<nil>,<nil>,<nil>,606,<nil>
2325106533,<nil>,<nil>,<nil>,<nil>,<nil>,<nil>,<nil>,<nil>,465,<nil>
1732136781,<nil>,<nil>,<nil>,<nil>,<nil>,<nil>,<nil>,<nil>,346,<nil>
273239908,<nil>,<nil>,<nil>,<nil>,<nil>,<nil>,<nil>,<nil>,54,<nil>
3597927414,<nil>,<nil>,<nil>,<nil>,<nil>,<nil>,<nil>,<nil>,719,<nil>
75255640,<nil>,<nil>,<nil>,<nil>,<nil>,<nil>,<nil>,<nil>,15,<nil>
2294763353,<nil>,<nil>,<nil>,<nil>,<nil>,<nil>,<nil>,<nil>,458,<nil>
529616757,<nil>,<nil>,<nil>,<nil>,<nil>,<nil>,<nil>,<nil>,105,<nil>
1262047052,<nil>,<nil>,<nil>,<nil>,<nil>,<nil>,<nil>,<nil>,252,<nil>
3160493900,<nil>,<nil>,<nil>,<nil>,<nil>,<nil>,<nil>,<nil>,632,<nil>
2983022424,<nil>,<nil>,<nil>,<nil>,<nil>,<nil>,<nil>,<nil>,596,<nil>
1984712549,<nil>,<nil>,<nil>,<nil>,<nil>,<nil>,<nil>,<nil>,396,<nil>
308530656,<nil>,<nil>,<nil>,<nil>,<nil>,<nil>,<nil>,<nil>,61,<nil>
3210891097,<nil>,<nil>,<nil>,<nil>,<nil>,<nil>,<nil>,<nil>,642,<nil>
2719895373,<nil>,<nil>,<nil>,<nil>,<nil>,<nil>,<nil>,<nil>,543,<nil>
3332067161,<nil>,<nil>,<nil>,<nil>,<nil>,<nil>,<nil>,<nil>,666,<nil>
1989478496,<nil>,<nil>,<nil>,<nil>,<nil>,<nil>,<nil>,<nil>,397,<nil>
865292108,<nil>,<nil>,<nil>,<nil>,<nil>,<nil>,<nil>,<nil>,173,<nil>
4154281817,<nil>,<nil>,<nil>,<nil>,<nil>,<nil>,<nil>,<nil>,830,<nil>
2608811852,<nil>,<nil>,<nil>,<nil>,<nil>,<nil>,<nil>,<nil>,521,<nil>
676941645,<nil>,<nil>,<nil>,<nil>,<nil>,<nil>,<nil>,<nil>,135,<nil>
345853773,<nil>,<nil>,<nil>,<nil>,<nil>,<nil>,<nil>,<nil>,69,<nil>
3990376268,<nil>,<nil>,<nil>,<nil>,<nil>,<nil>,<nil>,<nil>,798,<nil>
2071285593,<nil>,<nil>,<nil>,<nil>,<nil>,<nil>,<nil>,<nil>,414,<nil>
1851150156,<nil>,<nil>,<nil>,<nil>,<nil>,<nil>,<nil>,<nil>,370,<nil>
55856984,<nil>,<nil>,<nil>,<nil>,<nil>,<nil>,<nil>,<nil>,11,<nil>
3392425817,<nil>,<nil>,<nil>,<nil>,<nil>,<nil>,<nil>,<nil>,678,<nil>
1848004428,<nil>,<nil>,<nil>,<nil>,<nil>,<nil>,<nil>,<nil>,369,<nil>
56446809,<nil>,<nil>,<nil>,<nil>,<nil>,<nil>,<nil>,<nil>,11,<nil>
2679131981,<nil>,<nil>,<nil>,<nil>,<nil>,<nil>,<nil>,<nil>,535,<nil>
633753460,<nil>,<nil>,<nil>,<nil>,<nil>,<nil>,<nil>,<nil>,126,<nil>
3445751914,<nil>,<nil>,<nil>,<nil>,<nil>,<nil>,<nil>,<nil>,689,<nil>
1837256536,<nil>,<nil>,<nil>,<nil>,<nil>,<nil>,<nil>,<nil>,367,<nil>
37965645,<nil>,<nil>,<nil>,<nil>,<nil>,<nil>,<nil>,<nil>,7,<nil>
2655342412,<nil>,<nil>,<nil>,<nil>,<nil>,<nil>,<nil>,<nil>,531,<nil>
1142312780,<nil>,<nil>,<nil>,<nil>,<nil>,<nil>,<nil>,<nil>,228,<nil>
3053866840,<nil>,<nil>,<nil>,<nil>,<nil>,<nil>,<nil>,<nil>,610,<nil>
1541689176,<nil>,<nil>,<nil>,<nil>,<nil>,<nil>,<nil>,<nil>,308,<nil>
3741798221,<nil>,<nil>,<nil>,<nil>,<nil>,<nil>,<nil>,<nil>,748,<nil>
2355187532,<nil>,<nil>,<nil>,<nil>,<nil>,<nil>,<nil>,<nil>,471,<nil>
695684940,<nil>,<nil>,<nil>,<nil>,<nil>,<nil>,<nil>,<nil>,139,<nil>
3345960792,<nil>,<nil>,<nil>,<nil>,<nil>,<nil>,<nil>,<nil>,669,<nil>
1742603951,<nil>,<nil>,<nil>,<nil>,<nil>,<nil>,<nil>,<nil>,348,<nil>
3937994768,<nil>,<nil>,<nil>,<nil>,<nil>,<nil>,<nil>,<nil>,787,<nil>
1654738777,<nil>,<nil>,<nil>,<nil>,<nil>,<nil>,<nil>,<nil>,330,<nil>
4292104025,<nil>,<nil>,<nil>,<nil>,<nil>,<nil>,<nil>,<nil>,858,<nil>
2753318744,<nil>,<nil>,<nil>,<nil>,<nil>,<nil>,<nil>,<nil>,550,<nil>
810307405,<nil>,<nil>,<nil>,<nil>,<nil>,<nil>,<nil>,<nil>,162,<nil>
3992454121,<nil>,<nil>,<nil>,<nil>,<nil>,<nil>,<nil>,<nil>,798,<nil>
1798393689,<nil>,<nil>,<nil>,<nil>,<nil>,<nil>,<nil>,<nil>,359,<nil>
122180004,<nil>,<nil>,<nil>,<nil>,<nil>,<nil>,<nil>,<nil>,24,<nil>
2456178520,<nil>,<nil>,<nil>,<nil>,<nil>,<nil>,<nil>,<nil>,491,<nil>
365121357,<nil>,<nil>,<nil>,<nil>,<nil>,<nil>,<nil>,<nil>,73,<nil>
3000979277,<nil>,<nil>,<nil>,<nil>,<nil>,<nil>,<nil>,<nil>,600,<nil>
1477529432,<nil>,<nil>,<nil>,<nil>,<nil>,<nil>,<nil>,<nil>,295,<nil>
38602415,<nil>,<nil>,<nil>,<nil>,<nil>,<nil>,<nil>,<nil>,7,<nil>
1863274328,<nil>,<nil>,<nil>,<nil>,<nil>,<nil>,<nil>,<nil>,372,<nil>
225070937,<nil>,<nil>,<nil>,<nil>,<nil>,<nil>,<nil>,<nil>,45,<nil>
2952005673,<nil>,<nil>,<nil>,<nil>,<nil>,<nil>,<nil>,<nil>,590,<nil>
1607552844,<nil>,<nil>,<nil>,<nil>,<nil>,<nil>,<nil>,<nil>,321,<nil>
3969208141,<nil>,<nil>,<nil>,<nil>,<nil>,<nil>,<nil>,<nil>,793,<nil>
2348418724,<nil>,<nil>,<nil>,<nil>,<nil>,<nil>,<nil>,<nil>,469,<nil>
4121055092,<nil>,<nil>,<nil>,<nil>,<nil>,<nil>,<nil>,<nil>,824,<nil>
2689748824,<nil>,<nil>,<nil>,<nil>,<nil>,<nil>,<nil>,<nil>,537,<nil>
1017007948,<nil>,<nil>,<nil>,<nil>,<nil>,<nil>,<nil>,<nil>,203,<nil>
3588116324,<nil>,<nil>,<nil>,<nil>,<nil>,<nil>,<nil>,<nil>,717,<nil>
1847217996,<nil>,<nil>,<nil>,<nil>,<nil>,<nil>,<nil>,<nil>,369,<nil>
357388109,<nil>,<nil>,<nil>,<nil>,<nil>,<nil>,<nil>,<nil>,71,<nil>
2110082893,<nil>,<nil>,<nil>,<nil>,<nil>,<nil>,<nil>,<nil>,422,<nil>
573460300,<nil>,<nil>,<nil>,<nil>,<nil>,<nil>,<nil>,<nil>,114,<nil>
3139260260,<nil>,<nil>,<nil>,<nil>,<nil>,<nil>,<nil>,<nil>,627,<nil>
1230702633,<nil>,<nil>,<nil>,<nil>,<nil>,<nil>,<nil>,<nil>,246,<nil>
4192882520,<nil>,<nil>,<nil>,<nil>,<nil>,<nil>,<nil>,<nil>,838,<nil>
2248429389,<nil>,<nil>,<nil>,<nil>,<nil>,<nil>,<nil>,<nil>,449,<nil>
920782512,<nil>,<nil>,<nil>,<nil>,<nil>,<nil>,<nil>,<nil>,184,<nil>
2717470564,<nil>,<nil>,<nil>,<nil>,<nil>,<nil>,<nil>,<nil>,543,<nil>
1396264780,<nil>,<nil>,<nil>,<nil>,<nil>,<nil>,<nil>,<nil>,279,<nil>
3321974605,<nil>,<nil>,<nil>,<nil>,<nil>,<nil>,<nil>,<nil>,664,<nil>
1867665252,<nil>,<nil>,<nil>,<nil>,<nil>,<nil>,<nil>,<nil>,373,<nil>
137449304,<nil>,<nil>,<nil>,<nil>,<nil>,<nil>,<nil>,<nil>,27,<nil>
2637320013,<nil>,<nil>,<nil>,<nil>,<nil>,<nil>,<nil>,<nil>,527,<nil>
536432461,<nil>,<nil>,<nil>,<nil>,<nil>,<nil>,<nil>,<nil>,107,<nil>
3171045197,<nil>,<nil>,<nil>,<nil>,<nil>,<nil>,<nil>,<nil>,634,<nil>
1855399781,<nil>,<nil>,<nil>,<nil>,<nil>,<nil>,<nil>,<nil>,371,<nil>
4143730509,<nil>,<nil>,<nil>,<nil>,<nil>,<nil>,<nil>,<nil>,828,<nil>
2611695436,<nil>,<nil>,<nil>,<nil>,<nil>,<nil>,<nil>,<nil>,522,<nil>
1245859660,<nil>,<nil>,<nil>,<nil>,<nil>,<nil>,<nil>,<nil>,249,<nil>
3452391256,<nil>,<nil>,<nil>,<nil>,<nil>,<nil>,<nil>,<nil>,690,<nil>
1191006028,<nil>,<nil>,<nil>,<nil>,<nil>,<nil>,<nil>,<nil>,238,<nil>
3857600345,<nil>,<nil>,<nil>,<nil>,<nil>,<nil>,<nil>,<nil>,771,<nil>
2099597156,<nil>,<nil>,<nil>,<nil>,<nil>,<nil>,<nil>,<nil>,419,<nil>
810700632,<nil>,<nil>,<nil>,<nil>,<nil>,<nil>,<nil>,<nil>,162,<nil>
