Sample Number,DateTime GMT,Latitude,Longitude,Altitude_mASL,NumSats,GPSLevel,RC Connected,Fix,OffsetSeconds,DateTime UTC
1280802816,<nil>,<nil>,<nil>,<nil>,<nil>,<nil>,<nil>,<nil>,256,<nil>
697061209,<nil>,<nil>,<nil>,<nil>,<nil>,<nil>,<nil>,<nil>,139,<nil>
2598963419,<nil>,<nil>,<nil>,<nil>,<nil>,<nil>,<nil>,<nil>,519,<nil>
1204158565,<nil>,<nil>,<nil>,<nil>,<nil>,<nil>,<nil>,<nil>,240,<nil>
434655052,<nil>,<nil>,<nil>,<nil>,<nil>,<nil>,<nil>,<nil>,86,<nil>
2514964330,<nil>,<nil>,<nil>,<nil>,<nil>,<nil>,<nil>,<nil>,502,<nil>
2184138585,<nil>,<nil>,<nil>,<nil>,<nil>,<nil>,<nil>,<nil>,436,<nil>
2256162636,<nil>,<nil>,<nil>,<nil>,<nil>,<nil>,<nil>,<nil>,451,<nil>
522735460,<nil>,<nil>,<nil>,<nil>,<nil>,<nil>,<nil>,<nil>,104,<nil>
3386199896,<nil>,<nil>,<nil>,<nil>,<nil>,<nil>,<nil>,<nil>,677,<nil>
4226699084,<nil>,<nil>,<nil>,<nil>,<nil>,<nil>,<nil>,<nil>,845,<nil>
3158462309,<nil>,<nil>,<nil>,<nil>,<nil>,<nil>,<nil>,<nil>,631,<nil>
1310216025,<nil>,<nil>,<nil>,<nil>,<nil>,<nil>,<nil>,<nil>,262,<nil>
1325139620,<nil>,<nil>,<nil>,<nil>,<nil>,<nil>,<nil>,<nil>,265,<nil>
3295367000,<nil>,<nil>,<nil>,<nil>,<nil>,<nil>,<nil>,<nil>,659,<nil>
1647071053,<nil>,<nil>,<nil>,<nil>,<nil>,<nil>,<nil>,<nil>,329,<nil>
258559820,<nil>,<nil>,<nil>,<nil>,<nil>,<nil>,<nil>,<nil>,51,<nil>
2486259545,<nil>,<nil>,<nil>,<nil>,<nil>,<nil>,<nil>,<nil>,497,<nil>
1378963276,<nil>,<nil>,<nil>,<nil>,<nil>,<nil>,<nil>,<nil>,275,<nil>
3934965214,<nil>,<nil>,<nil>,<nil>,<nil>,<nil>,<nil>,<nil>,786,<nil>
1632653144,<nil>,<nil>,<nil>,<nil>,<nil>,<nil>,<nil>,<nil>,326,<nil>
3974057816,<nil>,<nil>,<nil>,<nil>,<nil>,<nil>,<nil>,<nil>,794,<nil>
2330742617,<nil>,<nil>,<nil>,<nil>,<nil>,<nil>,<nil>,<nil>,466,<nil>
934825804,<nil>,<nil>,<nil>,<nil>,<nil>,<nil>,<nil>,<nil>,186,<nil>
3165540185,<nil>,<nil>,<nil>,<nil>,<nil>,<nil>,<nil>,<nil>,633,<nil>
2108696422,<nil>,<nil>,<nil>,<nil>,<nil>,<nil>,<nil>,<nil>,421,<nil>
4085450793,<nil>,<nil>,<nil>,<nil>,<nil>,<nil>,<nil>,<nil>,817,<nil>
2095665022,<nil>,<nil>,<nil>,<nil>,<nil>,<nil>,<nil>,<nil>,419,<nil>
135810916,<nil>,<nil>,<nil>,<nil>,<nil>,<nil>,<nil>,<nil>,27,<nil>
3135197016,<nil>,<nil>,<nil>,<nil>,<nil>,<nil>,<nil>,<nil>,627,<nil>
2644856652,<nil>,<nil>,<nil>,<nil>,<nil>,<nil>,<nil>,<nil>,528,<nil>
28659532,<nil>,<nil>,<nil>,<nil>,<nil>,<nil>,<nil>,<nil>,5,<nil>
2917009448,<nil>,<nil>,<nil>,<nil>,<nil>,<nil>,<nil>,<nil>,583,<nil>
949946576,<nil>,<nil>,<nil>,<nil>,<nil>,<nil>,<nil>,<nil>,189,<nil>
3284291429,<nil>,<nil>,<nil>,<nil>,<nil>,<nil>,<nil>,<nil>,656,<nil>
1854820173,<nil>,<nil>,<nil>,<nil>,<nil>,<nil>,<nil>,<nil>,370,<nil>
321277772,<nil>,<nil>,<nil>,<nil>,<nil>,<nil>,<nil>,<nil>,64,<nil>
2974568269,<nil>,<nil>,<nil>,<nil>,<nil>,<nil>,<nil>,<nil>,594,<nil>
742543193,<nil>,<nil>,<nil>,<nil>,<nil>,<nil>,<nil>,<nil>,148,<nil>
3366735693,<nil>,<nil>,<nil>,<nil>,<nil>,<nil>,<nil>,<nil>,673,<nil>
1412058957,<nil>,<nil>,<nil>,<nil>,<nil>,<nil>,<nil>,<nil>,282,<nil>
170151756,<nil>,<nil>,<nil>,<nil>,<nil>,<nil>,<nil>,<nil>,34,<nil>
2105298777,<nil>,<nil>,<nil>,<nil>,<nil>,<nil>,<nil>,<nil>,421,<nil>
780029797,<nil>,<nil>,<nil>,<nil>,<nil>,<nil>,<nil>,<nil>,156,<nil>
3790014116,<nil>,<nil>,<nil>,<nil>,<nil>,<nil>,<nil>,<nil>,758,<nil>
1544965976,<nil>,<nil>,<nil>,<nil>,<nil>,<nil>,<nil>,<nil>,308,<nil>
4168699724,<nil>,<nil>,<nil>,<nil>,<nil>,<nil>,<nil>,<nil>,833,<nil>
1941524301,<nil>,<nil>,<nil>,<nil>,<nil>,<nil>,<nil>,<nil>,388,<nil>
567234392,<nil>,<nil>,<nil>,<nil>,<nil>,<nil>,<nil>,<nil>,113,<nil>
3334164300,<nil>,<nil>,<nil>,<nil>,<nil>,<nil>,<nil>,<nil>,666,<nil>
1863649280,<nil>,<nil>,<nil>,<nil>,<nil>,<nil>,<nil>,<nil>,372,<nil>
3453046605,<nil>,<nil>,<nil>,<nil>,<nil>,<nil>,<nil>,<nil>,690,<nil>
1793937229,<nil>,<nil>,<nil>,<nil>,<nil>,<nil>,<nil>,<nil>,358,<nil>
4142485337,<nil>,<nil>,<nil>,<nil>,<nil>,<nil>,<nil>,<nil>,828,<nil>
2889174860,<nil>,<nil>,<nil>,<nil>,<nil>,<nil>,<nil>,<nil>,577,<nil>
820268889,<nil>,<nil>,<nil>,<nil>,<nil>,<nil>,<nil>,<nil>,164,<nil>
3426111308,<nil>,<nil>,<nil>,<nil>,<nil>,<nil>,<nil>,<nil>,685,<nil>
2054751918,<nil>,<nil>,<nil>,<nil>,<nil>,<nil>,<nil>,<nil>,410,<nil>
4266741592,<nil>,<nil>,<nil>,<nil>,<nil>,<nil>,<nil>,<nil>,853,<nil>
2164739928,<nil>,<nil>,<nil>,<nil>,<nil>,<nil>,<nil>,<nil>,432,<nil>
87379801,<nil>,<nil>,<nil>,<nil>,<nil>,<nil>,<nil>,<nil>,17,<nil>
3274002252,<nil>,<nil>,<nil>,<nil>,<nil>,<nil>,<nil>,<nil>,654,<nil>
1199066957,<nil>,<nil>,<nil>,<nil>,<nil>,<nil>,<nil>,<nil>,239,<nil>
249233519,<nil>,<nil>,<nil>,<nil>,<nil>,<nil>,<nil>,<nil>,49,<nil>
2405107808,<nil>,<nil>,<nil>,<nil>,<nil>,<nil>,<nil>,<nil>,481,<nil>
148852607,<nil>,<nil>,<nil>,<nil>,<nil>,<nil>,<nil>,<nil>,29,<nil>
2684571468,<nil>,<nil>,<nil>,<nil>,<nil>,<nil>,<nil>,<nil>,536,<nil>
900681549,<nil>,<nil>,<nil>,<nil>,<nil>,<nil>,<nil>,<nil>,180,<nil>
3383185229,<nil>,<nil>,<nil>,<nil>,<nil>,<nil>,<nil>,<nil>,676,<nil>
1998278476,<nil>,<nil>,<nil>,<nil>,<nil>,<nil>,<nil>,<nil>,399,<nil>
4058271576,<nil>,<nil>,<nil>,<nil>,<nil>,<nil>,<nil>,<nil>,811,<nil>
2694139736,<nil>,<nil>,<nil>,<nil>,<nil>,<nil>,<nil>,<nil>,538,<nil>
319377241,<nil>,<nil>,<nil>,<nil>,<nil>,<nil>,<nil>,<nil>,63,<nil>
3142012772,<nil>,<nil>,<nil>,<nil>,<nil>,<nil>,<nil>,<nil>,628,<nil>
1859473240,<nil>,<nil>,<nil>,<nil>,<nil>,<nil>,<nil>,<nil>,371,<nil>
3919597389,<nil>,<nil>,<nil>,<nil>,<nil>,<nil>,<nil>,<nil>,783,<nil>
2836539252,<nil>,<nil>,<nil>,<nil>,<nil>,<nil>,<nil>,<nil>,567,<nil>
387057704,<nil>,<nil>,<nil>,<nil>,<nil>,<nil>,<nil>,<nil>,77,<nil>
2146455413,<nil>,<nil>,<nil>,<nil>,<nil>,<nil>,<nil>,<nil>,429,<nil>
975589208,<nil>,<nil>,<nil>,<nil>,<nil>,<nil>,<nil>,<nil>,195,<nil>
3474739021,<nil>,<nil>,<nil>,<nil>,<nil>,<nil>,<nil>,<nil>,694,<nil>
2251163648,<nil>,<nil>,<nil>,<nil>,<nil>,<nil>,<nil>,<nil>,450,<nil>
132534092,<nil>,<nil>,<nil>,<nil>,<nil>,<nil>,<nil>,<nil>,26,<nil>
2473283404,<nil>,<nil>,<nil>,<nil>,<nil>,<nil>,<nil>,<nil>,494,<nil>
1280266061,<nil>,<nil>,<nil>,<nil>,<nil>,<nil>,<nil>,<nil>,256,<nil>
213583888,<nil>,<nil>,<nil>,<nil>,<nil>,<nil>,<nil>,<nil>,42,<nil>
2671071052,<nil>,<nil>,<nil>,<nil>,<nil>,<nil>,<nil>,<nil>,534,<nil>
2321090212,<nil>,<nil>,<nil>,<nil>,<nil>,<nil>,<nil>,<nil>,464,<nil>
1020940120,<nil>,<nil>,<nil>,<nil>,<nil>,<nil>,<nil>,<nil>,204,<nil>
3575533413,<nil>,<nil>,<nil>,<nil>,<nil>,<nil>,<nil>,<nil>,715,<nil>
2365607780,<nil>,<nil>,<nil>,<nil>,<nil>,<nil>,<nil>,<nil>,473,<nil>
4147138421,<nil>,<nil>,<nil>,<nil>,<nil>,<nil>,<nil>,<nil>,829,<nil>
4005777240,<nil>,<nil>,<nil>,<nil>,<nil>,<nil>,<nil>,<nil>,801,<nil>
2333364044,<nil>,<nil>,<nil>,<nil>,<nil>,<nil>,<nil>,<nil>,466,<nil>
558452569,<nil>,<nil>,<nil>,<nil>,<nil>,<nil>,<nil>,<nil>,111,<nil>
3051769689,<nil>,<nil>,<nil>,<nil>,<nil>,<nil>,<nil>,<nil>,610,<nil>
1084641101,<nil>,<nil>,<nil>,<nil>,<nil>,<nil>,<nil>,<nil>,216,<nil>
26169177,<nil>,<nil>,<nil>,<nil>,<nil>,<nil>,<nil>,<nil>,5,<nil>
854806349,<nil>,<nil>,<nil>,<nil>,<nil>,<nil>,<nil>,<nil>,170,<nil>
75517773,<nil>,<nil>,<nil>,<nil>,<nil>,<nil>,<nil>,<nil>,15,<nil>
3954397017,<nil>,<nil>,<nil>,<nil>,<nil>,<nil>,<nil>,<nil>,790,<nil>
2568900440,<nil>,<nil>,<nil>,<nil>,<nil>,<nil>,<nil>,<nil>,513,<nil>
617762648,<nil>,<nil>,<nil>,<nil>,<nil>,<nil>,<nil>,<nil>,123,<nil>
3718532953,<nil>,<nil>,<nil>,<nil>,<nil>,<nil>,<nil>,<nil>,743,<nil>
3127529292,<nil>,<nil>,<nil>,<nil>,<nil>,<nil>,<nil>,<nil>,625,<nil>
1622036312,<nil>,<nil>,<nil>,<nil>,<nil>,<nil>,<nil>,<nil>,324,<nil>
692604748,<nil>,<nil>,<nil>,<nil>,<nil>,<nil>,<nil>,<nil>,138,<nil>
464408396,<nil>,<nil>,<nil>,<nil>,<nil>,<nil>,<nil>,<nil>,92,<nil>
2889764708,<nil>,<nil>,<nil>,<nil>,<nil>,<nil>,<nil>,<nil>,577,<nil>
2056802125,<nil>,<nil>,<nil>,<nil>,<nil>,<nil>,<nil>,<nil>,411,<nil>
542836388,<nil>,<nil>,<nil>,<nil>,<nil>,<nil>,<nil>,<nil>,108,<nil>
3681242968,<nil>,<nil>,<nil>,<nil>,<nil>,<nil>,<nil>,<nil>,736,<nil>
2214645214,<nil>,<nil>,<nil>,<nil>,<nil>,<nil>,<nil>,<nil>,442,<nil>
780947277,<nil>,<nil>,<nil>,<nil>,<nil>,<nil>,<nil>,<nil>,156,<nil>
3470413669,<nil>,<nil>,<nil>,<nil>,<nil>,<nil>,<nil>,<nil>,694,<nil>
989024089,<nil>,<nil>,<nil>,<nil>,<nil>,<nil>,<nil>,<nil>,197,<nil>
308498752,<nil>,<nil>,<nil>,<nil>,<nil>,<nil>,<nil>,<nil>,61,<nil>
2814725977,<nil>,<nil>,<nil>,<nil>,<nil>,<nil>,<nil>,<nil>,562,<nil>
703811405,<nil>,<nil>,<nil>,<nil>,<nil>,<nil>,<nil>,<nil>,140,<nil>
212160344,<nil>,<nil>,<nil>,<nil>,<nil>,<nil>,<nil>,<nil>,42,<nil>
1531118568,<nil>,<nil>,<nil>,<nil>,<nil>,<nil>,<nil>,<nil>,306,<nil>
137187160,<nil>,<nil>,<nil>,<nil>,<nil>,<nil>,<nil>,<nil>,27,<nil>
2353614681,<nil>,<nil>,<nil>,<nil>,<nil>,<nil>,<nil>,<nil>,470,<nil>
1409240921,<nil>,<nil>,<nil>,<nil>,<nil>,<nil>,<nil>,<nil>,281,<nil>
1221807961,<nil>,<nil>,<nil>,<nil>,<nil>,<nil>,<nil>,<nil>,244,<nil>
2230408,<nil>,<nil>,<nil>,<nil>,<nil>,<nil>,<nil>,<nil>,0,<nil>
2200569896,<nil>,<nil>,<nil>,<nil>,<nil>,<nil>,<nil>,<nil>,440,<nil>
1461997388,<nil>,<nil>,<nil>,<nil>,<nil>,<nil>,<nil>,<nil>,292,<nil>
1089425240,<nil>,<nil>,<nil>,<nil>,<nil>,<nil>,<nil>,<nil>,217,<nil>
3270594380,<nil>,<nil>,<nil>,<nil>,<nil>,<nil>,<nil>,<nil>,654,<nil>
1611485004,<nil>,<nil>,<nil>,<nil>,<nil>,<nil>,<nil>,<nil>,322,<nil>
133517132,<nil>,<nil>,<nil>,<nil>,<nil>,<nil>,<nil>,<nil>,26,<nil>
3017475748,<nil>,<nil>,<nil>,<nil>,<nil>,<nil>,<nil>,<nil>,603,<nil>
1576161101,<nil>,<nil>,<nil>,<nil>,<nil>,<nil>,<nil>,<nil>,315,<nil>
4263595876,<nil>,<nil>,<nil>,<nil>,<nil>,<nil>,<nil>,<nil>,852,<nil>
990203736,<nil>,<nil>,<nil>,<nil>,<nil>,<nil>,<nil>,<nil>,198,<nil>
203771724,<nil>,<nil>,<nil>,<nil>,<nil>,<nil>,<nil>,<nil>,40,<nil>
2679394125,<nil>,<nil>,<nil>,<nil>,<nil>,<nil>,<nil>,<nil>,535,<nil>
1914916697,<nil>,<nil>,<nil>,<nil>,<nil>,<nil>,<nil>,<nil>,382,<nil>
515264332,<nil>,<nil>,<nil>,<nil>,<nil>,<nil>,<nil>,<nil>,103,<nil>
3899150168,<nil>,<nil>,<nil>,<nil>,<nil>,<nil>,<nil>,<nil>,779,<nil>
1526812505,<nil>,<nil>,<nil>,<nil>,<nil>,<nil>,<nil>,<nil>,305,<nil>
856117081,<nil>,<nil>,<nil>,<nil>,<nil>,<nil>,<nil>,<nil>,171,<nil>
2354859853,<nil>,<nil>,<nil>,<nil>,<nil>,<nil>,<nil>,<nil>,470,<nil>
2138328920,<nil>,<nil>,<nil>,<nil>,<nil>,<nil>,<nil>,<nil>,427,<nil>
4204285785,<nil>,<nil>,<nil>,<nil>,<nil>,<nil>,<nil>,<nil>,840,<nil>
3248181068,<nil>,<nil>,<nil>,<nil>,<nil>,<nil>,<nil>,<nil>,649,<nil>
1817968656,<nil>,<nil>,<nil>,<nil>,<nil>,<nil>,<nil>,<nil>,363,<nil>
4189343564,<nil>,<nil>,<nil>,<nil>,<nil>,<nil>,<nil>,<nil>,837,<nil>
3709357900,<nil>,<nil>,<nil>,<nil>,<nil>,<nil>,<nil>,<nil>,741,<nil>
980045644,<nil>,<nil>,<nil>,<nil>,<nil>,<nil>,<nil>,<nil>,196,<nil>
3046461261,<nil>,<nil>,<nil>,<nil>,<nil>,<nil>,<nil>,<nil>,609,<nil>
2434092889,<nil>,<nil>,<nil>,<nil>,<nil>,<nil>,<nil>,<nil>,486,<nil>
4239871820,<nil>,<nil>,<nil>,<nil>,<nil>,<nil>,<nil>,<nil>,847,<nil>
2445692760,<nil>,<nil>,<nil>,<nil>,<nil>,<nil>,<nil>,<nil>,489,<nil>
506810201,<nil>,<nil>,<nil>,<nil>,<nil>,<nil>,<nil>,<nil>,101,<nil>
4248111144,<nil>,<nil>,<nil>,<nil>,<nil>,<nil>,<nil>,<nil>,849,<nil>
2269794174,<nil>,<nil>,<nil>,<nil>,<nil>,<nil>,<nil>,<nil>,453,<nil>
1914195813,<nil>,<nil>,<nil>,<nil>,<nil>,<nil>,<nil>,<nil>,382,<nil>
1812793344,<nil>,<nil>,<nil>,<nil>,<nil>,<nil>,<nil>,<nil>,362,<nil>
4023930713,<nil>,<nil>,<nil>,<nil>,<nil>,<nil>,<nil>,<nil>,804,<nil>
2488618840,<nil>,<nil>,<nil>,<nil>,<nil>,<nil>,<nil>,<nil>,497,<nil>
1567182680,<nil>,<nil>,<nil>,<nil>,<nil>,<nil>,<nil>,<nil>,313,<nil>
4112076620,<nil>,<nil>,<nil>,<nil>,<nil>,<nil>,<nil>,<nil>,822,<nil>
2168278872,<nil>,<nil>,<nil>,<nil>,<nil>,<nil>,<nil>,<nil>,433,<nil>
1552109389,<nil>,<nil>,<nil>,<nil>,<nil>,<nil>,<nil>,<nil>,310,<nil>
1637306200,<nil>,<nil>,<nil>,<nil>,<nil>,<nil>,<nil>,<nil>,327,<nil>
1363224425,<nil>,<nil>,<nil>,<nil>,<nil>,<nil>,<nil>,<nil>,272,<nil>
2964934476,<nil>,<nil>,<nil>,<nil>,<nil>,<nil>,<nil>,<nil>,592,<nil>
447434573,<nil>,<nil>,<nil>,<nil>,<nil>,<nil>,<nil>,<nil>,89,<nil>
3814590464,<nil>,<nil>,<nil>,<nil>,<nil>,<nil>,<nil>,<nil>,762,<nil>
1861504845,<nil>,<nil>,<nil>,<nil>,<nil>,<nil>,<nil>,<nil>,372,<nil>
868765517,<nil>,<nil>,<nil>,<nil>,<nil>,<nil>,<nil>,<nil>,173,<nil>
3628224332,<nil>,<nil>,<nil>,<nil>,<nil>,<nil>,<nil>,<nil>,725,<nil>
483282776,<nil>,<nil>,<nil>,<nil>,<nil>,<nil>,<nil>,<nil>,96,<nil>
3553382220,<nil>,<nil>,<nil>,<nil>,<nil>,<nil>,<nil>,<nil>,710,<nil>
1044598617,<nil>,<nil>,<nil>,<nil>,<nil>,<nil>,<nil>,<nil>,208,<nil>
1138577229,<nil>,<nil>,<nil>,<nil>,<nil>,<nil>,<nil>,<nil>,227,<nil>
4056567640,<nil>,<nil>,<nil>,<nil>,<nil>,<nil>,<nil>,<nil>,811,<nil>
2695301339,<nil>,<nil>,<nil>,<nil>,<nil>,<nil>,<nil>,<nil>,539,<nil>
4070264653,<nil>,<nil>,<nil>,<nil>,<nil>,<nil>,<nil>,<nil>,814,<nil>
3658679982,<nil>,<nil>,<nil>,<nil>,<nil>,<nil>,<nil>,<nil>,731,<nil>
1414727889,<nil>,<nil>,<nil>,<nil>,<nil>,<nil>,<nil>,<nil>,282,<nil>
4098445132,<nil>,<nil>,<nil>,<nil>,<nil>,<nil>,<nil>,<nil>,819,<nil>
3766898508,<nil>,<nil>,<nil>,<nil>,<nil>,<nil>,<nil>,<nil>,753,<nil>
4173352780,<nil>,<nil>,<nil>,<nil>,<nil>,<nil>,<nil>,<nil>,834,<nil>
2089504589,<nil>,<nil>,<nil>,<nil>,<nil>,<nil>,<nil>,<nil>,417,<nil>
1296584524,<nil>,<nil>,<nil>,<nil>,<nil>,<nil>,<nil>,<nil>,259,<nil>
501305164,<nil>,<nil>,<nil>,<nil>,<nil>,<nil>,<nil>,<nil>,100,<nil>
3525257062,<nil>,<nil>,<nil>,<nil>,<nil>,<nil>,<nil>,<nil>,705,<nil>
3843116877,<nil>,<nil>,<nil>,<nil>,<nil>,<nil>,<nil>,<nil>,768,<nil>
3204534104,<nil>,<nil>,<nil>,<nil>,<nil>,<nil>,<nil>,<nil>,640,<nil>
3094283240,<nil>,<nil>,<nil>,<nil>,<nil>,<nil>,<nil>,<nil>,618,<nil>
2845593421,<nil>,<nil>,<nil>,<nil>,<nil>,<nil>,<nil>,<nil>,569,<nil>
1050562393,<nil>,<nil>,<nil>,<nil>,<nil>,<nil>,<nil>,<nil>,210,<nil>
991102638,<nil>,<nil>,<nil>,<nil>,<nil>,<nil>,<nil>,<nil>,198,<nil>
3310374745,<nil>,<nil>,<nil>,<nil>,<nil>,<nil>,<nil>,<nil>,662,<nil>
1695567716,<nil>,<nil>,<nil>,<nil>,<nil>,<nil>,<nil>,<nil>,339,<nil>
575229773,<nil>,<nil>,<nil>,<nil>,<nil>,<nil>,<nil>,<nil>,115,<nil>
4161621849,<nil>,<nil>,<nil>,<nil>,<nil>,<nil>,<nil>,<nil>,832,<nil>
2207141721,<nil>,<nil>,<nil>,<nil>,<nil>,<nil>,<nil>,<nil>,441,<nil>
656559948,<nil>,<nil>,<nil>,<nil>,<nil>,<nil>,<nil>,<nil>,131,<nil>
3988082520,<nil>,<nil>,<nil>,<nil>,<nil>,<nil>,<nil>,<nil>,797,<nil>
1873563468,<nil>,<nil>,<nil>,<nil>,<nil>,<nil>,<nil>,<nil>,374,<nil>
803688268,<nil>,<nil>,<nil>,<nil>,<nil>,<nil>,<nil>,<nil>,160,<nil>
4286533452,<nil>,<nil>,<nil>,<nil>,<nil>,<nil>,<nil>,<nil>,857,<nil>
2344636248,<nil>,<nil>,<nil>,<nil>,<nil>,<nil>,<nil>,<nil>,468,<nil>
1488801637,<nil>,<nil>,<nil>,<nil>,<nil>,<nil>,<nil>,<nil>,297,<nil>
961236825,<nil>,<nil>,<nil>,<nil>,<nil>,<nil>,<nil>,<nil>,192,<nil>
3480571749,<nil>,<nil>,<nil>,<nil>,<nil>,<nil>,<nil>,<nil>,696,<nil>
1906200397,<nil>,<nil>,<nil>,<nil>,<nil>,<nil>,<nil>,<nil>,381,<nil>
694898509,<nil>,<nil>,<nil>,<nil>,<nil>,<nil>,<nil>,<nil>,138,<nil>
4072558425,<nil>,<nil>,<nil>,<nil>,<nil>,<nil>,<nil>,<nil>,814,<nil>
3820572492,<nil>,<nil>,<nil>,<nil>,<nil>,<nil>,<nil>,<nil>,764,<nil>
3944810512,<nil>,<nil>,<nil>,<nil>,<nil>,<nil>,<nil>,<nil>,788,<nil>
3066056549,<nil>,<nil>,<nil>,<nil>,<nil>,<nil>,<nil>,<nil>,613,<nil>
3320448676,<nil>,<nil>,<nil>,<nil>,<nil>,<nil>,<nil>,<nil>,664,<nil>
1716539212,<nil>,<nil>,<nil>,<nil>,<nil>,<nil>,<nil>,<nil>,343,<nil>
3932704589,<nil>,<nil>,<nil>,<nil>,<nil>,<nil>,<nil>,<nil>,786,<nil>
2691583820,<nil>,<nil>,<nil>,<nil>,<nil>,<nil>,<nil>,<nil>,538,<nil>
1789349709,<nil>,<nil>,<nil>,<nil>,<nil>,<nil>,<nil>,<nil>,357,<nil>
951060689,<nil>,<nil>,<nil>,<nil>,<nil>,<nil>,<nil>,<nil>,190,<nil>
3347074904,<nil>,<nil>,<nil>,<nil>,<nil>,<nil>,<nil>,<nil>,669,<nil>
3003338572,<nil>,<nil>,<nil>,<nil>,<nil>,<nil>,<nil>,<nil>,600,<nil>
901336909,<nil>,<nil>,<nil>,<nil>,<nil>,<nil>,<nil>,<nil>,180,<nil>
3394785101,<nil>,<nil>,<nil>,<nil>,<nil>,<nil>,<nil>,<nil>,678,<nil>
315248501,<nil>,<nil>,<nil>,<nil>,<nil>,<nil>,<nil>,<nil>,63,<nil>
3165671257,<nil>,<nil>,<nil>,<nil>,<nil>,<nil>,<nil>,<nil>,633,<nil>
3249622872,<nil>,<nil>,<nil>,<nil>,<nil>,<nil>,<nil>,<nil>,649,<nil>
4083502937,<nil>,<nil>,<nil>,<nil>,<nil>,<nil>,<nil>,<nil>,816,<nil>
2560577357,<nil>,<nil>,<nil>,<nil>,<nil>,<nil>,<nil>,<nil>,512,<nil>
755126093,<nil>,<nil>,<nil>,<nil>,<nil>,<nil>,<nil>,<nil>,151,<nil>
3150532453,<nil>,<nil>,<nil>,<nil>,<nil>,<nil>,<nil>,<nil>,630,<nil>
2886291276,<nil>,<nil>,<nil>,<nil>,<nil>,<nil>,<nil>,<nil>,577,<nil>
1128532008,<nil>,<nil>,<nil>,<nil>,<nil>,<nil>,<nil>,<nil>,225,<nil>
2884390772,<nil>,<nil>,<nil>,<nil>,<nil>,<nil>,<nil>,<nil>,576,<nil>
2165985101,<nil>,<nil>,<nil>,<nil>,<nil>,<nil>,<nil>,<nil>,433,<nil>
1315000153,<nil>,<nil>,<nil>,<nil>,<nil>,<nil>,<nil>,<nil>,263,<nil>
204296012,<nil>,<nil>,<nil>,<nil>,<nil>,<nil>,<nil>,<nil>,40,<nil>
3315158873,<nil>,<nil>,<nil>,<nil>,<nil>,<nil>,<nil>,<nil>,663,<nil>
1158172504,<nil>,<nil>,<nil>,<nil>,<nil>,<nil>,<nil>,<nil>,231,<nil>
2312326989,<nil>,<nil>,<nil>,<nil>,<nil>,<nil>,<nil>,<nil>,462,<nil>
1474580005,<nil>,<nil>,<nil>,<nil>,<nil>,<nil>,<nil>,<nil>,294,<nil>
421941068,<nil>,<nil>,<nil>,<nil>,<nil>,<nil>,<nil>,<nil>,84,<nil>
2913488716,<nil>,<nil>,<nil>,<nil>,<nil>,<nil>,<nil>,<nil>,582,<nil>
1118588760,<nil>,<nil>,<nil>,<nil>,<nil>,<nil>,<nil>,<nil>,223,<nil>
74665817,<nil>,<nil>,<nil>,<nil>,<nil>,<nil>,<nil>,<nil>,14,<nil>
361910105,<nil>,<nil>,<nil>,<nil>,<nil>,<nil>,<nil>,<nil>,72,<nil>
4076818276,<nil>,<nil>,<nil>,<nil>,<nil>,<nil>,<nil>,<nil>,815,<nil>
2130792318,<nil>,<nil>,<nil>,<nil>,<nil>,<nil>,<nil>,<nil>,426,<nil>
630673240,<nil>,<nil>,<nil>,<nil>,<nil>,<nil>,<nil>,<nil>,126,<nil>
3989262156,<nil>,<nil>,<nil>,<nil>,<nil>,<nil>,<nil>,<nil>,797,<nil>
3543813964,<nil>,<nil>,<nil>,<nil>,<nil>,<nil>,<nil>,<nil>,708,<nil>
1321226061,<nil>,<nil>,<nil>,<nil>,<nil>,<nil>,<nil>,<nil>,264,<nil>
9064293,<nil>,<nil>,<nil>,<nil>,<nil>,<nil>,<nil>,<nil>,1,<nil>
3047378777,<nil>,<nil>,<nil>,<nil>,<nil>,<nil>,<nil>,<nil>,609,<nil>
2299416408,<nil>,<nil>,<nil>,<nil>,<nil>,<nil>,<nil>,<nil>,459,<nil>
480399180,<nil>,<nil>,<nil>,<nil>,<nil>,<nil>,<nil>,<nil>,96,<nil>
2525712204,<nil>,<nil>,<nil>,<nil>,<nil>,<nil>,<nil>,<nil>,505,<nil>
2549239640,<nil>,<nil>,<nil>,<nil>,<nil>,<nil>,<nil>,<nil>,509,<nil>
1503743833,<nil>,<nil>,<nil>,<nil>,<nil>,<nil>,<nil>,<nil>,300,<nil>
428214288,<nil>,<nil>,<nil>,<nil>,<nil>,<nil>,<nil>,<nil>,85,<nil>
3352383309,<nil>,<nil>,<nil>,<nil>,<nil>,<nil>,<nil>,<nil>,670,<nil>
388190040,<nil>,<nil>,<nil>,<nil>,<nil>,<nil>,<nil>,<nil>,77,<nil>
2165329753,<nil>,<nil>,<nil>,<nil>,<nil>,<nil>,<nil>,<nil>,433,<nil>
786911053,<nil>,<nil>,<nil>,<nil>,<nil>,<nil>,<nil>,<nil>,157,<nil>
3950268236,<nil>,<nil>,<nil>,<nil>,<nil>,<nil>,<nil>,<nil>,790,<nil>
1577471821,<nil>,<nil>,<nil>,<nil>,<nil>,<nil>,<nil>,<nil>,315,<nil>
64835405,<nil>,<nil>,<nil>,<nil>,<nil>,<nil>,<nil>,<nil>,12,<nil>
1183731533,<nil>,<nil>,<nil>,<nil>,<nil>,<nil>,<nil>,<nil>,236,<nil>
795289450,<nil>,<nil>,<nil>,<nil>,<nil>,<nil>,<nil>,<nil>,159,<nil>
2595835736,<nil>,<nil>,<nil>,<nil>,<nil>,<nil>,<nil>,<nil>,519,<nil>
2362265421,<nil>,<nil>,<nil>,<nil>,<nil>,<nil>,<nil>,<nil>,472,<nil>
1579634520,<nil>,<nil>,<nil>,<nil>,<nil>,<nil>,<nil>,<nil>,315,<nil>
2865516376,<nil>,<nil>,<nil>,<nil>,<nil>,<nil>,<nil>,<nil>,573,<nil>
921259853,<nil>,<nil>,<nil>,<nil>,<nil>,<nil>,<nil>,<nil>,184,<nil>
77203552,<nil>,<nil>,<nil>,<nil>,<nil>,<nil>,<nil>,<nil>,15,<nil>
2131119973,<nil>,<nil>,<nil>,<nil>,<nil>,<nil>,<nil>,<nil>,426,<nil>
2513325912,<nil>,<nil>,<nil>,<nil>,<nil>,<nil>,<nil>,<nil>,502,<nil>
862736205,<nil>,<nil>,<nil>,<nil>,<nil>,<nil>,<nil>,<nil>,172,<nil>
379081024,<nil>,<nil>,<nil>,<nil>,<nil>,<nil>,<nil>,<nil>,75,<nil>
1887981401,<nil>,<nil>,<nil>,<nil>,<nil>,<nil>,<nil>,<nil>,377,<nil>
218910541,<nil>,<nil>,<nil>,<nil>,<nil>,<nil>,<nil>,<nil>,43,<nil>
3611822080,<nil>,<nil>,<nil>,<nil>,<nil>,<nil>,<nil>,<nil>,722,<nil>
1774865957,<nil>,<nil>,<nil>,<nil>,<nil>,<nil>,<nil>,<nil>,354,<nil>
1389842265,<nil>,<nil>,<nil>,<nil>,<nil>,<nil>,<nil>,<nil>,277,<nil>
4155133773,<nil>,<nil>,<nil>,<nil>,<nil>,<nil>,<nil>,<nil>,831,<nil>
3226750808,<nil>,<nil>,<nil>,<nil>,<nil>,<nil>,<nil>,<nil>,645,<nil>
2241023821,<nil>,<nil>,<nil>,<nil>,<nil>,<nil>,<nil>,<nil>,448,<nil>
434655053,<nil>,<nil>,<nil>,<nil>,<nil>,<nil>,<nil>,<nil>,86,<nil>
12144484,<nil>,<nil>,<nil>,<nil>,<nil>,<nil>,<nil>,<nil>,2,<nil>
2607501156,<nil>,<nil>,<nil>,<nil>,<nil>,<nil>,<nil>,<nil>,521,<nil>
2079543129,<nil>,<nil>,<nil>,<nil>,<nil>,<nil>,<nil>,<nil>,415,<nil>
1787187044,<nil>,<nil>,<nil>,<nil>,<nil>,<nil>,<nil>,<nil>,357,<nil>
395052009,<nil>,<nil>,<nil>,<nil>,<nil>,<nil>,<nil>,<nil>,79,<nil>
3275771736,<nil>,<nil>,<nil>,<nil>,<nil>,<nil>,<nil>,<nil>,655,<nil>
1869434712,<nil>,<nil>,<nil>,<nil>,<nil>,<nil>,<nil>,<nil>,373,<nil>
4220520100,<nil>,<nil>,<nil>,<nil>,<nil>,<nil>,<nil>,<nil>,844,<nil>
1952468812,<nil>,<nil>,<nil>,<nil>,<nil>,<nil>,<nil>,<nil>,390,<nil>
1011699533,<nil>,<nil>,<nil>,<nil>,<nil>,<nil>,<nil>,<nil>,202,<nil>
3073789785,<nil>,<nil>,<nil>,<nil>,<nil>,<nil>,<nil>,<nil>,614,<nil>
2140360525,<nil>,<nil>,<nil>,<nil>,<nil>,<nil>,<nil>,<nil>,428,<nil>
4224339813,<nil>,<nil>,<nil>,<nil>,<nil>,<nil>,<nil>,<nil>,844,<nil>
2277920638,<nil>,<nil>,<nil>,<nil>,<nil>,<nil>,<nil>,<nil>,455,<nil>
675237708,<nil>,<nil>,<nil>,<nil>,<nil>,<nil>,<nil>,<nil>,135,<nil>
3387031754,<nil>,<nil>,<nil>,<nil>,<nil>,<nil>,<nil>,<nil>,677,<nil>
1620398500,<nil>,<nil>,<nil>,<nil>,<nil>,<nil>,<nil>,<nil>,324,<nil>
101928780,<nil>,<nil>,<nil>,<nil>,<nil>,<nil>,<nil>,<nil>,20,<nil>
3358197856,<nil>,<nil>,<nil>,<nil>,<nil>,<nil>,<nil>,<nil>,671,<nil>
1144391889,<nil>,<nil>,<nil>,<nil>,<nil>,<nil>,<nil>,<nil>,228,<nil>
425086808,<nil>,<nil>,<nil>,<nil>,<nil>,<nil>,<nil>,<nil>,85,<nil>
2287292248,<nil>,<nil>,<nil>,<nil>,<nil>,<nil>,<nil>,<nil>,457,<nil>
61558617,<nil>,<nil>,<nil>,<nil>,<nil>,<nil>,<nil>,<nil>,12,<nil>
3693498188,<nil>,<nil>,<nil>,<nil>,<nil>,<nil>,<nil>,<nil>,738,<nil>
1986154328,<nil>,<nil>,<nil>,<nil>,<nil>,<nil>,<nil>,<nil>,397,<nil>
4042346317,<nil>,<nil>,<nil>,<nil>,<nil>,<nil>,<nil>,<nil>,808,<nil>
2545831786,<nil>,<nil>,<nil>,<nil>,<nil>,<nil>,<nil>,<nil>,509,<nil>
1294159692,<nil>,<nil>,<nil>,<nil>,<nil>,<nil>,<nil>,<nil>,258,<nil>
2428456793,<nil>,<nil>,<nil>,<nil>,<nil>,<nil>,<nil>,<nil>,485,<nil>
2078297944,<nil>,<nil>,<nil>,<nil>,<nil>,<nil>,<nil>,<nil>,415,<nil>
665126564,<nil>,<nil>,<nil>,<nil>,<nil>,<nil>,<nil>,<nil>,133,<nil>
2097368932,<nil>,<nil>,<nil>,<nil>,<nil>,<nil>,<nil>,<nil>,419,<nil>
174327848,<nil>,<nil>,<nil>,<nil>,<nil>,<nil>,<nil>,<nil>,34,<nil>
3881258828,<nil>,<nil>,<nil>,<nil>,<nil>,<nil>,<nil>,<nil>,776,<nil>
859393881,<nil>,<nil>,<nil>,<nil>,<nil>,<nil>,<nil>,<nil>,171,<nil>
3458223948,<nil>,<nil>,<nil>,<nil>,<nil>,<nil>,<nil>,<nil>,691,<nil>
2978369356,<nil>,<nil>,<nil>,<nil>,<nil>,<nil>,<nil>,<nil>,595,<nil>
2890616653,<nil>,<nil>,<nil>,<nil>,<nil>,<nil>,<nil>,<nil>,578,<nil>
2260422477,<nil>,<nil>,<nil>,<nil>,<nil>,<nil>,<nil>,<nil>,452,<nil>
2827177817,<nil>,<nil>,<nil>,<nil>,<nil>,<nil>,<nil>,<nil>,565,<nil>
1438338904,<nil>,<nil>,<nil>,<nil>,<nil>,<nil>,<nil>,<nil>,287,<nil>
955993944,<nil>,<nil>,<nil>,<nil>,<nil>,<nil>,<nil>,<nil>,191,<nil>
1799114573,<nil>,<nil>,<nil>,<nil>,<nil>,<nil>,<nil>,<nil>,359,<nil>
3821401,<nil>,<nil>,<nil>,<nil>,<nil>,<nil>,<nil>,<nil>,0,<nil>
3671019353,<nil>,<nil>,<nil>,<nil>,<nil>,<nil>,<nil>,<nil>,734,<nil>
3729917616,<nil>,<nil>,<nil>,<nil>,<nil>,<nil>,<nil>,<nil>,745,<nil>
1837433847,<nil>,<nil>,<nil>,<nil>,<nil>,<nil>,<nil>,<nil>,367,<nil>
695684953,<nil>,<nil>,<nil>,<nil>,<nil>,<nil>,<nil>,<nil>,139,<nil>
1030770521,<nil>,<nil>,<nil>,<nil>,<nil>,<nil>,<nil>,<nil>,206,<nil>
3224260441,<nil>,<nil>,<nil>,<nil>,<nil>,<nil>,<nil>,<nil>,644,<nil>
2708819788,<nil>,<nil>,<nil>,<nil>,<nil>,<nil>,<nil>,<nil>,541,<nil>
1465470809,<nil>,<nil>,<nil>,<nil>,<nil>,<nil>,<nil>,<nil>,293,<nil>
4095496013,<nil>,<nil>,<nil>,<nil>,<nil>,<nil>,<nil>,<nil>,819,<nil>
3439939404,<nil>,<nil>,<nil>,<nil>,<nil>,<nil>,<nil>,<nil>,687,<nil>
1505578841,<nil>,<nil>,<nil>,<nil>,<nil>,<nil>,<nil>,<nil>,301,<nil>
1134710604,<nil>,<nil>,<nil>,<nil>,<nil>,<nil>,<nil>,<nil>,226,<nil>
3349499748,<nil>,<nil>,<nil>,<nil>,<nil>,<nil>,<nil>,<nil>,669,<nil>
1934249805,<nil>,<nil>,<nil>,<nil>,<nil>,<nil>,<nil>,<nil>,386,<nil>
140595033,<nil>,<nil>,<nil>,<nil>,<nil>,<nil>,<nil>,<nil>,28,<nil>
1224494924,<nil>,<nil>,<nil>,<nil>,<nil>,<nil>,<nil>,<nil>,244,<nil>
751830692,<nil>,<nil>,<nil>,<nil>,<nil>,<nil>,<nil>,<nil>,150,<nil>
2459651940,<nil>,<nil>,<nil>,<nil>,<nil>,<nil>,<nil>,<nil>,491,<nil>
355684172,<nil>,<nil>,<nil>,<nil>,<nil>,<nil>,<nil>,<nil>,71,<nil>
4170993484,<nil>,<nil>,<nil>,<nil>,<nil>,<nil>,<nil>,<nil>,834,<nil>
2216316748,<nil>,<nil>,<nil>,<nil>,<nil>,<nil>,<nil>,<nil>,443,<nil>
1328631641,<nil>,<nil>,<nil>,<nil>,<nil>,<nil>,<nil>,<nil>,265,<nil>
1923305316,<nil>,<nil>,<nil>,<nil>,<nil>,<nil>,<nil>,<nil>,384,<nil>
2494058357,<nil>,<nil>,<nil>,<nil>,<nil>,<nil>,<nil>,<nil>,498,<nil>
1325616984,<nil>,<nil>,<nil>,<nil>,<nil>,<nil>,<nil>,<nil>,265,<nil>
616058724,<nil>,<nil>,<nil>,<nil>,<nil>,<nil>,<nil>,<nil>,123,<nil>
613240653,<nil>,<nil>,<nil>,<nil>,<nil>,<nil>,<nil>,<nil>,122,<nil>
3247984461,<nil>,<nil>,<nil>,<nil>,<nil>,<nil>,<nil>,<nil>,649,<nil>
3114684260,<nil>,<nil>,<nil>,<nil>,<nil>,<nil>,<nil>,<nil>,622,<nil>
1684033381,<nil>,<nil>,<nil>,<nil>,<nil>,<nil>,<nil>,<nil>,336,<nil>
3467005813,<nil>,<nil>,<nil>,<nil>,<nil>,<nil>,<nil>,<nil>,693,<nil>
3527036761,<nil>,<nil>,<nil>,<nil>,<nil>,<nil>,<nil>,<nil>,705,<nil>
2480033813,<nil>,<nil>,<nil>,<nil>,<nil>,<nil>,<nil>,<nil>,496,<nil>
141119349,<nil>,<nil>,<nil>,<nil>,<nil>,<nil>,<nil>,<nil>,28,<nil>
3544141644,<nil>,<nil>,<nil>,<nil>,<nil>,<nil>,<nil>,<nil>,708,<nil>
2785103704,<nil>,<nil>,<nil>,<nil>,<nil>,<nil>,<nil>,<nil>,557,<nil>
1279545165,<nil>,<nil>,<nil>,<nil>,<nil>,<nil>,<nil>,<nil>,255,<nil>
3488632665,<nil>,<nil>,<nil>,<nil>,<nil>,<nil>,<nil>,<nil>,697,<nil>
2543931224,<nil>,<nil>,<nil>,<nil>,<nil>,<nil>,<nil>,<nil>,508,<nil>
1018449740,<nil>,<nil>,<nil>,<nil>,<nil>,<nil>,<nil>,<nil>,203,<nil>
716984153,<nil>,<nil>,<nil>,<nil>,<nil>,<nil>,<nil>,<nil>,143,<nil>
3198046029,<nil>,<nil>,<nil>,<nil>,<nil>,<nil>,<nil>,<nil>,639,<nil>
2695253836,<nil>,<nil>,<nil>,<nil>,<nil>,<nil>,<nil>,<nil>,539,<nil>
2952482636,<nil>,<nil>,<nil>,<nil>,<nil>,<nil>,<nil>,<nil>,590,<nil>
2212450137,<nil>,<nil>,<nil>,<nil>,<nil>,<nil>,<nil>,<nil>,442,<nil>
865077264,<nil>,<nil>,<nil>,<nil>,<nil>,<nil>,<nil>,<nil>,173,<nil>
625364812,<nil>,<nil>,<nil>,<nil>,<nil>,<nil>,<nil>,<nil>,125,<nil>
2674216780,<nil>,<nil>,<nil>,<nil>,<nil>,<nil>,<nil>,<nil>,534,<nil>
1751994188,<nil>,<nil>,<nil>,<nil>,<nil>,<nil>,<nil>,<nil>,350,<nil>
1932152665,<nil>,<nil>,<nil>,<nil>,<nil>,<nil>,<nil>,<nil>,386,<nil>
4260843341,<nil>,<nil>,<nil>,<nil>,<nil>,<nil>,<nil>,<nil>,852,<nil>
3753856844,<nil>,<nil>,<nil>,<nil>,<nil>,<nil>,<nil>,<nil>,750,<nil>
1584269408,<nil>,<nil>,<nil>,<nil>,<nil>,<nil>,<nil>,<nil>,316,<nil>
4098230272,<nil>,<nil>,<nil>,<nil>,<nil>,<nil>,<nil>,<nil>,819,<nil>
2836680525,<nil>,<nil>,<nil>,<nil>,<nil>,<nil>,<nil>,<nil>,567,<nil>
334581593,<nil>,<nil>,<nil>,<nil>,<nil>,<nil>,<nil>,<nil>,66,<nil>
2668646221,<nil>,<nil>,<nil>,<nil>,<nil>,<nil>,<nil>,<nil>,533,<nil>
874794841,<nil>,<nil>,<nil>,<nil>,<nil>,<nil>,<nil>,<nil>,174,<nil>
4223225688,<nil>,<nil>,<nil>,<nil>,<nil>,<nil>,<nil>,<nil>,844,<nil>
564481869,<nil>,<nil>,<nil>,<nil>,<nil>,<nil>,<nil>,<nil>,112,<nil>
3483586392,<nil>,<nil>,<nil>,<nil>,<nil>,<nil>,<nil>,<nil>,696,<nil>
1528450904,<nil>,<nil>,<nil>,<nil>,<nil>,<nil>,<nil>,<nil>,305,<nil>
28069709,<nil>,<nil>,<nil>,<nil>,<nil>,<nil>,<nil>,<nil>,5,<nil>
1337085784,<nil>,<nil>,<nil>,<nil>,<nil>,<nil>,<nil>,<nil>,267,<nil>
3394719565,<nil>,<nil>,<nil>,<nil>,<nil>,<nil>,<nil>,<nil>,678,<nil>
2449887052,<nil>,<nil>,<nil>,<nil>,<nil>,<nil>,<nil>,<nil>,489,<nil>
1184321357,<nil>,<nil>,<nil>,<nil>,<nil>,<nil>,<nil>,<nil>,236,<nil>
552161101,<nil>,<nil>,<nil>,<nil>,<nil>,<nil>,<nil>,<nil>,110,<nil>
3005678569,<nil>,<nil>,<nil>,<nil>,<nil>,<nil>,<nil>,<nil>,601,<nil>
477384537,<nil>,<nil>,<nil>,<nil>,<nil>,<nil>,<nil>,<nil>,95,<nil>
4251602764,<nil>,<nil>,<nil>,<nil>,<nil>,<nil>,<nil>,<nil>,850,<nil>
1670598489,<nil>,<nil>,<nil>,<nil>,<nil>,<nil>,<nil>,<nil>,334,<nil>
419319628,<nil>,<nil>,<nil>,<nil>,<nil>,<nil>,<nil>,<nil>,83,<nil>
3519500109,<nil>,<nil>,<nil>,<nil>,<nil>,<nil>,<nil>,<nil>,703,<nil>
632835929,<nil>,<nil>,<nil>,<nil>,<nil>,<nil>,<nil>,<nil>,126,<nil>
2974175065,<nil>,<nil>,<nil>,<nil>,<nil>,<nil>,<nil>,<nil>,594,<nil>
478826329,<nil>,<nil>,<nil>,<nil>,<nil>,<nil>,<nil>,<nil>,95,<nil>
3523563340,<nil>,<nil>,<nil>,<nil>,<nil>,<nil>,<nil>,<nil>,704,<nil>
2616741720,<nil>,<nil>,<nil>,<nil>,<nil>,<nil>,<nil>,<nil>,523,<nil>
513757016,<nil>,<nil>,<nil>,<nil>,<nil>,<nil>,<nil>,<nil>,102,<nil>
1643663181,<nil>,<nil>,<nil>,<nil>,<nil>,<nil>,<nil>,<nil>,328,<nil>
3853930329,<nil>,<nil>,<nil>,<nil>,<nil>,<nil>,<nil>,<nil>,770,<nil>
926044004,<nil>,<nil>,<nil>,<nil>,<nil>,<nil>,<nil>,<nil>,185,<nil>
3824223209,<nil>,<nil>,<nil>,<nil>,<nil>,<nil>,<nil>,<nil>,764,<nil>
1833914378,<nil>,<nil>,<nil>,<nil>,<nil>,<nil>,<nil>,<nil>,366,<nil>
177098584,<nil>,<nil>,<nil>,<nil>,<nil>,<nil>,<nil>,<nil>,35,<nil>
480464740,<nil>,<nil>,<nil>,<nil>,<nil>,<nil>,<nil>,<nil>,96,<nil>
2902937432,<nil>,<nil>,<nil>,<nil>,<nil>,<nil>,<nil>,<nil>,580,<nil>
2327990122,<nil>,<nil>,<nil>,<nil>,<nil>,<nil>,<nil>,<nil>,465,<nil>
1011175268,<nil>,<nil>,<nil>,<nil>,<nil>,<nil>,<nil>,<nil>,202,<nil>
3712438092,<nil>,<nil>,<nil>,<nil>,<nil>,<nil>,<nil>,<nil>,742,<nil>
1777225549,<nil>,<nil>,<nil>,<nil>,<nil>,<nil>,<nil>,<nil>,355,<nil>
174018404,<nil>,<nil>,<nil>,<nil>,<nil>,<nil>,<nil>,<nil>,34,<nil>
3127575529,<nil>,<nil>,<nil>,<nil>,<nil>,<nil>,<nil>,<nil>,625,<nil>
1104414384,<nil>,<nil>,<nil>,<nil>,<nil>,<nil>,<nil>,<nil>,220,<nil>
3328772096,<nil>,<nil>,<nil>,<nil>,<nil>,<nil>,<nil>,<nil>,665,<nil>
1323716440,<nil>,<nil>,<nil>,<nil>,<nil>,<nil>,<nil>,<nil>,264,<nil>
852625408,<nil>,<nil>,<nil>,<nil>,<nil>,<nil>,<nil>,<nil>,170,<nil>
3204009817,<nil>,<nil>,<nil>,<nil>,<nil>,<nil>,<nil>,<nil>,640,<nil>
960581465,<nil>,<nil>,<nil>,<nil>,<nil>,<nil>,<nil>,<nil>,192,<nil>
380391268,<nil>,<nil>,<nil>,<nil>,<nil>,<nil>,<nil>,<nil>,76,<nil>
1131302733,<nil>,<nil>,<nil>,<nil>,<nil>,<nil>,<nil>,<nil>,226,<nil>
3976154981,<nil>,<nil>,<nil>,<nil>,<nil>,<nil>,<nil>,<nil>,795,<nil>
2411333648,<nil>,<nil>,<nil>,<nil>,<nil>,<nil>,<nil>,<nil>,482,<nil>
901009241,<nil>,<nil>,<nil>,<nil>,<nil>,<nil>,<nil>,<nil>,180,<nil>
4028321624,<nil>,<nil>,<nil>,<nil>,<nil>,<nil>,<nil>,<nil>,805,<nil>
3123859289,<nil>,<nil>,<nil>,<nil>,<nil>,<nil>,<nil>,<nil>,624,<nil>
3917416448,<nil>,<nil>,<nil>,<nil>,<nil>,<nil>,<nil>,<nil>,783,<nil>
1502939176,<nil>,<nil>,<nil>,<nil>,<nil>,<nil>,<nil>,<nil>,300,<nil>
766070604,<nil>,<nil>,<nil>,<nil>,<nil>,<nil>,<nil>,<nil>,153,<nil>
2777173837,<nil>,<nil>,<nil>,<nil>,<nil>,<nil>,<nil>,<nil>,555,<nil>
1111641944,<nil>,<nil>,<nil>,<nil>,<nil>,<nil>,<nil>,<nil>,222,<nil>
1091522880,<nil>,<nil>,<nil>,<nil>,<nil>,<nil>,<nil>,<nil>,218,<nil>
3265154904,<nil>,<nil>,<nil>,<nil>,<nil>,<nil>,<nil>,<nil>,653,<nil>
1335906137,<nil>,<nil>,<nil>,<nil>,<nil>,<nil>,<nil>,<nil>,267,<nil>
138346541,<nil>,<nil>,<nil>,<nil>,<nil>,<nil>,<nil>,<nil>,27,<nil>
1391808333,<nil>,<nil>,<nil>,<nil>,<nil>,<nil>,<nil>,<nil>,278,<nil>
486952793,<nil>,<nil>,<nil>,<nil>,<nil>,<nil>,<nil>,<nil>,97,<nil>
516360401,<nil>,<nil>,<nil>,<nil>,<nil>,<nil>,<nil>,<nil>,103,<nil>
3032547429,<nil>,<nil>,<nil>,<nil>,<nil>,<nil>,<nil>,<nil>,606,<nil>
2353811300,<nil>,<nil>,<nil>,<nil>,<nil>,<nil>,<nil>,<nil>,470,<nil>
2819772248,<nil>,<nil>,<nil>,<nil>,<nil>,<nil>,<nil>,<nil>,563,<nil>
1984759808,<nil>,<nil>,<nil>,<nil>,<nil>,<nil>,<nil>,<nil>,396,<nil>
332681036,<nil>,<nil>,<nil>,<nil>,<nil>,<nil>,<nil>,<nil>,66,<nil>
2823966540,<nil>,<nil>,<nil>,<nil>,<nil>,<nil>,<nil>,<nil>,564,<nil>
1176784728,<nil>,<nil>,<nil>,<nil>,<nil>,<nil>,<nil>,<nil>,235,<nil>
2729725773,<nil>,<nil>,<nil>,<nil>,<nil>,<nil>,<nil>,<nil>,545,<nil>
934170457,<nil>,<nil>,<nil>,<nil>,<nil>,<nil>,<nil>,<nil>,186,<nil>
159797081,<nil>,<nil>,<nil>,<nil>,<nil>,<nil>,<nil>,<nil>,31,<nil>
2506444633,<nil>,<nil>,<nil>,<nil>,<nil>,<nil>,<nil>,<nil>,501,<nil>
1287868249,<nil>,<nil>,<nil>,<nil>,<nil>,<nil>,<nil>,<nil>,257,<nil>
330059609,<nil>,<nil>,<nil>,<nil>,<nil>,<nil>,<nil>,<nil>,66,<nil>
2376552281,<nil>,<nil>,<nil>,<nil>,<nil>,<nil>,<nil>,<nil>,475,<nil>
556093261,<nil>,<nil>,<nil>,<nil>,<nil>,<nil>,<nil>,<nil>,111,<nil>
3645853529,<nil>,<nil>,<nil>,<nil>,<nil>,<nil>,<nil>,<nil>,729,<nil>
46681932,<nil>,<nil>,<nil>,<nil>,<nil>,<nil>,<nil>,<nil>,9,<nil>
2467516260,<nil>,<nil>,<nil>,<nil>,<nil>,<nil>,<nil>,<nil>,493,<nil>
3717680973,<nil>,<nil>,<nil>,<nil>,<nil>,<nil>,<nil>,<nil>,743,<nil>
862670669,<nil>,<nil>,<nil>,<nil>,<nil>,<nil>,<nil>,<nil>,172,<nil>
3938144077,<nil>,<nil>,<nil>,<nil>,<nil>,<nil>,<nil>,<nil>,787,<nil>
1983401805,<nil>,<nil>,<nil>,<nil>,<nil>,<nil>,<nil>,<nil>,396,<nil>
940386149,<nil>,<nil>,<nil>,<nil>,<nil>,<nil>,<nil>,<nil>,188,<nil>
42553188,<nil>,<nil>,<nil>,<nil>,<nil>,<nil>,<nil>,<nil>,8,<nil>
2973959145,<nil>,<nil>,<nil>,<nil>,<nil>,<nil>,<nil>,<nil>,594,<nil>
950947365,<nil>,<nil>,<nil>,<nil>,<nil>,<nil>,<nil>,<nil>,190,<nil>
4028649304,<nil>,<nil>,<nil>,<nil>,<nil>,<nil>,<nil>,<nil>,805,<nil>
3927592780,<nil>,<nil>,<nil>,<nil>,<nil>,<nil>,<nil>,<nil>,785,<nil>
2303348569,<nil>,<nil>,<nil>,<nil>,<nil>,<nil>,<nil>,<nil>,460,<nil>
774262605,<nil>,<nil>,<nil>,<nil>,<nil>,<nil>,<nil>,<nil>,154,<nil>
3830206284,<nil>,<nil>,<nil>,<nil>,<nil>,<nil>,<nil>,<nil>,766,<nil>
2646036313,<nil>,<nil>,<nil>,<nil>,<nil>,<nil>,<nil>,<nil>,529,<nil>
685920077,<nil>,<nil>,<nil>,<nil>,<nil>,<nil>,<nil>,<nil>,137,<nil>
4034875212,<nil>,<nil>,<nil>,<nil>,<nil>,<nil>,<nil>,<nil>,806,<nil>
4281552728,<nil>,<nil>,<nil>,<nil>,<nil>,<nil>,<nil>,<nil>,856,<nil>
2400604005,<nil>,<nil>,<nil>,<nil>,<nil>,<nil>,<nil>,<nil>,480,<nil>
1329090404,<nil>,<nil>,<nil>,<nil>,<nil>,<nil>,<nil>,<nil>,265,<nil>
4102555312,<nil>,<nil>,<nil>,<nil>,<nil>,<nil>,<nil>,<nil>,820,<nil>
2517782348,<nil>,<nil>,<nil>,<nil>,<nil>,<nil>,<nil>,<nil>,503,<nil>
1161252696,<nil>,<nil>,<nil>,<nil>,<nil>,<nil>,<nil>,<nil>,232,<nil>
3501674328,<nil>,<nil>,<nil>,<nil>,<nil>,<nil>,<nil>,<nil>,700,<nil>
1617645413,<nil>,<nil>,<nil>,<nil>,<nil>,<nil>,<nil>,<nil>,323,<nil>
255053280,<nil>,<nil>,<nil>,<nil>,<nil>,<nil>,<nil>,<nil>,51,<nil>
2456422064,<nil>,<nil>,<nil>,<nil>,<nil>,<nil>,<nil>,<nil>,491,<nil>
131092312,<nil>,<nil>,<nil>,<nil>,<nil>,<nil>,<nil>,<nil>,26,<nil>
2764853080,<nil>,<nil>,<nil>,<nil>,<nil>,<nil>,<nil>,<nil>,552,<nil>
980111193,<nil>,<nil>,<nil>,<nil>,<nil>,<nil>,<nil>,<nil>,196,<nil>
3582545740,<nil>,<nil>,<nil>,<nil>,<nil>,<nil>,<nil>,<nil>,716,<nil>
1651330893,<nil>,<nil>,<nil>,<nil>,<nil>,<nil>,<nil>,<nil>,330,<nil>
4116598604,<nil>,<nil>,<nil>,<nil>,<nil>,<nil>,<nil>,<nil>,823,<nil>
2025344856,<nil>,<nil>,<nil>,<nil>,<nil>,<nil>,<nil>,<nil>,405,<nil>
502484812,<nil>,<nil>,<nil>,<nil>,<nil>,<nil>,<nil>,<nil>,100,<nil>
2727890777,<nil>,<nil>,<nil>,<nil>,<nil>,<nil>,<nil>,<nil>,545,<nil>
1066094425,<nil>,<nil>,<nil>,<nil>,<nil>,<nil>,<nil>,<nil>,213,<nil>
3976744792,<nil>,<nil>,<nil>,<nil>,<nil>,<nil>,<nil>,<nil>,795,<nil>
2412972168,<nil>,<nil>,<nil>,<nil>,<nil>,<nil>,<nil>,<nil>,482,<nil>
244141913,<nil>,<nil>,<nil>,<nil>,<nil>,<nil>,<nil>,<nil>,48,<nil>
1978814285,<nil>,<nil>,<nil>,<nil>,<nil>,<nil>,<nil>,<nil>,395,<nil>
184307545,<nil>,<nil>,<nil>,<nil>,<nil>,<nil>,<nil>,<nil>,36,<nil>
3226816332,<nil>,<nil>,<nil>,<nil>,<nil>,<nil>,<nil>,<nil>,645,<nil>
1148014413,<nil>,<nil>,<nil>,<nil>,<nil>,<nil>,<nil>,<nil>,229,<nil>
3940241241,<nil>,<nil>,<nil>,<nil>,<nil>,<nil>,<nil>,<nil>,788,<nil>
2601846784,<nil>,<nil>,<nil>,<nil>,<nil>,<nil>,<nil>,<nil>,520,<nil>
241454974,<nil>,<nil>,<nil>,<nil>,<nil>,<nil>,<nil>,<nil>,48,<nil>
2362855245,<nil>,<nil>,<nil>,<nil>,<nil>,<nil>,<nil>,<nil>,472,<nil>
971722572,<nil>,<nil>,<nil>,<nil>,<nil>,<nil>,<nil>,<nil>,194,<nil>
3180023640,<nil>,<nil>,<nil>,<nil>,<nil>,<nil>,<nil>,<nil>,636,<nil>
2688372556,<nil>,<nil>,<nil>,<nil>,<nil>,<nil>,<nil>,<nil>,537,<nil>
1765953356,<nil>,<nil>,<nil>,<nil>,<nil>,<nil>,<nil>,<nil>,353,<nil>
3687206733,<nil>,<nil>,<nil>,<nil>,<nil>,<nil>,<nil>,<nil>,737,<nil>
3218689881,<nil>,<nil>,<nil>,<nil>,<nil>,<nil>,<nil>,<nil>,643,<nil>
3870379853,<nil>,<nil>,<nil>,<nil>,<nil>,<nil>,<nil>,<nil>,774,<nil>
3077701713,<nil>,<nil>,<nil>,<nil>,<nil>,<nil>,<nil>,<nil>,615,<nil>
969559884,<nil>,<nil>,<nil>,<nil>,<nil>,<nil>,<nil>,<nil>,193,<nil>
3273215820,<nil>,<nil>,<nil>,<nil>,<nil>,<nil>,<nil>,<nil>,654,<nil>
1194348365,<nil>,<nil>,<nil>,<nil>,<nil>,<nil>,<nil>,<nil>,238,<nil>
4271853389,<nil>,<nil>,<nil>,<nil>,<nil>,<nil>,<nil>,<nil>,854,<nil>
2289782617,<nil>,<nil>,<nil>,<nil>,<nil>,<nil>,<nil>,<nil>,457,<nil>
1784303448,<nil>,<nil>,<nil>,<nil>,<nil>,<nil>,<nil>,<nil>,356,<nil>
2414674031,<nil>,<nil>,<nil>,<nil>,<nil>,<nil>,<nil>,<nil>,482,<nil>
583272656,<nil>,<nil>,<nil>,<nil>,<nil>,<nil>,<nil>,<nil>,116,<nil>
2554548045,<nil>,<nil>,<nil>,<nil>,<nil>,<nil>,<nil>,<nil>,510,<nil>
3518779224,<nil>,<nil>,<nil>,<nil>,<nil>,<nil>,<nil>,<nil>,703,<nil>
2153926488,<nil>,<nil>,<nil>,<nil>,<nil>,<nil>,<nil>,<nil>,430,<nil>
2706460504,<nil>,<nil>,<nil>,<nil>,<nil>,<nil>,<nil>,<nil>,541,<nil>
770002777,<nil>,<nil>,<nil>,<nil>,<nil>,<nil>,<nil>,<nil>,154,<nil>
551571276,<nil>,<nil>,<nil>,<nil>,<nil>,<nil>,<nil>,<nil>,110,<nil>
4232793945,<nil>,<nil>,<nil>,<nil>,<nil>,<nil>,<nil>,<nil>,846,<nil>
1990414169,<nil>,<nil>,<nil>,<nil>,<nil>,<nil>,<nil>,<nil>,398,<nil>
1924616024,<nil>,<nil>,<nil>,<nil>,<nil>,<nil>,<nil>,<nil>,384,<nil>
3997912921,<nil>,<nil>,<nil>,<nil>,<nil>,<nil>,<nil>,<nil>,799,<nil>
367087436,<nil>,<nil>,<nil>,<nil>,<nil>,<nil>,<nil>,<nil>,73,<nil>
2312064869,<nil>,<nil>,<nil>,<nil>,<nil>,<nil>,<nil>,<nil>,462,<nil>
2396849828,<nil>,<nil>,<nil>,<nil>,<nil>,<nil>,<nil>,<nil>,479,<nil>
1121472332,<nil>,<nil>,<nil>,<nil>,<nil>,<nil>,<nil>,<nil>,224,<nil>
3208400741,<nil>,<nil>,<nil>,<nil>,<nil>,<nil>,<nil>,<nil>,641,<nil>
1947029337,<nil>,<nil>,<nil>,<nil>,<nil>,<nil>,<nil>,<nil>,389,<nil>
4152315736,<nil>,<nil>,<nil>,<nil>,<nil>,<nil>,<nil>,<nil>,830,<nil>
1926057817,<nil>,<nil>,<nil>,<nil>,<nil>,<nil>,<nil>,<nil>,385,<nil>
1727595496,<nil>,<nil>,<nil>,<nil>,<nil>,<nil>,<nil>,<nil>,345,<nil>
2070826828,<nil>,<nil>,<nil>,<nil>,<nil>,<nil>,<nil>,<nil>,414,<nil>
263671628,<nil>,<nil>,<nil>,<nil>,<nil>,<nil>,<nil>,<nil>,52,<nil>
2941126320,<nil>,<nil>,<nil>,<nil>,<nil>,<nil>,<nil>,<nil>,588,<nil>
1054625612,<nil>,<nil>,<nil>,<nil>,<nil>,<nil>,<nil>,<nil>,210,<nil>
3712831309,<nil>,<nil>,<nil>,<nil>,<nil>,<nil>,<nil>,<nil>,742,<nil>
3018674496,<nil>,<nil>,<nil>,<nil>,<nil>,<nil>,<nil>,<nil>,603,<nil>
970346328,<nil>,<nil>,<nil>,<nil>,<nil>,<nil>,<nil>,<nil>,194,<nil>
1200115532,<nil>,<nil>,<nil>,<nil>,<nil>,<nil>,<nil>,<nil>,240,<nil>
3722727257,<nil>,<nil>,<nil>,<nil>,<nil>,<nil>,<nil>,<nil>,744,<nil>
3261204144,<nil>,<nil>,<nil>,<nil>,<nil>,<nil>,<nil>,<nil>,652,<nil>
892882789,<nil>,<nil>,<nil>,<nil>,<nil>,<nil>,<nil>,<nil>,178,<nil>
205213517,<nil>,<nil>,<nil>,<nil>,<nil>,<nil>,<nil>,<nil>,41,<nil>
2527397888,<nil>,<nil>,<nil>,<nil>,<nil>,<nil>,<nil>,<nil>,505,<nil>
106301648,<nil>,<nil>,<nil>,<nil>,<nil>,<nil>,<nil>,<nil>,21,<nil>
2515160920,<nil>,<nil>,<nil>,<nil>,<nil>,<nil>,<nil>,<nil>,503,<nil>
1094667813,<nil>,<nil>,<nil>,<nil>,<nil>,<nil>,<nil>,<nil>,218,<nil>
3472248664,<nil>,<nil>,<nil>,<nil>,<nil>,<nil>,<nil>,<nil>,694,<nil>
3446689613,<nil>,<nil>,<nil>,<nil>,<nil>,<nil>,<nil>,<nil>,689,<nil>
1652772734,<nil>,<nil>,<nil>,<nil>,<nil>,<nil>,<nil>,<nil>,330,<nil>
3629535053,<nil>,<nil>,<nil>,<nil>,<nil>,<nil>,<nil>,<nil>,725,<nil>
2842513240,<nil>,<nil>,<nil>,<nil>,<nil>,<nil>,<nil>,<nil>,568,<nil>
1805078372,<nil>,<nil>,<nil>,<nil>,<nil>,<nil>,<nil>,<nil>,361,<nil>
209735500,<nil>,<nil>,<nil>,<nil>,<nil>,<nil>,<nil>,<nil>,41,<nil>
2854178648,<nil>,<nil>,<nil>,<nil>,<nil>,<nil>,<nil>,<nil>,570,<nil>
1168396108,<nil>,<nil>,<nil>,<nil>,<nil>,<nil>,<nil>,<nil>,233,<nil>
3823259469,<nil>,<nil>,<nil>,<nil>,<nil>,<nil>,<nil>,<nil>,764,<nil>
2584170316,<nil>,<nil>,<nil>,<nil>,<nil>,<nil>,<nil>,<nil>,516,<nil>
2290241369,<nil>,<nil>,<nil>,<nil>,<nil>,<nil>,<nil>,<nil>,458,<nil>
4094054220,<nil>,<nil>,<nil>,<nil>,<nil>,<nil>,<nil>,<nil>,818,<nil>
820268877,<nil>,<nil>,<nil>,<nil>,<nil>,<nil>,<nil>,<nil>,164,<nil>
1687113572,<nil>,<nil>,<nil>,<nil>,<nil>,<nil>,<nil>,<nil>,337,<nil>
1122324300,<nil>,<nil>,<nil>,<nil>,<nil>,<nil>,<nil>,<nil>,224,<nil>
2352828248,<nil>,<nil>,<nil>,<nil>,<nil>,<nil>,<nil>,<nil>,470,<nil>
1118700520,<nil>,<nil>,<nil>,<nil>,<nil>,<nil>,<nil>,<nil>,223,<nil>
2852736844,<nil>,<nil>,<nil>,<nil>,<nil>,<nil>,<nil>,<nil>,570,<nil>
2236763992,<nil>,<nil>,<nil>,<nil>,<nil>,<nil>,<nil>,<nil>,447,<nil>
1002262360,<nil>,<nil>,<nil>,<nil>,<nil>,<nil>,<nil>,<nil>,200,<nil>
250367833,<nil>,<nil>,<nil>,<nil>,<nil>,<nil>,<nil>,<nil>,50,<nil>
651953840,<nil>,<nil>,<nil>,<nil>,<nil>,<nil>,<nil>,<nil>,130,<nil>
3013478416,<nil>,<nil>,<nil>,<nil>,<nil>,<nil>,<nil>,<nil>,602,<nil>
2624278348,<nil>,<nil>,<nil>,<nil>,<nil>,<nil>,<nil>,<nil>,524,<nil>
1956466520,<nil>,<nil>,<nil>,<nil>,<nil>,<nil>,<nil>,<nil>,391,<nil>
3878113113,<nil>,<nil>,<nil>,<nil>,<nil>,<nil>,<nil>,<nil>,775,<nil>
3529330509,<nil>,<nil>,<nil>,<nil>,<nil>,<nil>,<nil>,<nil>,705,<nil>
728452990,<nil>,<nil>,<nil>,<nil>,<nil>,<nil>,<nil>,<nil>,145,<nil>
629428057,<nil>,<nil>,<nil>,<nil>,<nil>,<nil>,<nil>,<nil>,125,<nil>
684198024,<nil>,<nil>,<nil>,<nil>,<nil>,<nil>,<nil>,<nil>,136,<nil>
2786873177,<nil>,<nil>,<nil>,<nil>,<nil>,<nil>,<nil>,<nil>,557,<nil>
2861256524,<nil>,<nil>,<nil>,<nil>,<nil>,<nil>,<nil>,<nil>,572,<nil>
322588493,<nil>,<nil>,<nil>,<nil>,<nil>,<nil>,<nil>,<nil>,64,<nil>
2945929048,<nil>,<nil>,<nil>,<nil>,<nil>,<nil>,<nil>,<nil>,589,<nil>
2637647705,<nil>,<nil>,<nil>,<nil>,<nil>,<nil>,<nil>,<nil>,527,<nil>
3485028185,<nil>,<nil>,<nil>,<nil>,<nil>,<nil>,<nil>,<nil>,697,<nil>
2981580632,<nil>,<nil>,<nil>,<nil>,<nil>,<nil>,<nil>,<nil>,596,<nil>
1026838360,<nil>,<nil>,<nil>,<nil>,<nil>,<nil>,<nil>,<nil>,205,<nil>
3374450729,<nil>,<nil>,<nil>,<nil>,<nil>,<nil>,<nil>,<nil>,674,<nil>
1794068800,<nil>,<nil>,<nil>,<nil>,<nil>,<nil>,<nil>,<nil>,358,<nil>
3765129037,<nil>,<nil>,<nil>,<nil>,<nil>,<nil>,<nil>,<nil>,753,<nil>
2251312973,<nil>,<nil>,<nil>,<nil>,<nil>,<nil>,<nil>,<nil>,450,<nil>
1584025420,<nil>,<nil>,<nil>,<nil>,<nil>,<nil>,<nil>,<nil>,316,<nil>
4096020301,<nil>,<nil>,<nil>,<nil>,<nil>,<nil>,<nil>,<nil>,819,<nil>
132644863,<nil>,<nil>,<nil>,<nil>,<nil>,<nil>,<nil>,<nil>,26,<nil>
2232176461,<nil>,<nil>,<nil>,<nil>,<nil>,<nil>,<nil>,<nil>,446,<nil>
1764314969,<nil>,<nil>,<nil>,<nil>,<nil>,<nil>,<nil>,<nil>,352,<nil>
639717196,<nil>,<nil>,<nil>,<nil>,<nil>,<nil>,<nil>,<nil>,127,<nil>
3151581005,<nil>,<nil>,<nil>,<nil>,<nil>,<nil>,<nil>,<nil>,630,<nil>
2076593997,<nil>,<nil>,<nil>,<nil>,<nil>,<nil>,<nil>,<nil>,415,<nil>
3048558442,<nil>,<nil>,<nil>,<nil>,<nil>,<nil>,<nil>,<nil>,609,<nil>
1795227759,<nil>,<nil>,<nil>,<nil>,<nil>,<nil>,<nil>,<nil>,359,<nil>
574246744,<nil>,<nil>,<nil>,<nil>,<nil>,<nil>,<nil>,<nil>,114,<nil>
1695043416,<nil>,<nil>,<nil>,<nil>,<nil>,<nil>,<nil>,<nil>,339,<nil>
3471658841,<nil>,<nil>,<nil>,<nil>,<nil>,<nil>,<nil>,<nil>,694,<nil>
3556444256,<nil>,<nil>,<nil>,<nil>,<nil>,<nil>,<nil>,<nil>,711,<nil>
1393446733,<nil>,<nil>,<nil>,<nil>,<nil>,<nil>,<nil>,<nil>,278,<nil>
749752152,<nil>,<nil>,<nil>,<nil>,<nil>,<nil>,<nil>,<nil>,149,<nil>
667111244,<nil>,<nil>,<nil>,<nil>,<nil>,<nil>,<nil>,<nil>,133,<nil>
2878623565,<nil>,<nil>,<nil>,<nil>,<nil>,<nil>,<nil>,<nil>,575,<nil>
2687520600,<nil>,<nil>,<nil>,<nil>,<nil>,<nil>,<nil>,<nil>,537,<nil>
2166116184,<nil>,<nil>,<nil>,<nil>,<nil>,<nil>,<nil>,<nil>,433,<nil>
225398605,<nil>,<nil>,<nil>,<nil>,<nil>,<nil>,<nil>,<nil>,45,<nil>
3534376804,<nil>,<nil>,<nil>,<nil>,<nil>,<nil>,<nil>,<nil>,706,<nil>
588336985,<nil>,<nil>,<nil>,<nil>,<nil>,<nil>,<nil>,<nil>,117,<nil>
73944908,<nil>,<nil>,<nil>,<nil>,<nil>,<nil>,<nil>,<nil>,14,<nil>
2425573208,<nil>,<nil>,<nil>,<nil>,<nil>,<nil>,<nil>,<nil>,485,<nil>
1769557837,<nil>,<nil>,<nil>,<nil>,<nil>,<nil>,<nil>,<nil>,353,<nil>
785713361,<nil>,<nil>,<nil>,<nil>,<nil>,<nil>,<nil>,<nil>,157,<nil>
3099283300,<nil>,<nil>,<nil>,<nil>,<nil>,<nil>,<nil>,<nil>,619,<nil>
2335919948,<nil>,<nil>,<nil>,<nil>,<nil>,<nil>,<nil>,<nil>,467,<nil>
694701901,<nil>,<nil>,<nil>,<nil>,<nil>,<nil>,<nil>,<nil>,138,<nil>
3937619801,<nil>,<nil>,<nil>,<nil>,<nil>,<nil>,<nil>,<nil>,787,<nil>
1496731481,<nil>,<nil>,<nil>,<nil>,<nil>,<nil>,<nil>,<nil>,299,<nil>
110317400,<nil>,<nil>,<nil>,<nil>,<nil>,<nil>,<nil>,<nil>,22,<nil>
3487125336,<nil>,<nil>,<nil>,<nil>,<nil>,<nil>,<nil>,<nil>,697,<nil>
2496614233,<nil>,<nil>,<nil>,<nil>,<nil>,<nil>,<nil>,<nil>,499,<nil>
2187208551,<nil>,<nil>,<nil>,<nil>,<nil>,<nil>,<nil>,<nil>,437,<nil>
4066135925,<nil>,<nil>,<nil>,<nil>,<nil>,<nil>,<nil>,<nil>,813,<nil>
2812282880,<nil>,<nil>,<nil>,<nil>,<nil>,<nil>,<nil>,<nil>,562,<nil>
1931562853,<nil>,<nil>,<nil>,<nil>,<nil>,<nil>,<nil>,<nil>,386,<nil>
3458793578,<nil>,<nil>,<nil>,<nil>,<nil>,<nil>,<nil>,<nil>,691,<nil>
1725976408,<nil>,<nil>,<nil>,<nil>,<nil>,<nil>,<nil>,<nil>,345,<nil>
1384664908,<nil>,<nil>,<nil>,<nil>,<nil>,<nil>,<nil>,<nil>,276,<nil>
3864482112,<nil>,<nil>,<nil>,<nil>,<nil>,<nil>,<nil>,<nil>,772,<nil>
81350488,<nil>,<nil>,<nil>,<nil>,<nil>,<nil>,<nil>,<nil>,16,<nil>
2264944460,<nil>,<nil>,<nil>,<nil>,<nil>,<nil>,<nil>,<nil>,452,<nil>
1220759373,<nil>,<nil>,<nil>,<nil>,<nil>,<nil>,<nil>,<nil>,244,<nil>
3794554713,<nil>,<nil>,<nil>,<nil>,<nil>,<nil>,<nil>,<nil>,758,<nil>
2405977944,<nil>,<nil>,<nil>,<nil>,<nil>,<nil>,<nil>,<nil>,481,<nil>
586567500,<nil>,<nil>,<nil>,<nil>,<nil>,<nil>,<nil>,<nil>,117,<nil>
2595245900,<nil>,<nil>,<nil>,<nil>,<nil>,<nil>,<nil>,<nil>,519,<nil>
2002800473,<nil>,<nil>,<nil>,<nil>,<nil>,<nil>,<nil>,<nil>,400,<nil>
534335332,<nil>,<nil>,<nil>,<nil>,<nil>,<nil>,<nil>,<nil>,106,<nil>
3626979198,<nil>,<nil>,<nil>,<nil>,<nil>,<nil>,<nil>,<nil>,725,<nil>
1467436889,<nil>,<nil>,<nil>,<nil>,<nil>,<nil>,<nil>,<nil>,293,<nil>
984829785,<nil>,<nil>,<nil>,<nil>,<nil>,<nil>,<nil>,<nil>,196,<nil>
2873315149,<nil>,<nil>,<nil>,<nil>,<nil>,<nil>,<nil>,<nil>,574,<nil>
2235105391,<nil>,<nil>,<nil>,<nil>,<nil>,<nil>,<nil>,<nil>,447,<nil>
357453694,<nil>,<nil>,<nil>,<nil>,<nil>,<nil>,<nil>,<nil>,71,<nil>
2631880525,<nil>,<nil>,<nil>,<nil>,<nil>,<nil>,<nil>,<nil>,526,<nil>
3323594752,<nil>,<nil>,<nil>,<nil>,<nil>,<nil>,<nil>,<nil>,664,<nil>
1807699800,<nil>,<nil>,<nil>,<nil>,<nil>,<nil>,<nil>,<nil>,361,<nil>
3358805836,<nil>,<nil>,<nil>,<nil>,<nil>,<nil>,<nil>,<nil>,671,<nil>
1407078220,<nil>,<nil>,<nil>,<nil>,<nil>,<nil>,<nil>,<nil>,281,<nil>
656101197,<nil>,<nil>,<nil>,<nil>,<nil>,<nil>,<nil>,<nil>,131,<nil>
286216013,<nil>,<nil>,<nil>,<nil>,<nil>,<nil>,<nil>,<nil>,57,<nil>
3271642980,<nil>,<nil>,<nil>,<nil>,<nil>,<nil>,<nil>,<nil>,654,<nil>
2713734988,<nil>,<nil>,<nil>,<nil>,<nil>,<nil>,<nil>,<nil>,542,<nil>
3561639769,<nil>,<nil>,<nil>,<nil>,<nil>,<nil>,<nil>,<nil>,712,<nil>
2091994980,<nil>,<nil>,<nil>,<nil>,<nil>,<nil>,<nil>,<nil>,418,<nil>
1541361496,<nil>,<nil>,<nil>,<nil>,<nil>,<nil>,<nil>,<nil>,308,<nil>
3292811097,<nil>,<nil>,<nil>,<nil>,<nil>,<nil>,<nil>,<nil>,658,<nil>
1603751756,<nil>,<nil>,<nil>,<nil>,<nil>,<nil>,<nil>,<nil>,320,<nil>
222169128,<nil>,<nil>,<nil>,<nil>,<nil>,<nil>,<nil>,<nil>,44,<nil>
3633532749,<nil>,<nil>,<nil>,<nil>,<nil>,<nil>,<nil>,<nil>,726,<nil>
2247905100,<nil>,<nil>,<nil>,<nil>,<nil>,<nil>,<nil>,<nil>,449,<nil>
620515161,<nil>,<nil>,<nil>,<nil>,<nil>,<nil>,<nil>,<nil>,124,<nil>
358043480,<nil>,<nil>,<nil>,<nil>,<nil>,<nil>,<nil>,<nil>,71,<nil>
2415677261,<nil>,<nil>,<nil>,<nil>,<nil>,<nil>,<nil>,<nil>,483,<nil>
1912360780,<nil>,<nil>,<nil>,<nil>,<nil>,<nil>,<nil>,<nil>,382,<nil>
491703776,<nil>,<nil>,<nil>,<nil>,<nil>,<nil>,<nil>,<nil>,98,<nil>
1362710349,<nil>,<nil>,<nil>,<nil>,<nil>,<nil>,<nil>,<nil>,272,<nil>
441339725,<nil>,<nil>,<nil>,<nil>,<nil>,<nil>,<nil>,<nil>,88,<nil>
3134607205,<nil>,<nil>,<nil>,<nil>,<nil>,<nil>,<nil>,<nil>,626,<nil>
4252454733,<nil>,<nil>,<nil>,<nil>,<nil>,<nil>,<nil>,<nil>,850,<nil>
2883014477,<nil>,<nil>,<nil>,<nil>,<nil>,<nil>,<nil>,<nil>,576,<nil>
2950834020,<nil>,<nil>,<nil>,<nil>,<nil>,<nil>,<nil>,<nil>,590,<nil>
4065414989,<nil>,<nil>,<nil>,<nil>,<nil>,<nil>,<nil>,<nil>,813,<nil>
2562608985,<nil>,<nil>,<nil>,<nil>,<nil>,<nil>,<nil>,<nil>,512,<nil>
1557727440,<nil>,<nil>,<nil>,<nil>,<nil>,<nil>,<nil>,<nil>,311,<nil>
2977582936,<nil>,<nil>,<nil>,<nil>,<nil>,<nil>,<nil>,<nil>,595,<nil>
888819533,<nil>,<nil>,<nil>,<nil>,<nil>,<nil>,<nil>,<nil>,177,<nil>
252727128,<nil>,<nil>,<nil>,<nil>,<nil>,<nil>,<nil>,<nil>,50,<nil>
1787580236,<nil>,<nil>,<nil>,<nil>,<nil>,<nil>,<nil>,<nil>,357,<nil>
4147662669,<nil>,<nil>,<nil>,<nil>,<nil>,<nil>,<nil>,<nil>,829,<nil>
3499511628,<nil>,<nil>,<nil>,<nil>,<nil>,<nil>,<nil>,<nil>,699,<nil>
3296481100,<nil>,<nil>,<nil>,<nil>,<nil>,<nil>,<nil>,<nil>,659,<nil>
1195396940,<nil>,<nil>,<nil>,<nil>,<nil>,<nil>,<nil>,<nil>,239,<nil>
3253555032,<nil>,<nil>,<nil>,<nil>,<nil>,<nil>,<nil>,<nil>,650,<nil>
1876184908,<nil>,<nil>,<nil>,<nil>,<nil>,<nil>,<nil>,<nil>,375,<nil>
3807137612,<nil>,<nil>,<nil>,<nil>,<nil>,<nil>,<nil>,<nil>,761,<nil>
1863995224,<nil>,<nil>,<nil>,<nil>,<nil>,<nil>,<nil>,<nil>,372,<nil>
1511346009,<nil>,<nil>,<nil>,<nil>,<nil>,<nil>,<nil>,<nil>,302,<nil>
3629207385,<nil>,<nil>,<nil>,<nil>,<nil>,<nil>,<nil>,<nil>,725,<nil>
2087800652,<nil>,<nil>,<nil>,<nil>,<nil>,<nil>,<nil>,<nil>,417,<nil>
1458130764,<nil>,<nil>,<nil>,<nil>,<nil>,<nil>,<nil>,<nil>,291,<nil>
123031384,<nil>,<nil>,<nil>,<nil>,<nil>,<nil>,<nil>,<nil>,24,<nil>
2627358553,<nil>,<nil>,<nil>,<nil>,<nil>,<nil>,<nil>,<nil>,525,<nil>
2023557136,<nil>,<nil>,<nil>,<nil>,<nil>,<nil>,<nil>,<nil>,404,<nil>
1581928268,<nil>,<nil>,<nil>,<nil>,<nil>,<nil>,<nil>,<nil>,316,<nil>
225660760,<nil>,<nil>,<nil>,<nil>,<nil>,<nil>,<nil>,<nil>,45,<nil>
2717601624,<nil>,<nil>,<nil>,<nil>,<nil>,<nil>,<nil>,<nil>,543,<nil>
4154722400,<nil>,<nil>,<nil>,<nil>,<nil>,<nil>,<nil>,<nil>,830,<nil>
2037730853,<nil>,<nil>,<nil>,<nil>,<nil>,<nil>,<nil>,<nil>,407,<nil>
1103449957,<nil>,<nil>,<nil>,<nil>,<nil>,<nil>,<nil>,<nil>,220,<nil>
4042870616,<nil>,<nil>,<nil>,<nil>,<nil>,<nil>,<nil>,<nil>,808,<nil>
2671071064,<nil>,<nil>,<nil>,<nil>,<nil>,<nil>,<nil>,<nil>,534,<nil>
1446858572,<nil>,<nil>,<nil>,<nil>,<nil>,<nil>,<nil>,<nil>,289,<nil>
3303821132,<nil>,<nil>,<nil>,<nil>,<nil>,<nil>,<nil>,<nil>,660,<nil>
2273660761,<nil>,<nil>,<nil>,<nil>,<nil>,<nil>,<nil>,<nil>,454,<nil>
2349682508,<nil>,<nil>,<nil>,<nil>,<nil>,<nil>,<nil>,<nil>,469,<nil>
412831565,<nil>,<nil>,<nil>,<nil>,<nil>,<nil>,<nil>,<nil>,82,<nil>
3184021336,<nil>,<nil>,<nil>,<nil>,<nil>,<nil>,<nil>,<nil>,636,<nil>
1246449485,<nil>,<nil>,<nil>,<nil>,<nil>,<nil>,<nil>,<nil>,249,<nil>
3935326052,<nil>,<nil>,<nil>,<nil>,<nil>,<nil>,<nil>,<nil>,787,<nil>
2073513805,<nil>,<nil>,<nil>,<nil>,<nil>,<nil>,<nil>,<nil>,414,<nil>
3465629516,<nil>,<nil>,<nil>,<nil>,<nil>,<nil>,<nil>,<nil>,693,<nil>
2853130072,<nil>,<nil>,<nil>,<nil>,<nil>,<nil>,<nil>,<nil>,570,<nil>
2139049804,<nil>,<nil>,<nil>,<nil>,<nil>,<nil>,<nil>,<nil>,427,<nil>
636047192,<nil>,<nil>,<nil>,<nil>,<nil>,<nil>,<nil>,<nil>,127,<nil>
3886763865,<nil>,<nil>,<nil>,<nil>,<nil>,<nil>,<nil>,<nil>,777,<nil>
3021492045,<nil>,<nil>,<nil>,<nil>,<nil>,<nil>,<nil>,<nil>,604,<nil>
1728186020,<nil>,<nil>,<nil>,<nil>,<nil>,<nil>,<nil>,<nil>,345,<nil>
3791653083,<nil>,<nil>,<nil>,<nil>,<nil>,<nil>,<nil>,<nil>,758,<nil>
1728859980,<nil>,<nil>,<nil>,<nil>,<nil>,<nil>,<nil>,<nil>,345,<nil>
534925133,<nil>,<nil>,<nil>,<nil>,<nil>,<nil>,<nil>,<nil>,106,<nil>
2213217966,<nil>,<nil>,<nil>,<nil>,<nil>,<nil>,<nil>,<nil>,442,<nil>
105795594,<nil>,<nil>,<nil>,<nil>,<nil>,<nil>,<nil>,<nil>,21,<nil>
3362017100,<nil>,<nil>,<nil>,<nil>,<nil>,<nil>,<nil>,<nil>,672,<nil>
3676065612,<nil>,<nil>,<nil>,<nil>,<nil>,<nil>,<nil>,<nil>,735,<nil>
1892372301,<nil>,<nil>,<nil>,<nil>,<nil>,<nil>,<nil>,<nil>,378,<nil>
539774809,<nil>,<nil>,<nil>,<nil>,<nil>,<nil>,<nil>,<nil>,107,<nil>
1381453657,<nil>,<nil>,<nil>,<nil>,<nil>,<nil>,<nil>,<nil>,276,<nil>
891552744,<nil>,<nil>,<nil>,<nil>,<nil>,<nil>,<nil>,<nil>,178,<nil>
3321057124,<nil>,<nil>,<nil>,<nil>,<nil>,<nil>,<nil>,<nil>,664,<nil>
200888140,<nil>,<nil>,<nil>,<nil>,<nil>,<nil>,<nil>,<nil>,40,<nil>
2280607577,<nil>,<nil>,<nil>,<nil>,<nil>,<nil>,<nil>,<nil>,456,<nil>
1791119181,<nil>,<nil>,<nil>,<nil>,<nil>,<nil>,<nil>,<nil>,358,<nil>
3445378892,<nil>,<nil>,<nil>,<nil>,<nil>,<nil>,<nil>,<nil>,689,<nil>
1084510041,<nil>,<nil>,<nil>,<nil>,<nil>,<nil>,<nil>,<nil>,216,<nil>
4286140248,<nil>,<nil>,<nil>,<nil>,<nil>,<nil>,<nil>,<nil>,857,<nil>
4100738905,<nil>,<nil>,<nil>,<nil>,<nil>,<nil>,<nil>,<nil>,820,<nil>
2526806032,<nil>,<nil>,<nil>,<nil>,<nil>,<nil>,<nil>,<nil>,505,<nil>
639520601,<nil>,<nil>,<nil>,<nil>,<nil>,<nil>,<nil>,<nil>,127,<nil>
4293068841,<nil>,<nil>,<nil>,<nil>,<nil>,<nil>,<nil>,<nil>,858,<nil>
2732412778,<nil>,<nil>,<nil>,<nil>,<nil>,<nil>,<nil>,<nil>,546,<nil>
1105350477,<nil>,<nil>,<nil>,<nil>,<nil>,<nil>,<nil>,<nil>,221,<nil>
761155416,<nil>,<nil>,<nil>,<nil>,<nil>,<nil>,<nil>,<nil>,152,<nil>
1606700889,<nil>,<nil>,<nil>,<nil>,<nil>,<nil>,<nil>,<nil>,321,<nil>
3762507626,<nil>,<nil>,<nil>,<nil>,<nil>,<nil>,<nil>,<nil>,752,<nil>
35671896,<nil>,<nil>,<nil>,<nil>,<nil>,<nil>,<nil>,<nil>,7,<nil>
3833089880,<nil>,<nil>,<nil>,<nil>,<nil>,<nil>,<nil>,<nil>,766,<nil>
2047102809,<nil>,<nil>,<nil>,<nil>,<nil>,<nil>,<nil>,<nil>,409,<nil>
538529625,<nil>,<nil>,<nil>,<nil>,<nil>,<nil>,<nil>,<nil>,107,<nil>
2870497101,<nil>,<nil>,<nil>,<nil>,<nil>,<nil>,<nil>,<nil>,574,<nil>
2639875929,<nil>,<nil>,<nil>,<nil>,<nil>,<nil>,<nil>,<nil>,527,<nil>
1604454560,<nil>,<nil>,<nil>,<nil>,<nil>,<nil>,<nil>,<nil>,320,<nil>
15945561,<nil>,<nil>,<nil>,<nil>,<nil>,<nil>,<nil>,<nil>,3,<nil>
2923581272,<nil>,<nil>,<nil>,<nil>,<nil>,<nil>,<nil>,<nil>,584,<nil>
1366314853,<nil>,<nil>,<nil>,<nil>,<nil>,<nil>,<nil>,<nil>,273,<nil>
3473166157,<nil>,<nil>,<nil>,<nil>,<nil>,<nil>,<nil>,<nil>,694,<nil>
2974306149,<nil>,<nil>,<nil>,<nil>,<nil>,<nil>,<nil>,<nil>,594,<nil>
2008371033,<nil>,<nil>,<nil>,<nil>,<nil>,<nil>,<nil>,<nil>,401,<nil>
2097893209,<nil>,<nil>,<nil>,<nil>,<nil>,<nil>,<nil>,<nil>,419,<nil>
1083115584,<nil>,<nil>,<nil>,<nil>,<nil>,<nil>,<nil>,<nil>,216,<nil>
363482956,<nil>,<nil>,<nil>,<nil>,<nil>,<nil>,<nil>,<nil>,72,<nil>
4046475097,<nil>,<nil>,<nil>,<nil>,<nil>,<nil>,<nil>,<nil>,809,<nil>
2437435236,<nil>,<nil>,<nil>,<nil>,<nil>,<nil>,<nil>,<nil>,487,<nil>
1020012404,<nil>,<nil>,<nil>,<nil>,<nil>,<nil>,<nil>,<nil>,204,<nil>
3725676376,<nil>,<nil>,<nil>,<nil>,<nil>,<nil>,<nil>,<nil>,745,<nil>
1637502797,<nil>,<nil>,<nil>,<nil>,<nil>,<nil>,<nil>,<nil>,327,<nil>
34033508,<nil>,<nil>,<nil>,<nil>,<nil>,<nil>,<nil>,<nil>,6,<nil>
3647819597,<nil>,<nil>,<nil>,<nil>,<nil>,<nil>,<nil>,<nil>,729,<nil>
1262899033,<nil>,<nil>,<nil>,<nil>,<nil>,<nil>,<nil>,<nil>,252,<nil>
4236267364,<nil>,<nil>,<nil>,<nil>,<nil>,<nil>,<nil>,<nil>,847,<nil>
665735000,<nil>,<nil>,<nil>,<nil>,<nil>,<nil>,<nil>,<nil>,133,<nil>
3584773964,<nil>,<nil>,<nil>,<nil>,<nil>,<nil>,<nil>,<nil>,716,<nil>
2396999513,<nil>,<nil>,<nil>,<nil>,<nil>,<nil>,<nil>,<nil>,479,<nil>
958353241,<nil>,<nil>,<nil>,<nil>,<nil>,<nil>,<nil>,<nil>,191,<nil>
3298512729,<nil>,<nil>,<nil>,<nil>,<nil>,<nil>,<nil>,<nil>,659,<nil>
2544174768,<nil>,<nil>,<nil>,<nil>,<nil>,<nil>,<nil>,<nil>,508,<nil>
3045609293,<nil>,<nil>,<nil>,<nil>,<nil>,<nil>,<nil>,<nil>,609,<nil>
2034323300,<nil>,<nil>,<nil>,<nil>,<nil>,<nil>,<nil>,<nil>,406,<nil>
739725132,<nil>,<nil>,<nil>,<nil>,<nil>,<nil>,<nil>,<nil>,147,<nil>
4148711257,<nil>,<nil>,<nil>,<nil>,<nil>,<nil>,<nil>,<nil>,829,<nil>
2760396632,<nil>,<nil>,<nil>,<nil>,<nil>,<nil>,<nil>,<nil>,552,<nil>
942100300,<nil>,<nil>,<nil>,<nil>,<nil>,<nil>,<nil>,<nil>,188,<nil>
1014583141,<nil>,<nil>,<nil>,<nil>,<nil>,<nil>,<nil>,<nil>,202,<nil>
3725854720,<nil>,<nil>,<nil>,<nil>,<nil>,<nil>,<nil>,<nil>,745,<nil>
2761772876,<nil>,<nil>,<nil>,<nil>,<nil>,<nil>,<nil>,<nil>,552,<nil>
2468106073,<nil>,<nil>,<nil>,<nil>,<nil>,<nil>,<nil>,<nil>,493,<nil>
1068257100,<nil>,<nil>,<nil>,<nil>,<nil>,<nil>,<nil>,<nil>,213,<nil>
4288958284,<nil>,<nil>,<nil>,<nil>,<nil>,<nil>,<nil>,<nil>,857,<nil>
3544010585,<nil>,<nil>,<nil>,<nil>,<nil>,<nil>,<nil>,<nil>,708,<nil>
3457765196,<nil>,<nil>,<nil>,<nil>,<nil>,<nil>,<nil>,<nil>,691,<nil>
3619245913,<nil>,<nil>,<nil>,<nil>,<nil>,<nil>,<nil>,<nil>,723,<nil>
3133296473,<nil>,<nil>,<nil>,<nil>,<nil>,<nil>,<nil>,<nil>,626,<nil>
3206893400,<nil>,<nil>,<nil>,<nil>,<nil>,<nil>,<nil>,<nil>,641,<nil>
969101133,<nil>,<nil>,<nil>,<nil>,<nil>,<nil>,<nil>,<nil>,193,<nil>
82511535,<nil>,<nil>,<nil>,<nil>,<nil>,<nil>,<nil>,<nil>,16,<nil>
4016963613,<nil>,<nil>,<nil>,<nil>,<nil>,<nil>,<nil>,<nil>,803,<nil>
1987202904,<nil>,<nil>,<nil>,<nil>,<nil>,<nil>,<nil>,<nil>,397,<nil>
1292456256,<nil>,<nil>,<nil>,<nil>,<nil>,<nil>,<nil>,<nil>,258,<nil>
2618576716,<nil>,<nil>,<nil>,<nil>,<nil>,<nil>,<nil>,<nil>,523,<nil>
1105809228,<nil>,<nil>,<nil>,<nil>,<nil>,<nil>,<nil>,<nil>,221,<nil>
699552064,<nil>,<nil>,<nil>,<nil>,<nil>,<nil>,<nil>,<nil>,139,<nil>
381748214,<nil>,<nil>,<nil>,<nil>,<nil>,<nil>,<nil>,<nil>,76,<nil>
2259701631,<nil>,<nil>,<nil>,<nil>,<nil>,<nil>,<nil>,<nil>,451,<nil>
1085099852,<nil>,<nil>,<nil>,<nil>,<nil>,<nil>,<nil>,<nil>,217,<nil>
3093909324,<nil>,<nil>,<nil>,<nil>,<nil>,<nil>,<nil>,<nil>,618,<nil>
1542195296,<nil>,<nil>,<nil>,<nil>,<nil>,<nil>,<nil>,<nil>,308,<nil>
4240723789,<nil>,<nil>,<nil>,<nil>,<nil>,<nil>,<nil>,<nil>,848,<nil>
3523235684,<nil>,<nil>,<nil>,<nil>,<nil>,<nil>,<nil>,<nil>,704,<nil>
2221887308,<nil>,<nil>,<nil>,<nil>,<nil>,<nil>,<nil>,<nil>,444,<nil>
1032081229,<nil>,<nil>,<nil>,<nil>,<nil>,<nil>,<nil>,<nil>,206,<nil>
4029435724,<nil>,<nil>,<nil>,<nil>,<nil>,<nil>,<nil>,<nil>,805,<nil>
1951354701,<nil>,<nil>,<nil>,<nil>,<nil>,<nil>,<nil>,<nil>,390,<nil>
2037731148,<nil>,<nil>,<nil>,<nil>,<nil>,<nil>,<nil>,<nil>,407,<nil>
1672236900,<nil>,<nil>,<nil>,<nil>,<nil>,<nil>,<nil>,<nil>,334,<nil>
3911143244,<nil>,<nil>,<nil>,<nil>,<nil>,<nil>,<nil>,<nil>,782,<nil>
1689276237,<nil>,<nil>,<nil>,<nil>,<nil>,<nil>,<nil>,<nil>,337,<nil>
656803840,<nil>,<nil>,<nil>,<nil>,<nil>,<nil>,<nil>,<nil>,131,<nil>
3685502808,<nil>,<nil>,<nil>,<nil>,<nil>,<nil>,<nil>,<nil>,737,<nil>
424234878,<nil>,<nil>,<nil>,<nil>,<nil>,<nil>,<nil>,<nil>,84,<nil>
2545504089,<nil>,<nil>,<nil>,<nil>,<nil>,<nil>,<nil>,<nil>,509,<nil>
998199116,<nil>,<nil>,<nil>,<nil>,<nil>,<nil>,<nil>,<nil>,199,<nil>
824004440,<nil>,<nil>,<nil>,<nil>,<nil>,<nil>,<nil>,<nil>,164,<nil>
727207780,<nil>,<nil>,<nil>,<nil>,<nil>,<nil>,<nil>,<nil>,145,<nil>
3585888088,<nil>,<nil>,<nil>,<nil>,<nil>,<nil>,<nil>,<nil>,717,<nil>
1797934937,<nil>,<nil>,<nil>,<nil>,<nil>,<nil>,<nil>,<nil>,359,<nil>
2332315480,<nil>,<nil>,<nil>,<nil>,<nil>,<nil>,<nil>,<nil>,466,<nil>
678973261,<nil>,<nil>,<nil>,<nil>,<nil>,<nil>,<nil>,<nil>,135,<nil>
213143385,<nil>,<nil>,<nil>,<nil>,<nil>,<nil>,<nil>,<nil>,42,<nil>
4049537064,<nil>,<nil>,<nil>,<nil>,<nil>,<nil>,<nil>,<nil>,809,<nil>
3311947597,<nil>,<nil>,<nil>,<nil>,<nil>,<nil>,<nil>,<nil>,662,<nil>
718219111,<nil>,<nil>,<nil>,<nil>,<nil>,<nil>,<nil>,<nil>,143,<nil>
2686799693,<nil>,<nil>,<nil>,<nil>,<nil>,<nil>,<nil>,<nil>,537,<nil>
1379946341,<nil>,<nil>,<nil>,<nil>,<nil>,<nil>,<nil>,<nil>,275,<nil>
413224793,<nil>,<nil>,<nil>,<nil>,<nil>,<nil>,<nil>,<nil>,82,<nil>
3816433510,<nil>,<nil>,<nil>,<nil>,<nil>,<nil>,<nil>,<nil>,763,<nil>
2114473816,<nil>,<nil>,<nil>,<nil>,<nil>,<nil>,<nil>,<nil>,422,<nil>
1423779686,<nil>,<nil>,<nil>,<nil>,<nil>,<nil>,<nil>,<nil>,284,<nil>
1949239456,<nil>,<nil>,<nil>,<nil>,<nil>,<nil>,<nil>,<nil>,389,<nil>
3851225297,<nil>,<nil>,<nil>,<nil>,<nil>,<nil>,<nil>,<nil>,770,<nil>
3150597964,<nil>,<nil>,<nil>,<nil>,<nil>,<nil>,<nil>,<nil>,630,<nil>
1881540608,<nil>,<nil>,<nil>,<nil>,<nil>,<nil>,<nil>,<nil>,376,<nil>
3408482165,<nil>,<nil>,<nil>,<nil>,<nil>,<nil>,<nil>,<nil>,681,<nil>
3376941120,<nil>,<nil>,<nil>,<nil>,<nil>,<nil>,<nil>,<nil>,675,<nil>
1994804773,<nil>,<nil>,<nil>,<nil>,<nil>,<nil>,<nil>,<nil>,398,<nil>
3950530392,<nil>,<nil>,<nil>,<nil>,<nil>,<nil>,<nil>,<nil>,790,<nil>
2311913469,<nil>,<nil>,<nil>,<nil>,<nil>,<nil>,<nil>,<nil>,462,<nil>
938692440,<nil>,<nil>,<nil>,<nil>,<nil>,<nil>,<nil>,<nil>,187,<nil>
3493089124,<nil>,<nil>,<nil>,<nil>,<nil>,<nil>,<nil>,<nil>,698,<nil>
2786329576,<nil>,<nil>,<nil>,<nil>,<nil>,<nil>,<nil>,<nil>,557,<nil>
3481489240,<nil>,<nil>,<nil>,<nil>,<nil>,<nil>,<nil>,<nil>,696,<nil>
1698451289,<nil>,<nil>,<nil>,<nil>,<nil>,<nil>,<nil>,<nil>,339,<nil>
298209100,<nil>,<nil>,<nil>,<nil>,<nil>,<nil>,<nil>,<nil>,59,<nil>
3239464792,<nil>,<nil>,<nil>,<nil>,<nil>,<nil>,<nil>,<nil>,647,<nil>
2476167013,<nil>,<nil>,<nil>,<nil>,<nil>,<nil>,<nil>,<nil>,495,<nil>
1998933860,<nil>,<nil>,<nil>,<nil>,<nil>,<nil>,<nil>,<nil>,399,<nil>
2440253272,<nil>,<nil>,<nil>,<nil>,<nil>,<nil>,<nil>,<nil>,488,<nil>
349196109,<nil>,<nil>,<nil>,<nil>,<nil>,<nil>,<nil>,<nil>,69,<nil>
200625997,<nil>,<nil>,<nil>,<nil>,<nil>,<nil>,<nil>,<nil>,40,<nil>
531039908,<nil>,<nil>,<nil>,<nil>,<nil>,<nil>,<nil>,<nil>,106,<nil>
2653376333,<nil>,<nil>,<nil>,<nil>,<nil>,<nil>,<nil>,<nil>,530,<nil>
1854033740,<nil>,<nil>,<nil>,<nil>,<nil>,<nil>,<nil>,<nil>,370,<nil>
1820020557,<nil>,<nil>,<nil>,<nil>,<nil>,<nil>,<nil>,<nil>,364,<nil>
445075288,<nil>,<nil>,<nil>,<nil>,<nil>,<nil>,<nil>,<nil>,89,<nil>
4112863064,<nil>,<nil>,<nil>,<nil>,<nil>,<nil>,<nil>,<nil>,822,<nil>
3172487000,<nil>,<nil>,<nil>,<nil>,<nil>,<nil>,<nil>,<nil>,634,<nil>
1518882637,<nil>,<nil>,<nil>,<nil>,<nil>,<nil>,<nil>,<nil>,303,<nil>
1247498084,<nil>,<nil>,<nil>,<nil>,<nil>,<nil>,<nil>,<nil>,249,<nil>
2181975908,<nil>,<nil>,<nil>,<nil>,<nil>,<nil>,<nil>,<nil>,436,<nil>
141381453,<nil>,<nil>,<nil>,<nil>,<nil>,<nil>,<nil>,<nil>,28,<nil>
3352383320,<nil>,<nil>,<nil>,<nil>,<nil>,<nil>,<nil>,<nil>,670,<nil>
3866971993,<nil>,<nil>,<nil>,<nil>,<nil>,<nil>,<nil>,<nil>,773,<nil>
3273261258,<nil>,<nil>,<nil>,<nil>,<nil>,<nil>,<nil>,<nil>,654,<nil>
1241927512,<nil>,<nil>,<nil>,<nil>,<nil>,<nil>,<nil>,<nil>,248,<nil>
3128708940,<nil>,<nil>,<nil>,<nil>,<nil>,<nil>,<nil>,<nil>,625,<nil>
3711455065,<nil>,<nil>,<nil>,<nil>,<nil>,<nil>,<nil>,<nil>,742,<nil>
3279030432,<nil>,<nil>,<nil>,<nil>,<nil>,<nil>,<nil>,<nil>,655,<nil>
582373236,<nil>,<nil>,<nil>,<nil>,<nil>,<nil>,<nil>,<nil>,116,<nil>
2739556185,<nil>,<nil>,<nil>,<nil>,<nil>,<nil>,<nil>,<nil>,547,<nil>
3115732824,<nil>,<nil>,<nil>,<nil>,<nil>,<nil>,<nil>,<nil>,623,<nil>
1765953357,<nil>,<nil>,<nil>,<nil>,<nil>,<nil>,<nil>,<nil>,353,<nil>
95375192,<nil>,<nil>,<nil>,<nil>,<nil>,<nil>,<nil>,<nil>,19,<nil>
1981370188,<nil>,<nil>,<nil>,<nil>,<nil>,<nil>,<nil>,<nil>,396,<nil>
198201165,<nil>,<nil>,<nil>,<nil>,<nil>,<nil>,<nil>,<nil>,39,<nil>
3442411536,<nil>,<nil>,<nil>,<nil>,<nil>,<nil>,<nil>,<nil>,688,<nil>
1454985048,<nil>,<nil>,<nil>,<nil>,<nil>,<nil>,<nil>,<nil>,290,<nil>
3526250329,<nil>,<nil>,<nil>,<nil>,<nil>,<nil>,<nil>,<nil>,705,<nil>
2643855360,<nil>,<nil>,<nil>,<nil>,<nil>,<nil>,<nil>,<nil>,528,<nil>
266209488,<nil>,<nil>,<nil>,<nil>,<nil>,<nil>,<nil>,<nil>,53,<nil>
2595049316,<nil>,<nil>,<nil>,<nil>,<nil>,<nil>,<nil>,<nil>,519,<nil>
705974092,<nil>,<nil>,<nil>,<nil>,<nil>,<nil>,<nil>,<nil>,141,<nil>
3633139532,<nil>,<nil>,<nil>,<nil>,<nil>,<nil>,<nil>,<nil>,726,<nil>
1767001956,<nil>,<nil>,<nil>,<nil>,<nil>,<nil>,<nil>,<nil>,353,<nil>
34754392,<nil>,<nil>,<nil>,<nil>,<nil>,<nil>,<nil>,<nil>,6,<nil>
2911111377,<nil>,<nil>,<nil>,<nil>,<nil>,<nil>,<nil>,<nil>,582,<nil>
738873177,<nil>,<nil>,<nil>,<nil>,<nil>,<nil>,<nil>,<nil>,147,<nil>
1256738637,<nil>,<nil>,<nil>,<nil>,<nil>,<nil>,<nil>,<nil>,251,<nil>
631131981,<nil>,<nil>,<nil>,<nil>,<nil>,<nil>,<nil>,<nil>,126,<nil>
2701086565,<nil>,<nil>,<nil>,<nil>,<nil>,<nil>,<nil>,<nil>,540,<nil>
1408257880,<nil>,<nil>,<nil>,<nil>,<nil>,<nil>,<nil>,<nil>,281,<nil>
3477032793,<nil>,<nil>,<nil>,<nil>,<nil>,<nil>,<nil>,<nil>,695,<nil>
2842447693,<nil>,<nil>,<nil>,<nil>,<nil>,<nil>,<nil>,<nil>,568,<nil>
1376931661,<nil>,<nil>,<nil>,<nil>,<nil>,<nil>,<nil>,<nil>,275,<nil>
4285222732,<nil>,<nil>,<nil>,<nil>,<nil>,<nil>,<nil>,<nil>,857,<nil>
3955969868,<nil>,<nil>,<nil>,<nil>,<nil>,<nil>,<nil>,<nil>,791,<nil>
57626456,<nil>,<nil>,<nil>,<nil>,<nil>,<nil>,<nil>,<nil>,11,<nil>
2565361497,<nil>,<nil>,<nil>,<nil>,<nil>,<nil>,<nil>,<nil>,513,<nil>
2007173216,<nil>,<nil>,<nil>,<nil>,<nil>,<nil>,<nil>,<nil>,401,<nil>
4275112145,<nil>,<nil>,<nil>,<nil>,<nil>,<nil>,<nil>,<nil>,855,<nil>
2366721868,<nil>,<nil>,<nil>,<nil>,<nil>,<nil>,<nil>,<nil>,473,<nil>
1033523033,<nil>,<nil>,<nil>,<nil>,<nil>,<nil>,<nil>,<nil>,206,<nil>
478170968,<nil>,<nil>,<nil>,<nil>,<nil>,<nil>,<nil>,<nil>,95,<nil>
2865629280,<nil>,<nil>,<nil>,<nil>,<nil>,<nil>,<nil>,<nil>,573,<nil>
1589792588,<nil>,<nil>,<nil>,<nil>,<nil>,<nil>,<nil>,<nil>,317,<nil>
941182796,<nil>,<nil>,<nil>,<nil>,<nil>,<nil>,<nil>,<nil>,188,<nil>
3313782617,<nil>,<nil>,<nil>,<nil>,<nil>,<nil>,<nil>,<nil>,662,<nil>
2395295577,<nil>,<nil>,<nil>,<nil>,<nil>,<nil>,<nil>,<nil>,479,<nil>
1988888712,<nil>,<nil>,<nil>,<nil>,<nil>,<nil>,<nil>,<nil>,397,<nil>
204492620,<nil>,<nil>,<nil>,<nil>,<nil>,<nil>,<nil>,<nil>,40,<nil>
3009236813,<nil>,<nil>,<nil>,<nil>,<nil>,<nil>,<nil>,<nil>,601,<nil>
1506889561,<nil>,<nil>,<nil>,<nil>,<nil>,<nil>,<nil>,<nil>,301,<nil>
1694312293,<nil>,<nil>,<nil>,<nil>,<nil>,<nil>,<nil>,<nil>,338,<nil>
1324437324,<nil>,<nil>,<nil>,<nil>,<nil>,<nil>,<nil>,<nil>,264,<nil>
4262547288,<nil>,<nil>,<nil>,<nil>,<nil>,<nil>,<nil>,<nil>,852,<nil>
2182500185,<nil>,<nil>,<nil>,<nil>,<nil>,<nil>,<nil>,<nil>,436,<nil>
1341130888,<nil>,<nil>,<nil>,<nil>,<nil>,<nil>,<nil>,<nil>,268,<nil>
971394892,<nil>,<nil>,<nil>,<nil>,<nil>,<nil>,<nil>,<nil>,194,<nil>
3195555673,<nil>,<nil>,<nil>,<nil>,<nil>,<nil>,<nil>,<nil>,639,<nil>
3126742860,<nil>,<nil>,<nil>,<nil>,<nil>,<nil>,<nil>,<nil>,625,<nil>
2156136667,<nil>,<nil>,<nil>,<nil>,<nil>,<nil>,<nil>,<nil>,431,<nil>
851660632,<nil>,<nil>,<nil>,<nil>,<nil>,<nil>,<nil>,<nil>,170,<nil>
73748312,<nil>,<nil>,<nil>,<nil>,<nil>,<nil>,<nil>,<nil>,14,<nil>
2488749925,<nil>,<nil>,<nil>,<nil>,<nil>,<nil>,<nil>,<nil>,497,<nil>
1346981720,<nil>,<nil>,<nil>,<nil>,<nil>,<nil>,<nil>,<nil>,269,<nil>
3783413580,<nil>,<nil>,<nil>,<nil>,<nil>,<nil>,<nil>,<nil>,756,<nil>
1861570393,<nil>,<nil>,<nil>,<nil>,<nil>,<nil>,<nil>,<nil>,372,<nil>
1008797915,<nil>,<nil>,<nil>,<nil>,<nil>,<nil>,<nil>,<nil>,201,<nil>
2419543884,<nil>,<nil>,<nil>,<nil>,<nil>,<nil>,<nil>,<nil>,483,<nil>
488853325,<nil>,<nil>,<nil>,<nil>,<nil>,<nil>,<nil>,<nil>,97,<nil>
3850391384,<nil>,<nil>,<nil>,<nil>,<nil>,<nil>,<nil>,<nil>,770,<nil>
3232124749,<nil>,<nil>,<nil>,<nil>,<nil>,<nil>,<nil>,<nil>,646,<nil>
2825814155,<nil>,<nil>,<nil>,<nil>,<nil>,<nil>,<nil>,<nil>,565,<nil>
97668953,<nil>,<nil>,<nil>,<nil>,<nil>,<nil>,<nil>,<nil>,19,<nil>
2650951550,<nil>,<nil>,<nil>,<nil>,<nil>,<nil>,<nil>,<nil>,530,<nil>
1522028377,<nil>,<nil>,<nil>,<nil>,<nil>,<nil>,<nil>,<nil>,304,<nil>
593448792,<nil>,<nil>,<nil>,<nil>,<nil>,<nil>,<nil>,<nil>,118,<nil>
3065466700,<nil>,<nil>,<nil>,<nil>,<nil>,<nil>,<nil>,<nil>,613,<nil>
1124093784,<nil>,<nil>,<nil>,<nil>,<nil>,<nil>,<nil>,<nil>,224,<nil>
80957273,<nil>,<nil>,<nil>,<nil>,<nil>,<nil>,<nil>,<nil>,16,<nil>
1616007000,<nil>,<nil>,<nil>,<nil>,<nil>,<nil>,<nil>,<nil>,323,<nil>
4025896805,<nil>,<nil>,<nil>,<nil>,<nil>,<nil>,<nil>,<nil>,805,<nil>
3566030718,<nil>,<nil>,<nil>,<nil>,<nil>,<nil>,<nil>,<nil>,713,<nil>
195383128,<nil>,<nil>,<nil>,<nil>,<nil>,<nil>,<nil>,<nil>,39,<nil>
2751811428,<nil>,<nil>,<nil>,<nil>,<nil>,<nil>,<nil>,<nil>,550,<nil>
745361229,<nil>,<nil>,<nil>,<nil>,<nil>,<nil>,<nil>,<nil>,149,<nil>
1003751584,<nil>,<nil>,<nil>,<nil>,<nil>,<nil>,<nil>,<nil>,200,<nil>
2946584420,<nil>,<nil>,<nil>,<nil>,<nil>,<nil>,<nil>,<nil>,589,<nil>
1619218252,<nil>,<nil>,<nil>,<nil>,<nil>,<nil>,<nil>,<nil>,323,<nil>
2025213773,<nil>,<nil>,<nil>,<nil>,<nil>,<nil>,<nil>,<nil>,405,<nil>
785207116,<nil>,<nil>,<nil>,<nil>,<nil>,<nil>,<nil>,<nil>,157,<nil>
3581300568,<nil>,<nil>,<nil>,<nil>,<nil>,<nil>,<nil>,<nil>,716,<nil>
1661816664,<nil>,<nil>,<nil>,<nil>,<nil>,<nil>,<nil>,<nil>,332,<nil>
11292493,<nil>,<nil>,<nil>,<nil>,<nil>,<nil>,<nil>,<nil>,2,<nil>
3820113752,<nil>,<nil>,<nil>,<nil>,<nil>,<nil>,<nil>,<nil>,764,<nil>
242831193,<nil>,<nil>,<nil>,<nil>,<nil>,<nil>,<nil>,<nil>,48,<nil>
4145611752,<nil>,<nil>,<nil>,<nil>,<nil>,<nil>,<nil>,<nil>,829,<nil>
3080212312,<nil>,<nil>,<nil>,<nil>,<nil>,<nil>,<nil>,<nil>,616,<nil>
1442533209,<nil>,<nil>,<nil>,<nil>,<nil>,<nil>,<nil>,<nil>,288,<nil>
3624816461,<nil>,<nil>,<nil>,<nil>,<nil>,<nil>,<nil>,<nil>,724,<nil>
2949467992,<nil>,<nil>,<nil>,<nil>,<nil>,<nil>,<nil>,<nil>,589,<nil>
994594648,<nil>,<nil>,<nil>,<nil>,<nil>,<nil>,<nil>,<nil>,198,<nil>
3993849700,<nil>,<nil>,<nil>,<nil>,<nil>,<nil>,<nil>,<nil>,798,<nil>
2410696536,<nil>,<nil>,<nil>,<nil>,<nil>,<nil>,<nil>,<nil>,482,<nil>
186732377,<nil>,<nil>,<nil>,<nil>,<nil>,<nil>,<nil>,<nil>,37,<nil>
3989786445,<nil>,<nil>,<nil>,<nil>,<nil>,<nil>,<nil>,<nil>,797,<nil>
3657846605,<nil>,<nil>,<nil>,<nil>,<nil>,<nil>,<nil>,<nil>,731,<nil>
2153205593,<nil>,<nil>,<nil>,<nil>,<nil>,<nil>,<nil>,<nil>,430,<nil>
1527271257,<nil>,<nil>,<nil>,<nil>,<nil>,<nil>,<nil>,<nil>,305,<nil>
233514857,<nil>,<nil>,<nil>,<nil>,<nil>,<nil>,<nil>,<nil>,46,<nil>
2376730843,<nil>,<nil>,<nil>,<nil>,<nil>,<nil>,<nil>,<nil>,475,<nil>
958156620,<nil>,<nil>,<nil>,<nil>,<nil>,<nil>,<nil>,<nil>,191,<nil>
1625575245,<nil>,<nil>,<nil>,<nil>,<nil>,<nil>,<nil>,<nil>,325,<nil>
239095628,<nil>,<nil>,<nil>,<nil>,<nil>,<nil>,<nil>,<nil>,47,<nil>
2825801561,<nil>,<nil>,<nil>,<nil>,<nil>,<nil>,<nil>,<nil>,565,<nil>
724455257,<nil>,<nil>,<nil>,<nil>,<nil>,<nil>,<nil>,<nil>,144,<nil>
61296460,<nil>,<nil>,<nil>,<nil>,<nil>,<nil>,<nil>,<nil>,12,<nil>
3104460632,<nil>,<nil>,<nil>,<nil>,<nil>,<nil>,<nil>,<nil>,620,<nil>
1308118861,<nil>,<nil>,<nil>,<nil>,<nil>,<nil>,<nil>,<nil>,261,<nil>
5834414,<nil>,<nil>,<nil>,<nil>,<nil>,<nil>,<nil>,<nil>,1,<nil>
1706690576,<nil>,<nil>,<nil>,<nil>,<nil>,<nil>,<nil>,<nil>,341,<nil>
4282142552,<nil>,<nil>,<nil>,<nil>,<nil>,<nil>,<nil>,<nil>,856,<nil>
3646377804,<nil>,<nil>,<nil>,<nil>,<nil>,<nil>,<nil>,<nil>,729,<nil>
153487376,<nil>,<nil>,<nil>,<nil>,<nil>,<nil>,<nil>,<nil>,30,<nil>
3363721049,<nil>,<nil>,<nil>,<nil>,<nil>,<nil>,<nil>,<nil>,672,<nil>
305942349,<nil>,<nil>,<nil>,<nil>,<nil>,<nil>,<nil>,<nil>,61,<nil>
3214757708,<nil>,<nil>,<nil>,<nil>,<nil>,<nil>,<nil>,<nil>,642,<nil>
1866026840,<nil>,<nil>,<nil>,<nil>,<nil>,<nil>,<nil>,<nil>,373,<nil>
2829078348,<nil>,<nil>,<nil>,<nil>,<nil>,<nil>,<nil>,<nil>,565,<nil>
1930973005,<nil>,<nil>,<nil>,<nil>,<nil>,<nil>,<nil>,<nil>,386,<nil>
782436368,<nil>,<nil>,<nil>,<nil>,<nil>,<nil>,<nil>,<nil>,156,<nil>
3086962509,<nil>,<nil>,<nil>,<nil>,<nil>,<nil>,<nil>,<nil>,617,<nil>
2903461709,<nil>,<nil>,<nil>,<nil>,<nil>,<nil>,<nil>,<nil>,580,<nil>
1868105390,<nil>,<nil>,<nil>,<nil>,<nil>,<nil>,<nil>,<nil>,373,<nil>
273502041,<nil>,<nil>,<nil>,<nil>,<nil>,<nil>,<nil>,<nil>,54,<nil>
3556265805,<nil>,<nil>,<nil>,<nil>,<nil>,<nil>,<nil>,<nil>,711,<nil>
2020691788,<nil>,<nil>,<nil>,<nil>,<nil>,<nil>,<nil>,<nil>,404,<nil>
2873708376,<nil>,<nil>,<nil>,<nil>,<nil>,<nil>,<nil>,<nil>,574,<nil>
3987427161,<nil>,<nil>,<nil>,<nil>,<nil>,<nil>,<nil>,<nil>,797,<nil>
2853308552,<nil>,<nil>,<nil>,<nil>,<nil>,<nil>,<nil>,<nil>,570,<nil>
772147240,<nil>,<nil>,<nil>,<nil>,<nil>,<nil>,<nil>,<nil>,154,<nil>
1147817804,<nil>,<nil>,<nil>,<nil>,<nil>,<nil>,<nil>,<nil>,229,<nil>
3647360856,<nil>,<nil>,<nil>,<nil>,<nil>,<nil>,<nil>,<nil>,729,<nil>
136859469,<nil>,<nil>,<nil>,<nil>,<nil>,<nil>,<nil>,<nil>,27,<nil>
2634436441,<nil>,<nil>,<nil>,<nil>,<nil>,<nil>,<nil>,<nil>,526,<nil>
1555844941,<nil>,<nil>,<nil>,<nil>,<nil>,<nil>,<nil>,<nil>,311,<nil>
468799320,<nil>,<nil>,<nil>,<nil>,<nil>,<nil>,<nil>,<nil>,93,<nil>
2687520601,<nil>,<nil>,<nil>,<nil>,<nil>,<nil>,<nil>,<nil>,537,<nil>
1891127129,<nil>,<nil>,<nil>,<nil>,<nil>,<nil>,<nil>,<nil>,378,<nil>
814305101,<nil>,<nil>,<nil>,<nil>,<nil>,<nil>,<nil>,<nil>,162,<nil>
3722268492,<nil>,<nil>,<nil>,<nil>,<nil>,<nil>,<nil>,<nil>,744,<nil>
2222215000,<nil>,<nil>,<nil>,<nil>,<nil>,<nil>,<nil>,<nil>,444,<nil>
1015172965,<nil>,<nil>,<nil>,<nil>,<nil>,<nil>,<nil>,<nil>,203,<nil>
379375072,<nil>,<nil>,<nil>,<nil>,<nil>,<nil>,<nil>,<nil>,75,<nil>
2164918481,<nil>,<nil>,<nil>,<nil>,<nil>,<nil>,<nil>,<nil>,432,<nil>
400379724,<nil>,<nil>,<nil>,<nil>,<nil>,<nil>,<nil>,<nil>,80,<nil>
222842712,<nil>,<nil>,<nil>,<nil>,<nil>,<nil>,<nil>,<nil>,44,<nil>
227215456,<nil>,<nil>,<nil>,<nil>,<nil>,<nil>,<nil>,<nil>,45,<nil>
2019774296,<nil>,<nil>,<nil>,<nil>,<nil>,<nil>,<nil>,<nil>,403,<nil>
224939853,<nil>,<nil>,<nil>,<nil>,<nil>,<nil>,<nil>,<nil>,44,<nil>
4015673164,<nil>,<nil>,<nil>,<nil>,<nil>,<nil>,<nil>,<nil>,803,<nil>
3957477209,<nil>,<nil>,<nil>,<nil>,<nil>,<nil>,<nil>,<nil>,791,<nil>
4255909984,<nil>,<nil>,<nil>,<nil>,<nil>,<nil>,<nil>,<nil>,851,<nil>
2225426252,<nil>,<nil>,<nil>,<nil>,<nil>,<nil>,<nil>,<nil>,445,<nil>
452284249,<nil>,<nil>,<nil>,<nil>,<nil>,<nil>,<nil>,<nil>,90,<nil>
3937816396,<nil>,<nil>,<nil>,<nil>,<nil>,<nil>,<nil>,<nil>,787,<nil>
3621857125,<nil>,<nil>,<nil>,<nil>,<nil>,<nil>,<nil>,<nil>,724,<nil>
2178174808,<nil>,<nil>,<nil>,<nil>,<nil>,<nil>,<nil>,<nil>,435,<nil>
984829785,<nil>,<nil>,<nil>,<nil>,<nil>,<nil>,<nil>,<nil>,196,<nil>
2216972108,<nil>,<nil>,<nil>,<nil>,<nil>,<nil>,<nil>,<nil>,443,<nil>
651513726,<nil>,<nil>,<nil>,<nil>,<nil>,<nil>,<nil>,<nil>,130,<nil>
2924564301,<nil>,<nil>,<nil>,<nil>,<nil>,<nil>,<nil>,<nil>,584,<nil>
3750776676,<nil>,<nil>,<nil>,<nil>,<nil>,<nil>,<nil>,<nil>,750,<nil>
1798590308,<nil>,<nil>,<nil>,<nil>,<nil>,<nil>,<nil>,<nil>,359,<nil>
4070002521,<nil>,<nil>,<nil>,<nil>,<nil>,<nil>,<nil>,<nil>,814,<nil>
2668973900,<nil>,<nil>,<nil>,<nil>,<nil>,<nil>,<nil>,<nil>,533,<nil>
882855757,<nil>,<nil>,<nil>,<nil>,<nil>,<nil>,<nil>,<nil>,176,<nil>
98783064,<nil>,<nil>,<nil>,<nil>,<nil>,<nil>,<nil>,<nil>,19,<nil>
2410827597,<nil>,<nil>,<nil>,<nil>,<nil>,<nil>,<nil>,<nil>,482,<nil>
1364723728,<nil>,<nil>,<nil>,<nil>,<nil>,<nil>,<nil>,<nil>,272,<nil>
4124725069,<nil>,<nil>,<nil>,<nil>,<nil>,<nil>,<nil>,<nil>,824,<nil>
4000534360,<nil>,<nil>,<nil>,<nil>,<nil>,<nil>,<nil>,<nil>,800,<nil>
2031571364,<nil>,<nil>,<nil>,<nil>,<nil>,<nil>,<nil>,<nil>,406,<nil>
1550536524,<nil>,<nil>,<nil>,<nil>,<nil>,<nil>,<nil>,<nil>,310,<nil>
4271591269,<nil>,<nil>,<nil>,<nil>,<nil>,<nil>,<nil>,<nil>,854,<nil>
2415480665,<nil>,<nil>,<nil>,<nil>,<nil>,<nil>,<nil>,<nil>,483,<nil>
738283341,<nil>,<nil>,<nil>,<nil>,<nil>,<nil>,<nil>,<nil>,147,<nil>
3379056461,<nil>,<nil>,<nil>,<nil>,<nil>,<nil>,<nil>,<nil>,675,<nil>
1130975053,<nil>,<nil>,<nil>,<nil>,<nil>,<nil>,<nil>,<nil>,226,<nil>
681183248,<nil>,<nil>,<nil>,<nil>,<nil>,<nil>,<nil>,<nil>,136,<nil>
2307149645,<nil>,<nil>,<nil>,<nil>,<nil>,<nil>,<nil>,<nil>,461,<nil>
710037375,<nil>,<nil>,<nil>,<nil>,<nil>,<nil>,<nil>,<nil>,142,<nil>
3502461248,<nil>,<nil>,<nil>,<nil>,<nil>,<nil>,<nil>,<nil>,700,<nil>
2318094156,<nil>,<nil>,<nil>,<nil>,<nil>,<nil>,<nil>,<nil>,463,<nil>
974737229,<nil>,<nil>,<nil>,<nil>,<nil>,<nil>,<nil>,<nil>,194,<nil>
4041297752,<nil>,<nil>,<nil>,<nil>,<nil>,<nil>,<nil>,<nil>,808,<nil>
2769160401,<nil>,<nil>,<nil>,<nil>,<nil>,<nil>,<nil>,<nil>,553,<nil>
2264617280,<nil>,<nil>,<nil>,<nil>,<nil>,<nil>,<nil>,<nil>,452,<nil>
1548242776,<nil>,<nil>,<nil>,<nil>,<nil>,<nil>,<nil>,<nil>,309,<nil>
3404549965,<nil>,<nil>,<nil>,<nil>,<nil>,<nil>,<nil>,<nil>,680,<nil>
1460555609,<nil>,<nil>,<nil>,<nil>,<nil>,<nil>,<nil>,<nil>,292,<nil>
663572312,<nil>,<nil>,<nil>,<nil>,<nil>,<nil>,<nil>,<nil>,132,<nil>
751904616,<nil>,<nil>,<nil>,<nil>,<nil>,<nil>,<nil>,<nil>,150,<nil>
2677999656,<nil>,<nil>,<nil>,<nil>,<nil>,<nil>,<nil>,<nil>,535,<nil>
763776845,<nil>,<nil>,<nil>,<nil>,<nil>,<nil>,<nil>,<nil>,152,<nil>
816926541,<nil>,<nil>,<nil>,<nil>,<nil>,<nil>,<nil>,<nil>,163,<nil>
3169996633,<nil>,<nil>,<nil>,<nil>,<nil>,<nil>,<nil>,<nil>,633,<nil>
2810269528,<nil>,<nil>,<nil>,<nil>,<nil>,<nil>,<nil>,<nil>,562,<nil>
1161187149,<nil>,<nil>,<nil>,<nil>,<nil>,<nil>,<nil>,<nil>,232,<nil>
2975420248,<nil>,<nil>,<nil>,<nil>,<nil>,<nil>,<nil>,<nil>,595,<nil>
2373275481,<nil>,<nil>,<nil>,<nil>,<nil>,<nil>,<nil>,<nil>,474,<nil>
556879716,<nil>,<nil>,<nil>,<nil>,<nil>,<nil>,<nil>,<nil>,111,<nil>
2988658509,<nil>,<nil>,<nil>,<nil>,<nil>,<nil>,<nil>,<nil>,597,<nil>
1472876365,<nil>,<nil>,<nil>,<nil>,<nil>,<nil>,<nil>,<nil>,294,<nil>
832261976,<nil>,<nil>,<nil>,<nil>,<nil>,<nil>,<nil>,<nil>,166,<nil>
3770568524,<nil>,<nil>,<nil>,<nil>,<nil>,<nil>,<nil>,<nil>,754,<nil>
3740880728,<nil>,<nil>,<nil>,<nil>,<nil>,<nil>,<nil>,<nil>,748,<nil>
2066876416,<nil>,<nil>,<nil>,<nil>,<nil>,<nil>,<nil>,<nil>,413,<nil>
4078307369,<nil>,<nil>,<nil>,<nil>,<nil>,<nil>,<nil>,<nil>,815,<nil>
3017297741,<nil>,<nil>,<nil>,<nil>,<nil>,<nil>,<nil>,<nil>,603,<nil>
1564692324,<nil>,<nil>,<nil>,<nil>,<nil>,<nil>,<nil>,<nil>,312,<nil>
3327545189,<nil>,<nil>,<nil>,<nil>,<nil>,<nil>,<nil>,<nil>,665,<nil>
2483048280,<nil>,<nil>,<nil>,<nil>,<nil>,<nil>,<nil>,<nil>,496,<nil>
925257549,<nil>,<nil>,<nil>,<nil>,<nil>,<nil>,<nil>,<nil>,185,<nil>
3688386380,<nil>,<nil>,<nil>,<nil>,<nil>,<nil>,<nil>,<nil>,737,<nil>
3605997415,<nil>,<nil>,<nil>,<nil>,<nil>,<nil>,<nil>,<nil>,721,<nil>
632180557,<nil>,<nil>,<nil>,<nil>,<nil>,<nil>,<nil>,<nil>,126,<nil>
3548401496,<nil>,<nil>,<nil>,<nil>,<nil>,<nil>,<nil>,<nil>,709,<nil>
1605979981,<nil>,<nil>,<nil>,<nil>,<nil>,<nil>,<nil>,<nil>,321,<nil>
1381957743,<nil>,<nil>,<nil>,<nil>,<nil>,<nil>,<nil>,<nil>,276,<nil>
2735492953,<nil>,<nil>,<nil>,<nil>,<nil>,<nil>,<nil>,<nil>,547,<nil>
1042960204,<nil>,<nil>,<nil>,<nil>,<nil>,<nil>,<nil>,<nil>,208,<nil>
541085516,<nil>,<nil>,<nil>,<nil>,<nil>,<nil>,<nil>,<nil>,108,<nil>
3161718890,<nil>,<nil>,<nil>,<nil>,<nil>,<nil>,<nil>,<nil>,632,<nil>
1112690521,<nil>,<nil>,<nil>,<nil>,<nil>,<nil>,<nil>,<nil>,222,<nil>
4283846477,<nil>,<nil>,<nil>,<nil>,<nil>,<nil>,<nil>,<nil>,856,<nil>
3010988128,<nil>,<nil>,<nil>,<nil>,<nil>,<nil>,<nil>,<nil>,602,<nil>
4050734936,<nil>,<nil>,<nil>,<nil>,<nil>,<nil>,<nil>,<nil>,810,<nil>
2681163608,<nil>,<nil>,<nil>,<nil>,<nil>,<nil>,<nil>,<nil>,536,<nil>
1616203608,<nil>,<nil>,<nil>,<nil>,<nil>,<nil>,<nil>,<nil>,323,<nil>
3218362201,<nil>,<nil>,<nil>,<nil>,<nil>,<nil>,<nil>,<nil>,643,<nil>
1529171788,<nil>,<nil>,<nil>,<nil>,<nil>,<nil>,<nil>,<nil>,305,<nil>
754863948,<nil>,<nil>,<nil>,<nil>,<nil>,<nil>,<nil>,<nil>,150,<nil>
3541847885,<nil>,<nil>,<nil>,<nil>,<nil>,<nil>,<nil>,<nil>,708,<nil>
3716153360,<nil>,<nil>,<nil>,<nil>,<nil>,<nil>,<nil>,<nil>,743,<nil>
2124500824,<nil>,<nil>,<nil>,<nil>,<nil>,<nil>,<nil>,<nil>,424,<nil>
389435236,<nil>,<nil>,<nil>,<nil>,<nil>,<nil>,<nil>,<nil>,77,<nil>
3909158576,<nil>,<nil>,<nil>,<nil>,<nil>,<nil>,<nil>,<nil>,781,<nil>
2337623897,<nil>,<nil>,<nil>,<nil>,<nil>,<nil>,<nil>,<nil>,467,<nil>
1252478797,<nil>,<nil>,<nil>,<nil>,<nil>,<nil>,<nil>,<nil>,250,<nil>
4045557593,<nil>,<nil>,<nil>,<nil>,<nil>,<nil>,<nil>,<nil>,809,<nil>
2794344268,<nil>,<nil>,<nil>,<nil>,<nil>,<nil>,<nil>,<nil>,558,<nil>
1748848461,<nil>,<nil>,<nil>,<nil>,<nil>,<nil>,<nil>,<nil>,349,<nil>
838684505,<nil>,<nil>,<nil>,<nil>,<nil>,<nil>,<nil>,<nil>,167,<nil>
3667414884,<nil>,<nil>,<nil>,<nil>,<nil>,<nil>,<nil>,<nil>,733,<nil>
519228896,<nil>,<nil>,<nil>,<nil>,<nil>,<nil>,<nil>,<nil>,103,<nil>
2705327792,<nil>,<nil>,<nil>,<nil>,<nil>,<nil>,<nil>,<nil>,541,<nil>
386027352,<nil>,<nil>,<nil>,<nil>,<nil>,<nil>,<nil>,<nil>,77,<nil>
3622981453,<nil>,<nil>,<nil>,<nil>,<nil>,<nil>,<nil>,<nil>,724,<nil>
2539081560,<nil>,<nil>,<nil>,<nil>,<nil>,<nil>,<nil>,<nil>,507,<nil>
2589707744,<nil>,<nil>,<nil>,<nil>,<nil>,<nil>,<nil>,<nil>,517,<nil>
2764853081,<nil>,<nil>,<nil>,<nil>,<nil>,<nil>,<nil>,<nil>,552,<nil>
1551566864,<nil>,<nil>,<nil>,<nil>,<nil>,<nil>,<nil>,<nil>,310,<nil>
906841933,<nil>,<nil>,<nil>,<nil>,<nil>,<nil>,<nil>,<nil>,181,<nil>
1106923341,<nil>,<nil>,<nil>,<nil>,<nil>,<nil>,<nil>,<nil>,221,<nil>
2990690149,<nil>,<nil>,<nil>,<nil>,<nil>,<nil>,<nil>,<nil>,598,<nil>
1270435661,<nil>,<nil>,<nil>,<nil>,<nil>,<nil>,<nil>,<nil>,254,<nil>
1243369305,<nil>,<nil>,<nil>,<nil>,<nil>,<nil>,<nil>,<nil>,248,<nil>
415911756,<nil>,<nil>,<nil>,<nil>,<nil>,<nil>,<nil>,<nil>,83,<nil>
3824963417,<nil>,<nil>,<nil>,<nil>,<nil>,<nil>,<nil>,<nil>,764,<nil>
2276609868,<nil>,<nil>,<nil>,<nil>,<nil>,<nil>,<nil>,<nil>,455,<nil>
3102429017,<nil>,<nil>,<nil>,<nil>,<nil>,<nil>,<nil>,<nil>,620,<nil>
1841581930,<nil>,<nil>,<nil>,<nil>,<nil>,<nil>,<nil>,<nil>,368,<nil>
3140046668,<nil>,<nil>,<nil>,<nil>,<nil>,<nil>,<nil>,<nil>,628,<nil>
766791501,<nil>,<nil>,<nil>,<nil>,<nil>,<nil>,<nil>,<nil>,153,<nil>
724586317,<nil>,<nil>,<nil>,<nil>,<nil>,<nil>,<nil>,<nil>,144,<nil>
2160611161,<nil>,<nil>,<nil>,<nil>,<nil>,<nil>,<nil>,<nil>,432,<nil>
642797401,<nil>,<nil>,<nil>,<nil>,<nil>,<nil>,<nil>,<nil>,128,<nil>
3697561432,<nil>,<nil>,<nil>,<nil>,<nil>,<nil>,<nil>,<nil>,739,<nil>
3608432472,<nil>,<nil>,<nil>,<nil>,<nil>,<nil>,<nil>,<nil>,721,<nil>
3001634649,<nil>,<nil>,<nil>,<nil>,<nil>,<nil>,<nil>,<nil>,600,<nil>
3661582168,<nil>,<nil>,<nil>,<nil>,<nil>,<nil>,<nil>,<nil>,732,<nil>
2133642720,<nil>,<nil>,<nil>,<nil>,<nil>,<nil>,<nil>,<nil>,426,<nil>
1093947213,<nil>,<nil>,<nil>,<nil>,<nil>,<nil>,<nil>,<nil>,218,<nil>
2814115946,<nil>,<nil>,<nil>,<nil>,<nil>,<nil>,<nil>,<nil>,562,<nil>
510414681,<nil>,<nil>,<nil>,<nil>,<nil>,<nil>,<nil>,<nil>,102,<nil>
1571639116,<nil>,<nil>,<nil>,<nil>,<nil>,<nil>,<nil>,<nil>,314,<nil>
2950057805,<nil>,<nil>,<nil>,<nil>,<nil>,<nil>,<nil>,<nil>,590,<nil>
1719947096,<nil>,<nil>,<nil>,<nil>,<nil>,<nil>,<nil>,<nil>,343,<nil>
1462445926,<nil>,<nil>,<nil>,<nil>,<nil>,<nil>,<nil>,<nil>,292,<nil>
1588678489,<nil>,<nil>,<nil>,<nil>,<nil>,<nil>,<nil>,<nil>,317,<nil>
4193668940,<nil>,<nil>,<nil>,<nil>,<nil>,<nil>,<nil>,<nil>,838,<nil>
2421903193,<nil>,<nil>,<nil>,<nil>,<nil>,<nil>,<nil>,<nil>,484,<nil>
1635733325,<nil>,<nil>,<nil>,<nil>,<nil>,<nil>,<nil>,<nil>,327,<nil>
1857834840,<nil>,<nil>,<nil>,<nil>,<nil>,<nil>,<nil>,<nil>,371,<nil>
222449497,<nil>,<nil>,<nil>,<nil>,<nil>,<nil>,<nil>,<nil>,44,<nil>
3420540760,<nil>,<nil>,<nil>,<nil>,<nil>,<nil>,<nil>,<nil>,684,<nil>
1198411609,<nil>,<nil>,<nil>,<nil>,<nil>,<nil>,<nil>,<nil>,239,<nil>
962154357,<nil>,<nil>,<nil>,<nil>,<nil>,<nil>,<nil>,<nil>,192,<nil>
3854847844,<nil>,<nil>,<nil>,<nil>,<nil>,<nil>,<nil>,<nil>,770,<nil>
2150387545,<nil>,<nil>,<nil>,<nil>,<nil>,<nil>,<nil>,<nil>,430,<nil>
1966100313,<nil>,<nil>,<nil>,<nil>,<nil>,<nil>,<nil>,<nil>,393,<nil>
1864631984,<nil>,<nil>,<nil>,<nil>,<nil>,<nil>,<nil>,<nil>,372,<nil>
244404056,<nil>,<nil>,<nil>,<nil>,<nil>,<nil>,<nil>,<nil>,48,<nil>
1455312728,<nil>,<nil>,<nil>,<nil>,<nil>,<nil>,<nil>,<nil>,291,<nil>
3675606873,<nil>,<nil>,<nil>,<nil>,<nil>,<nil>,<nil>,<nil>,735,<nil>
2435010392,<nil>,<nil>,<nil>,<nil>,<nil>,<nil>,<nil>,<nil>,487,<nil>
646074201,<nil>,<nil>,<nil>,<nil>,<nil>,<nil>,<nil>,<nil>,129,<nil>
957763416,<nil>,<nil>,<nil>,<nil>,<nil>,<nil>,<nil>,<nil>,191,<nil>
4275505312,<nil>,<nil>,<nil>,<nil>,<nil>,<nil>,<nil>,<nil>,855,<nil>
1921142604,<nil>,<nil>,<nil>,<nil>,<nil>,<nil>,<nil>,<nil>,384,<nil>
396054349,<nil>,<nil>,<nil>,<nil>,<nil>,<nil>,<nil>,<nil>,79,<nil>
3416543092,<nil>,<nil>,<nil>,<nil>,<nil>,<nil>,<nil>,<nil>,683,<nil>
2234077004,<nil>,<nil>,<nil>,<nil>,<nil>,<nil>,<nil>,<nil>,446,<nil>
3669970765,<nil>,<nil>,<nil>,<nil>,<nil>,<nil>,<nil>,<nil>,733,<nil>
1729777497,<nil>,<nil>,<nil>,<nil>,<nil>,<nil>,<nil>,<nil>,345,<nil>
922832716,<nil>,<nil>,<nil>,<nil>,<nil>,<nil>,<nil>,<nil>,184,<nil>
3372109645,<nil>,<nil>,<nil>,<nil>,<nil>,<nil>,<nil>,<nil>,674,<nil>
1479626596,<nil>,<nil>,<nil>,<nil>,<nil>,<nil>,<nil>,<nil>,295,<nil>
734330892,<nil>,<nil>,<nil>,<nil>,<nil>,<nil>,<nil>,<nil>,146,<nil>
4241117005,<nil>,<nil>,<nil>,<nil>,<nil>,<nil>,<nil>,<nil>,848,<nil>
3626454873,<nil>,<nil>,<nil>,<nil>,<nil>,<nil>,<nil>,<nil>,725,<nil>
2373472076,<nil>,<nil>,<nil>,<nil>,<nil>,<nil>,<nil>,<nil>,474,<nil>
800589920,<nil>,<nil>,<nil>,<nil>,<nil>,<nil>,<nil>,<nil>,160,<nil>
3201716044,<nil>,<nil>,<nil>,<nil>,<nil>,<nil>,<nil>,<nil>,640,<nil>
1100107596,<nil>,<nil>,<nil>,<nil>,<nil>,<nil>,<nil>,<nil>,220,<nil>
3606794061,<nil>,<nil>,<nil>,<nil>,<nil>,<nil>,<nil>,<nil>,721,<nil>
2154768229,<nil>,<nil>,<nil>,<nil>,<nil>,<nil>,<nil>,<nil>,430,<nil>
276320088,<nil>,<nil>,<nil>,<nil>,<nil>,<nil>,<nil>,<nil>,55,<nil>
3327984616,<nil>,<nil>,<nil>,<nil>,<nil>,<nil>,<nil>,<nil>,665,<nil>
1113000072,<nil>,<nil>,<nil>,<nil>,<nil>,<nil>,<nil>,<nil>,222,<nil>
207769433,<nil>,<nil>,<nil>,<nil>,<nil>,<nil>,<nil>,<nil>,41,<nil>
2275608576,<nil>,<nil>,<nil>,<nil>,<nil>,<nil>,<nil>,<nil>,455,<nil>
1145065292,<nil>,<nil>,<nil>,<nil>,<nil>,<nil>,<nil>,<nil>,229,<nil>
821055320,<nil>,<nil>,<nil>,<nil>,<nil>,<nil>,<nil>,<nil>,164,<nil>
3973468004,<nil>,<nil>,<nil>,<nil>,<nil>,<nil>,<nil>,<nil>,794,<nil>
2039875793,<nil>,<nil>,<nil>,<nil>,<nil>,<nil>,<nil>,<nil>,407,<nil>
726269997,<nil>,<nil>,<nil>,<nil>,<nil>,<nil>,<nil>,<nil>,145,<nil>
3502788458,<nil>,<nil>,<nil>,<nil>,<nil>,<nil>,<nil>,<nil>,700,<nil>
4123131920,<nil>,<nil>,<nil>,<nil>,<nil>,<nil>,<nil>,<nil>,824,<nil>
1913540441,<nil>,<nil>,<nil>,<nil>,<nil>,<nil>,<nil>,<nil>,382,<nil>
5656421,<nil>,<nil>,<nil>,<nil>,<nil>,<nil>,<nil>,<nil>,1,<nil>
2851884876,<nil>,<nil>,<nil>,<nil>,<nil>,<nil>,<nil>,<nil>,570,<nil>
2435862360,<nil>,<nil>,<nil>,<nil>,<nil>,<nil>,<nil>,<nil>,487,<nil>
621039436,<nil>,<nil>,<nil>,<nil>,<nil>,<nil>,<nil>,<nil>,124,<nil>
4124823006,<nil>,<nil>,<nil>,<nil>,<nil>,<nil>,<nil>,<nil>,824,<nil>
1809731404,<nil>,<nil>,<nil>,<nil>,<nil>,<nil>,<nil>,<nil>,361,<nil>
4026486605,<nil>,<nil>,<nil>,<nil>,<nil>,<nil>,<nil>,<nil>,805,<nil>
3535032152,<nil>,<nil>,<nil>,<nil>,<nil>,<nil>,<nil>,<nil>,707,<nil>
2154057253,<nil>,<nil>,<nil>,<nil>,<nil>,<nil>,<nil>,<nil>,430,<nil>
1056264013,<nil>,<nil>,<nil>,<nil>,<nil>,<nil>,<nil>,<nil>,211,<nil>
711544664,<nil>,<nil>,<nil>,<nil>,<nil>,<nil>,<nil>,<nil>,142,<nil>
2712686413,<nil>,<nil>,<nil>,<nil>,<nil>,<nil>,<nil>,<nil>,542,<nil>
1627148120,<nil>,<nil>,<nil>,<nil>,<nil>,<nil>,<nil>,<nil>,325,<nil>
3405270873,<nil>,<nil>,<nil>,<nil>,<nil>,<nil>,<nil>,<nil>,681,<nil>
2594590540,<nil>,<nil>,<nil>,<nil>,<nil>,<nil>,<nil>,<nil>,518,<nil>
2776584012,<nil>,<nil>,<nil>,<nil>,<nil>,<nil>,<nil>,<nil>,555,<nil>
1579044685,<nil>,<nil>,<nil>,<nil>,<nil>,<nil>,<nil>,<nil>,315,<nil>
351293272,<nil>,<nil>,<nil>,<nil>,<nil>,<nil>,<nil>,<nil>,70,<nil>
3101052760,<nil>,<nil>,<nil>,<nil>,<nil>,<nil>,<nil>,<nil>,620,<nil>
2916831064,<nil>,<nil>,<nil>,<nil>,<nil>,<nil>,<nil>,<nil>,583,<nil>
1244942156,<nil>,<nil>,<nil>,<nil>,<nil>,<nil>,<nil>,<nil>,248,<nil>
1038176089,<nil>,<nil>,<nil>,<nil>,<nil>,<nil>,<nil>,<nil>,207,<nil>
4091563864,<nil>,<nil>,<nil>,<nil>,<nil>,<nil>,<nil>,<nil>,818,<nil>
2960262831,<nil>,<nil>,<nil>,<nil>,<nil>,<nil>,<nil>,<nil>,592,<nil>
2186366797,<nil>,<nil>,<nil>,<nil>,<nil>,<nil>,<nil>,<nil>,437,<nil>
384257881,<nil>,<nil>,<nil>,<nil>,<nil>,<nil>,<nil>,<nil>,76,<nil>
4033040216,<nil>,<nil>,<nil>,<nil>,<nil>,<nil>,<nil>,<nil>,806,<nil>
424609833,<nil>,<nil>,<nil>,<nil>,<nil>,<nil>,<nil>,<nil>,84,<nil>
2686406500,<nil>,<nil>,<nil>,<nil>,<nil>,<nil>,<nil>,<nil>,537,<nil>
1850691405,<nil>,<nil>,<nil>,<nil>,<nil>,<nil>,<nil>,<nil>,370,<nil>
996495180,<nil>,<nil>,<nil>,<nil>,<nil>,<nil>,<nil>,<nil>,199,<nil>
3336916812,<nil>,<nil>,<nil>,<nil>,<nil>,<nil>,<nil>,<nil>,667,<nil>
2443988825,<nil>,<nil>,<nil>,<nil>,<nil>,<nil>,<nil>,<nil>,488,<nil>
2936819572,<nil>,<nil>,<nil>,<nil>,<nil>,<nil>,<nil>,<nil>,587,<nil>
887705421,<nil>,<nil>,<nil>,<nil>,<nil>,<nil>,<nil>,<nil>,177,<nil>
1134186328,<nil>,<nil>,<nil>,<nil>,<nil>,<nil>,<nil>,<nil>,226,<nil>
2239057753,<nil>,<nil>,<nil>,<nil>,<nil>,<nil>,<nil>,<nil>,447,<nil>
1874546508,<nil>,<nil>,<nil>,<nil>,<nil>,<nil>,<nil>,<nil>,374,<nil>
3411169112,<nil>,<nil>,<nil>,<nil>,<nil>,<nil>,<nil>,<nil>,682,<nil>
1756122969,<nil>,<nil>,<nil>,<nil>,<nil>,<nil>,<nil>,<nil>,351,<nil>
90787673,<nil>,<nil>,<nil>,<nil>,<nil>,<nil>,<nil>,<nil>,18,<nil>
4023996236,<nil>,<nil>,<nil>,<nil>,<nil>,<nil>,<nil>,<nil>,804,<nil>
75321177,<nil>,<nil>,<nil>,<nil>,<nil>,<nil>,<nil>,<nil>,15,<nil>
2699841357,<nil>,<nil>,<nil>,<nil>,<nil>,<nil>,<nil>,<nil>,539,<nil>
1320111960,<nil>,<nil>,<nil>,<nil>,<nil>,<nil>,<nil>,<nil>,264,<nil>
3668266829,<nil>,<nil>,<nil>,<nil>,<nil>,<nil>,<nil>,<nil>,733,<nil>
1565806413,<nil>,<nil>,<nil>,<nil>,<nil>,<nil>,<nil>,<nil>,313,<nil>
1650413388,<nil>,<nil>,<nil>,<nil>,<nil>,<nil>,<nil>,<nil>,330,<nil>
2947895117,<nil>,<nil>,<nil>,<nil>,<nil>,<nil>,<nil>,<nil>,589,<nil>
1151881049,<nil>,<nil>,<nil>,<nil>,<nil>,<nil>,<nil>,<nil>,230,<nil>
952913741,<nil>,<nil>,<nil>,<nil>,<nil>,<nil>,<nil>,<nil>,190,<nil>
352717009,<nil>,<nil>,<nil>,<nil>,<nil>,<nil>,<nil>,<nil>,70,<nil>
2667532132,<nil>,<nil>,<nil>,<nil>,<nil>,<nil>,<nil>,<nil>,533,<nil>
951471949,<nil>,<nil>,<nil>,<nil>,<nil>,<nil>,<nil>,<nil>,190,<nil>
4280635225,<nil>,<nil>,<nil>,<nil>,<nil>,<nil>,<nil>,<nil>,856,<nil>
2904575821,<nil>,<nil>,<nil>,<nil>,<nil>,<nil>,<nil>,<nil>,580,<nil>
1810845516,<nil>,<nil>,<nil>,<nil>,<nil>,<nil>,<nil>,<nil>,362,<nil>
1290030937,<nil>,<nil>,<nil>,<nil>,<nil>,<nil>,<nil>,<nil>,258,<nil>
4069609305,<nil>,<nil>,<nil>,<nil>,<nil>,<nil>,<nil>,<nil>,813,<nil>
3424472920,<nil>,<nil>,<nil>,<nil>,<nil>,<nil>,<nil>,<nil>,684,<nil>
497700684,<nil>,<nil>,<nil>,<nil>,<nil>,<nil>,<nil>,<nil>,99,<nil>
2690797388,<nil>,<nil>,<nil>,<nil>,<nil>,<nil>,<nil>,<nil>,538,<nil>
1039617880,<nil>,<nil>,<nil>,<nil>,<nil>,<nil>,<nil>,<nil>,207,<nil>
2968670053,<nil>,<nil>,<nil>,<nil>,<nil>,<nil>,<nil>,<nil>,593,<nil>
1640779301,<nil>,<nil>,<nil>,<nil>,<nil>,<nil>,<nil>,<nil>,328,<nil>
237438992,<nil>,<nil>,<nil>,<nil>,<nil>,<nil>,<nil>,<nil>,47,<nil>
2930986829,<nil>,<nil>,<nil>,<nil>,<nil>,<nil>,<nil>,<nil>,586,<nil>
1283608409,<nil>,<nil>,<nil>,<nil>,<nil>,<nil>,<nil>,<nil>,256,<nil>
1079922521,<nil>,<nil>,<nil>,<nil>,<nil>,<nil>,<nil>,<nil>,215,<nil>
7211008,<nil>,<nil>,<nil>,<nil>,<nil>,<nil>,<nil>,<nil>,1,<nil>
2191347533,<nil>,<nil>,<nil>,<nil>,<nil>,<nil>,<nil>,<nil>,438,<nil>
827281229,<nil>,<nil>,<nil>,<nil>,<nil>,<nil>,<nil>,<nil>,165,<nil>
2934591321,<nil>,<nil>,<nil>,<nil>,<nil>,<nil>,<nil>,<nil>,586,<nil>
1532841816,<nil>,<nil>,<nil>,<nil>,<nil>,<nil>,<nil>,<nil>,306,<nil>
3735834445,<nil>,<nil>,<nil>,<nil>,<nil>,<nil>,<nil>,<nil>,747,<nil>
2855405664,<nil>,<nil>,<nil>,<nil>,<nil>,<nil>,<nil>,<nil>,571,<nil>
1325944677,<nil>,<nil>,<nil>,<nil>,<nil>,<nil>,<nil>,<nil>,265,<nil>
487345997,<nil>,<nil>,<nil>,<nil>,<nil>,<nil>,<nil>,<nil>,97,<nil>
3137556313,<nil>,<nil>,<nil>,<nil>,<nil>,<nil>,<nil>,<nil>,627,<nil>
1318408013,<nil>,<nil>,<nil>,<nil>,<nil>,<nil>,<nil>,<nil>,263,<nil>
3315158872,<nil>,<nil>,<nil>,<nil>,<nil>,<nil>,<nil>,<nil>,663,<nil>
1237077849,<nil>,<nil>,<nil>,<nil>,<nil>,<nil>,<nil>,<nil>,247,<nil>
819134493,<nil>,<nil>,<nil>,<nil>,<nil>,<nil>,<nil>,<nil>,163,<nil>
3232059213,<nil>,<nil>,<nil>,<nil>,<nil>,<nil>,<nil>,<nil>,646,<nil>
2900512589,<nil>,<nil>,<nil>,<nil>,<nil>,<nil>,<nil>,<nil>,580,<nil>
1104629593,<nil>,<nil>,<nil>,<nil>,<nil>,<nil>,<nil>,<nil>,220,<nil>
3299561305,<nil>,<nil>,<nil>,<nil>,<nil>,<nil>,<nil>,<nil>,659,<nil>
1492406105,<nil>,<nil>,<nil>,<nil>,<nil>,<nil>,<nil>,<nil>,298,<nil>
998592333,<nil>,<nil>,<nil>,<nil>,<nil>,<nil>,<nil>,<nil>,199,<nil>
83840857,<nil>,<nil>,<nil>,<nil>,<nil>,<nil>,<nil>,<nil>,16,<nil>
3274592076,<nil>,<nil>,<nil>,<nil>,<nil>,<nil>,<nil>,<nil>,654,<nil>
2148862112,<nil>,<nil>,<nil>,<nil>,<nil>,<nil>,<nil>,<nil>,429,<nil>
3358609241,<nil>,<nil>,<nil>,<nil>,<nil>,<nil>,<nil>,<nil>,671,<nil>
2266058584,<nil>,<nil>,<nil>,<nil>,<nil>,<nil>,<nil>,<nil>,453,<nil>
928730969,<nil>,<nil>,<nil>,<nil>,<nil>,<nil>,<nil>,<nil>,185,<nil>
1021988697,<nil>,<nil>,<nil>,<nil>,<nil>,<nil>,<nil>,<nil>,204,<nil>
4207824716,<nil>,<nil>,<nil>,<nil>,<nil>,<nil>,<nil>,<nil>,841,<nil>
3170127705,<nil>,<nil>,<nil>,<nil>,<nil>,<nil>,<nil>,<nil>,634,<nil>
1969573720,<nil>,<nil>,<nil>,<nil>,<nil>,<nil>,<nil>,<nil>,393,<nil>
661006182,<nil>,<nil>,<nil>,<nil>,<nil>,<nil>,<nil>,<nil>,132,<nil>
3548008269,<nil>,<nil>,<nil>,<nil>,<nil>,<nil>,<nil>,<nil>,709,<nil>
2781171532,<nil>,<nil>,<nil>,<nil>,<nil>,<nil>,<nil>,<nil>,556,<nil>
1597001561,<nil>,<nil>,<nil>,<nil>,<nil>,<nil>,<nil>,<nil>,319,<nil>
4214509400,<nil>,<nil>,<nil>,<nil>,<nil>,<nil>,<nil>,<nil>,842,<nil>
2396802892,<nil>,<nil>,<nil>,<nil>,<nil>,<nil>,<nil>,<nil>,479,<nil>
919883609,<nil>,<nil>,<nil>,<nil>,<nil>,<nil>,<nil>,<nil>,183,<nil>
544362328,<nil>,<nil>,<nil>,<nil>,<nil>,<nil>,<nil>,<nil>,108,<nil>
3769847640,<nil>,<nil>,<nil>,<nil>,<nil>,<nil>,<nil>,<nil>,753,<nil>
2814070617,<nil>,<nil>,<nil>,<nil>,<nil>,<nil>,<nil>,<nil>,562,<nil>
1722503000,<nil>,<nil>,<nil>,<nil>,<nil>,<nil>,<nil>,<nil>,344,<nil>
1379469312,<nil>,<nil>,<nil>,<nil>,<nil>,<nil>,<nil>,<nil>,275,<nil>
3865333580,<nil>,<nil>,<nil>,<nil>,<nil>,<nil>,<nil>,<nil>,773,<nil>
2058637132,<nil>,<nil>,<nil>,<nil>,<nil>,<nil>,<nil>,<nil>,411,<nil>
1096417296,<nil>,<nil>,<nil>,<nil>,<nil>,<nil>,<nil>,<nil>,219,<nil>
1690029536,<nil>,<nil>,<nil>,<nil>,<nil>,<nil>,<nil>,<nil>,338,<nil>
3587067724,<nil>,<nil>,<nil>,<nil>,<nil>,<nil>,<nil>,<nil>,717,<nil>
2692614144,<nil>,<nil>,<nil>,<nil>,<nil>,<nil>,<nil>,<nil>,538,<nil>
1727942477,<nil>,<nil>,<nil>,<nil>,<nil>,<nil>,<nil>,<nil>,345,<nil>
1078021964,<nil>,<nil>,<nil>,<nil>,<nil>,<nil>,<nil>,<nil>,215,<nil>
1335381836,<nil>,<nil>,<nil>,<nil>,<nil>,<nil>,<nil>,<nil>,267,<nil>
3528413004,<nil>,<nil>,<nil>,<nil>,<nil>,<nil>,<nil>,<nil>,705,<nil>
3196211020,<nil>,<nil>,<nil>,<nil>,<nil>,<nil>,<nil>,<nil>,639,<nil>
2752008012,<nil>,<nil>,<nil>,<nil>,<nil>,<nil>,<nil>,<nil>,550,<nil>
831999833,<nil>,<nil>,<nil>,<nil>,<nil>,<nil>,<nil>,<nil>,166,<nil>
4113049446,<nil>,<nil>,<nil>,<nil>,<nil>,<nil>,<nil>,<nil>,822,<nil>
2064273228,<nil>,<nil>,<nil>,<nil>,<nil>,<nil>,<nil>,<nil>,412,<nil>
487804772,<nil>,<nil>,<nil>,<nil>,<nil>,<nil>,<nil>,<nil>,97,<nil>
2772324173,<nil>,<nil>,<nil>,<nil>,<nil>,<nil>,<nil>,<nil>,554,<nil>
924780584,<nil>,<nil>,<nil>,<nil>,<nil>,<nil>,<nil>,<nil>,184,<nil>
3629385728,<nil>,<nil>,<nil>,<nil>,<nil>,<nil>,<nil>,<nil>,725,<nil>
1789939533,<nil>,<nil>,<nil>,<nil>,<nil>,<nil>,<nil>,<nil>,357,<nil>
47402853,<nil>,<nil>,<nil>,<nil>,<nil>,<nil>,<nil>,<nil>,9,<nil>
3780202316,<nil>,<nil>,<nil>,<nil>,<nil>,<nil>,<nil>,<nil>,756,<nil>
1835814744,<nil>,<nil>,<nil>,<nil>,<nil>,<nil>,<nil>,<nil>,367,<nil>
3596898125,<nil>,<nil>,<nil>,<nil>,<nil>,<nil>,<nil>,<nil>,719,<nil>
3424997209,<nil>,<nil>,<nil>,<nil>,<nil>,<nil>,<nil>,<nil>,684,<nil>
1741901657,<nil>,<nil>,<nil>,<nil>,<nil>,<nil>,<nil>,<nil>,348,<nil>
1457999716,<nil>,<nil>,<nil>,<nil>,<nil>,<nil>,<nil>,<nil>,291,<nil>
4282328935,<nil>,<nil>,<nil>,<nil>,<nil>,<nil>,<nil>,<nil>,856,<nil>
2517436068,<nil>,<nil>,<nil>,<nil>,<nil>,<nil>,<nil>,<nil>,503,<nil>
642844335,<nil>,<nil>,<nil>,<nil>,<nil>,<nil>,<nil>,<nil>,128,<nil>
534007652,<nil>,<nil>,<nil>,<nil>,<nil>,<nil>,<nil>,<nil>,106,<nil>
3691269976,<nil>,<nil>,<nil>,<nil>,<nil>,<nil>,<nil>,<nil>,738,<nil>
895766349,<nil>,<nil>,<nil>,<nil>,<nil>,<nil>,<nil>,<nil>,179,<nil>
431312729,<nil>,<nil>,<nil>,<nil>,<nil>,<nil>,<nil>,<nil>,86,<nil>
2836483967,<nil>,<nil>,<nil>,<nil>,<nil>,<nil>,<nil>,<nil>,567,<nil>
1281296400,<nil>,<nil>,<nil>,<nil>,<nil>,<nil>,<nil>,<nil>,256,<nil>
1198673752,<nil>,<nil>,<nil>,<nil>,<nil>,<nil>,<nil>,<nil>,239,<nil>
1736724313,<nil>,<nil>,<nil>,<nil>,<nil>,<nil>,<nil>,<nil>,347,<nil>
4076752729,<nil>,<nil>,<nil>,<nil>,<nil>,<nil>,<nil>,<nil>,815,<nil>
2996588365,<nil>,<nil>,<nil>,<nil>,<nil>,<nil>,<nil>,<nil>,599,<nil>
3481292633,<nil>,<nil>,<nil>,<nil>,<nil>,<nil>,<nil>,<nil>,696,<nil>
2695843661,<nil>,<nil>,<nil>,<nil>,<nil>,<nil>,<nil>,<nil>,539,<nil>
2059489112,<nil>,<nil>,<nil>,<nil>,<nil>,<nil>,<nil>,<nil>,411,<nil>
553865037,<nil>,<nil>,<nil>,<nil>,<nil>,<nil>,<nil>,<nil>,110,<nil>
4056108876,<nil>,<nil>,<nil>,<nil>,<nil>,<nil>,<nil>,<nil>,811,<nil>
2861256548,<nil>,<nil>,<nil>,<nil>,<nil>,<nil>,<nil>,<nil>,572,<nil>
2154450764,<nil>,<nil>,<nil>,<nil>,<nil>,<nil>,<nil>,<nil>,430,<nil>
1268272985,<nil>,<nil>,<nil>,<nil>,<nil>,<nil>,<nil>,<nil>,253,<nil>
3892072269,<nil>,<nil>,<nil>,<nil>,<nil>,<nil>,<nil>,<nil>,778,<nil>
2687061849,<nil>,<nil>,<nil>,<nil>,<nil>,<nil>,<nil>,<nil>,537,<nil>
1579634521,<nil>,<nil>,<nil>,<nil>,<nil>,<nil>,<nil>,<nil>,315,<nil>
916803404,<nil>,<nil>,<nil>,<nil>,<nil>,<nil>,<nil>,<nil>,183,<nil>
3556724557,<nil>,<nil>,<nil>,<nil>,<nil>,<nil>,<nil>,<nil>,711,<nil>
548144804,<nil>,<nil>,<nil>,<nil>,<nil>,<nil>,<nil>,<nil>,109,<nil>
3470544728,<nil>,<nil>,<nil>,<nil>,<nil>,<nil>,<nil>,<nil>,694,<nil>
1672433485,<nil>,<nil>,<nil>,<nil>,<nil>,<nil>,<nil>,<nil>,334,<nil>
3327283020,<nil>,<nil>,<nil>,<nil>,<nil>,<nil>,<nil>,<nil>,665,<nil>
1553747801,<nil>,<nil>,<nil>,<nil>,<nil>,<nil>,<nil>,<nil>,310,<nil>
447893337,<nil>,<nil>,<nil>,<nil>,<nil>,<nil>,<nil>,<nil>,89,<nil>
4263202649,<nil>,<nil>,<nil>,<nil>,<nil>,<nil>,<nil>,<nil>,852,<nil>
3159117644,<nil>,<nil>,<nil>,<nil>,<nil>,<nil>,<nil>,<nil>,631,<nil>
1482688164,<nil>,<nil>,<nil>,<nil>,<nil>,<nil>,<nil>,<nil>,296,<nil>
4282470220,<nil>,<nil>,<nil>,<nil>,<nil>,<nil>,<nil>,<nil>,856,<nil>
2308132685,<nil>,<nil>,<nil>,<nil>,<nil>,<nil>,<nil>,<nil>,461,<nil>
890054506,<nil>,<nil>,<nil>,<nil>,<nil>,<nil>,<nil>,<nil>,178,<nil>
4148973388,<nil>,<nil>,<nil>,<nil>,<nil>,<nil>,<nil>,<nil>,829,<nil>
2998816600,<nil>,<nil>,<nil>,<nil>,<nil>,<nil>,<nil>,<nil>,599,<nil>
1630621528,<nil>,<nil>,<nil>,<nil>,<nil>,<nil>,<nil>,<nil>,326,<nil>
1222725477,<nil>,<nil>,<nil>,<nil>,<nil>,<nil>,<nil>,<nil>,244,<nil>
1506955084,<nil>,<nil>,<nil>,<nil>,<nil>,<nil>,<nil>,<nil>,301,<nil>
9654104,<nil>,<nil>,<nil>,<nil>,<nil>,<nil>,<nil>,<nil>,1,<nil>
3753529177,<nil>,<nil>,<nil>,<nil>,<nil>,<nil>,<nil>,<nil>,750,<nil>
2300727166,<nil>,<nil>,<nil>,<nil>,<nil>,<nil>,<nil>,<nil>,460,<nil>
2194034509,<nil>,<nil>,<nil>,<nil>,<nil>,<nil>,<nil>,<nil>,438,<nil>
435703628,<nil>,<nil>,<nil>,<nil>,<nil>,<nil>,<nil>,<nil>,87,<nil>
3363196748,<nil>,<nil>,<nil>,<nil>,<nil>,<nil>,<nil>,<nil>,672,<nil>
2184925017,<nil>,<nil>,<nil>,<nil>,<nil>,<nil>,<nil>,<nil>,436,<nil>
2289240200,<nil>,<nil>,<nil>,<nil>,<nil>,<nil>,<nil>,<nil>,457,<nil>
339693578,<nil>,<nil>,<nil>,<nil>,<nil>,<nil>,<nil>,<nil>,67,<nil>
2767605592,<nil>,<nil>,<nil>,<nil>,<nil>,<nil>,<nil>,<nil>,553,<nil>
1124814681,<nil>,<nil>,<nil>,<nil>,<nil>,<nil>,<nil>,<nil>,224,<nil>
3695378448,<nil>,<nil>,<nil>,<nil>,<nil>,<nil>,<nil>,<nil>,739,<nil>
2932738267,<nil>,<nil>,<nil>,<nil>,<nil>,<nil>,<nil>,<nil>,586,<nil>
3383494752,<nil>,<nil>,<nil>,<nil>,<nil>,<nil>,<nil>,<nil>,676,<nil>
1432749744,<nil>,<nil>,<nil>,<nil>,<nil>,<nil>,<nil>,<nil>,286,<nil>
458706776,<nil>,<nil>,<nil>,<nil>,<nil>,<nil>,<nil>,<nil>,91,<nil>
1696419673,<nil>,<nil>,<nil>,<nil>,<nil>,<nil>,<nil>,<nil>,339,<nil>
3677310837,<nil>,<nil>,<nil>,<nil>,<nil>,<nil>,<nil>,<nil>,735,<nil>
3747172196,<nil>,<nil>,<nil>,<nil>,<nil>,<nil>,<nil>,<nil>,749,<nil>
2799128396,<nil>,<nil>,<nil>,<nil>,<nil>,<nil>,<nil>,<nil>,559,<nil>
1005342552,<nil>,<nil>,<nil>,<nil>,<nil>,<nil>,<nil>,<nil>,201,<nil>
581175392,<nil>,<nil>,<nil>,<nil>,<nil>,<nil>,<nil>,<nil>,116,<nil>
153178432,<nil>,<nil>,<nil>,<nil>,<nil>,<nil>,<nil>,<nil>,30,<nil>
2678148952,<nil>,<nil>,<nil>,<nil>,<nil>,<nil>,<nil>,<nil>,535,<nil>
294080333,<nil>,<nil>,<nil>,<nil>,<nil>,<nil>,<nil>,<nil>,58,<nil>
919928844,<nil>,<nil>,<nil>,<nil>,<nil>,<nil>,<nil>,<nil>,183,<nil>
106778445,<nil>,<nil>,<nil>,<nil>,<nil>,<nil>,<nil>,<nil>,21,<nil>
3833548645,<nil>,<nil>,<nil>,<nil>,<nil>,<nil>,<nil>,<nil>,766,<nil>
3367849805,<nil>,<nil>,<nil>,<nil>,<nil>,<nil>,<nil>,<nil>,673,<nil>
1979273036,<nil>,<nil>,<nil>,<nil>,<nil>,<nil>,<nil>,<nil>,395,<nil>
621956952,<nil>,<nil>,<nil>,<nil>,<nil>,<nil>,<nil>,<nil>,124,<nil>
3525322602,<nil>,<nil>,<nil>,<nil>,<nil>,<nil>,<nil>,<nil>,705,<nil>
2467778393,<nil>,<nil>,<nil>,<nil>,<nil>,<nil>,<nil>,<nil>,493,<nil>
2083195099,<nil>,<nil>,<nil>,<nil>,<nil>,<nil>,<nil>,<nil>,416,<nil>
1645104973,<nil>,<nil>,<nil>,<nil>,<nil>,<nil>,<nil>,<nil>,329,<nil>
268980056,<nil>,<nil>,<nil>,<nil>,<nil>,<nil>,<nil>,<nil>,53,<nil>
4156950688,<nil>,<nil>,<nil>,<nil>,<nil>,<nil>,<nil>,<nil>,831,<nil>
3704573773,<nil>,<nil>,<nil>,<nil>,<nil>,<nil>,<nil>,<nil>,740,<nil>
2644791129,<nil>,<nil>,<nil>,<nil>,<nil>,<nil>,<nil>,<nil>,528,<nil>
1969311564,<nil>,<nil>,<nil>,<nil>,<nil>,<nil>,<nil>,<nil>,393,<nil>
162221900,<nil>,<nil>,<nil>,<nil>,<nil>,<nil>,<nil>,<nil>,32,<nil>
3117240141,<nil>,<nil>,<nil>,<nil>,<nil>,<nil>,<nil>,<nil>,623,<nil>
3556855818,<nil>,<nil>,<nil>,<nil>,<nil>,<nil>,<nil>,<nil>,711,<nil>
2265403213,<nil>,<nil>,<nil>,<nil>,<nil>,<nil>,<nil>,<nil>,453,<nil>
3218820940,<nil>,<nil>,<nil>,<nil>,<nil>,<nil>,<nil>,<nil>,643,<nil>
1745749678,<nil>,<nil>,<nil>,<nil>,<nil>,<nil>,<nil>,<nil>,349,<nil>
316559370,<nil>,<nil>,<nil>,<nil>,<nil>,<nil>,<nil>,<nil>,63,<nil>
2483814501,<nil>,<nil>,<nil>,<nil>,<nil>,<nil>,<nil>,<nil>,496,<nil>
2598129496,<nil>,<nil>,<nil>,<nil>,<nil>,<nil>,<nil>,<nil>,519,<nil>
1631059965,<nil>,<nil>,<nil>,<nil>,<nil>,<nil>,<nil>,<nil>,326,<nil>
333074265,<nil>,<nil>,<nil>,<nil>,<nil>,<nil>,<nil>,<nil>,66,<nil>
1732988761,<nil>,<nil>,<nil>,<nil>,<nil>,<nil>,<nil>,<nil>,346,<nil>
1245990733,<nil>,<nil>,<nil>,<nil>,<nil>,<nil>,<nil>,<nil>,249,<nil>
1077563236,<nil>,<nil>,<nil>,<nil>,<nil>,<nil>,<nil>,<nil>,215,<nil>
3378925401,<nil>,<nil>,<nil>,<nil>,<nil>,<nil>,<nil>,<nil>,675,<nil>
2589609805,<nil>,<nil>,<nil>,<nil>,<nil>,<nil>,<nil>,<nil>,517,<nil>
2649378648,<nil>,<nil>,<nil>,<nil>,<nil>,<nil>,<nil>,<nil>,529,<nil>
116281165,<nil>,<nil>,<nil>,<nil>,<nil>,<nil>,<nil>,<nil>,23,<nil>
280842084,<nil>,<nil>,<nil>,<nil>,<nil>,<nil>,<nil>,<nil>,56,<nil>
3683274585,<nil>,<nil>,<nil>,<nil>,<nil>,<nil>,<nil>,<nil>,736,<nil>
2738573144,<nil>,<nil>,<nil>,<nil>,<nil>,<nil>,<nil>,<nil>,547,<nil>
1234194253,<nil>,<nil>,<nil>,<nil>,<nil>,<nil>,<nil>,<nil>,246,<nil>
610422605,<nil>,<nil>,<nil>,<nil>,<nil>,<nil>,<nil>,<nil>,122,<nil>
3307360100,<nil>,<nil>,<nil>,<nil>,<nil>,<nil>,<nil>,<nil>,661,<nil>
1599819609,<nil>,<nil>,<nil>,<nil>,<nil>,<nil>,<nil>,<nil>,319,<nil>
3287633753,<nil>,<nil>,<nil>,<nil>,<nil>,<nil>,<nil>,<nil>,657,<nil>
1485524825,<nil>,<nil>,<nil>,<nil>,<nil>,<nil>,<nil>,<nil>,297,<nil>
900878181,<nil>,<nil>,<nil>,<nil>,<nil>,<nil>,<nil>,<nil>,180,<nil>
1698713420,<nil>,<nil>,<nil>,<nil>,<nil>,<nil>,<nil>,<nil>,339,<nil>
796020557,<nil>,<nil>,<nil>,<nil>,<nil>,<nil>,<nil>,<nil>,159,<nil>
1786662745,<nil>,<nil>,<nil>,<nil>,<nil>,<nil>,<nil>,<nil>,357,<nil>
52776804,<nil>,<nil>,<nil>,<nil>,<nil>,<nil>,<nil>,<nil>,10,<nil>
3777908557,<nil>,<nil>,<nil>,<nil>,<nil>,<nil>,<nil>,<nil>,755,<nil>
111150756,<nil>,<nil>,<nil>,<nil>,<nil>,<nil>,<nil>,<nil>,22,<nil>
2349926416,<nil>,<nil>,<nil>,<nil>,<nil>,<nil>,<nil>,<nil>,469,<nil>
782454616,<nil>,<nil>,<nil>,<nil>,<nil>,<nil>,<nil>,<nil>,156,<nil>
3551416140,<nil>,<nil>,<nil>,<nil>,<nil>,<nil>,<nil>,<nil>,710,<nil>
3733652456,<nil>,<nil>,<nil>,<nil>,<nil>,<nil>,<nil>,<nil>,746,<nil>
2478199104,<nil>,<nil>,<nil>,<nil>,<nil>,<nil>,<nil>,<nil>,495,<nil>
1531858776,<nil>,<nil>,<nil>,<nil>,<nil>,<nil>,<nil>,<nil>,306,<nil>
749621068,<nil>,<nil>,<nil>,<nil>,<nil>,<nil>,<nil>,<nil>,149,<nil>
35278692,<nil>,<nil>,<nil>,<nil>,<nil>,<nil>,<nil>,<nil>,7,<nil>
2960459440,<nil>,<nil>,<nil>,<nil>,<nil>,<nil>,<nil>,<nil>,592,<nil>
808472397,<nil>,<nil>,<nil>,<nil>,<nil>,<nil>,<nil>,<nil>,161,<nil>
1186090828,<nil>,<nil>,<nil>,<nil>,<nil>,<nil>,<nil>,<nil>,237,<nil>
3685764952,<nil>,<nil>,<nil>,<nil>,<nil>,<nil>,<nil>,<nil>,737,<nil>
2563770577,<nil>,<nil>,<nil>,<nil>,<nil>,<nil>,<nil>,<nil>,512,<nil>
3702720164,<nil>,<nil>,<nil>,<nil>,<nil>,<nil>,<nil>,<nil>,740,<nil>
1603751768,<nil>,<nil>,<nil>,<nil>,<nil>,<nil>,<nil>,<nil>,320,<nil>
175439973,<nil>,<nil>,<nil>,<nil>,<nil>,<nil>,<nil>,<nil>,35,<nil>
60968781,<nil>,<nil>,<nil>,<nil>,<nil>,<nil>,<nil>,<nil>,12,<nil>
2611498853,<nil>,<nil>,<nil>,<nil>,<nil>,<nil>,<nil>,<nil>,522,<nil>
1460293452,<nil>,<nil>,<nil>,<nil>,<nil>,<nil>,<nil>,<nil>,292,<nil>
2896121676,<nil>,<nil>,<nil>,<nil>,<nil>,<nil>,<nil>,<nil>,579,<nil>
1533497164,<nil>,<nil>,<nil>,<nil>,<nil>,<nil>,<nil>,<nil>,306,<nil>
3582461968,<nil>,<nil>,<nil>,<nil>,<nil>,<nil>,<nil>,<nil>,716,<nil>
1746227033,<nil>,<nil>,<nil>,<nil>,<nil>,<nil>,<nil>,<nil>,349,<nil>
1257328461,<nil>,<nil>,<nil>,<nil>,<nil>,<nil>,<nil>,<nil>,251,<nil>
2579517260,<nil>,<nil>,<nil>,<nil>,<nil>,<nil>,<nil>,<nil>,515,<nil>
2405060440,<nil>,<nil>,<nil>,<nil>,<nil>,<nil>,<nil>,<nil>,481,<nil>
1416384332,<nil>,<nil>,<nil>,<nil>,<nil>,<nil>,<nil>,<nil>,283,<nil>
3949363200,<nil>,<nil>,<nil>,<nil>,<nil>,<nil>,<nil>,<nil>,789,<nil>
2267500365,<nil>,<nil>,<nil>,<nil>,<nil>,<nil>,<nil>,<nil>,453,<nil>
1245007705,<nil>,<nil>,<nil>,<nil>,<nil>,<nil>,<nil>,<nil>,249,<nil>
3438104409,<nil>,<nil>,<nil>,<nil>,<nil>,<nil>,<nil>,<nil>,687,<nil>
3264808976,<nil>,<nil>,<nil>,<nil>,<nil>,<nil>,<nil>,<nil>,652,<nil>
4077670232,<nil>,<nil>,<nil>,<nil>,<nil>,<nil>,<nil>,<nil>,815,<nil>
4198125389,<nil>,<nil>,<nil>,<nil>,<nil>,<nil>,<nil>,<nil>,839,<nil>
1701120209,<nil>,<nil>,<nil>,<nil>,<nil>,<nil>,<nil>,<nil>,340,<nil>
4017442660,<nil>,<nil>,<nil>,<nil>,<nil>,<nil>,<nil>,<nil>,803,<nil>
3046854489,<nil>,<nil>,<nil>,<nil>,<nil>,<nil>,<nil>,<nil>,609,<nil>
1517571917,<nil>,<nil>,<nil>,<nil>,<nil>,<nil>,<nil>,<nil>,303,<nil>
3665383257,<nil>,<nil>,<nil>,<nil>,<nil>,<nil>,<nil>,<nil>,733,<nil>
2703805919,<nil>,<nil>,<nil>,<nil>,<nil>,<nil>,<nil>,<nil>,540,<nil>
349720426,<nil>,<nil>,<nil>,<nil>,<nil>,<nil>,<nil>,<nil>,69,<nil>
820531033,<nil>,<nil>,<nil>,<nil>,<nil>,<nil>,<nil>,<nil>,164,<nil>
3309129561,<nil>,<nil>,<nil>,<nil>,<nil>,<nil>,<nil>,<nil>,661,<nil>
2650296140,<nil>,<nil>,<nil>,<nil>,<nil>,<nil>,<nil>,<nil>,530,<nil>
1143099213,<nil>,<nil>,<nil>,<nil>,<nil>,<nil>,<nil>,<nil>,228,<nil>
4061679448,<nil>,<nil>,<nil>,<nil>,<nil>,<nil>,<nil>,<nil>,812,<nil>
1824477005,<nil>,<nil>,<nil>,<nil>,<nil>,<nil>,<nil>,<nil>,364,<nil>
2203012940,<nil>,<nil>,<nil>,<nil>,<nil>,<nil>,<nil>,<nil>,440,<nil>
874073945,<nil>,<nil>,<nil>,<nil>,<nil>,<nil>,<nil>,<nil>,174,<nil>
2156547941,<nil>,<nil>,<nil>,<nil>,<nil>,<nil>,<nil>,<nil>,431,<nil>
1562577115,<nil>,<nil>,<nil>,<nil>,<nil>,<nil>,<nil>,<nil>,312,<nil>
3366014797,<nil>,<nil>,<nil>,<nil>,<nil>,<nil>,<nil>,<nil>,673,<nil>
3817623372,<nil>,<nil>,<nil>,<nil>,<nil>,<nil>,<nil>,<nil>,763,<nil>
2096254821,<nil>,<nil>,<nil>,<nil>,<nil>,<nil>,<nil>,<nil>,419,<nil>
1124618073,<nil>,<nil>,<nil>,<nil>,<nil>,<nil>,<nil>,<nil>,224,<nil>
1109937997,<nil>,<nil>,<nil>,<nil>,<nil>,<nil>,<nil>,<nil>,221,<nil>
4181264400,<nil>,<nil>,<nil>,<nil>,<nil>,<nil>,<nil>,<nil>,836,<nil>
3225749167,<nil>,<nil>,<nil>,<nil>,<nil>,<nil>,<nil>,<nil>,645,<nil>
755715940,<nil>,<nil>,<nil>,<nil>,<nil>,<nil>,<nil>,<nil>,151,<nil>
3100200804,<nil>,<nil>,<nil>,<nil>,<nil>,<nil>,<nil>,<nil>,620,<nil>
2277134169,<nil>,<nil>,<nil>,<nil>,<nil>,<nil>,<nil>,<nil>,455,<nil>
954617700,<nil>,<nil>,<nil>,<nil>,<nil>,<nil>,<nil>,<nil>,190,<nil>
556093272,<nil>,<nil>,<nil>,<nil>,<nil>,<nil>,<nil>,<nil>,111,<nil>
1916489560,<nil>,<nil>,<nil>,<nil>,<nil>,<nil>,<nil>,<nil>,383,<nil>
322195300,<nil>,<nil>,<nil>,<nil>,<nil>,<nil>,<nil>,<nil>,64,<nil>
3028307788,<nil>,<nil>,<nil>,<nil>,<nil>,<nil>,<nil>,<nil>,605,<nil>
1250185049,<nil>,<nil>,<nil>,<nil>,<nil>,<nil>,<nil>,<nil>,250,<nil>
700647584,<nil>,<nil>,<nil>,<nil>,<nil>,<nil>,<nil>,<nil>,140,<nil>
1202212874,<nil>,<nil>,<nil>,<nil>,<nil>,<nil>,<nil>,<nil>,240,<nil>
873473895,<nil>,<nil>,<nil>,<nil>,<nil>,<nil>,<nil>,<nil>,174,<nil>
747851609,<nil>,<nil>,<nil>,<nil>,<nil>,<nil>,<nil>,<nil>,149,<nil>
3791736652,<nil>,<nil>,<nil>,<nil>,<nil>,<nil>,<nil>,<nil>,758,<nil>
2808434533,<nil>,<nil>,<nil>,<nil>,<nil>,<nil>,<nil>,<nil>,561,<nil>
298536792,<nil>,<nil>,<nil>,<nil>,<nil>,<nil>,<nil>,<nil>,59,<nil>
2779074380,<nil>,<nil>,<nil>,<nil>,<nil>,<nil>,<nil>,<nil>,555,<nil>
2054096558,<nil>,<nil>,<nil>,<nil>,<nil>,<nil>,<nil>,<nil>,410,<nil>
1130057561,<nil>,<nil>,<nil>,<nil>,<nil>,<nil>,<nil>,<nil>,226,<nil>
3745730392,<nil>,<nil>,<nil>,<nil>,<nil>,<nil>,<nil>,<nil>,749,<nil>
2240237389,<nil>,<nil>,<nil>,<nil>,<nil>,<nil>,<nil>,<nil>,448,<nil>
743460697,<nil>,<nil>,<nil>,<nil>,<nil>,<nil>,<nil>,<nil>,148,<nil>
4114763609,<nil>,<nil>,<nil>,<nil>,<nil>,<nil>,<nil>,<nil>,822,<nil>
2296205133,<nil>,<nil>,<nil>,<nil>,<nil>,<nil>,<nil>,<nil>,459,<nil>
3128166400,<nil>,<nil>,<nil>,<nil>,<nil>,<nil>,<nil>,<nil>,625,<nil>
259346265,<nil>,<nil>,<nil>,<nil>,<nil>,<nil>,<nil>,<nil>,51,<nil>
2816888703,<nil>,<nil>,<nil>,<nil>,<nil>,<nil>,<nil>,<nil>,563,<nil>
1791053644,<nil>,<nil>,<nil>,<nil>,<nil>,<nil>,<nil>,<nil>,358,<nil>
2707246925,<nil>,<nil>,<nil>,<nil>,<nil>,<nil>,<nil>,<nil>,541,<nil>
2803584856,<nil>,<nil>,<nil>,<nil>,<nil>,<nil>,<nil>,<nil>,560,<nil>
721637209,<nil>,<nil>,<nil>,<nil>,<nil>,<nil>,<nil>,<nil>,144,<nil>
3620360012,<nil>,<nil>,<nil>,<nil>,<nil>,<nil>,<nil>,<nil>,724,<nil>
3154988888,<nil>,<nil>,<nil>,<nil>,<nil>,<nil>,<nil>,<nil>,630,<nil>
1548701529,<nil>,<nil>,<nil>,<nil>,<nil>,<nil>,<nil>,<nil>,309,<nil>
41307993,<nil>,<nil>,<nil>,<nil>,<nil>,<nil>,<nil>,<nil>,8,<nil>
3607187326,<nil>,<nil>,<nil>,<nil>,<nil>,<nil>,<nil>,<nil>,721,<nil>
1631539045,<nil>,<nil>,<nil>,<nil>,<nil>,<nil>,<nil>,<nil>,326,<nil>
1368674124,<nil>,<nil>,<nil>,<nil>,<nil>,<nil>,<nil>,<nil>,273,<nil>
3059830604,<nil>,<nil>,<nil>,<nil>,<nil>,<nil>,<nil>,<nil>,611,<nil>
1291800409,<nil>,<nil>,<nil>,<nil>,<nil>,<nil>,<nil>,<nil>,258,<nil>
3891941196,<nil>,<nil>,<nil>,<nil>,<nil>,<nil>,<nil>,<nil>,778,<nil>
3833679705,<nil>,<nil>,<nil>,<nil>,<nil>,<nil>,<nil>,<nil>,766,<nil>
2887143256,<nil>,<nil>,<nil>,<nil>,<nil>,<nil>,<nil>,<nil>,577,<nil>
887770957,<nil>,<nil>,<nil>,<nil>,<nil>,<nil>,<nil>,<nil>,177,<nil>
835604312,<nil>,<nil>,<nil>,<nil>,<nil>,<nil>,<nil>,<nil>,167,<nil>
1217089357,<nil>,<nil>,<nil>,<nil>,<nil>,<nil>,<nil>,<nil>,243,<nil>
4184213504,<nil>,<nil>,<nil>,<nil>,<nil>,<nil>,<nil>,<nil>,836,<nil>
2544521060,<nil>,<nil>,<nil>,<nil>,<nil>,<nil>,<nil>,<nil>,508,<nil>
2811711308,<nil>,<nil>,<nil>,<nil>,<nil>,<nil>,<nil>,<nil>,562,<nil>
1891127116,<nil>,<nil>,<nil>,<nil>,<nil>,<nil>,<nil>,<nil>,378,<nil>
13782884,<nil>,<nil>,<nil>,<nil>,<nil>,<nil>,<nil>,<nil>,2,<nil>
2524467032,<nil>,<nil>,<nil>,<nil>,<nil>,<nil>,<nil>,<nil>,504,<nil>
2317944848,<nil>,<nil>,<nil>,<nil>,<nil>,<nil>,<nil>,<nil>,463,<nil>
49827661,<nil>,<nil>,<nil>,<nil>,<nil>,<nil>,<nil>,<nil>,9,<nil>
4282732364,<nil>,<nil>,<nil>,<nil>,<nil>,<nil>,<nil>,<nil>,856,<nil>
3149549401,<nil>,<nil>,<nil>,<nil>,<nil>,<nil>,<nil>,<nil>,629,<nil>
1472745304,<nil>,<nil>,<nil>,<nil>,<nil>,<nil>,<nil>,<nil>,294,<nil>
119295821,<nil>,<nil>,<nil>,<nil>,<nil>,<nil>,<nil>,<nil>,23,<nil>
14438232,<nil>,<nil>,<nil>,<nil>,<nil>,<nil>,<nil>,<nil>,2,<nil>
3080539980,<nil>,<nil>,<nil>,<nil>,<nil>,<nil>,<nil>,<nil>,616,<nil>
3692242793,<nil>,<nil>,<nil>,<nil>,<nil>,<nil>,<nil>,<nil>,738,<nil>
1833258840,<nil>,<nil>,<nil>,<nil>,<nil>,<nil>,<nil>,<nil>,366,<nil>
551879656,<nil>,<nil>,<nil>,<nil>,<nil>,<nil>,<nil>,<nil>,110,<nil>
3243331404,<nil>,<nil>,<nil>,<nil>,<nil>,<nil>,<nil>,<nil>,648,<nil>
1994673997,<nil>,<nil>,<nil>,<nil>,<nil>,<nil>,<nil>,<nil>,398,<nil>
388517733,<nil>,<nil>,<nil>,<nil>,<nil>,<nil>,<nil>,<nil>,77,<nil>
3719647065,<nil>,<nil>,<nil>,<nil>,<nil>,<nil>,<nil>,<nil>,743,<nil>
3808055129,<nil>,<nil>,<nil>,<nil>,<nil>,<nil>,<nil>,<nil>,761,<nil>
2742964074,<nil>,<nil>,<nil>,<nil>,<nil>,<nil>,<nil>,<nil>,548,<nil>
1924353880,<nil>,<nil>,<nil>,<nil>,<nil>,<nil>,<nil>,<nil>,384,<nil>
4271460173,<nil>,<nil>,<nil>,<nil>,<nil>,<nil>,<nil>,<nil>,854,<nil>
2752925528,<nil>,<nil>,<nil>,<nil>,<nil>,<nil>,<nil>,<nil>,550,<nil>
1331252773,<nil>,<nil>,<nil>,<nil>,<nil>,<nil>,<nil>,<nil>,266,<nil>
3626697704,<nil>,<nil>,<nil>,<nil>,<nil>,<nil>,<nil>,<nil>,725,<nil>
1883786789,<nil>,<nil>,<nil>,<nil>,<nil>,<nil>,<nil>,<nil>,376,<nil>
559239001,<nil>,<nil>,<nil>,<nil>,<nil>,<nil>,<nil>,<nil>,111,<nil>
3616344064,<nil>,<nil>,<nil>,<nil>,<nil>,<nil>,<nil>,<nil>,723,<nil>
1483558732,<nil>,<nil>,<nil>,<nil>,<nil>,<nil>,<nil>,<nil>,296,<nil>
590368601,<nil>,<nil>,<nil>,<nil>,<nil>,<nil>,<nil>,<nil>,118,<nil>
325275469,<nil>,<nil>,<nil>,<nil>,<nil>,<nil>,<nil>,<nil>,65,<nil>
3096072024,<nil>,<nil>,<nil>,<nil>,<nil>,<nil>,<nil>,<nil>,619,<nil>
1946046309,<nil>,<nil>,<nil>,<nil>,<nil>,<nil>,<nil>,<nil>,389,<nil>
1368084300,<nil>,<nil>,<nil>,<nil>,<nil>,<nil>,<nil>,<nil>,273,<nil>
23660560,<nil>,<nil>,<nil>,<nil>,<nil>,<nil>,<nil>,<nil>,4,<nil>
1297436543,<nil>,<nil>,<nil>,<nil>,<nil>,<nil>,<nil>,<nil>,259,<nil>
1294683981,<nil>,<nil>,<nil>,<nil>,<nil>,<nil>,<nil>,<nil>,258,<nil>
3796193113,<nil>,<nil>,<nil>,<nil>,<nil>,<nil>,<nil>,<nil>,759,<nil>
3427159884,<nil>,<nil>,<nil>,<nil>,<nil>,<nil>,<nil>,<nil>,685,<nil>
4154337124,<nil>,<nil>,<nil>,<nil>,<nil>,<nil>,<nil>,<nil>,830,<nil>
2551777280,<nil>,<nil>,<nil>,<nil>,<nil>,<nil>,<nil>,<nil>,510,<nil>
1133268812,<nil>,<nil>,<nil>,<nil>,<nil>,<nil>,<nil>,<nil>,226,<nil>
3651030873,<nil>,<nil>,<nil>,<nil>,<nil>,<nil>,<nil>,<nil>,730,<nil>
2274676192,<nil>,<nil>,<nil>,<nil>,<nil>,<nil>,<nil>,<nil>,454,<nil>
556206289,<nil>,<nil>,<nil>,<nil>,<nil>,<nil>,<nil>,<nil>,111,<nil>
1198804812,<nil>,<nil>,<nil>,<nil>,<nil>,<nil>,<nil>,<nil>,239,<nil>
229330776,<nil>,<nil>,<nil>,<nil>,<nil>,<nil>,<nil>,<nil>,45,<nil>
2436452173,<nil>,<nil>,<nil>,<nil>,<nil>,<nil>,<nil>,<nil>,487,<nil>
3596701540,<nil>,<nil>,<nil>,<nil>,<nil>,<nil>,<nil>,<nil>,719,<nil>
1856589644,<nil>,<nil>,<nil>,<nil>,<nil>,<nil>,<nil>,<nil>,371,<nil>
933384012,<nil>,<nil>,<nil>,<nil>,<nil>,<nil>,<nil>,<nil>,186,<nil>
2655997784,<nil>,<nil>,<nil>,<nil>,<nil>,<nil>,<nil>,<nil>,531,<nil>
580996953,<nil>,<nil>,<nil>,<nil>,<nil>,<nil>,<nil>,<nil>,116,<nil>
808913032,<nil>,<nil>,<nil>,<nil>,<nil>,<nil>,<nil>,<nil>,161,<nil>
3873656664,<nil>,<nil>,<nil>,<nil>,<nil>,<nil>,<nil>,<nil>,774,<nil>
2975747929,<nil>,<nil>,<nil>,<nil>,<nil>,<nil>,<nil>,<nil>,595,<nil>
3111651424,<nil>,<nil>,<nil>,<nil>,<nil>,<nil>,<nil>,<nil>,622,<nil>
903499608,<nil>,<nil>,<nil>,<nil>,<nil>,<nil>,<nil>,<nil>,180,<nil>
786780005,<nil>,<nil>,<nil>,<nil>,<nil>,<nil>,<nil>,<nil>,157,<nil>
2269400921,<nil>,<nil>,<nil>,<nil>,<nil>,<nil>,<nil>,<nil>,453,<nil>
2425573221,<nil>,<nil>,<nil>,<nil>,<nil>,<nil>,<nil>,<nil>,485,<nil>
31018840,<nil>,<nil>,<nil>,<nil>,<nil>,<nil>,<nil>,<nil>,6,<nil>
2099793753,<nil>,<nil>,<nil>,<nil>,<nil>,<nil>,<nil>,<nil>,419,<nil>
1168133965,<nil>,<nil>,<nil>,<nil>,<nil>,<nil>,<nil>,<nil>,233,<nil>
70668108,<nil>,<nil>,<nil>,<nil>,<nil>,<nil>,<nil>,<nil>,14,<nil>
2573815641,<nil>,<nil>,<nil>,<nil>,<nil>,<nil>,<nil>,<nil>,514,<nil>
2093043545,<nil>,<nil>,<nil>,<nil>,<nil>,<nil>,<nil>,<nil>,418,<nil>
1417891660,<nil>,<nil>,<nil>,<nil>,<nil>,<nil>,<nil>,<nil>,283,<nil>
3767422808,<nil>,<nil>,<nil>,<nil>,<nil>,<nil>,<nil>,<nil>,753,<nil>
2394509132,<nil>,<nil>,<nil>,<nil>,<nil>,<nil>,<nil>,<nil>,478,<nil>
598232920,<nil>,<nil>,<nil>,<nil>,<nil>,<nil>,<nil>,<nil>,119,<nil>
3684716388,<nil>,<nil>,<nil>,<nil>,<nil>,<nil>,<nil>,<nil>,736,<nil>
2148073553,<nil>,<nil>,<nil>,<nil>,<nil>,<nil>,<nil>,<nil>,429,<nil>
474697549,<nil>,<nil>,<nil>,<nil>,<nil>,<nil>,<nil>,<nil>,94,<nil>
3416149849,<nil>,<nil>,<nil>,<nil>,<nil>,<nil>,<nil>,<nil>,683,<nil>
1138577240,<nil>,<nil>,<nil>,<nil>,<nil>,<nil>,<nil>,<nil>,227,<nil>
419430445,<nil>,<nil>,<nil>,<nil>,<nil>,<nil>,<nil>,<nil>,83,<nil>
2420789080,<nil>,<nil>,<nil>,<nil>,<nil>,<nil>,<nil>,<nil>,484,<nil>
490950489,<nil>,<nil>,<nil>,<nil>,<nil>,<nil>,<nil>,<nil>,98,<nil>
4252764379,<nil>,<nil>,<nil>,<nil>,<nil>,<nil>,<nil>,<nil>,850,<nil>
3902164825,<nil>,<nil>,<nil>,<nil>,<nil>,<nil>,<nil>,<nil>,780,<nil>
2944225100,<nil>,<nil>,<nil>,<nil>,<nil>,<nil>,<nil>,<nil>,588,<nil>
2693943140,<nil>,<nil>,<nil>,<nil>,<nil>,<nil>,<nil>,<nil>,538,<nil>
788858920,<nil>,<nil>,<nil>,<nil>,<nil>,<nil>,<nil>,<nil>,157,<nil>
3499296768,<nil>,<nil>,<nil>,<nil>,<nil>,<nil>,<nil>,<nil>,699,<nil>
2088521560,<nil>,<nil>,<nil>,<nil>,<nil>,<nil>,<nil>,<nil>,417,<nil>
1877626701,<nil>,<nil>,<nil>,<nil>,<nil>,<nil>,<nil>,<nil>,375,<nil>
4230106969,<nil>,<nil>,<nil>,<nil>,<nil>,<nil>,<nil>,<nil>,846,<nil>
3136376664,<nil>,<nil>,<nil>,<nil>,<nil>,<nil>,<nil>,<nil>,627,<nil>
2054901580,<nil>,<nil>,<nil>,<nil>,<nil>,<nil>,<nil>,<nil>,410,<nil>
2740801357,<nil>,<nil>,<nil>,<nil>,<nil>,<nil>,<nil>,<nil>,548,<nil>
2244693848,<nil>,<nil>,<nil>,<nil>,<nil>,<nil>,<nil>,<nil>,448,<nil>
152391525,<nil>,<nil>,<nil>,<nil>,<nil>,<nil>,<nil>,<nil>,30,<nil>
2852343640,<nil>,<nil>,<nil>,<nil>,<nil>,<nil>,<nil>,<nil>,570,<nil>
1354452813,<nil>,<nil>,<nil>,<nil>,<nil>,<nil>,<nil>,<nil>,270,<nil>
4275701776,<nil>,<nil>,<nil>,<nil>,<nil>,<nil>,<nil>,<nil>,855,<nil>
2424655704,<nil>,<nil>,<nil>,<nil>,<nil>,<nil>,<nil>,<nil>,484,<nil>
687624036,<nil>,<nil>,<nil>,<nil>,<nil>,<nil>,<nil>,<nil>,137,<nil>
3281080153,<nil>,<nil>,<nil>,<nil>,<nil>,<nil>,<nil>,<nil>,656,<nil>
2580303692,<nil>,<nil>,<nil>,<nil>,<nil>,<nil>,<nil>,<nil>,516,<nil>
365514585,<nil>,<nil>,<nil>,<nil>,<nil>,<nil>,<nil>,<nil>,73,<nil>
3261419340,<nil>,<nil>,<nil>,<nil>,<nil>,<nil>,<nil>,<nil>,652,<nil>
2539016025,<nil>,<nil>,<nil>,<nil>,<nil>,<nil>,<nil>,<nil>,507,<nil>
1330776080,<nil>,<nil>,<nil>,<nil>,<nil>,<nil>,<nil>,<nil>,266,<nil>
3635826520,<nil>,<nil>,<nil>,<nil>,<nil>,<nil>,<nil>,<nil>,727,<nil>
2072840401,<nil>,<nil>,<nil>,<nil>,<nil>,<nil>,<nil>,<nil>,414,<nil>
3452194648,<nil>,<nil>,<nil>,<nil>,<nil>,<nil>,<nil>,<nil>,690,<nil>
2998929408,<nil>,<nil>,<nil>,<nil>,<nil>,<nil>,<nil>,<nil>,599,<nil>
1806389081,<nil>,<nil>,<nil>,<nil>,<nil>,<nil>,<nil>,<nil>,361,<nil>
4148318041,<nil>,<nil>,<nil>,<nil>,<nil>,<nil>,<nil>,<nil>,829,<nil>
3123859300,<nil>,<nil>,<nil>,<nil>,<nil>,<nil>,<nil>,<nil>,624,<nil>
1687179096,<nil>,<nil>,<nil>,<nil>,<nil>,<nil>,<nil>,<nil>,337,<nil>
1683574629,<nil>,<nil>,<nil>,<nil>,<nil>,<nil>,<nil>,<nil>,336,<nil>
1583089664,<nil>,<nil>,<nil>,<nil>,<nil>,<nil>,<nil>,<nil>,316,<nil>
667897677,<nil>,<nil>,<nil>,<nil>,<nil>,<nil>,<nil>,<nil>,133,<nil>
2418233165,<nil>,<nil>,<nil>,<nil>,<nil>,<nil>,<nil>,<nil>,483,<nil>
1927106392,<nil>,<nil>,<nil>,<nil>,<nil>,<nil>,<nil>,<nil>,385,<nil>
1493651277,<nil>,<nil>,<nil>,<nil>,<nil>,<nil>,<nil>,<nil>,298,<nil>
601884688,<nil>,<nil>,<nil>,<nil>,<nil>,<nil>,<nil>,<nil>,120,<nil>
4170862123,<nil>,<nil>,<nil>,<nil>,<nil>,<nil>,<nil>,<nil>,834,<nil>
103501644,<nil>,<nil>,<nil>,<nil>,<nil>,<nil>,<nil>,<nil>,20,<nil>
316690264,<nil>,<nil>,<nil>,<nil>,<nil>,<nil>,<nil>,<nil>,63,<nil>
2373668685,<nil>,<nil>,<nil>,<nil>,<nil>,<nil>,<nil>,<nil>,474,<nil>
1446661965,<nil>,<nil>,<nil>,<nil>,<nil>,<nil>,<nil>,<nil>,289,<nil>
2359512920,<nil>,<nil>,<nil>,<nil>,<nil>,<nil>,<nil>,<nil>,471,<nil>
982732620,<nil>,<nil>,<nil>,<nil>,<nil>,<nil>,<nil>,<nil>,196,<nil>
16842858,<nil>,<nil>,<nil>,<nil>,<nil>,<nil>,<nil>,<nil>,3,<nil>
1586777945,<nil>,<nil>,<nil>,<nil>,<nil>,<nil>,<nil>,<nil>,317,<nil>
213864269,<nil>,<nil>,<nil>,<nil>,<nil>,<nil>,<nil>,<nil>,42,<nil>
2551205709,<nil>,<nil>,<nil>,<nil>,<nil>,<nil>,<nil>,<nil>,510,<nil>
1390301029,<nil>,<nil>,<nil>,<nil>,<nil>,<nil>,<nil>,<nil>,278,<nil>
1324044108,<nil>,<nil>,<nil>,<nil>,<nil>,<nil>,<nil>,<nil>,264,<nil>
3542699853,<nil>,<nil>,<nil>,<nil>,<nil>,<nil>,<nil>,<nil>,708,<nil>
3179480740,<nil>,<nil>,<nil>,<nil>,<nil>,<nil>,<nil>,<nil>,635,<nil>
4088483660,<nil>,<nil>,<nil>,<nil>,<nil>,<nil>,<nil>,<nil>,817,<nil>
2278379340,<nil>,<nil>,<nil>,<nil>,<nil>,<nil>,<nil>,<nil>,455,<nil>
474369868,<nil>,<nil>,<nil>,<nil>,<nil>,<nil>,<nil>,<nil>,94,<nil>
3873197901,<nil>,<nil>,<nil>,<nil>,<nil>,<nil>,<nil>,<nil>,774,<nil>
340807513,<nil>,<nil>,<nil>,<nil>,<nil>,<nil>,<nil>,<nil>,68,<nil>
118116172,<nil>,<nil>,<nil>,<nil>,<nil>,<nil>,<nil>,<nil>,23,<nil>
623530404,<nil>,<nil>,<nil>,<nil>,<nil>,<nil>,<nil>,<nil>,124,<nil>
233383780,<nil>,<nil>,<nil>,<nil>,<nil>,<nil>,<nil>,<nil>,46,<nil>
3647426392,<nil>,<nil>,<nil>,<nil>,<nil>,<nil>,<nil>,<nil>,729,<nil>
1554992973,<nil>,<nil>,<nil>,<nil>,<nil>,<nil>,<nil>,<nil>,310,<nil>
347524576,<nil>,<nil>,<nil>,<nil>,<nil>,<nil>,<nil>,<nil>,69,<nil>
2902001872,<nil>,<nil>,<nil>,<nil>,<nil>,<nil>,<nil>,<nil>,580,<nil>
3188394000,<nil>,<nil>,<nil>,<nil>,<nil>,<nil>,<nil>,<nil>,637,<nil>
1679052633,<nil>,<nil>,<nil>,<nil>,<nil>,<nil>,<nil>,<nil>,335,<nil>
4156444493,<nil>,<nil>,<nil>,<nil>,<nil>,<nil>,<nil>,<nil>,831,<nil>
1709264728,<nil>,<nil>,<nil>,<nil>,<nil>,<nil>,<nil>,<nil>,341,<nil>
626282316,<nil>,<nil>,<nil>,<nil>,<nil>,<nil>,<nil>,<nil>,125,<nil>
1339314008,<nil>,<nil>,<nil>,<nil>,<nil>,<nil>,<nil>,<nil>,267,<nil>
4254551884,<nil>,<nil>,<nil>,<nil>,<nil>,<nil>,<nil>,<nil>,850,<nil>
2778091353,<nil>,<nil>,<nil>,<nil>,<nil>,<nil>,<nil>,<nil>,555,<nil>
751390553,<nil>,<nil>,<nil>,<nil>,<nil>,<nil>,<nil>,<nil>,150,<nil>
2652131178,<nil>,<nil>,<nil>,<nil>,<nil>,<nil>,<nil>,<nil>,530,<nil>
2066894693,<nil>,<nil>,<nil>,<nil>,<nil>,<nil>,<nil>,<nil>,413,<nil>
2084065101,<nil>,<nil>,<nil>,<nil>,<nil>,<nil>,<nil>,<nil>,416,<nil>
1058088805,<nil>,<nil>,<nil>,<nil>,<nil>,<nil>,<nil>,<nil>,211,<nil>
3622326092,<nil>,<nil>,<nil>,<nil>,<nil>,<nil>,<nil>,<nil>,724,<nil>
2591706969,<nil>,<nil>,<nil>,<nil>,<nil>,<nil>,<nil>,<nil>,518,<nil>
1595887437,<nil>,<nil>,<nil>,<nil>,<nil>,<nil>,<nil>,<nil>,319,<nil>
1245728588,<nil>,<nil>,<nil>,<nil>,<nil>,<nil>,<nil>,<nil>,249,<nil>
3585757004,<nil>,<nil>,<nil>,<nil>,<nil>,<nil>,<nil>,<nil>,717,<nil>
1926516556,<nil>,<nil>,<nil>,<nil>,<nil>,<nil>,<nil>,<nil>,385,<nil>
264326988,<nil>,<nil>,<nil>,<nil>,<nil>,<nil>,<nil>,<nil>,52,<nil>
2767277912,<nil>,<nil>,<nil>,<nil>,<nil>,<nil>,<nil>,<nil>,553,<nil>
1239633740,<nil>,<nil>,<nil>,<nil>,<nil>,<nil>,<nil>,<nil>,247,<nil>
3761131353,<nil>,<nil>,<nil>,<nil>,<nil>,<nil>,<nil>,<nil>,752,<nil>
1356287821,<nil>,<nil>,<nil>,<nil>,<nil>,<nil>,<nil>,<nil>,271,<nil>
3993325389,<nil>,<nil>,<nil>,<nil>,<nil>,<nil>,<nil>,<nil>,798,<nil>
1903578969,<nil>,<nil>,<nil>,<nil>,<nil>,<nil>,<nil>,<nil>,380,<nil>
503205708,<nil>,<nil>,<nil>,<nil>,<nil>,<nil>,<nil>,<nil>,100,<nil>
2867416909,<nil>,<nil>,<nil>,<nil>,<nil>,<nil>,<nil>,<nil>,573,<nil>
1789069312,<nil>,<nil>,<nil>,<nil>,<nil>,<nil>,<nil>,<nil>,357,<nil>
4262088524,<nil>,<nil>,<nil>,<nil>,<nil>,<nil>,<nil>,<nil>,852,<nil>
2467254104,<nil>,<nil>,<nil>,<nil>,<nil>,<nil>,<nil>,<nil>,493,<nil>
353587020,<nil>,<nil>,<nil>,<nil>,<nil>,<nil>,<nil>,<nil>,70,<nil>
2838122316,<nil>,<nil>,<nil>,<nil>,<nil>,<nil>,<nil>,<nil>,567,<nil>
1045385048,<nil>,<nil>,<nil>,<nil>,<nil>,<nil>,<nil>,<nil>,209,<nil>
3971895128,<nil>,<nil>,<nil>,<nil>,<nil>,<nil>,<nil>,<nil>,794,<nil>
2528314344,<nil>,<nil>,<nil>,<nil>,<nil>,<nil>,<nil>,<nil>,505,<nil>
355666056,<nil>,<nil>,<nil>,<nil>,<nil>,<nil>,<nil>,<nil>,71,<nil>
2743619594,<nil>,<nil>,<nil>,<nil>,<nil>,<nil>,<nil>,<nil>,548,<nil>
884625228,<nil>,<nil>,<nil>,<nil>,<nil>,<nil>,<nil>,<nil>,176,<nil>
3537915725,<nil>,<nil>,<nil>,<nil>,<nil>,<nil>,<nil>,<nil>,707,<nil>
1649692517,<nil>,<nil>,<nil>,<nil>,<nil>,<nil>,<nil>,<nil>,329,<nil>
210980696,<nil>,<nil>,<nil>,<nil>,<nil>,<nil>,<nil>,<nil>,42,<nil>
2425704281,<nil>,<nil>,<nil>,<nil>,<nil>,<nil>,<nil>,<nil>,485,<nil>
610815821,<nil>,<nil>,<nil>,<nil>,<nil>,<nil>,<nil>,<nil>,122,<nil>
3153743716,<nil>,<nil>,<nil>,<nil>,<nil>,<nil>,<nil>,<nil>,630,<nil>
1415794508,<nil>,<nil>,<nil>,<nil>,<nil>,<nil>,<nil>,<nil>,283,<nil>
4083634009,<nil>,<nil>,<nil>,<nil>,<nil>,<nil>,<nil>,<nil>,816,<nil>
2705000448,<nil>,<nil>,<nil>,<nil>,<nil>,<nil>,<nil>,<nil>,541,<nil>
436948812,<nil>,<nil>,<nil>,<nil>,<nil>,<nil>,<nil>,<nil>,87,<nil>
2777501516,<nil>,<nil>,<nil>,<nil>,<nil>,<nil>,<nil>,<nil>,555,<nil>
822300492,<nil>,<nil>,<nil>,<nil>,<nil>,<nil>,<nil>,<nil>,164,<nil>
3761524568,<nil>,<nil>,<nil>,<nil>,<nil>,<nil>,<nil>,<nil>,752,<nil>
1877888869,<nil>,<nil>,<nil>,<nil>,<nil>,<nil>,<nil>,<nil>,375,<nil>
430985036,<nil>,<nil>,<nil>,<nil>,<nil>,<nil>,<nil>,<nil>,86,<nil>
2796506957,<nil>,<nil>,<nil>,<nil>,<nil>,<nil>,<nil>,<nil>,559,<nil>
1498482704,<nil>,<nil>,<nil>,<nil>,<nil>,<nil>,<nil>,<nil>,299,<nil>
3414183807,<nil>,<nil>,<nil>,<nil>,<nil>,<nil>,<nil>,<nil>,682,<nil>
1861027856,<nil>,<nil>,<nil>,<nil>,<nil>,<nil>,<nil>,<nil>,372,<nil>
4134424396,<nil>,<nil>,<nil>,<nil>,<nil>,<nil>,<nil>,<nil>,826,<nil>
2497597261,<nil>,<nil>,<nil>,<nil>,<nil>,<nil>,<nil>,<nil>,499,<nil>
817909580,<nil>,<nil>,<nil>,<nil>,<nil>,<nil>,<nil>,<nil>,163,<nil>
3601289036,<nil>,<nil>,<nil>,<nil>,<nil>,<nil>,<nil>,<nil>,720,<nil>
1092767577,<nil>,<nil>,<nil>,<nil>,<nil>,<nil>,<nil>,<nil>,218,<nil>
3569569613,<nil>,<nil>,<nil>,<nil>,<nil>,<nil>,<nil>,<nil>,713,<nil>
2063814489,<nil>,<nil>,<nil>,<nil>,<nil>,<nil>,<nil>,<nil>,412,<nil>
813715276,<nil>,<nil>,<nil>,<nil>,<nil>,<nil>,<nil>,<nil>,162,<nil>
2602061657,<nil>,<nil>,<nil>,<nil>,<nil>,<nil>,<nil>,<nil>,520,<nil>
1232097113,<nil>,<nil>,<nil>,<nil>,<nil>,<nil>,<nil>,<nil>,246,<nil>
4110755686,<nil>,<nil>,<nil>,<nil>,<nil>,<nil>,<nil>,<nil>,822,<nil>
3361820493,<nil>,<nil>,<nil>,<nil>,<nil>,<nil>,<nil>,<nil>,672,<nil>
1703366477,<nil>,<nil>,<nil>,<nil>,<nil>,<nil>,<nil>,<nil>,340,<nil>
620056408,<nil>,<nil>,<nil>,<nil>,<nil>,<nil>,<nil>,<nil>,124,<nil>
4271571146,<nil>,<nil>,<nil>,<nil>,<nil>,<nil>,<nil>,<nil>,854,<nil>
3332329305,<nil>,<nil>,<nil>,<nil>,<nil>,<nil>,<nil>,<nil>,666,<nil>
3340128101,<nil>,<nil>,<nil>,<nil>,<nil>,<nil>,<nil>,<nil>,668,<nil>
3334295372,<nil>,<nil>,<nil>,<nil>,<nil>,<nil>,<nil>,<nil>,666,<nil>
1254707021,<nil>,<nil>,<nil>,<nil>,<nil>,<nil>,<nil>,<nil>,250,<nil>
3743043405,<nil>,<nil>,<nil>,<nil>,<nil>,<nil>,<nil>,<nil>,748,<nil>
3689697112,<nil>,<nil>,<nil>,<nil>,<nil>,<nil>,<nil>,<nil>,737,<nil>
2889961305,<nil>,<nil>,<nil>,<nil>,<nil>,<nil>,<nil>,<nil>,577,<nil>
1804750669,<nil>,<nil>,<nil>,<nil>,<nil>,<nil>,<nil>,<nil>,360,<nil>
3972943705,<nil>,<nil>,<nil>,<nil>,<nil>,<nil>,<nil>,<nil>,794,<nil>
2003586893,<nil>,<nil>,<nil>,<nil>,<nil>,<nil>,<nil>,<nil>,400,<nil>
493309773,<nil>,<nil>,<nil>,<nil>,<nil>,<nil>,<nil>,<nil>,98,<nil>
3965013848,<nil>,<nil>,<nil>,<nil>,<nil>,<nil>,<nil>,<nil>,793,<nil>
1568362328,<nil>,<nil>,<nil>,<nil>,<nil>,<nil>,<nil>,<nil>,313,<nil>
6161690,<nil>,<nil>,<nil>,<nil>,<nil>,<nil>,<nil>,<nil>,1,<nil>
613240652,<nil>,<nil>,<nil>,<nil>,<nil>,<nil>,<nil>,<nil>,122,<nil>
2728527131,<nil>,<nil>,<nil>,<nil>,<nil>,<nil>,<nil>,<nil>,545,<nil>
1089931280,<nil>,<nil>,<nil>,<nil>,<nil>,<nil>,<nil>,<nil>,217,<nil>
70799192,<nil>,<nil>,<nil>,<nil>,<nil>,<nil>,<nil>,<nil>,14,<nil>
1910591359,<nil>,<nil>,<nil>,<nil>,<nil>,<nil>,<nil>,<nil>,382,<nil>
64357659,<nil>,<nil>,<nil>,<nil>,<nil>,<nil>,<nil>,<nil>,12,<nil>
3740815193,<nil>,<nil>,<nil>,<nil>,<nil>,<nil>,<nil>,<nil>,748,<nil>
1614696280,<nil>,<nil>,<nil>,<nil>,<nil>,<nil>,<nil>,<nil>,322,<nil>
3832106841,<nil>,<nil>,<nil>,<nil>,<nil>,<nil>,<nil>,<nil>,766,<nil>
364793676,<nil>,<nil>,<nil>,<nil>,<nil>,<nil>,<nil>,<nil>,72,<nil>
2271891288,<nil>,<nil>,<nil>,<nil>,<nil>,<nil>,<nil>,<nil>,454,<nil>
638472025,<nil>,<nil>,<nil>,<nil>,<nil>,<nil>,<nil>,<nil>,127,<nil>
3587985228,<nil>,<nil>,<nil>,<nil>,<nil>,<nil>,<nil>,<nil>,717,<nil>
783634265,<nil>,<nil>,<nil>,<nil>,<nil>,<nil>,<nil>,<nil>,156,<nil>
3567210329,<nil>,<nil>,<nil>,<nil>,<nil>,<nil>,<nil>,<nil>,713,<nil>
977882969,<nil>,<nil>,<nil>,<nil>,<nil>,<nil>,<nil>,<nil>,195,<nil>
1978421668,<nil>,<nil>,<nil>,<nil>,<nil>,<nil>,<nil>,<nil>,395,<nil>
4263923533,<nil>,<nil>,<nil>,<nil>,<nil>,<nil>,<nil>,<nil>,852,<nil>
3779415885,<nil>,<nil>,<nil>,<nil>,<nil>,<nil>,<nil>,<nil>,755,<nil>
1234259789,<nil>,<nil>,<nil>,<nil>,<nil>,<nil>,<nil>,<nil>,246,<nil>
3711913816,<nil>,<nil>,<nil>,<nil>,<nil>,<nil>,<nil>,<nil>,742,<nil>
4037758820,<nil>,<nil>,<nil>,<nil>,<nil>,<nil>,<nil>,<nil>,807,<nil>
1744064345,<nil>,<nil>,<nil>,<nil>,<nil>,<nil>,<nil>,<nil>,348,<nil>
3639562073,<nil>,<nil>,<nil>,<nil>,<nil>,<nil>,<nil>,<nil>,727,<nil>
1237208909,<nil>,<nil>,<nil>,<nil>,<nil>,<nil>,<nil>,<nil>,247,<nil>
3418509144,<nil>,<nil>,<nil>,<nil>,<nil>,<nil>,<nil>,<nil>,683,<nil>
1322667853,<nil>,<nil>,<nil>,<nil>,<nil>,<nil>,<nil>,<nil>,264,<nil>
3091091289,<nil>,<nil>,<nil>,<nil>,<nil>,<nil>,<nil>,<nil>,618,<nil>
693653337,<nil>,<nil>,<nil>,<nil>,<nil>,<nil>,<nil>,<nil>,138,<nil>
3215918766,<nil>,<nil>,<nil>,<nil>,<nil>,<nil>,<nil>,<nil>,643,<nil>
47271769,<nil>,<nil>,<nil>,<nil>,<nil>,<nil>,<nil>,<nil>,9,<nil>
2758346912,<nil>,<nil>,<nil>,<nil>,<nil>,<nil>,<nil>,<nil>,551,<nil>
3992604505,<nil>,<nil>,<nil>,<nil>,<nil>,<nil>,<nil>,<nil>,798,<nil>
1378963316,<nil>,<nil>,<nil>,<nil>,<nil>,<nil>,<nil>,<nil>,275,<nil>
3764080472,<nil>,<nil>,<nil>,<nil>,<nil>,<nil>,<nil>,<nil>,752,<nil>
1244483417,<nil>,<nil>,<nil>,<nil>,<nil>,<nil>,<nil>,<nil>,248,<nil>
3840823116,<nil>,<nil>,<nil>,<nil>,<nil>,<nil>,<nil>,<nil>,768,<nil>
880758605,<nil>,<nil>,<nil>,<nil>,<nil>,<nil>,<nil>,<nil>,176,<nil>
3499773784,<nil>,<nil>,<nil>,<nil>,<nil>,<nil>,<nil>,<nil>,699,<nil>
1312229376,<nil>,<nil>,<nil>,<nil>,<nil>,<nil>,<nil>,<nil>,262,<nil>
3006418776,<nil>,<nil>,<nil>,<nil>,<nil>,<nil>,<nil>,<nil>,601,<nil>
608980824,<nil>,<nil>,<nil>,<nil>,<nil>,<nil>,<nil>,<nil>,121,<nil>
2639548236,<nil>,<nil>,<nil>,<nil>,<nil>,<nil>,<nil>,<nil>,527,<nil>
593561616,<nil>,<nil>,<nil>,<nil>,<nil>,<nil>,<nil>,<nil>,118,<nil>
2167557965,<nil>,<nil>,<nil>,<nil>,<nil>,<nil>,<nil>,<nil>,433,<nil>
420481120,<nil>,<nil>,<nil>,<nil>,<nil>,<nil>,<nil>,<nil>,84,<nil>
1976455001,<nil>,<nil>,<nil>,<nil>,<nil>,<nil>,<nil>,<nil>,395,<nil>
3939960089,<nil>,<nil>,<nil>,<nil>,<nil>,<nil>,<nil>,<nil>,787,<nil>
1171148621,<nil>,<nil>,<nil>,<nil>,<nil>,<nil>,<nil>,<nil>,234,<nil>
2864336756,<nil>,<nil>,<nil>,<nil>,<nil>,<nil>,<nil>,<nil>,572,<nil>
1063079946,<nil>,<nil>,<nil>,<nil>,<nil>,<nil>,<nil>,<nil>,212,<nil>
3454422861,<nil>,<nil>,<nil>,<nil>,<nil>,<nil>,<nil>,<nil>,690,<nil>
1633177432,<nil>,<nil>,<nil>,<nil>,<nil>,<nil>,<nil>,<nil>,326,<nil>
3899664231,<nil>,<nil>,<nil>,<nil>,<nil>,<nil>,<nil>,<nil>,779,<nil>
2039500633,<nil>,<nil>,<nil>,<nil>,<nil>,<nil>,<nil>,<nil>,407,<nil>
1511466856,<nil>,<nil>,<nil>,<nil>,<nil>,<nil>,<nil>,<nil>,302,<nil>
2987151180,<nil>,<nil>,<nil>,<nil>,<nil>,<nil>,<nil>,<nil>,597,<nil>
1179995980,<nil>,<nil>,<nil>,<nil>,<nil>,<nil>,<nil>,<nil>,235,<nil>
1736658776,<nil>,<nil>,<nil>,<nil>,<nil>,<nil>,<nil>,<nil>,347,<nil>
4212215628,<nil>,<nil>,<nil>,<nil>,<nil>,<nil>,<nil>,<nil>,842,<nil>
891768665,<nil>,<nil>,<nil>,<nil>,<nil>,<nil>,<nil>,<nil>,178,<nil>
3662106445,<nil>,<nil>,<nil>,<nil>,<nil>,<nil>,<nil>,<nil>,732,<nil>
1615351653,<nil>,<nil>,<nil>,<nil>,<nil>,<nil>,<nil>,<nil>,323,<nil>
3709423449,<nil>,<nil>,<nil>,<nil>,<nil>,<nil>,<nil>,<nil>,741,<nil>
1648119652,<nil>,<nil>,<nil>,<nil>,<nil>,<nil>,<nil>,<nil>,329,<nil>
1703759704,<nil>,<nil>,<nil>,<nil>,<nil>,<nil>,<nil>,<nil>,340,<nil>
3624161113,<nil>,<nil>,<nil>,<nil>,<nil>,<nil>,<nil>,<nil>,724,<nil>
2076659532,<nil>,<nil>,<nil>,<nil>,<nil>,<nil>,<nil>,<nil>,415,<nil>
2713124970,<nil>,<nil>,<nil>,<nil>,<nil>,<nil>,<nil>,<nil>,542,<nil>
471355212,<nil>,<nil>,<nil>,<nil>,<nil>,<nil>,<nil>,<nil>,94,<nil>
3108242710,<nil>,<nil>,<nil>,<nil>,<nil>,<nil>,<nil>,<nil>,621,<nil>
3762179928,<nil>,<nil>,<nil>,<nil>,<nil>,<nil>,<nil>,<nil>,752,<nil>
1582714724,<nil>,<nil>,<nil>,<nil>,<nil>,<nil>,<nil>,<nil>,316,<nil>
3423162189,<nil>,<nil>,<nil>,<nil>,<nil>,<nil>,<nil>,<nil>,684,<nil>
1671253848,<nil>,<nil>,<nil>,<nil>,<nil>,<nil>,<nil>,<nil>,334,<nil>
3592834905,<nil>,<nil>,<nil>,<nil>,<nil>,<nil>,<nil>,<nil>,718,<nil>
3974385496,<nil>,<nil>,<nil>,<nil>,<nil>,<nil>,<nil>,<nil>,794,<nil>
840650584,<nil>,<nil>,<nil>,<nil>,<nil>,<nil>,<nil>,<nil>,168,<nil>
1657032524,<nil>,<nil>,<nil>,<nil>,<nil>,<nil>,<nil>,<nil>,331,<nil>
439635788,<nil>,<nil>,<nil>,<nil>,<nil>,<nil>,<nil>,<nil>,87,<nil>
2686058607,<nil>,<nil>,<nil>,<nil>,<nil>,<nil>,<nil>,<nil>,537,<nil>
776603664,<nil>,<nil>,<nil>,<nil>,<nil>,<nil>,<nil>,<nil>,155,<nil>
3909898061,<nil>,<nil>,<nil>,<nil>,<nil>,<nil>,<nil>,<nil>,781,<nil>
1898139658,<nil>,<nil>,<nil>,<nil>,<nil>,<nil>,<nil>,<nil>,379,<nil>
3250409304,<nil>,<nil>,<nil>,<nil>,<nil>,<nil>,<nil>,<nil>,650,<nil>
1172000601,<nil>,<nil>,<nil>,<nil>,<nil>,<nil>,<nil>,<nil>,234,<nil>
3476639564,<nil>,<nil>,<nil>,<nil>,<nil>,<nil>,<nil>,<nil>,695,<nil>
674123609,<nil>,<nil>,<nil>,<nil>,<nil>,<nil>,<nil>,<nil>,134,<nil>
2719764313,<nil>,<nil>,<nil>,<nil>,<nil>,<nil>,<nil>,<nil>,543,<nil>
452939597,<nil>,<nil>,<nil>,<nil>,<nil>,<nil>,<nil>,<nil>,90,<nil>
2220642137,<nil>,<nil>,<nil>,<nil>,<nil>,<nil>,<nil>,<nil>,444,<nil>
244535128,<nil>,<nil>,<nil>,<nil>,<nil>,<nil>,<nil>,<nil>,48,<nil>
2442284877,<nil>,<nil>,<nil>,<nil>,<nil>,<nil>,<nil>,<nil>,488,<nil>
62410585,<nil>,<nil>,<nil>,<nil>,<nil>,<nil>,<nil>,<nil>,12,<nil>
1801604941,<nil>,<nil>,<nil>,<nil>,<nil>,<nil>,<nil>,<nil>,360,<nil>
4258932586,<nil>,<nil>,<nil>,<nil>,<nil>,<nil>,<nil>,<nil>,851,<nil>
1586122584,<nil>,<nil>,<nil>,<nil>,<nil>,<nil>,<nil>,<nil>,317,<nil>
3564438809,<nil>,<nil>,<nil>,<nil>,<nil>,<nil>,<nil>,<nil>,712,<nil>
1235046232,<nil>,<nil>,<nil>,<nil>,<nil>,<nil>,<nil>,<nil>,247,<nil>
2568048473,<nil>,<nil>,<nil>,<nil>,<nil>,<nil>,<nil>,<nil>,513,<nil>
666633903,<nil>,<nil>,<nil>,<nil>,<nil>,<nil>,<nil>,<nil>,133,<nil>
2475642700,<nil>,<nil>,<nil>,<nil>,<nil>,<nil>,<nil>,<nil>,495,<nil>
78794572,<nil>,<nil>,<nil>,<nil>,<nil>,<nil>,<nil>,<nil>,15,<nil>
1829326668,<nil>,<nil>,<nil>,<nil>,<nil>,<nil>,<nil>,<nil>,365,<nil>
3952627557,<nil>,<nil>,<nil>,<nil>,<nil>,<nil>,<nil>,<nil>,790,<nil>
1365593945,<nil>,<nil>,<nil>,<nil>,<nil>,<nil>,<nil>,<nil>,273,<nil>
3601747812,<nil>,<nil>,<nil>,<nil>,<nil>,<nil>,<nil>,<nil>,720,<nil>
1298550605,<nil>,<nil>,<nil>,<nil>,<nil>,<nil>,<nil>,<nil>,259,<nil>
3204206425,<nil>,<nil>,<nil>,<nil>,<nil>,<nil>,<nil>,<nil>,640,<nil>
800477005,<nil>,<nil>,<nil>,<nil>,<nil>,<nil>,<nil>,<nil>,160,<nil>
3340501037,<nil>,<nil>,<nil>,<nil>,<nil>,<nil>,<nil>,<nil>,668,<nil>
741035853,<nil>,<nil>,<nil>,<nil>,<nil>,<nil>,<nil>,<nil>,148,<nil>
2766425932,<nil>,<nil>,<nil>,<nil>,<nil>,<nil>,<nil>,<nil>,553,<nil>
368267084,<nil>,<nil>,<nil>,<nil>,<nil>,<nil>,<nil>,<nil>,73,<nil>
2202029925,<nil>,<nil>,<nil>,<nil>,<nil>,<nil>,<nil>,<nil>,440,<nil>
4017966924,<nil>,<nil>,<nil>,<nil>,<nil>,<nil>,<nil>,<nil>,803,<nil>
1791512397,<nil>,<nil>,<nil>,<nil>,<nil>,<nil>,<nil>,<nil>,358,<nil>
3685549234,<nil>,<nil>,<nil>,<nil>,<nil>,<nil>,<nil>,<nil>,737,<nil>
838291288,<nil>,<nil>,<nil>,<nil>,<nil>,<nil>,<nil>,<nil>,167,<nil>
3834597221,<nil>,<nil>,<nil>,<nil>,<nil>,<nil>,<nil>,<nil>,766,<nil>
1799442252,<nil>,<nil>,<nil>,<nil>,<nil>,<nil>,<nil>,<nil>,359,<nil>
3590541145,<nil>,<nil>,<nil>,<nil>,<nil>,<nil>,<nil>,<nil>,718,<nil>
1915965261,<nil>,<nil>,<nil>,<nil>,<nil>,<nil>,<nil>,<nil>,383,<nil>
86921036,<nil>,<nil>,<nil>,<nil>,<nil>,<nil>,<nil>,<nil>,17,<nil>
2587578200,<nil>,<nil>,<nil>,<nil>,<nil>,<nil>,<nil>,<nil>,517,<nil>
429983904,<nil>,<nil>,<nil>,<nil>,<nil>,<nil>,<nil>,<nil>,85,<nil>
2542882637,<nil>,<nil>,<nil>,<nil>,<nil>,<nil>,<nil>,<nil>,508,<nil>
2169130828,<nil>,<nil>,<nil>,<nil>,<nil>,<nil>,<nil>,<nil>,433,<nil>
3795472205,<nil>,<nil>,<nil>,<nil>,<nil>,<nil>,<nil>,<nil>,759,<nil>
2430357325,<nil>,<nil>,<nil>,<nil>,<nil>,<nil>,<nil>,<nil>,486,<nil>
1330138968,<nil>,<nil>,<nil>,<nil>,<nil>,<nil>,<nil>,<nil>,266,<nil>
3104526169,<nil>,<nil>,<nil>,<nil>,<nil>,<nil>,<nil>,<nil>,620,<nil>
1127501656,<nil>,<nil>,<nil>,<nil>,<nil>,<nil>,<nil>,<nil>,225,<nil>
635064140,<nil>,<nil>,<nil>,<nil>,<nil>,<nil>,<nil>,<nil>,127,<nil>
2839236440,<nil>,<nil>,<nil>,<nil>,<nil>,<nil>,<nil>,<nil>,567,<nil>
3203400985,<nil>,<nil>,<nil>,<nil>,<nil>,<nil>,<nil>,<nil>,640,<nil>
709054285,<nil>,<nil>,<nil>,<nil>,<nil>,<nil>,<nil>,<nil>,141,<nil>
3655552857,<nil>,<nil>,<nil>,<nil>,<nil>,<nil>,<nil>,<nil>,731,<nil>
4201795417,<nil>,<nil>,<nil>,<nil>,<nil>,<nil>,<nil>,<nil>,840,<nil>
2163812201,<nil>,<nil>,<nil>,<nil>,<nil>,<nil>,<nil>,<nil>,432,<nil>
3561967449,<nil>,<nil>,<nil>,<nil>,<nil>,<nil>,<nil>,<nil>,712,<nil>
2758692696,<nil>,<nil>,<nil>,<nil>,<nil>,<nil>,<nil>,<nil>,551,<nil>
379080525,<nil>,<nil>,<nil>,<nil>,<nil>,<nil>,<nil>,<nil>,75,<nil>
3132229295,<nil>,<nil>,<nil>,<nil>,<nil>,<nil>,<nil>,<nil>,626,<nil>
2396326048,<nil>,<nil>,<nil>,<nil>,<nil>,<nil>,<nil>,<nil>,479,<nil>
30494552,<nil>,<nil>,<nil>,<nil>,<nil>,<nil>,<nil>,<nil>,6,<nil>
2444494105,<nil>,<nil>,<nil>,<nil>,<nil>,<nil>,<nil>,<nil>,488,<nil>
3974057816,<nil>,<nil>,<nil>,<nil>,<nil>,<nil>,<nil>,<nil>,794,<nil>
3220852569,<nil>,<nil>,<nil>,<nil>,<nil>,<nil>,<nil>,<nil>,644,<nil>
1230262092,<nil>,<nil>,<nil>,<nil>,<nil>,<nil>,<nil>,<nil>,246,<nil>
3980461339,<nil>,<nil>,<nil>,<nil>,<nil>,<nil>,<nil>,<nil>,796,<nil>
1745702732,<nil>,<nil>,<nil>,<nil>,<nil>,<nil>,<nil>,<nil>,349,<nil>
3985049600,<nil>,<nil>,<nil>,<nil>,<nil>,<nil>,<nil>,<nil>,797,<nil>
529682265,<nil>,<nil>,<nil>,<nil>,<nil>,<nil>,<nil>,<nil>,105,<nil>
3140112216,<nil>,<nil>,<nil>,<nil>,<nil>,<nil>,<nil>,<nil>,628,<nil>
167006029,<nil>,<nil>,<nil>,<nil>,<nil>,<nil>,<nil>,<nil>,33,<nil>
2639810392,<nil>,<nil>,<nil>,<nil>,<nil>,<nil>,<nil>,<nil>,527,<nil>
1572294488,<nil>,<nil>,<nil>,<nil>,<nil>,<nil>,<nil>,<nil>,314,<nil>
3868002464,<nil>,<nil>,<nil>,<nil>,<nil>,<nil>,<nil>,<nil>,773,<nil>
1875398181,<nil>,<nil>,<nil>,<nil>,<nil>,<nil>,<nil>,<nil>,375,<nil>
857821017,<nil>,<nil>,<nil>,<nil>,<nil>,<nil>,<nil>,<nil>,171,<nil>
3467530072,<nil>,<nil>,<nil>,<nil>,<nil>,<nil>,<nil>,<nil>,693,<nil>
346115917,<nil>,<nil>,<nil>,<nil>,<nil>,<nil>,<nil>,<nil>,69,<nil>
3111767519,<nil>,<nil>,<nil>,<nil>,<nil>,<nil>,<nil>,<nil>,622,<nil>
825053045,<nil>,<nil>,<nil>,<nil>,<nil>,<nil>,<nil>,<nil>,165,<nil>
3355660120,<nil>,<nil>,<nil>,<nil>,<nil>,<nil>,<nil>,<nil>,671,<nil>
1560497997,<nil>,<nil>,<nil>,<nil>,<nil>,<nil>,<nil>,<nil>,312,<nil>
3304542041,<nil>,<nil>,<nil>,<nil>,<nil>,<nil>,<nil>,<nil>,660,<nil>
1350061913,<nil>,<nil>,<nil>,<nil>,<nil>,<nil>,<nil>,<nil>,270,<nil>
3012821004,<nil>,<nil>,<nil>,<nil>,<nil>,<nil>,<nil>,<nil>,602,<nil>
522848475,<nil>,<nil>,<nil>,<nil>,<nil>,<nil>,<nil>,<nil>,104,<nil>
3303428106,<nil>,<nil>,<nil>,<nil>,<nil>,<nil>,<nil>,<nil>,660,<nil>
1280069493,<nil>,<nil>,<nil>,<nil>,<nil>,<nil>,<nil>,<nil>,256,<nil>
3688957206,<nil>,<nil>,<nil>,<nil>,<nil>,<nil>,<nil>,<nil>,737,<nil>
1270959960,<nil>,<nil>,<nil>,<nil>,<nil>,<nil>,<nil>,<nil>,254,<nil>
2181826576,<nil>,<nil>,<nil>,<nil>,<nil>,<nil>,<nil>,<nil>,436,<nil>
4255993689,<nil>,<nil>,<nil>,<nil>,<nil>,<nil>,<nil>,<nil>,851,<nil>
2493974624,<nil>,<nil>,<nil>,<nil>,<nil>,<nil>,<nil>,<nil>,498,<nil>
1067339609,<nil>,<nil>,<nil>,<nil>,<nil>,<nil>,<nil>,<nil>,213,<nil>
2964541273,<nil>,<nil>,<nil>,<nil>,<nil>,<nil>,<nil>,<nil>,592,<nil>
974606156,<nil>,<nil>,<nil>,<nil>,<nil>,<nil>,<nil>,<nil>,194,<nil>
2600161101,<nil>,<nil>,<nil>,<nil>,<nil>,<nil>,<nil>,<nil>,520,<nil>
357238043,<nil>,<nil>,<nil>,<nil>,<nil>,<nil>,<nil>,<nil>,71,<nil>
2887321616,<nil>,<nil>,<nil>,<nil>,<nil>,<nil>,<nil>,<nil>,577,<nil>
159993689,<nil>,<nil>,<nil>,<nil>,<nil>,<nil>,<nil>,<nil>,31,<nil>
2206027609,<nil>,<nil>,<nil>,<nil>,<nil>,<nil>,<nil>,<nil>,441,<nil>
312935705,<nil>,<nil>,<nil>,<nil>,<nil>,<nil>,<nil>,<nil>,62,<nil>
3735965516,<nil>,<nil>,<nil>,<nil>,<nil>,<nil>,<nil>,<nil>,747,<nil>
625889101,<nil>,<nil>,<nil>,<nil>,<nil>,<nil>,<nil>,<nil>,125,<nil>
3425553888,<nil>,<nil>,<nil>,<nil>,<nil>,<nil>,<nil>,<nil>,685,<nil>
693325644,<nil>,<nil>,<nil>,<nil>,<nil>,<nil>,<nil>,<nil>,138,<nil>
2687829275,<nil>,<nil>,<nil>,<nil>,<nil>,<nil>,<nil>,<nil>,537,<nil>
1092570968,<nil>,<nil>,<nil>,<nil>,<nil>,<nil>,<nil>,<nil>,218,<nil>
3057911065,<nil>,<nil>,<nil>,<nil>,<nil>,<nil>,<nil>,<nil>,611,<nil>
751652685,<nil>,<nil>,<nil>,<nil>,<nil>,<nil>,<nil>,<nil>,150,<nil>
2638892888,<nil>,<nil>,<nil>,<nil>,<nil>,<nil>,<nil>,<nil>,527,<nil>
836763664,<nil>,<nil>,<nil>,<nil>,<nil>,<nil>,<nil>,<nil>,167,<nil>
2275561292,<nil>,<nil>,<nil>,<nil>,<nil>,<nil>,<nil>,<nil>,455,<nil>
194269005,<nil>,<nil>,<nil>,<nil>,<nil>,<nil>,<nil>,<nil>,38,<nil>
1936871256,<nil>,<nil>,<nil>,<nil>,<nil>,<nil>,<nil>,<nil>,387,<nil>
3855372121,<nil>,<nil>,<nil>,<nil>,<nil>,<nil>,<nil>,<nil>,771,<nil>
2161594188,<nil>,<nil>,<nil>,<nil>,<nil>,<nil>,<nil>,<nil>,432,<nil>
3348451149,<nil>,<nil>,<nil>,<nil>,<nil>,<nil>,<nil>,<nil>,669,<nil>
1704461988,<nil>,<nil>,<nil>,<nil>,<nil>,<nil>,<nil>,<nil>,340,<nil>
3279376216,<nil>,<nil>,<nil>,<nil>,<nil>,<nil>,<nil>,<nil>,655,<nil>
1253509120,<nil>,<nil>,<nil>,<nil>,<nil>,<nil>,<nil>,<nil>,250,<nil>
3064614732,<nil>,<nil>,<nil>,<nil>,<nil>,<nil>,<nil>,<nil>,612,<nil>
248598349,<nil>,<nil>,<nil>,<nil>,<nil>,<nil>,<nil>,<nil>,49,<nil>
2300511513,<nil>,<nil>,<nil>,<nil>,<nil>,<nil>,<nil>,<nil>,460,<nil>
3726200652,<nil>,<nil>,<nil>,<nil>,<nil>,<nil>,<nil>,<nil>,745,<nil>
1705070436,<nil>,<nil>,<nil>,<nil>,<nil>,<nil>,<nil>,<nil>,341,<nil>
3766157357,<nil>,<nil>,<nil>,<nil>,<nil>,<nil>,<nil>,<nil>,753,<nil>
1149194061,<nil>,<nil>,<nil>,<nil>,<nil>,<nil>,<nil>,<nil>,229,<nil>
3196604237,<nil>,<nil>,<nil>,<nil>,<nil>,<nil>,<nil>,<nil>,639,<nil>
1166017817,<nil>,<nil>,<nil>,<nil>,<nil>,<nil>,<nil>,<nil>,233,<nil>
3148369753,<nil>,<nil>,<nil>,<nil>,<nil>,<nil>,<nil>,<nil>,629,<nil>
602427225,<nil>,<nil>,<nil>,<nil>,<nil>,<nil>,<nil>,<nil>,120,<nil>
49743534,<nil>,<nil>,<nil>,<nil>,<nil>,<nil>,<nil>,<nil>,9,<nil>
1128091469,<nil>,<nil>,<nil>,<nil>,<nil>,<nil>,<nil>,<nil>,225,<nil>
3852994720,<nil>,<nil>,<nil>,<nil>,<nil>,<nil>,<nil>,<nil>,770,<nil>
1355960152,<nil>,<nil>,<nil>,<nil>,<nil>,<nil>,<nil>,<nil>,271,<nil>
2982104921,<nil>,<nil>,<nil>,<nil>,<nil>,<nil>,<nil>,<nil>,596,<nil>
815223104,<nil>,<nil>,<nil>,<nil>,<nil>,<nil>,<nil>,<nil>,163,<nil>
2029014861,<nil>,<nil>,<nil>,<nil>,<nil>,<nil>,<nil>,<nil>,405,<nil>
346640204,<nil>,<nil>,<nil>,<nil>,<nil>,<nil>,<nil>,<nil>,69,<nil>
2108510040,<nil>,<nil>,<nil>,<nil>,<nil>,<nil>,<nil>,<nil>,421,<nil>
4142944076,<nil>,<nil>,<nil>,<nil>,<nil>,<nil>,<nil>,<nil>,828,<nil>
3217248076,<nil>,<nil>,<nil>,<nil>,<nil>,<nil>,<nil>,<nil>,643,<nil>
754863972,<nil>,<nil>,<nil>,<nil>,<nil>,<nil>,<nil>,<nil>,150,<nil>
3835514724,<nil>,<nil>,<nil>,<nil>,<nil>,<nil>,<nil>,<nil>,767,<nil>
1613563904,<nil>,<nil>,<nil>,<nil>,<nil>,<nil>,<nil>,<nil>,322,<nil>
2997112665,<nil>,<nil>,<nil>,<nil>,<nil>,<nil>,<nil>,<nil>,599,<nil>
815353700,<nil>,<nil>,<nil>,<nil>,<nil>,<nil>,<nil>,<nil>,163,<nil>
2485079885,<nil>,<nil>,<nil>,<nil>,<nil>,<nil>,<nil>,<nil>,497,<nil>
88690509,<nil>,<nil>,<nil>,<nil>,<nil>,<nil>,<nil>,<nil>,17,<nil>
3434172236,<nil>,<nil>,<nil>,<nil>,<nil>,<nil>,<nil>,<nil>,686,<nil>
825904997,<nil>,<nil>,<nil>,<nil>,<nil>,<nil>,<nil>,<nil>,165,<nil>
3084537676,<nil>,<nil>,<nil>,<nil>,<nil>,<nil>,<nil>,<nil>,616,<nil>
836587340,<nil>,<nil>,<nil>,<nil>,<nil>,<nil>,<nil>,<nil>,167,<nil>
3054063437,<nil>,<nil>,<nil>,<nil>,<nil>,<nil>,<nil>,<nil>,610,<nil>
928468812,<nil>,<nil>,<nil>,<nil>,<nil>,<nil>,<nil>,<nil>,185,<nil>
3134934872,<nil>,<nil>,<nil>,<nil>,<nil>,<nil>,<nil>,<nil>,626,<nil>
577457996,<nil>,<nil>,<nil>,<nil>,<nil>,<nil>,<nil>,<nil>,115,<nil>
2364100441,<nil>,<nil>,<nil>,<nil>,<nil>,<nil>,<nil>,<nil>,472,<nil>
175507664,<nil>,<nil>,<nil>,<nil>,<nil>,<nil>,<nil>,<nil>,35,<nil>
2132084399,<nil>,<nil>,<nil>,<nil>,<nil>,<nil>,<nil>,<nil>,426,<nil>
3592965976,<nil>,<nil>,<nil>,<nil>,<nil>,<nil>,<nil>,<nil>,718,<nil>
1566115099,<nil>,<nil>,<nil>,<nil>,<nil>,<nil>,<nil>,<nil>,313,<nil>
3094105944,<nil>,<nil>,<nil>,<nil>,<nil>,<nil>,<nil>,<nil>,618,<nil>
867520345,<nil>,<nil>,<nil>,<nil>,<nil>,<nil>,<nil>,<nil>,173,<nil>
2902413133,<nil>,<nil>,<nil>,<nil>,<nil>,<nil>,<nil>,<nil>,580,<nil>
708071269,<nil>,<nil>,<nil>,<nil>,<nil>,<nil>,<nil>,<nil>,141,<nil>
2844217165,<nil>,<nil>,<nil>,<nil>,<nil>,<nil>,<nil>,<nil>,568,<nil>
4019212138,<nil>,<nil>,<nil>,<nil>,<nil>,<nil>,<nil>,<nil>,803,<nil>
2210811737,<nil>,<nil>,<nil>,<nil>,<nil>,<nil>,<nil>,<nil>,442,<nil>
7163749,<nil>,<nil>,<nil>,<nil>,<nil>,<nil>,<nil>,<nil>,1,<nil>
2276151128,<nil>,<nil>,<nil>,<nil>,<nil>,<nil>,<nil>,<nil>,455,<nil>
207801824,<nil>,<nil>,<nil>,<nil>,<nil>,<nil>,<nil>,<nil>,41,<nil>
1325813580,<nil>,<nil>,<nil>,<nil>,<nil>,<nil>,<nil>,<nil>,265,<nil>
3555217241,<nil>,<nil>,<nil>,<nil>,<nil>,<nil>,<nil>,<nil>,711,<nil>
1134841688,<nil>,<nil>,<nil>,<nil>,<nil>,<nil>,<nil>,<nil>,226,<nil>
2615168874,<nil>,<nil>,<nil>,<nil>,<nil>,<nil>,<nil>,<nil>,523,<nil>
790955186,<nil>,<nil>,<nil>,<nil>,<nil>,<nil>,<nil>,<nil>,158,<nil>
2386644824,<nil>,<nil>,<nil>,<nil>,<nil>,<nil>,<nil>,<nil>,477,<nil>
4013838169,<nil>,<nil>,<nil>,<nil>,<nil>,<nil>,<nil>,<nil>,802,<nil>
1959134489,<nil>,<nil>,<nil>,<nil>,<nil>,<nil>,<nil>,<nil>,391,<nil>
3809365849,<nil>,<nil>,<nil>,<nil>,<nil>,<nil>,<nil>,<nil>,761,<nil>
1640760601,<nil>,<nil>,<nil>,<nil>,<nil>,<nil>,<nil>,<nil>,328,<nil>
3312275289,<nil>,<nil>,<nil>,<nil>,<nil>,<nil>,<nil>,<nil>,662,<nil>
1185173336,<nil>,<nil>,<nil>,<nil>,<nil>,<nil>,<nil>,<nil>,237,<nil>
3241627469,<nil>,<nil>,<nil>,<nil>,<nil>,<nil>,<nil>,<nil>,648,<nil>
994135885,<nil>,<nil>,<nil>,<nil>,<nil>,<nil>,<nil>,<nil>,198,<nil>
2897497945,<nil>,<nil>,<nil>,<nil>,<nil>,<nil>,<nil>,<nil>,579,<nil>
1069633368,<nil>,<nil>,<nil>,<nil>,<nil>,<nil>,<nil>,<nil>,213,<nil>
2539999053,<nil>,<nil>,<nil>,<nil>,<nil>,<nil>,<nil>,<nil>,507,<nil>
728172763,<nil>,<nil>,<nil>,<nil>,<nil>,<nil>,<nil>,<nil>,145,<nil>
2394378084,<nil>,<nil>,<nil>,<nil>,<nil>,<nil>,<nil>,<nil>,478,<nil>
4168287515,<nil>,<nil>,<nil>,<nil>,<nil>,<nil>,<nil>,<nil>,833,<nil>
1408192345,<nil>,<nil>,<nil>,<nil>,<nil>,<nil>,<nil>,<nil>,281,<nil>
3089387380,<nil>,<nil>,<nil>,<nil>,<nil>,<nil>,<nil>,<nil>,617,<nil>
1316573004,<nil>,<nil>,<nil>,<nil>,<nil>,<nil>,<nil>,<nil>,263,<nil>
3226488664,<nil>,<nil>,<nil>,<nil>,<nil>,<nil>,<nil>,<nil>,645,<nil>
1154744317,<nil>,<nil>,<nil>,<nil>,<nil>,<nil>,<nil>,<nil>,230,<nil>
2456637273,<nil>,<nil>,<nil>,<nil>,<nil>,<nil>,<nil>,<nil>,491,<nil>
255217509,<nil>,<nil>,<nil>,<nil>,<nil>,<nil>,<nil>,<nil>,51,<nil>
2395492185,<nil>,<nil>,<nil>,<nil>,<nil>,<nil>,<nil>,<nil>,479,<nil>
4193931109,<nil>,<nil>,<nil>,<nil>,<nil>,<nil>,<nil>,<nil>,838,<nil>
1754091353,<nil>,<nil>,<nil>,<nil>,<nil>,<nil>,<nil>,<nil>,350,<nil>
4059713356,<nil>,<nil>,<nil>,<nil>,<nil>,<nil>,<nil>,<nil>,811,<nil>
1691701081,<nil>,<nil>,<nil>,<nil>,<nil>,<nil>,<nil>,<nil>,338,<nil>
3731836749,<nil>,<nil>,<nil>,<nil>,<nil>,<nil>,<nil>,<nil>,746,<nil>
1198411609,<nil>,<nil>,<nil>,<nil>,<nil>,<nil>,<nil>,<nil>,239,<nil>
3697804964,<nil>,<nil>,<nil>,<nil>,<nil>,<nil>,<nil>,<nil>,739,<nil>
1425952589,<nil>,<nil>,<nil>,<nil>,<nil>,<nil>,<nil>,<nil>,285,<nil>
3611887657,<nil>,<nil>,<nil>,<nil>,<nil>,<nil>,<nil>,<nil>,722,<nil>
2001405952,<nil>,<nil>,<nil>,<nil>,<nil>,<nil>,<nil>,<nil>,400,<nil>
3544797005,<nil>,<nil>,<nil>,<nil>,<nil>,<nil>,<nil>,<nil>,708,<nil>
718491498,<nil>,<nil>,<nil>,<nil>,<nil>,<nil>,<nil>,<nil>,143,<nil>
4145743872,<nil>,<nil>,<nil>,<nil>,<nil>,<nil>,<nil>,<nil>,829,<nil>
3652210509,<nil>,<nil>,<nil>,<nil>,<nil>,<nil>,<nil>,<nil>,730,<nil>
1347028249,<nil>,<nil>,<nil>,<nil>,<nil>,<nil>,<nil>,<nil>,269,<nil>
3902099289,<nil>,<nil>,<nil>,<nil>,<nil>,<nil>,<nil>,<nil>,780,<nil>
1922322264,<nil>,<nil>,<nil>,<nil>,<nil>,<nil>,<nil>,<nil>,384,<nil>
3888664420,<nil>,<nil>,<nil>,<nil>,<nil>,<nil>,<nil>,<nil>,777,<nil>
1595363161,<nil>,<nil>,<nil>,<nil>,<nil>,<nil>,<nil>,<nil>,319,<nil>
3491450713,<nil>,<nil>,<nil>,<nil>,<nil>,<nil>,<nil>,<nil>,698,<nil>
1411057316,<nil>,<nil>,<nil>,<nil>,<nil>,<nil>,<nil>,<nil>,282,<nil>
2960150348,<nil>,<nil>,<nil>,<nil>,<nil>,<nil>,<nil>,<nil>,592,<nil>
654968089,<nil>,<nil>,<nil>,<nil>,<nil>,<nil>,<nil>,<nil>,130,<nil>
2474921816,<nil>,<nil>,<nil>,<nil>,<nil>,<nil>,<nil>,<nil>,494,<nil>
4101066585,<nil>,<nil>,<nil>,<nil>,<nil>,<nil>,<nil>,<nil>,820,<nil>
2079000239,<nil>,<nil>,<nil>,<nil>,<nil>,<nil>,<nil>,<nil>,415,<nil>
3579268952,<nil>,<nil>,<nil>,<nil>,<nil>,<nil>,<nil>,<nil>,715,<nil>
1837172752,<nil>,<nil>,<nil>,<nil>,<nil>,<nil>,<nil>,<nil>,367,<nil>
3215871820,<nil>,<nil>,<nil>,<nil>,<nil>,<nil>,<nil>,<nil>,643,<nil>
1044664164,<nil>,<nil>,<nil>,<nil>,<nil>,<nil>,<nil>,<nil>,208,<nil>
2740604749,<nil>,<nil>,<nil>,<nil>,<nil>,<nil>,<nil>,<nil>,548,<nil>
633753421,<nil>,<nil>,<nil>,<nil>,<nil>,<nil>,<nil>,<nil>,126,<nil>
2548977497,<nil>,<nil>,<nil>,<nil>,<nil>,<nil>,<nil>,<nil>,509,<nil>
296308569,<nil>,<nil>,<nil>,<nil>,<nil>,<nil>,<nil>,<nil>,59,<nil>
2049527641,<nil>,<nil>,<nil>,<nil>,<nil>,<nil>,<nil>,<nil>,409,<nil>
434110509,<nil>,<nil>,<nil>,<nil>,<nil>,<nil>,<nil>,<nil>,86,<nil>
1993953113,<nil>,<nil>,<nil>,<nil>,<nil>,<nil>,<nil>,<nil>,398,<nil>
4164308824,<nil>,<nil>,<nil>,<nil>,<nil>,<nil>,<nil>,<nil>,832,<nil>
1914916696,<nil>,<nil>,<nil>,<nil>,<nil>,<nil>,<nil>,<nil>,382,<nil>
3752854809,<nil>,<nil>,<nil>,<nil>,<nil>,<nil>,<nil>,<nil>,750,<nil>
1121472344,<nil>,<nil>,<nil>,<nil>,<nil>,<nil>,<nil>,<nil>,224,<nil>
3177598797,<nil>,<nil>,<nil>,<nil>,<nil>,<nil>,<nil>,<nil>,635,<nil>
789906708,<nil>,<nil>,<nil>,<nil>,<nil>,<nil>,<nil>,<nil>,157,<nil>
2373209944,<nil>,<nil>,<nil>,<nil>,<nil>,<nil>,<nil>,<nil>,474,<nil>
619710464,<nil>,<nil>,<nil>,<nil>,<nil>,<nil>,<nil>,<nil>,123,<nil>
2304593740,<nil>,<nil>,<nil>,<nil>,<nil>,<nil>,<nil>,<nil>,460,<nil>
70340440,<nil>,<nil>,<nil>,<nil>,<nil>,<nil>,<nil>,<nil>,14,<nil>
3279114060,<nil>,<nil>,<nil>,<nil>,<nil>,<nil>,<nil>,<nil>,655,<nil>
4120072025,<nil>,<nil>,<nil>,<nil>,<nil>,<nil>,<nil>,<nil>,824,<nil>
3439535974,<nil>,<nil>,<nil>,<nil>,<nil>,<nil>,<nil>,<nil>,687,<nil>
3535359820,<nil>,<nil>,<nil>,<nil>,<nil>,<nil>,<nil>,<nil>,707,<nil>
1456754509,<nil>,<nil>,<nil>,<nil>,<nil>,<nil>,<nil>,<nil>,291,<nil>
3056553816,<nil>,<nil>,<nil>,<nil>,<nil>,<nil>,<nil>,<nil>,611,<nil>
1537888076,<nil>,<nil>,<nil>,<nil>,<nil>,<nil>,<nil>,<nil>,307,<nil>
2680704845,<nil>,<nil>,<nil>,<nil>,<nil>,<nil>,<nil>,<nil>,536,<nil>
1154371416,<nil>,<nil>,<nil>,<nil>,<nil>,<nil>,<nil>,<nil>,230,<nil>
3716239205,<nil>,<nil>,<nil>,<nil>,<nil>,<nil>,<nil>,<nil>,743,<nil>
1811828557,<nil>,<nil>,<nil>,<nil>,<nil>,<nil>,<nil>,<nil>,362,<nil>
4129443660,<nil>,<nil>,<nil>,<nil>,<nil>,<nil>,<nil>,<nil>,825,<nil>
2492944205,<nil>,<nil>,<nil>,<nil>,<nil>,<nil>,<nil>,<nil>,498,<nil>
3080193305,<nil>,<nil>,<nil>,<nil>,<nil>,<nil>,<nil>,<nil>,616,<nil>
2074365784,<nil>,<nil>,<nil>,<nil>,<nil>,<nil>,<nil>,<nil>,414,<nil>
4219274521,<nil>,<nil>,<nil>,<nil>,<nil>,<nil>,<nil>,<nil>,843,<nil>
2176077645,<nil>,<nil>,<nil>,<nil>,<nil>,<nil>,<nil>,<nil>,435,<nil>
1117146969,<nil>,<nil>,<nil>,<nil>,<nil>,<nil>,<nil>,<nil>,223,<nil>
2962247501,<nil>,<nil>,<nil>,<nil>,<nil>,<nil>,<nil>,<nil>,592,<nil>
333467493,<nil>,<nil>,<nil>,<nil>,<nil>,<nil>,<nil>,<nil>,66,<nil>
2461945677,<nil>,<nil>,<nil>,<nil>,<nil>,<nil>,<nil>,<nil>,492,<nil>
1225609036,<nil>,<nil>,<nil>,<nil>,<nil>,<nil>,<nil>,<nil>,245,<nil>
2084720472,<nil>,<nil>,<nil>,<nil>,<nil>,<nil>,<nil>,<nil>,416,<nil>
854216524,<nil>,<nil>,<nil>,<nil>,<nil>,<nil>,<nil>,<nil>,170,<nil>
2406567757,<nil>,<nil>,<nil>,<nil>,<nil>,<nil>,<nil>,<nil>,481,<nil>
573656908,<nil>,<nil>,<nil>,<nil>,<nil>,<nil>,<nil>,<nil>,114,<nil>
3518582616,<nil>,<nil>,<nil>,<nil>,<nil>,<nil>,<nil>,<nil>,703,<nil>
627527513,<nil>,<nil>,<nil>,<nil>,<nil>,<nil>,<nil>,<nil>,125,<nil>
2718388069,<nil>,<nil>,<nil>,<nil>,<nil>,<nil>,<nil>,<nil>,543,<nil>
399331160,<nil>,<nil>,<nil>,<nil>,<nil>,<nil>,<nil>,<nil>,79,<nil>
2910539609,<nil>,<nil>,<nil>,<nil>,<nil>,<nil>,<nil>,<nil>,582,<nil>
888819533,<nil>,<nil>,<nil>,<nil>,<nil>,<nil>,<nil>,<nil>,177,<nil>
3659157336,<nil>,<nil>,<nil>,<nil>,<nil>,<nil>,<nil>,<nil>,731,<nil>
1723354969,<nil>,<nil>,<nil>,<nil>,<nil>,<nil>,<nil>,<nil>,344,<nil>
1907314520,<nil>,<nil>,<nil>,<nil>,<nil>,<nil>,<nil>,<nil>,381,<nil>
4271394649,<nil>,<nil>,<nil>,<nil>,<nil>,<nil>,<nil>,<nil>,854,<nil>
619990873,<nil>,<nil>,<nil>,<nil>,<nil>,<nil>,<nil>,<nil>,123,<nil>
3242938189,<nil>,<nil>,<nil>,<nil>,<nil>,<nil>,<nil>,<nil>,648,<nil>
1423855448,<nil>,<nil>,<nil>,<nil>,<nil>,<nil>,<nil>,<nil>,284,<nil>
1145786200,<nil>,<nil>,<nil>,<nil>,<nil>,<nil>,<nil>,<nil>,229,<nil>
65228620,<nil>,<nil>,<nil>,<nil>,<nil>,<nil>,<nil>,<nil>,13,<nil>
2507197920,<nil>,<nil>,<nil>,<nil>,<nil>,<nil>,<nil>,<nil>,501,<nil>
4092284760,<nil>,<nil>,<nil>,<nil>,<nil>,<nil>,<nil>,<nil>,818,<nil>
2381318353,<nil>,<nil>,<nil>,<nil>,<nil>,<nil>,<nil>,<nil>,476,<nil>
3518975832,<nil>,<nil>,<nil>,<nil>,<nil>,<nil>,<nil>,<nil>,703,<nil>
1512769552,<nil>,<nil>,<nil>,<nil>,<nil>,<nil>,<nil>,<nil>,302,<nil>
3644654873,<nil>,<nil>,<nil>,<nil>,<nil>,<nil>,<nil>,<nil>,728,<nil>
99503960,<nil>,<nil>,<nil>,<nil>,<nil>,<nil>,<nil>,<nil>,19,<nil>
2889764685,<nil>,<nil>,<nil>,<nil>,<nil>,<nil>,<nil>,<nil>,577,<nil>
3233501029,<nil>,<nil>,<nil>,<nil>,<nil>,<nil>,<nil>,<nil>,646,<nil>
1332170584,<nil>,<nil>,<nil>,<nil>,<nil>,<nil>,<nil>,<nil>,266,<nil>
3545386841,<nil>,<nil>,<nil>,<nil>,<nil>,<nil>,<nil>,<nil>,709,<nil>
1431523149,<nil>,<nil>,<nil>,<nil>,<nil>,<nil>,<nil>,<nil>,286,<nil>
56643416,<nil>,<nil>,<nil>,<nil>,<nil>,<nil>,<nil>,<nil>,11,<nil>
3180068975,<nil>,<nil>,<nil>,<nil>,<nil>,<nil>,<nil>,<nil>,636,<nil>
522978280,<nil>,<nil>,<nil>,<nil>,<nil>,<nil>,<nil>,<nil>,104,<nil>
2195935064,<nil>,<nil>,<nil>,<nil>,<nil>,<nil>,<nil>,<nil>,439,<nil>
643387224,<nil>,<nil>,<nil>,<nil>,<nil>,<nil>,<nil>,<nil>,128,<nil>
3621801844,<nil>,<nil>,<nil>,<nil>,<nil>,<nil>,<nil>,<nil>,724,<nil>
3144942875,<nil>,<nil>,<nil>,<nil>,<nil>,<nil>,<nil>,<nil>,628,<nil>
500846425,<nil>,<nil>,<nil>,<nil>,<nil>,<nil>,<nil>,<nil>,100,<nil>
3182954512,<nil>,<nil>,<nil>,<nil>,<nil>,<nil>,<nil>,<nil>,636,<nil>
2030915404,<nil>,<nil>,<nil>,<nil>,<nil>,<nil>,<nil>,<nil>,406,<nil>
4077342540,<nil>,<nil>,<nil>,<nil>,<nil>,<nil>,<nil>,<nil>,815,<nil>
1823821644,<nil>,<nil>,<nil>,<nil>,<nil>,<nil>,<nil>,<nil>,364,<nil>
397607913,<nil>,<nil>,<nil>,<nil>,<nil>,<nil>,<nil>,<nil>,79,<nil>
840847192,<nil>,<nil>,<nil>,<nil>,<nil>,<nil>,<nil>,<nil>,168,<nil>
2729267020,<nil>,<nil>,<nil>,<nil>,<nil>,<nil>,<nil>,<nil>,545,<nil>
866209662,<nil>,<nil>,<nil>,<nil>,<nil>,<nil>,<nil>,<nil>,173,<nil>
582373208,<nil>,<nil>,<nil>,<nil>,<nil>,<nil>,<nil>,<nil>,116,<nil>
3082571597,<nil>,<nil>,<nil>,<nil>,<nil>,<nil>,<nil>,<nil>,616,<nil>
384192345,<nil>,<nil>,<nil>,<nil>,<nil>,<nil>,<nil>,<nil>,76,<nil>
2624212837,<nil>,<nil>,<nil>,<nil>,<nil>,<nil>,<nil>,<nil>,524,<nil>
1494699853,<nil>,<nil>,<nil>,<nil>,<nil>,<nil>,<nil>,<nil>,298,<nil>
830361421,<nil>,<nil>,<nil>,<nil>,<nil>,<nil>,<nil>,<nil>,166,<nil>
2960721177,<nil>,<nil>,<nil>,<nil>,<nil>,<nil>,<nil>,<nil>,592,<nil>
2372554572,<nil>,<nil>,<nil>,<nil>,<nil>,<nil>,<nil>,<nil>,474,<nil>
545279833,<nil>,<nil>,<nil>,<nil>,<nil>,<nil>,<nil>,<nil>,109,<nil>
2406698828,<nil>,<nil>,<nil>,<nil>,<nil>,<nil>,<nil>,<nil>,481,<nil>
1202081624,<nil>,<nil>,<nil>,<nil>,<nil>,<nil>,<nil>,<nil>,240,<nil>
3240841037,<nil>,<nil>,<nil>,<nil>,<nil>,<nil>,<nil>,<nil>,648,<nil>
2291814220,<nil>,<nil>,<nil>,<nil>,<nil>,<nil>,<nil>,<nil>,458,<nil>
2110345036,<nil>,<nil>,<nil>,<nil>,<nil>,<nil>,<nil>,<nil>,422,<nil>
3871952728,<nil>,<nil>,<nil>,<nil>,<nil>,<nil>,<nil>,<nil>,774,<nil>
2529428763,<nil>,<nil>,<nil>,<nil>,<nil>,<nil>,<nil>,<nil>,505,<nil>
1166298956,<nil>,<nil>,<nil>,<nil>,<nil>,<nil>,<nil>,<nil>,233,<nil>
4244328268,<nil>,<nil>,<nil>,<nil>,<nil>,<nil>,<nil>,<nil>,848,<nil>
2441957208,<nil>,<nil>,<nil>,<nil>,<nil>,<nil>,<nil>,<nil>,488,<nil>
1655197516,<nil>,<nil>,<nil>,<nil>,<nil>,<nil>,<nil>,<nil>,331,<nil>
3259715428,<nil>,<nil>,<nil>,<nil>,<nil>,<nil>,<nil>,<nil>,651,<nil>
1081298764,<nil>,<nil>,<nil>,<nil>,<nil>,<nil>,<nil>,<nil>,216,<nil>
3402442600,<nil>,<nil>,<nil>,<nil>,<nil>,<nil>,<nil>,<nil>,680,<nil>
2296776720,<nil>,<nil>,<nil>,<nil>,<nil>,<nil>,<nil>,<nil>,459,<nil>
4084485964,<nil>,<nil>,<nil>,<nil>,<nil>,<nil>,<nil>,<nil>,816,<nil>
2647721984,<nil>,<nil>,<nil>,<nil>,<nil>,<nil>,<nil>,<nil>,529,<nil>
1598050125,<nil>,<nil>,<nil>,<nil>,<nil>,<nil>,<nil>,<nil>,319,<nil>
206917452,<nil>,<nil>,<nil>,<nil>,<nil>,<nil>,<nil>,<nil>,41,<nil>
2571259725,<nil>,<nil>,<nil>,<nil>,<nil>,<nil>,<nil>,<nil>,514,<nil>
3757461348,<nil>,<nil>,<nil>,<nil>,<nil>,<nil>,<nil>,<nil>,751,<nil>
3278720869,<nil>,<nil>,<nil>,<nil>,<nil>,<nil>,<nil>,<nil>,655,<nil>
2898612057,<nil>,<nil>,<nil>,<nil>,<nil>,<nil>,<nil>,<nil>,579,<nil>
1084163354,<nil>,<nil>,<nil>,<nil>,<nil>,<nil>,<nil>,<nil>,216,<nil>
4100523291,<nil>,<nil>,<nil>,<nil>,<nil>,<nil>,<nil>,<nil>,820,<nil>
1963478885,<nil>,<nil>,<nil>,<nil>,<nil>,<nil>,<nil>,<nil>,392,<nil>
3997239296,<nil>,<nil>,<nil>,<nil>,<nil>,<nil>,<nil>,<nil>,799,<nil>
1553157965,<nil>,<nil>,<nil>,<nil>,<nil>,<nil>,<nil>,<nil>,310,<nil>
2187743064,<nil>,<nil>,<nil>,<nil>,<nil>,<nil>,<nil>,<nil>,437,<nil>
4075114316,<nil>,<nil>,<nil>,<nil>,<nil>,<nil>,<nil>,<nil>,815,<nil>
2881113933,<nil>,<nil>,<nil>,<nil>,<nil>,<nil>,<nil>,<nil>,576,<nil>
2885635928,<nil>,<nil>,<nil>,<nil>,<nil>,<nil>,<nil>,<nil>,577,<nil>
647974733,<nil>,<nil>,<nil>,<nil>,<nil>,<nil>,<nil>,<nil>,129,<nil>
3684575077,<nil>,<nil>,<nil>,<nil>,<nil>,<nil>,<nil>,<nil>,736,<nil>
235538473,<nil>,<nil>,<nil>,<nil>,<nil>,<nil>,<nil>,<nil>,47,<nil>
2426228568,<nil>,<nil>,<nil>,<nil>,<nil>,<nil>,<nil>,<nil>,485,<nil>
476073805,<nil>,<nil>,<nil>,<nil>,<nil>,<nil>,<nil>,<nil>,95,<nil>
272125785,<nil>,<nil>,<nil>,<nil>,<nil>,<nil>,<nil>,<nil>,54,<nil>
2168803161,<nil>,<nil>,<nil>,<nil>,<nil>,<nil>,<nil>,<nil>,433,<nil>
1220104024,<nil>,<nil>,<nil>,<nil>,<nil>,<nil>,<nil>,<nil>,244,<nil>
3038513312,<nil>,<nil>,<nil>,<nil>,<nil>,<nil>,<nil>,<nil>,607,<nil>
414928729,<nil>,<nil>,<nil>,<nil>,<nil>,<nil>,<nil>,<nil>,82,<nil>
3456061260,<nil>,<nil>,<nil>,<nil>,<nil>,<nil>,<nil>,<nil>,691,<nil>
2782397723,<nil>,<nil>,<nil>,<nil>,<nil>,<nil>,<nil>,<nil>,556,<nil>
411455308,<nil>,<nil>,<nil>,<nil>,<nil>,<nil>,<nil>,<nil>,82,<nil>
3083685721,<nil>,<nil>,<nil>,<nil>,<nil>,<nil>,<nil>,<nil>,616,<nil>
1406357337,<nil>,<nil>,<nil>,<nil>,<nil>,<nil>,<nil>,<nil>,281,<nil>
3723317080,<nil>,<nil>,<nil>,<nil>,<nil>,<nil>,<nil>,<nil>,744,<nil>
2803304100,<nil>,<nil>,<nil>,<nil>,<nil>,<nil>,<nil>,<nil>,560,<nil>
120016717,<nil>,<nil>,<nil>,<nil>,<nil>,<nil>,<nil>,<nil>,24,<nil>
2472890201,<nil>,<nil>,<nil>,<nil>,<nil>,<nil>,<nil>,<nil>,494,<nil>
1822623001,<nil>,<nil>,<nil>,<nil>,<nil>,<nil>,<nil>,<nil>,364,<nil>
541918491,<nil>,<nil>,<nil>,<nil>,<nil>,<nil>,<nil>,<nil>,108,<nil>
2628538200,<nil>,<nil>,<nil>,<nil>,<nil>,<nil>,<nil>,<nil>,525,<nil>
224022348,<nil>,<nil>,<nil>,<nil>,<nil>,<nil>,<nil>,<nil>,44,<nil>
2289192781,<nil>,<nil>,<nil>,<nil>,<nil>,<nil>,<nil>,<nil>,457,<nil>
926306125,<nil>,<nil>,<nil>,<nil>,<nil>,<nil>,<nil>,<nil>,185,<nil>
108744537,<nil>,<nil>,<nil>,<nil>,<nil>,<nil>,<nil>,<nil>,21,<nil>
1971146572,<nil>,<nil>,<nil>,<nil>,<nil>,<nil>,<nil>,<nil>,394,<nil>
1351438168,<nil>,<nil>,<nil>,<nil>,<nil>,<nil>,<nil>,<nil>,270,<nil>
1696204056,<nil>,<nil>,<nil>,<nil>,<nil>,<nil>,<nil>,<nil>,339,<nil>
14372684,<nil>,<nil>,<nil>,<nil>,<nil>,<nil>,<nil>,<nil>,2,<nil>
1912885068,<nil>,<nil>,<nil>,<nil>,<nil>,<nil>,<nil>,<nil>,382,<nil>
3845410649,<nil>,<nil>,<nil>,<nil>,<nil>,<nil>,<nil>,<nil>,769,<nil>
2771013465,<nil>,<nil>,<nil>,<nil>,<nil>,<nil>,<nil>,<nil>,554,<nil>
516312909,<nil>,<nil>,<nil>,<nil>,<nil>,<nil>,<nil>,<nil>,103,<nil>
2868137817,<nil>,<nil>,<nil>,<nil>,<nil>,<nil>,<nil>,<nil>,573,<nil>
3703000909,<nil>,<nil>,<nil>,<nil>,<nil>,<nil>,<nil>,<nil>,740,<nil>
1844708635,<nil>,<nil>,<nil>,<nil>,<nil>,<nil>,<nil>,<nil>,368,<nil>
508120908,<nil>,<nil>,<nil>,<nil>,<nil>,<nil>,<nil>,<nil>,101,<nil>
129584984,<nil>,<nil>,<nil>,<nil>,<nil>,<nil>,<nil>,<nil>,25,<nil>
3837200384,<nil>,<nil>,<nil>,<nil>,<nil>,<nil>,<nil>,<nil>,767,<nil>
3172552536,<nil>,<nil>,<nil>,<nil>,<nil>,<nil>,<nil>,<nil>,634,<nil>
2919059276,<nil>,<nil>,<nil>,<nil>,<nil>,<nil>,<nil>,<nil>,583,<nil>
1257787212,<nil>,<nil>,<nil>,<nil>,<nil>,<nil>,<nil>,<nil>,251,<nil>
2677362508,<nil>,<nil>,<nil>,<nil>,<nil>,<nil>,<nil>,<nil>,535,<nil>
1491816281,<nil>,<nil>,<nil>,<nil>,<nil>,<nil>,<nil>,<nil>,298,<nil>
3069053024,<nil>,<nil>,<nil>,<nil>,<nil>,<nil>,<nil>,<nil>,613,<nil>
1805864780,<nil>,<nil>,<nil>,<nil>,<nil>,<nil>,<nil>,<nil>,361,<nil>
3466350413,<nil>,<nil>,<nil>,<nil>,<nil>,<nil>,<nil>,<nil>,693,<nil>
1116819326,<nil>,<nil>,<nil>,<nil>,<nil>,<nil>,<nil>,<nil>,223,<nil>
2951677210,<nil>,<nil>,<nil>,<nil>,<nil>,<nil>,<nil>,<nil>,590,<nil>
1422937944,<nil>,<nil>,<nil>,<nil>,<nil>,<nil>,<nil>,<nil>,284,<nil>
2087341912,<nil>,<nil>,<nil>,<nil>,<nil>,<nil>,<nil>,<nil>,417,<nil>
4265037644,<nil>,<nil>,<nil>,<nil>,<nil>,<nil>,<nil>,<nil>,853,<nil>
2922467149,<nil>,<nil>,<nil>,<nil>,<nil>,<nil>,<nil>,<nil>,584,<nil>
3564832025,<nil>,<nil>,<nil>,<nil>,<nil>,<nil>,<nil>,<nil>,712,<nil>
1377390424,<nil>,<nil>,<nil>,<nil>,<nil>,<nil>,<nil>,<nil>,275,<nil>
4177004196,<nil>,<nil>,<nil>,<nil>,<nil>,<nil>,<nil>,<nil>,835,<nil>
1547128665,<nil>,<nil>,<nil>,<nil>,<nil>,<nil>,<nil>,<nil>,309,<nil>
3874770765,<nil>,<nil>,<nil>,<nil>,<nil>,<nil>,<nil>,<nil>,774,<nil>
770985994,<nil>,<nil>,<nil>,<nil>,<nil>,<nil>,<nil>,<nil>,154,<nil>
2276282200,<nil>,<nil>,<nil>,<nil>,<nil>,<nil>,<nil>,<nil>,455,<nil>
4244066149,<nil>,<nil>,<nil>,<nil>,<nil>,<nil>,<nil>,<nil>,848,<nil>
3116519245,<nil>,<nil>,<nil>,<nil>,<nil>,<nil>,<nil>,<nil>,623,<nil>
2450214757,<nil>,<nil>,<nil>,<nil>,<nil>,<nil>,<nil>,<nil>,490,<nil>
4270214988,<nil>,<nil>,<nil>,<nil>,<nil>,<nil>,<nil>,<nil>,854,<nil>
2928758605,<nil>,<nil>,<nil>,<nil>,<nil>,<nil>,<nil>,<nil>,585,<nil>
2375438157,<nil>,<nil>,<nil>,<nil>,<nil>,<nil>,<nil>,<nil>,475,<nil>
567758669,<nil>,<nil>,<nil>,<nil>,<nil>,<nil>,<nil>,<nil>,113,<nil>
2435207000,<nil>,<nil>,<nil>,<nil>,<nil>,<nil>,<nil>,<nil>,487,<nil>
4197928781,<nil>,<nil>,<nil>,<nil>,<nil>,<nil>,<nil>,<nil>,839,<nil>
2537901901,<nil>,<nil>,<nil>,<nil>,<nil>,<nil>,<nil>,<nil>,507,<nil>
1309560664,<nil>,<nil>,<nil>,<nil>,<nil>,<nil>,<nil>,<nil>,261,<nil>
1419661145,<nil>,<nil>,<nil>,<nil>,<nil>,<nil>,<nil>,<nil>,283,<nil>
3735899992,<nil>,<nil>,<nil>,<nil>,<nil>,<nil>,<nil>,<nil>,747,<nil>
2524204888,<nil>,<nil>,<nil>,<nil>,<nil>,<nil>,<nil>,<nil>,504,<nil>
1805256704,<nil>,<nil>,<nil>,<nil>,<nil>,<nil>,<nil>,<nil>,361,<nil>
519851852,<nil>,<nil>,<nil>,<nil>,<nil>,<nil>,<nil>,<nil>,103,<nil>
2845658957,<nil>,<nil>,<nil>,<nil>,<nil>,<nil>,<nil>,<nil>,569,<nil>
1240795152,<nil>,<nil>,<nil>,<nil>,<nil>,<nil>,<nil>,<nil>,248,<nil>
4241575756,<nil>,<nil>,<nil>,<nil>,<nil>,<nil>,<nil>,<nil>,848,<nil>
1025527640,<nil>,<nil>,<nil>,<nil>,<nil>,<nil>,<nil>,<nil>,205,<nil>
2142916468,<nil>,<nil>,<nil>,<nil>,<nil>,<nil>,<nil>,<nil>,428,<nil>
1429884761,<nil>,<nil>,<nil>,<nil>,<nil>,<nil>,<nil>,<nil>,285,<nil>
2945404761,<nil>,<nil>,<nil>,<nil>,<nil>,<nil>,<nil>,<nil>,589,<nil>
1446334474,<nil>,<nil>,<nil>,<nil>,<nil>,<nil>,<nil>,<nil>,289,<nil>
2624989028,<nil>,<nil>,<nil>,<nil>,<nil>,<nil>,<nil>,<nil>,524,<nil>
2543013733,<nil>,<nil>,<nil>,<nil>,<nil>,<nil>,<nil>,<nil>,508,<nil>
2291224408,<nil>,<nil>,<nil>,<nil>,<nil>,<nil>,<nil>,<nil>,458,<nil>
2380156760,<nil>,<nil>,<nil>,<nil>,<nil>,<nil>,<nil>,<nil>,476,<nil>
412176204,<nil>,<nil>,<nil>,<nil>,<nil>,<nil>,<nil>,<nil>,82,<nil>
1746423629,<nil>,<nil>,<nil>,<nil>,<nil>,<nil>,<nil>,<nil>,349,<nil>
3056207888,<nil>,<nil>,<nil>,<nil>,<nil>,<nil>,<nil>,<nil>,611,<nil>
26955626,<nil>,<nil>,<nil>,<nil>,<nil>,<nil>,<nil>,<nil>,5,<nil>
4207085568,<nil>,<nil>,<nil>,<nil>,<nil>,<nil>,<nil>,<nil>,841,<nil>
1827426125,<nil>,<nil>,<nil>,<nil>,<nil>,<nil>,<nil>,<nil>,365,<nil>
600657752,<nil>,<nil>,<nil>,<nil>,<nil>,<nil>,<nil>,<nil>,120,<nil>
3500494669,<nil>,<nil>,<nil>,<nil>,<nil>,<nil>,<nil>,<nil>,700,<nil>
867782500,<nil>,<nil>,<nil>,<nil>,<nil>,<nil>,<nil>,<nil>,173,<nil>
3301592909,<nil>,<nil>,<nil>,<nil>,<nil>,<nil>,<nil>,<nil>,660,<nil>
3239464780,<nil>,<nil>,<nil>,<nil>,<nil>,<nil>,<nil>,<nil>,647,<nil>
991055692,<nil>,<nil>,<nil>,<nil>,<nil>,<nil>,<nil>,<nil>,198,<nil>
2387824460,<nil>,<nil>,<nil>,<nil>,<nil>,<nil>,<nil>,<nil>,477,<nil>
368529253,<nil>,<nil>,<nil>,<nil>,<nil>,<nil>,<nil>,<nil>,73,<nil>
2798341965,<nil>,<nil>,<nil>,<nil>,<nil>,<nil>,<nil>,<nil>,559,<nil>
2353024868,<nil>,<nil>,<nil>,<nil>,<nil>,<nil>,<nil>,<nil>,470,<nil>
25055052,<nil>,<nil>,<nil>,<nil>,<nil>,<nil>,<nil>,<nil>,5,<nil>
2995389718,<nil>,<nil>,<nil>,<nil>,<nil>,<nil>,<nil>,<nil>,599,<nil>
3582283621,<nil>,<nil>,<nil>,<nil>,<nil>,<nil>,<nil>,<nil>,716,<nil>
3275902809,<nil>,<nil>,<nil>,<nil>,<nil>,<nil>,<nil>,<nil>,655,<nil>
1301630808,<nil>,<nil>,<nil>,<nil>,<nil>,<nil>,<nil>,<nil>,260,<nil>
4232400728,<nil>,<nil>,<nil>,<nil>,<nil>,<nil>,<nil>,<nil>,846,<nil>
2248560461,<nil>,<nil>,<nil>,<nil>,<nil>,<nil>,<nil>,<nil>,449,<nil>
122834764,<nil>,<nil>,<nil>,<nil>,<nil>,<nil>,<nil>,<nil>,24,<nil>
2761969484,<nil>,<nil>,<nil>,<nil>,<nil>,<nil>,<nil>,<nil>,552,<nil>
3853387033,<nil>,<nil>,<nil>,<nil>,<nil>,<nil>,<nil>,<nil>,770,<nil>
1383288653,<nil>,<nil>,<nil>,<nil>,<nil>,<nil>,<nil>,<nil>,276,<nil>
3698741068,<nil>,<nil>,<nil>,<nil>,<nil>,<nil>,<nil>,<nil>,739,<nil>
1450463052,<nil>,<nil>,<nil>,<nil>,<nil>,<nil>,<nil>,<nil>,290,<nil>
3814608717,<nil>,<nil>,<nil>,<nil>,<nil>,<nil>,<nil>,<nil>,762,<nil>
3753791308,<nil>,<nil>,<nil>,<nil>,<nil>,<nil>,<nil>,<nil>,750,<nil>
1085886285,<nil>,<nil>,<nil>,<nil>,<nil>,<nil>,<nil>,<nil>,217,<nil>
3733409625,<nil>,<nil>,<nil>,<nil>,<nil>,<nil>,<nil>,<nil>,746,<nil>
3347730253,<nil>,<nil>,<nil>,<nil>,<nil>,<nil>,<nil>,<nil>,669,<nil>
1076907852,<nil>,<nil>,<nil>,<nil>,<nil>,<nil>,<nil>,<nil>,215,<nil>
3501787152,<nil>,<nil>,<nil>,<nil>,<nil>,<nil>,<nil>,<nil>,700,<nil>
370167640,<nil>,<nil>,<nil>,<nil>,<nil>,<nil>,<nil>,<nil>,74,<nil>
2481344357,<nil>,<nil>,<nil>,<nil>,<nil>,<nil>,<nil>,<nil>,496,<nil>
2130445595,<nil>,<nil>,<nil>,<nil>,<nil>,<nil>,<nil>,<nil>,426,<nil>
3650244441,<nil>,<nil>,<nil>,<nil>,<nil>,<nil>,<nil>,<nil>,730,<nil>
1979731789,<nil>,<nil>,<nil>,<nil>,<nil>,<nil>,<nil>,<nil>,395,<nil>
3394700265,<nil>,<nil>,<nil>,<nil>,<nil>,<nil>,<nil>,<nil>,678,<nil>
763743712,<nil>,<nil>,<nil>,<nil>,<nil>,<nil>,<nil>,<nil>,152,<nil>
3132903244,<nil>,<nil>,<nil>,<nil>,<nil>,<nil>,<nil>,<nil>,626,<nil>
1965950976,<nil>,<nil>,<nil>,<nil>,<nil>,<nil>,<nil>,<nil>,393,<nil>
4275851085,<nil>,<nil>,<nil>,<nil>,<nil>,<nil>,<nil>,<nil>,855,<nil>
1957823771,<nil>,<nil>,<nil>,<nil>,<nil>,<nil>,<nil>,<nil>,391,<nil>
3781250893,<nil>,<nil>,<nil>,<nil>,<nil>,<nil>,<nil>,<nil>,756,<nil>
3419547498,<nil>,<nil>,<nil>,<nil>,<nil>,<nil>,<nil>,<nil>,683,<nil>
2377960928,<nil>,<nil>,<nil>,<nil>,<nil>,<nil>,<nil>,<nil>,475,<nil>
3498004300,<nil>,<nil>,<nil>,<nil>,<nil>,<nil>,<nil>,<nil>,699,<nil>
2145275736,<nil>,<nil>,<nil>,<nil>,<nil>,<nil>,<nil>,<nil>,429,<nil>
3611316045,<nil>,<nil>,<nil>,<nil>,<nil>,<nil>,<nil>,<nil>,722,<nil>
2414740760,<nil>,<nil>,<nil>,<nil>,<nil>,<nil>,<nil>,<nil>,482,<nil>
3304785572,<nil>,<nil>,<nil>,<nil>,<nil>,<nil>,<nil>,<nil>,660,<nil>
800018265,<nil>,<nil>,<nil>,<nil>,<nil>,<nil>,<nil>,<nil>,160,<nil>
2448772965,<nil>,<nil>,<nil>,<nil>,<nil>,<nil>,<nil>,<nil>,489,<nil>
141971277,<nil>,<nil>,<nil>,<nil>,<nil>,<nil>,<nil>,<nil>,28,<nil>
3972222797,<nil>,<nil>,<nil>,<nil>,<nil>,<nil>,<nil>,<nil>,794,<nil>
2286112588,<nil>,<nil>,<nil>,<nil>,<nil>,<nil>,<nil>,<nil>,457,<nil>
560615268,<nil>,<nil>,<nil>,<nil>,<nil>,<nil>,<nil>,<nil>,112,<nil>
2800897868,<nil>,<nil>,<nil>,<nil>,<nil>,<nil>,<nil>,<nil>,560,<nil>
1260913945,<nil>,<nil>,<nil>,<nil>,<nil>,<nil>,<nil>,<nil>,252,<nil>
508036772,<nil>,<nil>,<nil>,<nil>,<nil>,<nil>,<nil>,<nil>,101,<nil>
2580500313,<nil>,<nil>,<nil>,<nil>,<nil>,<nil>,<nil>,<nil>,516,<nil>
3814608716,<nil>,<nil>,<nil>,<nil>,<nil>,<nil>,<nil>,<nil>,762,<nil>
851922765,<nil>,<nil>,<nil>,<nil>,<nil>,<nil>,<nil>,<nil>,170,<nil>
3168685900,<nil>,<nil>,<nil>,<nil>,<nil>,<nil>,<nil>,<nil>,633,<nil>
807423833,<nil>,<nil>,<nil>,<nil>,<nil>,<nil>,<nil>,<nil>,161,<nil>
3885518681,<nil>,<nil>,<nil>,<nil>,<nil>,<nil>,<nil>,<nil>,777,<nil>
3485290328,<nil>,<nil>,<nil>,<nil>,<nil>,<nil>,<nil>,<nil>,697,<nil>
815550297,<nil>,<nil>,<nil>,<nil>,<nil>,<nil>,<nil>,<nil>,163,<nil>
2856144717,<nil>,<nil>,<nil>,<nil>,<nil>,<nil>,<nil>,<nil>,571,<nil>
516968292,<nil>,<nil>,<nil>,<nil>,<nil>,<nil>,<nil>,<nil>,103,<nil>
4068888409,<nil>,<nil>,<nil>,<nil>,<nil>,<nil>,<nil>,<nil>,813,<nil>
2842120024,<nil>,<nil>,<nil>,<nil>,<nil>,<nil>,<nil>,<nil>,568,<nil>
4165095245,<nil>,<nil>,<nil>,<nil>,<nil>,<nil>,<nil>,<nil>,833,<nil>
3216265036,<nil>,<nil>,<nil>,<nil>,<nil>,<nil>,<nil>,<nil>,643,<nil>
3677638476,<nil>,<nil>,<nil>,<nil>,<nil>,<nil>,<nil>,<nil>,735,<nil>
1022971737,<nil>,<nil>,<nil>,<nil>,<nil>,<nil>,<nil>,<nil>,204,<nil>
3792654157,<nil>,<nil>,<nil>,<nil>,<nil>,<nil>,<nil>,<nil>,758,<nil>
3729018713,<nil>,<nil>,<nil>,<nil>,<nil>,<nil>,<nil>,<nil>,745,<nil>
1870790757,<nil>,<nil>,<nil>,<nil>,<nil>,<nil>,<nil>,<nil>,374,<nil>
3526381401,<nil>,<nil>,<nil>,<nil>,<nil>,<nil>,<nil>,<nil>,705,<nil>
2220492057,<nil>,<nil>,<nil>,<nil>,<nil>,<nil>,<nil>,<nil>,444,<nil>
3413331801,<nil>,<nil>,<nil>,<nil>,<nil>,<nil>,<nil>,<nil>,682,<nil>
2308853580,<nil>,<nil>,<nil>,<nil>,<nil>,<nil>,<nil>,<nil>,461,<nil>
900671335,<nil>,<nil>,<nil>,<nil>,<nil>,<nil>,<nil>,<nil>,180,<nil>
2668973912,<nil>,<nil>,<nil>,<nil>,<nil>,<nil>,<nil>,<nil>,533,<nil>
885804889,<nil>,<nil>,<nil>,<nil>,<nil>,<nil>,<nil>,<nil>,177,<nil>
3792719693,<nil>,<nil>,<nil>,<nil>,<nil>,<nil>,<nil>,<nil>,758,<nil>
3292745548,<nil>,<nil>,<nil>,<nil>,<nil>,<nil>,<nil>,<nil>,658,<nil>
182144845,<nil>,<nil>,<nil>,<nil>,<nil>,<nil>,<nil>,<nil>,36,<nil>
2935344607,<nil>,<nil>,<nil>,<nil>,<nil>,<nil>,<nil>,<nil>,587,<nil>
397627212,<nil>,<nil>,<nil>,<nil>,<nil>,<nil>,<nil>,<nil>,79,<nil>
2551187472,<nil>,<nil>,<nil>,<nil>,<nil>,<nil>,<nil>,<nil>,510,<nil>
3923136333,<nil>,<nil>,<nil>,<nil>,<nil>,<nil>,<nil>,<nil>,784,<nil>
1096109930,<nil>,<nil>,<nil>,<nil>,<nil>,<nil>,<nil>,<nil>,219,<nil>
3736161829,<nil>,<nil>,<nil>,<nil>,<nil>,<nil>,<nil>,<nil>,747,<nil>
1469402957,<nil>,<nil>,<nil>,<nil>,<nil>,<nil>,<nil>,<nil>,293,<nil>
3946532696,<nil>,<nil>,<nil>,<nil>,<nil>,<nil>,<nil>,<nil>,789,<nil>
1870024554,<nil>,<nil>,<nil>,<nil>,<nil>,<nil>,<nil>,<nil>,374,<nil>
743657292,<nil>,<nil>,<nil>,<nil>,<nil>,<nil>,<nil>,<nil>,148,<nil>
3411038041,<nil>,<nil>,<nil>,<nil>,<nil>,<nil>,<nil>,<nil>,682,<nil>
383995736,<nil>,<nil>,<nil>,<nil>,<nil>,<nil>,<nil>,<nil>,76,<nil>
3009105740,<nil>,<nil>,<nil>,<nil>,<nil>,<nil>,<nil>,<nil>,601,<nil>
194072397,<nil>,<nil>,<nil>,<nil>,<nil>,<nil>,<nil>,<nil>,38,<nil>
2356825944,<nil>,<nil>,<nil>,<nil>,<nil>,<nil>,<nil>,<nil>,471,<nil>
555962189,<nil>,<nil>,<nil>,<nil>,<nil>,<nil>,<nil>,<nil>,111,<nil>
2660650868,<nil>,<nil>,<nil>,<nil>,<nil>,<nil>,<nil>,<nil>,532,<nil>
590827340,<nil>,<nil>,<nil>,<nil>,<nil>,<nil>,<nil>,<nil>,118,<nil>
3680718680,<nil>,<nil>,<nil>,<nil>,<nil>,<nil>,<nil>,<nil>,736,<nil>
3175567181,<nil>,<nil>,<nil>,<nil>,<nil>,<nil>,<nil>,<nil>,635,<nil>
2590509056,<nil>,<nil>,<nil>,<nil>,<nil>,<nil>,<nil>,<nil>,518,<nil>
2431012708,<nil>,<nil>,<nil>,<nil>,<nil>,<nil>,<nil>,<nil>,486,<nil>
397561688,<nil>,<nil>,<nil>,<nil>,<nil>,<nil>,<nil>,<nil>,79,<nil>
2318815065,<nil>,<nil>,<nil>,<nil>,<nil>,<nil>,<nil>,<nil>,463,<nil>
519832859,<nil>,<nil>,<nil>,<nil>,<nil>,<nil>,<nil>,<nil>,103,<nil>
2507099981,<nil>,<nil>,<nil>,<nil>,<nil>,<nil>,<nil>,<nil>,501,<nil>
1267224396,<nil>,<nil>,<nil>,<nil>,<nil>,<nil>,<nil>,<nil>,253,<nil>
1283739492,<nil>,<nil>,<nil>,<nil>,<nil>,<nil>,<nil>,<nil>,256,<nil>
3544731480,<nil>,<nil>,<nil>,<nil>,<nil>,<nil>,<nil>,<nil>,708,<nil>
1023627097,<nil>,<nil>,<nil>,<nil>,<nil>,<nil>,<nil>,<nil>,204,<nil>
1438525285,<nil>,<nil>,<nil>,<nil>,<nil>,<nil>,<nil>,<nil>,287,<nil>
2651279181,<nil>,<nil>,<nil>,<nil>,<nil>,<nil>,<nil>,<nil>,530,<nil>
1111773004,<nil>,<nil>,<nil>,<nil>,<nil>,<nil>,<nil>,<nil>,222,<nil>
3343601497,<nil>,<nil>,<nil>,<nil>,<nil>,<nil>,<nil>,<nil>,668,<nil>
3869200217,<nil>,<nil>,<nil>,<nil>,<nil>,<nil>,<nil>,<nil>,773,<nil>
2505396057,<nil>,<nil>,<nil>,<nil>,<nil>,<nil>,<nil>,<nil>,501,<nil>
3480047449,<nil>,<nil>,<nil>,<nil>,<nil>,<nil>,<nil>,<nil>,696,<nil>
2343240987,<nil>,<nil>,<nil>,<nil>,<nil>,<nil>,<nil>,<nil>,468,<nil>
3435529499,<nil>,<nil>,<nil>,<nil>,<nil>,<nil>,<nil>,<nil>,687,<nil>
1999589208,<nil>,<nil>,<nil>,<nil>,<nil>,<nil>,<nil>,<nil>,399,<nil>
4161218409,<nil>,<nil>,<nil>,<nil>,<nil>,<nil>,<nil>,<nil>,832,<nil>
2506754064,<nil>,<nil>,<nil>,<nil>,<nil>,<nil>,<nil>,<nil>,501,<nil>
120803173,<nil>,<nil>,<nil>,<nil>,<nil>,<nil>,<nil>,<nil>,24,<nil>
2232354468,<nil>,<nil>,<nil>,<nil>,<nil>,<nil>,<nil>,<nil>,446,<nil>
35999576,<nil>,<nil>,<nil>,<nil>,<nil>,<nil>,<nil>,<nil>,7,<nil>
2988658521,<nil>,<nil>,<nil>,<nil>,<nil>,<nil>,<nil>,<nil>,597,<nil>
327765848,<nil>,<nil>,<nil>,<nil>,<nil>,<nil>,<nil>,<nil>,65,<nil>
1794658125,<nil>,<nil>,<nil>,<nil>,<nil>,<nil>,<nil>,<nil>,358,<nil>
1152798552,<nil>,<nil>,<nil>,<nil>,<nil>,<nil>,<nil>,<nil>,230,<nil>
926764877,<nil>,<nil>,<nil>,<nil>,<nil>,<nil>,<nil>,<nil>,185,<nil>
3854913357,<nil>,<nil>,<nil>,<nil>,<nil>,<nil>,<nil>,<nil>,770,<nil>
1489568744,<nil>,<nil>,<nil>,<nil>,<nil>,<nil>,<nil>,<nil>,297,<nil>
2890944345,<nil>,<nil>,<nil>,<nil>,<nil>,<nil>,<nil>,<nil>,578,<nil>
1368739661,<nil>,<nil>,<nil>,<nil>,<nil>,<nil>,<nil>,<nil>,273,<nil>
4123676505,<nil>,<nil>,<nil>,<nil>,<nil>,<nil>,<nil>,<nil>,824,<nil>
2661353568,<nil>,<nil>,<nil>,<nil>,<nil>,<nil>,<nil>,<nil>,532,<nil>
737150640,<nil>,<nil>,<nil>,<nil>,<nil>,<nil>,<nil>,<nil>,147,<nil>
3862712153,<nil>,<nil>,<nil>,<nil>,<nil>,<nil>,<nil>,<nil>,772,<nil>
1604846873,<nil>,<nil>,<nil>,<nil>,<nil>,<nil>,<nil>,<nil>,320,<nil>
3943124813,<nil>,<nil>,<nil>,<nil>,<nil>,<nil>,<nil>,<nil>,788,<nil>
2770666779,<nil>,<nil>,<nil>,<nil>,<nil>,<nil>,<nil>,<nil>,554,<nil>
580472652,<nil>,<nil>,<nil>,<nil>,<nil>,<nil>,<nil>,<nil>,116,<nil>
2637123416,<nil>,<nil>,<nil>,<nil>,<nil>,<nil>,<nil>,<nil>,527,<nil>
3928510296,<nil>,<nil>,<nil>,<nil>,<nil>,<nil>,<nil>,<nil>,785,<nil>
2564312920,<nil>,<nil>,<nil>,<nil>,<nil>,<nil>,<nil>,<nil>,512,<nil>
30232397,<nil>,<nil>,<nil>,<nil>,<nil>,<nil>,<nil>,<nil>,6,<nil>
1941983065,<nil>,<nil>,<nil>,<nil>,<nil>,<nil>,<nil>,<nil>,388,<nil>
3835318105,<nil>,<nil>,<nil>,<nil>,<nil>,<nil>,<nil>,<nil>,767,<nil>
368987992,<nil>,<nil>,<nil>,<nil>,<nil>,<nil>,<nil>,<nil>,73,<nil>
2992918348,<nil>,<nil>,<nil>,<nil>,<nil>,<nil>,<nil>,<nil>,598,<nil>
281694028,<nil>,<nil>,<nil>,<nil>,<nil>,<nil>,<nil>,<nil>,56,<nil>
1477332825,<nil>,<nil>,<nil>,<nil>,<nil>,<nil>,<nil>,<nil>,295,<nil>
532631384,<nil>,<nil>,<nil>,<nil>,<nil>,<nil>,<nil>,<nil>,106,<nil>
2342932300,<nil>,<nil>,<nil>,<nil>,<nil>,<nil>,<nil>,<nil>,468,<nil>
1149849421,<nil>,<nil>,<nil>,<nil>,<nil>,<nil>,<nil>,<nil>,229,<nil>
3396226916,<nil>,<nil>,<nil>,<nil>,<nil>,<nil>,<nil>,<nil>,679,<nil>
2285522777,<nil>,<nil>,<nil>,<nil>,<nil>,<nil>,<nil>,<nil>,457,<nil>
4171124557,<nil>,<nil>,<nil>,<nil>,<nil>,<nil>,<nil>,<nil>,834,<nil>
2388184543,<nil>,<nil>,<nil>,<nil>,<nil>,<nil>,<nil>,<nil>,477,<nil>
4103425880,<nil>,<nil>,<nil>,<nil>,<nil>,<nil>,<nil>,<nil>,820,<nil>
1699565389,<nil>,<nil>,<nil>,<nil>,<nil>,<nil>,<nil>,<nil>,339,<nil>
4199894873,<nil>,<nil>,<nil>,<nil>,<nil>,<nil>,<nil>,<nil>,839,<nil>
2222018392,<nil>,<nil>,<nil>,<nil>,<nil>,<nil>,<nil>,<nil>,444,<nil>
1114459992,<nil>,<nil>,<nil>,<nil>,<nil>,<nil>,<nil>,<nil>,222,<nil>
2866302808,<nil>,<nil>,<nil>,<nil>,<nil>,<nil>,<nil>,<nil>,573,<nil>
682708837,<nil>,<nil>,<nil>,<nil>,<nil>,<nil>,<nil>,<nil>,136,<nil>
1093291864,<nil>,<nil>,<nil>,<nil>,<nil>,<nil>,<nil>,<nil>,218,<nil>
3286912856,<nil>,<nil>,<nil>,<nil>,<nil>,<nil>,<nil>,<nil>,657,<nil>
1933528909,<nil>,<nil>,<nil>,<nil>,<nil>,<nil>,<nil>,<nil>,386,<nil>
4165882276,<nil>,<nil>,<nil>,<nil>,<nil>,<nil>,<nil>,<nil>,833,<nil>
2484227941,<nil>,<nil>,<nil>,<nil>,<nil>,<nil>,<nil>,<nil>,496,<nil>
3312340813,<nil>,<nil>,<nil>,<nil>,<nil>,<nil>,<nil>,<nil>,662,<nil>
1947291469,<nil>,<nil>,<nil>,<nil>,<nil>,<nil>,<nil>,<nil>,389,<nil>
870010713,<nil>,<nil>,<nil>,<nil>,<nil>,<nil>,<nil>,<nil>,174,<nil>
2880851788,<nil>,<nil>,<nil>,<nil>,<nil>,<nil>,<nil>,<nil>,576,<nil>
1968787288,<nil>,<nil>,<nil>,<nil>,<nil>,<nil>,<nil>,<nil>,393,<nil>
4148645732,<nil>,<nil>,<nil>,<nil>,<nil>,<nil>,<nil>,<nil>,829,<nil>
2590330700,<nil>,<nil>,<nil>,<nil>,<nil>,<nil>,<nil>,<nil>,518,<nil>
224087897,<nil>,<nil>,<nil>,<nil>,<nil>,<nil>,<nil>,<nil>,44,<nil>
3263450661,<nil>,<nil>,<nil>,<nil>,<nil>,<nil>,<nil>,<nil>,652,<nil>
334778188,<nil>,<nil>,<nil>,<nil>,<nil>,<nil>,<nil>,<nil>,66,<nil>
2248626008,<nil>,<nil>,<nil>,<nil>,<nil>,<nil>,<nil>,<nil>,449,<nil>
576802636,<nil>,<nil>,<nil>,<nil>,<nil>,<nil>,<nil>,<nil>,115,<nil>
2815953032,<nil>,<nil>,<nil>,<nil>,<nil>,<nil>,<nil>,<nil>,563,<nil>
341397325,<nil>,<nil>,<nil>,<nil>,<nil>,<nil>,<nil>,<nil>,68,<nil>
3859042125,<nil>,<nil>,<nil>,<nil>,<nil>,<nil>,<nil>,<nil>,771,<nil>
4061482829,<nil>,<nil>,<nil>,<nil>,<nil>,<nil>,<nil>,<nil>,812,<nil>
2231979852,<nil>,<nil>,<nil>,<nil>,<nil>,<nil>,<nil>,<nil>,446,<nil>
1171476312,<nil>,<nil>,<nil>,<nil>,<nil>,<nil>,<nil>,<nil>,234,<nil>
2116636505,<nil>,<nil>,<nil>,<nil>,<nil>,<nil>,<nil>,<nil>,423,<nil>
3979235148,<nil>,<nil>,<nil>,<nil>,<nil>,<nil>,<nil>,<nil>,795,<nil>
2774290264,<nil>,<nil>,<nil>,<nil>,<nil>,<nil>,<nil>,<nil>,554,<nil>
162333979,<nil>,<nil>,<nil>,<nil>,<nil>,<nil>,<nil>,<nil>,32,<nil>
2059227556,<nil>,<nil>,<nil>,<nil>,<nil>,<nil>,<nil>,<nil>,411,<nil>
522866520,<nil>,<nil>,<nil>,<nil>,<nil>,<nil>,<nil>,<nil>,104,<nil>
4018687821,<nil>,<nil>,<nil>,<nil>,<nil>,<nil>,<nil>,<nil>,803,<nil>
1830683931,<nil>,<nil>,<nil>,<nil>,<nil>,<nil>,<nil>,<nil>,366,<nil>
3382529881,<nil>,<nil>,<nil>,<nil>,<nil>,<nil>,<nil>,<nil>,676,<nil>
2289651544,<nil>,<nil>,<nil>,<nil>,<nil>,<nil>,<nil>,<nil>,457,<nil>
2009878360,<nil>,<nil>,<nil>,<nil>,<nil>,<nil>,<nil>,<nil>,401,<nil>
3833155429,<nil>,<nil>,<nil>,<nil>,<nil>,<nil>,<nil>,<nil>,766,<nil>
2795308315,<nil>,<nil>,<nil>,<nil>,<nil>,<nil>,<nil>,<nil>,559,<nil>
3887072537,<nil>,<nil>,<nil>,<nil>,<nil>,<nil>,<nil>,<nil>,777,<nil>
1553747788,<nil>,<nil>,<nil>,<nil>,<nil>,<nil>,<nil>,<nil>,310,<nil>
779177804,<nil>,<nil>,<nil>,<nil>,<nil>,<nil>,<nil>,<nil>,155,<nil>
2674282316,<nil>,<nil>,<nil>,<nil>,<nil>,<nil>,<nil>,<nil>,534,<nil>
1402995688,<nil>,<nil>,<nil>,<nil>,<nil>,<nil>,<nil>,<nil>,280,<nil>
1403342668,<nil>,<nil>,<nil>,<nil>,<nil>,<nil>,<nil>,<nil>,280,<nil>
3597225804,<nil>,<nil>,<nil>,<nil>,<nil>,<nil>,<nil>,<nil>,719,<nil>
2095271768,<nil>,<nil>,<nil>,<nil>,<nil>,<nil>,<nil>,<nil>,419,<nil>
1125994316,<nil>,<nil>,<nil>,<nil>,<nil>,<nil>,<nil>,<nil>,225,<nil>
2468368217,<nil>,<nil>,<nil>,<nil>,<nil>,<nil>,<nil>,<nil>,493,<nil>
948634615,<nil>,<nil>,<nil>,<nil>,<nil>,<nil>,<nil>,<nil>,189,<nil>
3637380378,<nil>,<nil>,<nil>,<nil>,<nil>,<nil>,<nil>,<nil>,727,<nil>
806768473,<nil>,<nil>,<nil>,<nil>,<nil>,<nil>,<nil>,<nil>,161,<nil>
3195602201,<nil>,<nil>,<nil>,<nil>,<nil>,<nil>,<nil>,<nil>,639,<nil>
1693208436,<nil>,<nil>,<nil>,<nil>,<nil>,<nil>,<nil>,<nil>,338,<nil>
1098927948,<nil>,<nil>,<nil>,<nil>,<nil>,<nil>,<nil>,<nil>,219,<nil>
1691945168,<nil>,<nil>,<nil>,<nil>,<nil>,<nil>,<nil>,<nil>,338,<nil>
3841544512,<nil>,<nil>,<nil>,<nil>,<nil>,<nil>,<nil>,<nil>,768,<nil>
2277003084,<nil>,<nil>,<nil>,<nil>,<nil>,<nil>,<nil>,<nil>,455,<nil>
1941458777,<nil>,<nil>,<nil>,<nil>,<nil>,<nil>,<nil>,<nil>,388,<nil>
538136396,<nil>,<nil>,<nil>,<nil>,<nil>,<nil>,<nil>,<nil>,107,<nil>
2174242649,<nil>,<nil>,<nil>,<nil>,<nil>,<nil>,<nil>,<nil>,434,<nil>
1246973773,<nil>,<nil>,<nil>,<nil>,<nil>,<nil>,<nil>,<nil>,249,<nil>
1523601252,<nil>,<nil>,<nil>,<nil>,<nil>,<nil>,<nil>,<nil>,304,<nil>
89935704,<nil>,<nil>,<nil>,<nil>,<nil>,<nil>,<nil>,<nil>,17,<nil>
2397972326,<nil>,<nil>,<nil>,<nil>,<nil>,<nil>,<nil>,<nil>,479,<nil>
2398048089,<nil>,<nil>,<nil>,<nil>,<nil>,<nil>,<nil>,<nil>,479,<nil>
1293373260,<nil>,<nil>,<nil>,<nil>,<nil>,<nil>,<nil>,<nil>,258,<nil>
4101656586,<nil>,<nil>,<nil>,<nil>,<nil>,<nil>,<nil>,<nil>,820,<nil>
1086672729,<nil>,<nil>,<nil>,<nil>,<nil>,<nil>,<nil>,<nil>,217,<nil>
3329118053,<nil>,<nil>,<nil>,<nil>,<nil>,<nil>,<nil>,<nil>,665,<nil>
1910525785,<nil>,<nil>,<nil>,<nil>,<nil>,<nil>,<nil>,<nil>,382,<nil>
2837532492,<nil>,<nil>,<nil>,<nil>,<nil>,<nil>,<nil>,<nil>,567,<nil>
1343377229,<nil>,<nil>,<nil>,<nil>,<nil>,<nil>,<nil>,<nil>,268,<nil>
3394129741,<nil>,<nil>,<nil>,<nil>,<nil>,<nil>,<nil>,<nil>,678,<nil>
1439649613,<nil>,<nil>,<nil>,<nil>,<nil>,<nil>,<nil>,<nil>,287,<nil>
79758616,<nil>,<nil>,<nil>,<nil>,<nil>,<nil>,<nil>,<nil>,15,<nil>
4118171480,<nil>,<nil>,<nil>,<nil>,<nil>,<nil>,<nil>,<nil>,823,<nil>
2034519897,<nil>,<nil>,<nil>,<nil>,<nil>,<nil>,<nil>,<nil>,406,<nil>
380063577,<nil>,<nil>,<nil>,<nil>,<nil>,<nil>,<nil>,<nil>,76,<nil>
2142129996,<nil>,<nil>,<nil>,<nil>,<nil>,<nil>,<nil>,<nil>,428,<nil>
2954317644,<nil>,<nil>,<nil>,<nil>,<nil>,<nil>,<nil>,<nil>,590,<nil>
298798937,<nil>,<nil>,<nil>,<nil>,<nil>,<nil>,<nil>,<nil>,59,<nil>
4236332888,<nil>,<nil>,<nil>,<nil>,<nil>,<nil>,<nil>,<nil>,847,<nil>
2403880781,<nil>,<nil>,<nil>,<nil>,<nil>,<nil>,<nil>,<nil>,480,<nil>
211439461,<nil>,<nil>,<nil>,<nil>,<nil>,<nil>,<nil>,<nil>,42,<nil>
3435791641,<nil>,<nil>,<nil>,<nil>,<nil>,<nil>,<nil>,<nil>,687,<nil>
2652852045,<nil>,<nil>,<nil>,<nil>,<nil>,<nil>,<nil>,<nil>,530,<nil>
172164377,<nil>,<nil>,<nil>,<nil>,<nil>,<nil>,<nil>,<nil>,34,<nil>
1877233497,<nil>,<nil>,<nil>,<nil>,<nil>,<nil>,<nil>,<nil>,375,<nil>
831391001,<nil>,<nil>,<nil>,<nil>,<nil>,<nil>,<nil>,<nil>,166,<nil>
2497531736,<nil>,<nil>,<nil>,<nil>,<nil>,<nil>,<nil>,<nil>,499,<nil>
1132547928,<nil>,<nil>,<nil>,<nil>,<nil>,<nil>,<nil>,<nil>,226,<nil>
1068826735,<nil>,<nil>,<nil>,<nil>,<nil>,<nil>,<nil>,<nil>,213,<nil>
2474331992,<nil>,<nil>,<nil>,<nil>,<nil>,<nil>,<nil>,<nil>,494,<nil>
1097813836,<nil>,<nil>,<nil>,<nil>,<nil>,<nil>,<nil>,<nil>,219,<nil>
2606190412,<nil>,<nil>,<nil>,<nil>,<nil>,<nil>,<nil>,<nil>,521,<nil>
581062500,<nil>,<nil>,<nil>,<nil>,<nil>,<nil>,<nil>,<nil>,116,<nil>
3088450841,<nil>,<nil>,<nil>,<nil>,<nil>,<nil>,<nil>,<nil>,617,<nil>
956321624,<nil>,<nil>,<nil>,<nil>,<nil>,<nil>,<nil>,<nil>,191,<nil>
3215282020,<nil>,<nil>,<nil>,<nil>,<nil>,<nil>,<nil>,<nil>,643,<nil>
1090702816,<nil>,<nil>,<nil>,<nil>,<nil>,<nil>,<nil>,<nil>,218,<nil>
3523497804,<nil>,<nil>,<nil>,<nil>,<nil>,<nil>,<nil>,<nil>,704,<nil>
1507807082,<nil>,<nil>,<nil>,<nil>,<nil>,<nil>,<nil>,<nil>,301,<nil>
1143361357,<nil>,<nil>,<nil>,<nil>,<nil>,<nil>,<nil>,<nil>,228,<nil>
3803973632,<nil>,<nil>,<nil>,<nil>,<nil>,<nil>,<nil>,<nil>,760,<nil>
2649950224,<nil>,<nil>,<nil>,<nil>,<nil>,<nil>,<nil>,<nil>,529,<nil>
2431733604,<nil>,<nil>,<nil>,<nil>,<nil>,<nil>,<nil>,<nil>,486,<nil>
407457624,<nil>,<nil>,<nil>,<nil>,<nil>,<nil>,<nil>,<nil>,81,<nil>
2910080845,<nil>,<nil>,<nil>,<nil>,<nil>,<nil>,<nil>,<nil>,582,<nil>
3962064767,<nil>,<nil>,<nil>,<nil>,<nil>,<nil>,<nil>,<nil>,792,<nil>
1317818188,<nil>,<nil>,<nil>,<nil>,<nil>,<nil>,<nil>,<nil>,263,<nil>
3829354317,<nil>,<nil>,<nil>,<nil>,<nil>,<nil>,<nil>,<nil>,765,<nil>
920538968,<nil>,<nil>,<nil>,<nil>,<nil>,<nil>,<nil>,<nil>,184,<nil>
3338938214,<nil>,<nil>,<nil>,<nil>,<nil>,<nil>,<nil>,<nil>,667,<nil>
1610501965,<nil>,<nil>,<nil>,<nil>,<nil>,<nil>,<nil>,<nil>,322,<nil>
1566658392,<nil>,<nil>,<nil>,<nil>,<nil>,<nil>,<nil>,<nil>,313,<nil>
3533328229,<nil>,<nil>,<nil>,<nil>,<nil>,<nil>,<nil>,<nil>,706,<nil>
2530299724,<nil>,<nil>,<nil>,<nil>,<nil>,<nil>,<nil>,<nil>,506,<nil>
2779467609,<nil>,<nil>,<nil>,<nil>,<nil>,<nil>,<nil>,<nil>,555,<nil>
804671320,<nil>,<nil>,<nil>,<nil>,<nil>,<nil>,<nil>,<nil>,160,<nil>
2694467404,<nil>,<nil>,<nil>,<nil>,<nil>,<nil>,<nil>,<nil>,538,<nil>
2984051993,<nil>,<nil>,<nil>,<nil>,<nil>,<nil>,<nil>,<nil>,596,<nil>
369381196,<nil>,<nil>,<nil>,<nil>,<nil>,<nil>,<nil>,<nil>,73,<nil>
3027914573,<nil>,<nil>,<nil>,<nil>,<nil>,<nil>,<nil>,<nil>,605,<nil>
1200162468,<nil>,<nil>,<nil>,<nil>,<nil>,<nil>,<nil>,<nil>,240,<nil>
2973060941,<nil>,<nil>,<nil>,<nil>,<nil>,<nil>,<nil>,<nil>,594,<nil>
1530614080,<nil>,<nil>,<nil>,<nil>,<nil>,<nil>,<nil>,<nil>,306,<nil>
2707277,<nil>,<nil>,<nil>,<nil>,<nil>,<nil>,<nil>,<nil>,0,<nil>
2120091856,<nil>,<nil>,<nil>,<nil>,<nil>,<nil>,<nil>,<nil>,424,<nil>
825100304,<nil>,<nil>,<nil>,<nil>,<nil>,<nil>,<nil>,<nil>,165,<nil>
2234713774,<nil>,<nil>,<nil>,<nil>,<nil>,<nil>,<nil>,<nil>,446,<nil>
466094289,<nil>,<nil>,<nil>,<nil>,<nil>,<nil>,<nil>,<nil>,93,<nil>
3216377856,<nil>,<nil>,<nil>,<nil>,<nil>,<nil>,<nil>,<nil>,643,<nil>
2618773336,<nil>,<nil>,<nil>,<nil>,<nil>,<nil>,<nil>,<nil>,523,<nil>
1097551692,<nil>,<nil>,<nil>,<nil>,<nil>,<nil>,<nil>,<nil>,219,<nil>
3179350016,<nil>,<nil>,<nil>,<nil>,<nil>,<nil>,<nil>,<nil>,635,<nil>
720981849,<nil>,<nil>,<nil>,<nil>,<nil>,<nil>,<nil>,<nil>,144,<nil>
3472838476,<nil>,<nil>,<nil>,<nil>,<nil>,<nil>,<nil>,<nil>,694,<nil>
1036734297,<nil>,<nil>,<nil>,<nil>,<nil>,<nil>,<nil>,<nil>,207,<nil>
3079819097,<nil>,<nil>,<nil>,<nil>,<nil>,<nil>,<nil>,<nil>,615,<nil>
673206093,<nil>,<nil>,<nil>,<nil>,<nil>,<nil>,<nil>,<nil>,134,<nil>
2989641548,<nil>,<nil>,<nil>,<nil>,<nil>,<nil>,<nil>,<nil>,597,<nil>
1411844232,<nil>,<nil>,<nil>,<nil>,<nil>,<nil>,<nil>,<nil>,282,<nil>
3723756822,<nil>,<nil>,<nil>,<nil>,<nil>,<nil>,<nil>,<nil>,744,<nil>
2436255565,<nil>,<nil>,<nil>,<nil>,<nil>,<nil>,<nil>,<nil>,487,<nil>
54284121,<nil>,<nil>,<nil>,<nil>,<nil>,<nil>,<nil>,<nil>,10,<nil>
3208709401,<nil>,<nil>,<nil>,<nil>,<nil>,<nil>,<nil>,<nil>,641,<nil>
161941504,<nil>,<nil>,<nil>,<nil>,<nil>,<nil>,<nil>,<nil>,32,<nil>
2596425549,<nil>,<nil>,<nil>,<nil>,<nil>,<nil>,<nil>,<nil>,519,<nil>
3153612621,<nil>,<nil>,<nil>,<nil>,<nil>,<nil>,<nil>,<nil>,630,<nil>
2512473944,<nil>,<nil>,<nil>,<nil>,<nil>,<nil>,<nil>,<nil>,502,<nil>
912740172,<nil>,<nil>,<nil>,<nil>,<nil>,<nil>,<nil>,<nil>,182,<nil>
3230486360,<nil>,<nil>,<nil>,<nil>,<nil>,<nil>,<nil>,<nil>,646,<nil>
2025869133,<nil>,<nil>,<nil>,<nil>,<nil>,<nil>,<nil>,<nil>,405,<nil>
2701610828,<nil>,<nil>,<nil>,<nil>,<nil>,<nil>,<nil>,<nil>,540,<nil>
3830599541,<nil>,<nil>,<nil>,<nil>,<nil>,<nil>,<nil>,<nil>,766,<nil>
2497597260,<nil>,<nil>,<nil>,<nil>,<nil>,<nil>,<nil>,<nil>,499,<nil>
3820965721,<nil>,<nil>,<nil>,<nil>,<nil>,<nil>,<nil>,<nil>,764,<nil>
1426411353,<nil>,<nil>,<nil>,<nil>,<nil>,<nil>,<nil>,<nil>,285,<nil>
3436990284,<nil>,<nil>,<nil>,<nil>,<nil>,<nil>,<nil>,<nil>,687,<nil>
1502629898,<nil>,<nil>,<nil>,<nil>,<nil>,<nil>,<nil>,<nil>,300,<nil>
1740243050,<nil>,<nil>,<nil>,<nil>,<nil>,<nil>,<nil>,<nil>,348,<nil>
3784134477,<nil>,<nil>,<nil>,<nil>,<nil>,<nil>,<nil>,<nil>,756,<nil>
2274447181,<nil>,<nil>,<nil>,<nil>,<nil>,<nil>,<nil>,<nil>,454,<nil>
882528088,<nil>,<nil>,<nil>,<nil>,<nil>,<nil>,<nil>,<nil>,176,<nil>
2779795288,<nil>,<nil>,<nil>,<nil>,<nil>,<nil>,<nil>,<nil>,555,<nil>
1268862808,<nil>,<nil>,<nil>,<nil>,<nil>,<nil>,<nil>,<nil>,253,<nil>
3607973721,<nil>,<nil>,<nil>,<nil>,<nil>,<nil>,<nil>,<nil>,721,<nil>
1218269017,<nil>,<nil>,<nil>,<nil>,<nil>,<nil>,<nil>,<nil>,243,<nil>
3656339288,<nil>,<nil>,<nil>,<nil>,<nil>,<nil>,<nil>,<nil>,731,<nil>
975654733,<nil>,<nil>,<nil>,<nil>,<nil>,<nil>,<nil>,<nil>,195,<nil>
486494040,<nil>,<nil>,<nil>,<nil>,<nil>,<nil>,<nil>,<nil>,97,<nil>
2817478477,<nil>,<nil>,<nil>,<nil>,<nil>,<nil>,<nil>,<nil>,563,<nil>
1593200472,<nil>,<nil>,<nil>,<nil>,<nil>,<nil>,<nil>,<nil>,318,<nil>
3669118821,<nil>,<nil>,<nil>,<nil>,<nil>,<nil>,<nil>,<nil>,733,<nil>
1364479821,<nil>,<nil>,<nil>,<nil>,<nil>,<nil>,<nil>,<nil>,272,<nil>
3323547493,<nil>,<nil>,<nil>,<nil>,<nil>,<nil>,<nil>,<nil>,664,<nil>
1467305817,<nil>,<nil>,<nil>,<nil>,<nil>,<nil>,<nil>,<nil>,293,<nil>
838665192,<nil>,<nil>,<nil>,<nil>,<nil>,<nil>,<nil>,<nil>,167,<nil>
2087079769,<nil>,<nil>,<nil>,<nil>,<nil>,<nil>,<nil>,<nil>,417,<nil>
793708753,<nil>,<nil>,<nil>,<nil>,<nil>,<nil>,<nil>,<nil>,158,<nil>
1194282840,<nil>,<nil>,<nil>,<nil>,<nil>,<nil>,<nil>,<nil>,238,<nil>
3253620557,<nil>,<nil>,<nil>,<nil>,<nil>,<nil>,<nil>,<nil>,650,<nil>
1139101528,<nil>,<nil>,<nil>,<nil>,<nil>,<nil>,<nil>,<nil>,227,<nil>
1196904281,<nil>,<nil>,<nil>,<nil>,<nil>,<nil>,<nil>,<nil>,239,<nil>
3897165840,<nil>,<nil>,<nil>,<nil>,<nil>,<nil>,<nil>,<nil>,779,<nil>
2727038796,<nil>,<nil>,<nil>,<nil>,<nil>,<nil>,<nil>,<nil>,545,<nil>
710213644,<nil>,<nil>,<nil>,<nil>,<nil>,<nil>,<nil>,<nil>,142,<nil>
7210267,<nil>,<nil>,<nil>,<nil>,<nil>,<nil>,<nil>,<nil>,1,<nil>
2158514020,<nil>,<nil>,<nil>,<nil>,<nil>,<nil>,<nil>,<nil>,431,<nil>
785057888,<nil>,<nil>,<nil>,<nil>,<nil>,<nil>,<nil>,<nil>,157,<nil>
3990095129,<nil>,<nil>,<nil>,<nil>,<nil>,<nil>,<nil>,<nil>,798,<nil>
3904655192,<nil>,<nil>,<nil>,<nil>,<nil>,<nil>,<nil>,<nil>,780,<nil>
1769809766,<nil>,<nil>,<nil>,<nil>,<nil>,<nil>,<nil>,<nil>,353,<nil>
3098890060,<nil>,<nil>,<nil>,<nil>,<nil>,<nil>,<nil>,<nil>,619,<nil>
1820656923,<nil>,<nil>,<nil>,<nil>,<nil>,<nil>,<nil>,<nil>,364,<nil>
1743867736,<nil>,<nil>,<nil>,<nil>,<nil>,<nil>,<nil>,<nil>,348,<nil>
3622307880,<nil>,<nil>,<nil>,<nil>,<nil>,<nil>,<nil>,<nil>,724,<nil>
2141212493,<nil>,<nil>,<nil>,<nil>,<nil>,<nil>,<nil>,<nil>,428,<nil>
3238874969,<nil>,<nil>,<nil>,<nil>,<nil>,<nil>,<nil>,<nil>,647,<nil>
1955464475,<nil>,<nil>,<nil>,<nil>,<nil>,<nil>,<nil>,<nil>,391,<nil>
1114244379,<nil>,<nil>,<nil>,<nil>,<nil>,<nil>,<nil>,<nil>,222,<nil>
2814070617,<nil>,<nil>,<nil>,<nil>,<nil>,<nil>,<nil>,<nil>,562,<nil>
1583304525,<nil>,<nil>,<nil>,<nil>,<nil>,<nil>,<nil>,<nil>,316,<nil>
549847069,<nil>,<nil>,<nil>,<nil>,<nil>,<nil>,<nil>,<nil>,109,<nil>
3544272728,<nil>,<nil>,<nil>,<nil>,<nil>,<nil>,<nil>,<nil>,708,<nil>
3203616589,<nil>,<nil>,<nil>,<nil>,<nil>,<nil>,<nil>,<nil>,640,<nil>
1078677324,<nil>,<nil>,<nil>,<nil>,<nil>,<nil>,<nil>,<nil>,215,<nil>
4087566181,<nil>,<nil>,<nil>,<nil>,<nil>,<nil>,<nil>,<nil>,817,<nil>
2054246220,<nil>,<nil>,<nil>,<nil>,<nil>,<nil>,<nil>,<nil>,410,<nil>
3251851097,<nil>,<nil>,<nil>,<nil>,<nil>,<nil>,<nil>,<nil>,650,<nil>
1230786421,<nil>,<nil>,<nil>,<nil>,<nil>,<nil>,<nil>,<nil>,246,<nil>
3545452364,<nil>,<nil>,<nil>,<nil>,<nil>,<nil>,<nil>,<nil>,709,<nil>
2327859020,<nil>,<nil>,<nil>,<nil>,<nil>,<nil>,<nil>,<nil>,465,<nil>
3076149093,<nil>,<nil>,<nil>,<nil>,<nil>,<nil>,<nil>,<nil>,615,<nil>
1625706316,<nil>,<nil>,<nil>,<nil>,<nil>,<nil>,<nil>,<nil>,325,<nil>
1254379340,<nil>,<nil>,<nil>,<nil>,<nil>,<nil>,<nil>,<nil>,250,<nil>
1215319884,<nil>,<nil>,<nil>,<nil>,<nil>,<nil>,<nil>,<nil>,243,<nil>
3048034148,<nil>,<nil>,<nil>,<nil>,<nil>,<nil>,<nil>,<nil>,609,<nil>
734154585,<nil>,<nil>,<nil>,<nil>,<nil>,<nil>,<nil>,<nil>,146,<nil>
3040300876,<nil>,<nil>,<nil>,<nil>,<nil>,<nil>,<nil>,<nil>,608,<nil>
1970294604,<nil>,<nil>,<nil>,<nil>,<nil>,<nil>,<nil>,<nil>,394,<nil>
422530916,<nil>,<nil>,<nil>,<nil>,<nil>,<nil>,<nil>,<nil>,84,<nil>
3128053580,<nil>,<nil>,<nil>,<nil>,<nil>,<nil>,<nil>,<nil>,625,<nil>
813715301,<nil>,<nil>,<nil>,<nil>,<nil>,<nil>,<nil>,<nil>,162,<nil>
4225781592,<nil>,<nil>,<nil>,<nil>,<nil>,<nil>,<nil>,<nil>,845,<nil>
2142457689,<nil>,<nil>,<nil>,<nil>,<nil>,<nil>,<nil>,<nil>,428,<nil>
9916236,<nil>,<nil>,<nil>,<nil>,<nil>,<nil>,<nil>,<nil>,1,<nil>
4227288908,<nil>,<nil>,<nil>,<nil>,<nil>,<nil>,<nil>,<nil>,845,<nil>
1857834829,<nil>,<nil>,<nil>,<nil>,<nil>,<nil>,<nil>,<nil>,371,<nil>
1756505961,<nil>,<nil>,<nil>,<nil>,<nil>,<nil>,<nil>,<nil>,351,<nil>
3098038104,<nil>,<nil>,<nil>,<nil>,<nil>,<nil>,<nil>,<nil>,619,<nil>
1609256793,<nil>,<nil>,<nil>,<nil>,<nil>,<nil>,<nil>,<nil>,321,<nil>
3203682136,<nil>,<nil>,<nil>,<nil>,<nil>,<nil>,<nil>,<nil>,640,<nil>
662916940,<nil>,<nil>,<nil>,<nil>,<nil>,<nil>,<nil>,<nil>,132,<nil>
1849970509,<nil>,<nil>,<nil>,<nil>,<nil>,<nil>,<nil>,<nil>,369,<nil>
19812172,<nil>,<nil>,<nil>,<nil>,<nil>,<nil>,<nil>,<nil>,3,<nil>
1498238797,<nil>,<nil>,<nil>,<nil>,<nil>,<nil>,<nil>,<nil>,299,<nil>
711216984,<nil>,<nil>,<nil>,<nil>,<nil>,<nil>,<nil>,<nil>,142,<nil>
3870173029,<nil>,<nil>,<nil>,<nil>,<nil>,<nil>,<nil>,<nil>,774,<nil>
819810137,<nil>,<nil>,<nil>,<nil>,<nil>,<nil>,<nil>,<nil>,163,<nil>
233983844,<nil>,<nil>,<nil>,<nil>,<nil>,<nil>,<nil>,<nil>,46,<nil>
4013903704,<nil>,<nil>,<nil>,<nil>,<nil>,<nil>,<nil>,<nil>,802,<nil>
2152204304,<nil>,<nil>,<nil>,<nil>,<nil>,<nil>,<nil>,<nil>,430,<nil>
3811463000,<nil>,<nil>,<nil>,<nil>,<nil>,<nil>,<nil>,<nil>,762,<nil>
2616348505,<nil>,<nil>,<nil>,<nil>,<nil>,<nil>,<nil>,<nil>,523,<nil>
3539029837,<nil>,<nil>,<nil>,<nil>,<nil>,<nil>,<nil>,<nil>,707,<nil>
1004490585,<nil>,<nil>,<nil>,<nil>,<nil>,<nil>,<nil>,<nil>,200,<nil>
2761510745,<nil>,<nil>,<nil>,<nil>,<nil>,<nil>,<nil>,<nil>,552,<nil>
655314777,<nil>,<nil>,<nil>,<nil>,<nil>,<nil>,<nil>,<nil>,131,<nil>
3441708889,<nil>,<nil>,<nil>,<nil>,<nil>,<nil>,<nil>,<nil>,688,<nil>
3520679769,<nil>,<nil>,<nil>,<nil>,<nil>,<nil>,<nil>,<nil>,704,<nil>
2352107364,<nil>,<nil>,<nil>,<nil>,<nil>,<nil>,<nil>,<nil>,470,<nil>
200232792,<nil>,<nil>,<nil>,<nil>,<nil>,<nil>,<nil>,<nil>,40,<nil>
2170376036,<nil>,<nil>,<nil>,<nil>,<nil>,<nil>,<nil>,<nil>,434,<nil>
500911659,<nil>,<nil>,<nil>,<nil>,<nil>,<nil>,<nil>,<nil>,100,<nil>
3064090445,<nil>,<nil>,<nil>,<nil>,<nil>,<nil>,<nil>,<nil>,612,<nil>
1505626112,<nil>,<nil>,<nil>,<nil>,<nil>,<nil>,<nil>,<nil>,301,<nil>
3279507276,<nil>,<nil>,<nil>,<nil>,<nil>,<nil>,<nil>,<nil>,655,<nil>
1836386304,<nil>,<nil>,<nil>,<nil>,<nil>,<nil>,<nil>,<nil>,367,<nil>
2492813144,<nil>,<nil>,<nil>,<nil>,<nil>,<nil>,<nil>,<nil>,498,<nil>
102977357,<nil>,<nil>,<nil>,<nil>,<nil>,<nil>,<nil>,<nil>,20,<nil>
1982811980,<nil>,<nil>,<nil>,<nil>,<nil>,<nil>,<nil>,<nil>,396,<nil>
575360868,<nil>,<nil>,<nil>,<nil>,<nil>,<nil>,<nil>,<nil>,115,<nil>
2592081177,<nil>,<nil>,<nil>,<nil>,<nil>,<nil>,<nil>,<nil>,518,<nil>
4253175629,<nil>,<nil>,<nil>,<nil>,<nil>,<nil>,<nil>,<nil>,850,<nil>
3422113624,<nil>,<nil>,<nil>,<nil>,<nil>,<nil>,<nil>,<nil>,684,<nil>
1478709069,<nil>,<nil>,<nil>,<nil>,<nil>,<nil>,<nil>,<nil>,295,<nil>
900812620,<nil>,<nil>,<nil>,<nil>,<nil>,<nil>,<nil>,<nil>,180,<nil>
2808172376,<nil>,<nil>,<nil>,<nil>,<nil>,<nil>,<nil>,<nil>,561,<nil>
547114828,<nil>,<nil>,<nil>,<nil>,<nil>,<nil>,<nil>,<nil>,109,<nil>
2464960333,<nil>,<nil>,<nil>,<nil>,<nil>,<nil>,<nil>,<nil>,492,<nil>
969101145,<nil>,<nil>,<nil>,<nil>,<nil>,<nil>,<nil>,<nil>,193,<nil>
3290058585,<nil>,<nil>,<nil>,<nil>,<nil>,<nil>,<nil>,<nil>,658,<nil>
1296518988,<nil>,<nil>,<nil>,<nil>,<nil>,<nil>,<nil>,<nil>,259,<nil>
2775338829,<nil>,<nil>,<nil>,<nil>,<nil>,<nil>,<nil>,<nil>,555,<nil>
2286440280,<nil>,<nil>,<nil>,<nil>,<nil>,<nil>,<nil>,<nil>,457,<nil>
1329942361,<nil>,<nil>,<nil>,<nil>,<nil>,<nil>,<nil>,<nil>,265,<nil>
3522907993,<nil>,<nil>,<nil>,<nil>,<nil>,<nil>,<nil>,<nil>,704,<nil>
2288996173,<nil>,<nil>,<nil>,<nil>,<nil>,<nil>,<nil>,<nil>,457,<nil>
2509243673,<nil>,<nil>,<nil>,<nil>,<nil>,<nil>,<nil>,<nil>,501,<nil>
4051980121,<nil>,<nil>,<nil>,<nil>,<nil>,<nil>,<nil>,<nil>,810,<nil>
2244759385,<nil>,<nil>,<nil>,<nil>,<nil>,<nil>,<nil>,<nil>,448,<nil>
1259556696,<nil>,<nil>,<nil>,<nil>,<nil>,<nil>,<nil>,<nil>,251,<nil>
4201533261,<nil>,<nil>,<nil>,<nil>,<nil>,<nil>,<nil>,<nil>,840,<nil>
107892557,<nil>,<nil>,<nil>,<nil>,<nil>,<nil>,<nil>,<nil>,21,<nil>
2289520472,<nil>,<nil>,<nil>,<nil>,<nil>,<nil>,<nil>,<nil>,457,<nil>
4186001240,<nil>,<nil>,<nil>,<nil>,<nil>,<nil>,<nil>,<nil>,837,<nil>
2327119888,<nil>,<nil>,<nil>,<nil>,<nil>,<nil>,<nil>,<nil>,465,<nil>
266424140,<nil>,<nil>,<nil>,<nil>,<nil>,<nil>,<nil>,<nil>,53,<nil>
1624133452,<nil>,<nil>,<nil>,<nil>,<nil>,<nil>,<nil>,<nil>,324,<nil>
3670429516,<nil>,<nil>,<nil>,<nil>,<nil>,<nil>,<nil>,<nil>,734,<nil>
1605324633,<nil>,<nil>,<nil>,<nil>,<nil>,<nil>,<nil>,<nil>,321,<nil>
2592821080,<nil>,<nil>,<nil>,<nil>,<nil>,<nil>,<nil>,<nil>,518,<nil>
498945869,<nil>,<nil>,<nil>,<nil>,<nil>,<nil>,<nil>,<nil>,99,<nil>
4099801100,<nil>,<nil>,<nil>,<nil>,<nil>,<nil>,<nil>,<nil>,819,<nil>
1778451739,<nil>,<nil>,<nil>,<nil>,<nil>,<nil>,<nil>,<nil>,355,<nil>
3407433548,<nil>,<nil>,<nil>,<nil>,<nil>,<nil>,<nil>,<nil>,681,<nil>
1382876441,<nil>,<nil>,<nil>,<nil>,<nil>,<nil>,<nil>,<nil>,276,<nil>
2931511117,<nil>,<nil>,<nil>,<nil>,<nil>,<nil>,<nil>,<nil>,586,<nil>
1703628632,<nil>,<nil>,<nil>,<nil>,<nil>,<nil>,<nil>,<nil>,340,<nil>
4167847768,<nil>,<nil>,<nil>,<nil>,<nil>,<nil>,<nil>,<nil>,833,<nil>
1792298841,<nil>,<nil>,<nil>,<nil>,<nil>,<nil>,<nil>,<nil>,358,<nil>
575098713,<nil>,<nil>,<nil>,<nil>,<nil>,<nil>,<nil>,<nil>,115,<nil>
3750776653,<nil>,<nil>,<nil>,<nil>,<nil>,<nil>,<nil>,<nil>,750,<nil>
2544914265,<nil>,<nil>,<nil>,<nil>,<nil>,<nil>,<nil>,<nil>,508,<nil>
3750383448,<nil>,<nil>,<nil>,<nil>,<nil>,<nil>,<nil>,<nil>,750,<nil>
1494503244,<nil>,<nil>,<nil>,<nil>,<nil>,<nil>,<nil>,<nil>,298,<nil>
4208807781,<nil>,<nil>,<nil>,<nil>,<nil>,<nil>,<nil>,<nil>,841,<nil>
3206088744,<nil>,<nil>,<nil>,<nil>,<nil>,<nil>,<nil>,<nil>,641,<nil>
1564430156,<nil>,<nil>,<nil>,<nil>,<nil>,<nil>,<nil>,<nil>,312,<nil>
2318290777,<nil>,<nil>,<nil>,<nil>,<nil>,<nil>,<nil>,<nil>,463,<nil>
4124968217,<nil>,<nil>,<nil>,<nil>,<nil>,<nil>,<nil>,<nil>,824,<nil>
1521831769,<nil>,<nil>,<nil>,<nil>,<nil>,<nil>,<nil>,<nil>,304,<nil>
3635629951,<nil>,<nil>,<nil>,<nil>,<nil>,<nil>,<nil>,<nil>,727,<nil>
2345946969,<nil>,<nil>,<nil>,<nil>,<nil>,<nil>,<nil>,<nil>,469,<nil>
1725124428,<nil>,<nil>,<nil>,<nil>,<nil>,<nil>,<nil>,<nil>,345,<nil>
518934360,<nil>,<nil>,<nil>,<nil>,<nil>,<nil>,<nil>,<nil>,103,<nil>
865750861,<nil>,<nil>,<nil>,<nil>,<nil>,<nil>,<nil>,<nil>,173,<nil>
2911653709,<nil>,<nil>,<nil>,<nil>,<nil>,<nil>,<nil>,<nil>,582,<nil>
1817464652,<nil>,<nil>,<nil>,<nil>,<nil>,<nil>,<nil>,<nil>,363,<nil>
1077432153,<nil>,<nil>,<nil>,<nil>,<nil>,<nil>,<nil>,<nil>,215,<nil>
3405008717,<nil>,<nil>,<nil>,<nil>,<nil>,<nil>,<nil>,<nil>,681,<nil>
179588952,<nil>,<nil>,<nil>,<nil>,<nil>,<nil>,<nil>,<nil>,35,<nil>
2063945548,<nil>,<nil>,<nil>,<nil>,<nil>,<nil>,<nil>,<nil>,412,<nil>
3977793368,<nil>,<nil>,<nil>,<nil>,<nil>,<nil>,<nil>,<nil>,795,<nil>
1162563417,<nil>,<nil>,<nil>,<nil>,<nil>,<nil>,<nil>,<nil>,232,<nil>
3467005772,<nil>,<nil>,<nil>,<nil>,<nil>,<nil>,<nil>,<nil>,693,<nil>
2555137880,<nil>,<nil>,<nil>,<nil>,<nil>,<nil>,<nil>,<nil>,511,<nil>
540823385,<nil>,<nil>,<nil>,<nil>,<nil>,<nil>,<nil>,<nil>,108,<nil>
2733657945,<nil>,<nil>,<nil>,<nil>,<nil>,<nil>,<nil>,<nil>,546,<nil>
481185625,<nil>,<nil>,<nil>,<nil>,<nil>,<nil>,<nil>,<nil>,96,<nil>
3671674700,<nil>,<nil>,<nil>,<nil>,<nil>,<nil>,<nil>,<nil>,734,<nil>
1388203877,<nil>,<nil>,<nil>,<nil>,<nil>,<nil>,<nil>,<nil>,277,<nil>
3528413017,<nil>,<nil>,<nil>,<nil>,<nil>,<nil>,<nil>,<nil>,705,<nil>
2449672411,<nil>,<nil>,<nil>,<nil>,<nil>,<nil>,<nil>,<nil>,489,<nil>
2404142924,<nil>,<nil>,<nil>,<nil>,<nil>,<nil>,<nil>,<nil>,480,<nil>
154160972,<nil>,<nil>,<nil>,<nil>,<nil>,<nil>,<nil>,<nil>,30,<nil>
2385006425,<nil>,<nil>,<nil>,<nil>,<nil>,<nil>,<nil>,<nil>,477,<nil>
521162584,<nil>,<nil>,<nil>,<nil>,<nil>,<nil>,<nil>,<nil>,104,<nil>
2559332172,<nil>,<nil>,<nil>,<nil>,<nil>,<nil>,<nil>,<nil>,511,<nil>
3987801065,<nil>,<nil>,<nil>,<nil>,<nil>,<nil>,<nil>,<nil>,797,<nil>
2264092493,<nil>,<nil>,<nil>,<nil>,<nil>,<nil>,<nil>,<nil>,452,<nil>
4158653619,<nil>,<nil>,<nil>,<nil>,<nil>,<nil>,<nil>,<nil>,831,<nil>
1669877581,<nil>,<nil>,<nil>,<nil>,<nil>,<nil>,<nil>,<nil>,333,<nil>
3417526093,<nil>,<nil>,<nil>,<nil>,<nil>,<nil>,<nil>,<nil>,683,<nil>
1003179852,<nil>,<nil>,<nil>,<nil>,<nil>,<nil>,<nil>,<nil>,200,<nil>
2775928653,<nil>,<nil>,<nil>,<nil>,<nil>,<nil>,<nil>,<nil>,555,<nil>
1239895884,<nil>,<nil>,<nil>,<nil>,<nil>,<nil>,<nil>,<nil>,247,<nil>
1924550477,<nil>,<nil>,<nil>,<nil>,<nil>,<nil>,<nil>,<nil>,384,<nil>
3958591320,<nil>,<nil>,<nil>,<nil>,<nil>,<nil>,<nil>,<nil>,791,<nil>
1856327512,<nil>,<nil>,<nil>,<nil>,<nil>,<nil>,<nil>,<nil>,371,<nil>
455561036,<nil>,<nil>,<nil>,<nil>,<nil>,<nil>,<nil>,<nil>,91,<nil>
2907178265,<nil>,<nil>,<nil>,<nil>,<nil>,<nil>,<nil>,<nil>,581,<nil>
1745159450,<nil>,<nil>,<nil>,<nil>,<nil>,<nil>,<nil>,<nil>,349,<nil>
340741977,<nil>,<nil>,<nil>,<nil>,<nil>,<nil>,<nil>,<nil>,68,<nil>
3168929051,<nil>,<nil>,<nil>,<nil>,<nil>,<nil>,<nil>,<nil>,633,<nil>
3060748120,<nil>,<nil>,<nil>,<nil>,<nil>,<nil>,<nil>,<nil>,612,<nil>
1117998925,<nil>,<nil>,<nil>,<nil>,<nil>,<nil>,<nil>,<nil>,223,<nil>
1036996441,<nil>,<nil>,<nil>,<nil>,<nil>,<nil>,<nil>,<nil>,207,<nil>
3767142619,<nil>,<nil>,<nil>,<nil>,<nil>,<nil>,<nil>,<nil>,753,<nil>
1921059024,<nil>,<nil>,<nil>,<nil>,<nil>,<nil>,<nil>,<nil>,384,<nil>
3773321061,<nil>,<nil>,<nil>,<nil>,<nil>,<nil>,<nil>,<nil>,754,<nil>
1180585817,<nil>,<nil>,<nil>,<nil>,<nil>,<nil>,<nil>,<nil>,236,<nil>
233525080,<nil>,<nil>,<nil>,<nil>,<nil>,<nil>,<nil>,<nil>,46,<nil>
2538622808,<nil>,<nil>,<nil>,<nil>,<nil>,<nil>,<nil>,<nil>,507,<nil>
310988633,<nil>,<nil>,<nil>,<nil>,<nil>,<nil>,<nil>,<nil>,62,<nil>
4038721548,<nil>,<nil>,<nil>,<nil>,<nil>,<nil>,<nil>,<nil>,807,<nil>
711723008,<nil>,<nil>,<nil>,<nil>,<nil>,<nil>,<nil>,<nil>,142,<nil>
2540588876,<nil>,<nil>,<nil>,<nil>,<nil>,<nil>,<nil>,<nil>,508,<nil>
1188908888,<nil>,<nil>,<nil>,<nil>,<nil>,<nil>,<nil>,<nil>,237,<nil>
932007780,<nil>,<nil>,<nil>,<nil>,<nil>,<nil>,<nil>,<nil>,186,<nil>
3941486413,<nil>,<nil>,<nil>,<nil>,<nil>,<nil>,<nil>,<nil>,788,<nil>
3739242316,<nil>,<nil>,<nil>,<nil>,<nil>,<nil>,<nil>,<nil>,747,<nil>
2541946138,<nil>,<nil>,<nil>,<nil>,<nil>,<nil>,<nil>,<nil>,508,<nil>
507839771,<nil>,<nil>,<nil>,<nil>,<nil>,<nil>,<nil>,<nil>,101,<nil>
1141526349,<nil>,<nil>,<nil>,<nil>,<nil>,<nil>,<nil>,<nil>,228,<nil>
4162062352,<nil>,<nil>,<nil>,<nil>,<nil>,<nil>,<nil>,<nil>,832,<nil>
3090894668,<nil>,<nil>,<nil>,<nil>,<nil>,<nil>,<nil>,<nil>,618,<nil>
954598683,<nil>,<nil>,<nil>,<nil>,<nil>,<nil>,<nil>,<nil>,190,<nil>
2455392088,<nil>,<nil>,<nil>,<nil>,<nil>,<nil>,<nil>,<nil>,491,<nil>
1396376856,<nil>,<nil>,<nil>,<nil>,<nil>,<nil>,<nil>,<nil>,279,<nil>
216092493,<nil>,<nil>,<nil>,<nil>,<nil>,<nil>,<nil>,<nil>,43,<nil>
2113097549,<nil>,<nil>,<nil>,<nil>,<nil>,<nil>,<nil>,<nil>,422,<nil>
614289241,<nil>,<nil>,<nil>,<nil>,<nil>,<nil>,<nil>,<nil>,122,<nil>
2730053476,<nil>,<nil>,<nil>,<nil>,<nil>,<nil>,<nil>,<nil>,546,<nil>
3191951181,<nil>,<nil>,<nil>,<nil>,<nil>,<nil>,<nil>,<nil>,638,<nil>
1658980393,<nil>,<nil>,<nil>,<nil>,<nil>,<nil>,<nil>,<nil>,331,<nil>
3250212685,<nil>,<nil>,<nil>,<nil>,<nil>,<nil>,<nil>,<nil>,650,<nil>
1149783885,<nil>,<nil>,<nil>,<nil>,<nil>,<nil>,<nil>,<nil>,229,<nil>
332484428,<nil>,<nil>,<nil>,<nil>,<nil>,<nil>,<nil>,<nil>,66,<nil>
2388938584,<nil>,<nil>,<nil>,<nil>,<nil>,<nil>,<nil>,<nil>,477,<nil>
609111914,<nil>,<nil>,<nil>,<nil>,<nil>,<nil>,<nil>,<nil>,121,<nil>
3834511389,<nil>,<nil>,<nil>,<nil>,<nil>,<nil>,<nil>,<nil>,766,<nil>
2280738637,<nil>,<nil>,<nil>,<nil>,<nil>,<nil>,<nil>,<nil>,456,<nil>
1860063077,<nil>,<nil>,<nil>,<nil>,<nil>,<nil>,<nil>,<nil>,372,<nil>
3860877145,<nil>,<nil>,<nil>,<nil>,<nil>,<nil>,<nil>,<nil>,772,<nil>
3227321625,<nil>,<nil>,<nil>,<nil>,<nil>,<nil>,<nil>,<nil>,645,<nil>
675893093,<nil>,<nil>,<nil>,<nil>,<nil>,<nil>,<nil>,<nil>,135,<nil>
3823914828,<nil>,<nil>,<nil>,<nil>,<nil>,<nil>,<nil>,<nil>,764,<nil>
1549225816,<nil>,<nil>,<nil>,<nil>,<nil>,<nil>,<nil>,<nil>,309,<nil>
3616821081,<nil>,<nil>,<nil>,<nil>,<nil>,<nil>,<nil>,<nil>,723,<nil>
2090880845,<nil>,<nil>,<nil>,<nil>,<nil>,<nil>,<nil>,<nil>,418,<nil>
4033433432,<nil>,<nil>,<nil>,<nil>,<nil>,<nil>,<nil>,<nil>,806,<nil>
1501777741,<nil>,<nil>,<nil>,<nil>,<nil>,<nil>,<nil>,<nil>,300,<nil>
949421337,<nil>,<nil>,<nil>,<nil>,<nil>,<nil>,<nil>,<nil>,189,<nil>
2213171020,<nil>,<nil>,<nil>,<nil>,<nil>,<nil>,<nil>,<nil>,442,<nil>
4258418508,<nil>,<nil>,<nil>,<nil>,<nil>,<nil>,<nil>,<nil>,851,<nil>
1924400814,<nil>,<nil>,<nil>,<nil>,<nil>,<nil>,<nil>,<nil>,384,<nil>
3924315993,<nil>,<nil>,<nil>,<nil>,<nil>,<nil>,<nil>,<nil>,784,<nil>
1964901659,<nil>,<nil>,<nil>,<nil>,<nil>,<nil>,<nil>,<nil>,392,<nil>
2044284748,<nil>,<nil>,<nil>,<nil>,<nil>,<nil>,<nil>,<nil>,408,<nil>
19418980,<nil>,<nil>,<nil>,<nil>,<nil>,<nil>,<nil>,<nil>,3,<nil>
2430291788,<nil>,<nil>,<nil>,<nil>,<nil>,<nil>,<nil>,<nil>,486,<nil>
1876840268,<nil>,<nil>,<nil>,<nil>,<nil>,<nil>,<nil>,<nil>,375,<nil>
250105689,<nil>,<nil>,<nil>,<nil>,<nil>,<nil>,<nil>,<nil>,50,<nil>
361451353,<nil>,<nil>,<nil>,<nil>,<nil>,<nil>,<nil>,<nil>,72,<nil>
2110672729,<nil>,<nil>,<nil>,<nil>,<nil>,<nil>,<nil>,<nil>,422,<nil>
3974713164,<nil>,<nil>,<nil>,<nil>,<nil>,<nil>,<nil>,<nil>,794,<nil>
545148749,<nil>,<nil>,<nil>,<nil>,<nil>,<nil>,<nil>,<nil>,109,<nil>
3342946137,<nil>,<nil>,<nil>,<nil>,<nil>,<nil>,<nil>,<nil>,668,<nil>
931090253,<nil>,<nil>,<nil>,<nil>,<nil>,<nil>,<nil>,<nil>,186,<nil>
2699579225,<nil>,<nil>,<nil>,<nil>,<nil>,<nil>,<nil>,<nil>,539,<nil>
1446858572,<nil>,<nil>,<nil>,<nil>,<nil>,<nil>,<nil>,<nil>,289,<nil>
2892189528,<nil>,<nil>,<nil>,<nil>,<nil>,<nil>,<nil>,<nil>,578,<nil>
335957836,<nil>,<nil>,<nil>,<nil>,<nil>,<nil>,<nil>,<nil>,67,<nil>
3228323660,<nil>,<nil>,<nil>,<nil>,<nil>,<nil>,<nil>,<nil>,645,<nil>
484921165,<nil>,<nil>,<nil>,<nil>,<nil>,<nil>,<nil>,<nil>,96,<nil>
1385058125,<nil>,<nil>,<nil>,<nil>,<nil>,<nil>,<nil>,<nil>,277,<nil>
3622373376,<nil>,<nil>,<nil>,<nil>,<nil>,<nil>,<nil>,<nil>,724,<nil>
2705542988,<nil>,<nil>,<nil>,<nil>,<nil>,<nil>,<nil>,<nil>,541,<nil>
775376717,<nil>,<nil>,<nil>,<nil>,<nil>,<nil>,<nil>,<nil>,155,<nil>
1816547748,<nil>,<nil>,<nil>,<nil>,<nil>,<nil>,<nil>,<nil>,363,<nil>
2136081691,<nil>,<nil>,<nil>,<nil>,<nil>,<nil>,<nil>,<nil>,427,<nil>
3806023513,<nil>,<nil>,<nil>,<nil>,<nil>,<nil>,<nil>,<nil>,761,<nil>
1260212057,<nil>,<nil>,<nil>,<nil>,<nil>,<nil>,<nil>,<nil>,252,<nil>
3419033420,<nil>,<nil>,<nil>,<nil>,<nil>,<nil>,<nil>,<nil>,683,<nil>
1759006540,<nil>,<nil>,<nil>,<nil>,<nil>,<nil>,<nil>,<nil>,351,<nil>
102761755,<nil>,<nil>,<nil>,<nil>,<nil>,<nil>,<nil>,<nil>,20,<nil>
1645236057,<nil>,<nil>,<nil>,<nil>,<nil>,<nil>,<nil>,<nil>,329,<nil>
4121186125,<nil>,<nil>,<nil>,<nil>,<nil>,<nil>,<nil>,<nil>,824,<nil>
1486704484,<nil>,<nil>,<nil>,<nil>,<nil>,<nil>,<nil>,<nil>,297,<nil>
3759885861,<nil>,<nil>,<nil>,<nil>,<nil>,<nil>,<nil>,<nil>,751,<nil>
1143230334,<nil>,<nil>,<nil>,<nil>,<nil>,<nil>,<nil>,<nil>,228,<nil>
4257435481,<nil>,<nil>,<nil>,<nil>,<nil>,<nil>,<nil>,<nil>,851,<nil>
2265337676,<nil>,<nil>,<nil>,<nil>,<nil>,<nil>,<nil>,<nil>,453,<nil>
1344884556,<nil>,<nil>,<nil>,<nil>,<nil>,<nil>,<nil>,<nil>,268,<nil>
2010795877,<nil>,<nil>,<nil>,<nil>,<nil>,<nil>,<nil>,<nil>,402,<nil>
4054732632,<nil>,<nil>,<nil>,<nil>,<nil>,<nil>,<nil>,<nil>,810,<nil>
1949519704,<nil>,<nil>,<nil>,<nil>,<nil>,<nil>,<nil>,<nil>,389,<nil>
752439129,<nil>,<nil>,<nil>,<nil>,<nil>,<nil>,<nil>,<nil>,150,<nil>
2736279373,<nil>,<nil>,<nil>,<nil>,<nil>,<nil>,<nil>,<nil>,547,<nil>
2950254425,<nil>,<nil>,<nil>,<nil>,<nil>,<nil>,<nil>,<nil>,590,<nil>
891487513,<nil>,<nil>,<nil>,<nil>,<nil>,<nil>,<nil>,<nil>,178,<nil>
3324596045,<nil>,<nil>,<nil>,<nil>,<nil>,<nil>,<nil>,<nil>,664,<nil>
3996405593,<nil>,<nil>,<nil>,<nil>,<nil>,<nil>,<nil>,<nil>,799,<nil>
2418354026,<nil>,<nil>,<nil>,<nil>,<nil>,<nil>,<nil>,<nil>,483,<nil>
167530356,<nil>,<nil>,<nil>,<nil>,<nil>,<nil>,<nil>,<nil>,33,<nil>
4236857176,<nil>,<nil>,<nil>,<nil>,<nil>,<nil>,<nil>,<nil>,847,<nil>
1760055141,<nil>,<nil>,<nil>,<nil>,<nil>,<nil>,<nil>,<nil>,352,<nil>
3875295052,<nil>,<nil>,<nil>,<nil>,<nil>,<nil>,<nil>,<nil>,775,<nil>
2379285680,<nil>,<nil>,<nil>,<nil>,<nil>,<nil>,<nil>,<nil>,475,<nil>
389107533,<nil>,<nil>,<nil>,<nil>,<nil>,<nil>,<nil>,<nil>,77,<nil>
2428718936,<nil>,<nil>,<nil>,<nil>,<nil>,<nil>,<nil>,<nil>,485,<nil>
1052200780,<nil>,<nil>,<nil>,<nil>,<nil>,<nil>,<nil>,<nil>,210,<nil>
1774847257,<nil>,<nil>,<nil>,<nil>,<nil>,<nil>,<nil>,<nil>,354,<nil>
3665102864,<nil>,<nil>,<nil>,<nil>,<nil>,<nil>,<nil>,<nil>,733,<nil>
1198542669,<nil>,<nil>,<nil>,<nil>,<nil>,<nil>,<nil>,<nil>,239,<nil>
672157528,<nil>,<nil>,<nil>,<nil>,<nil>,<nil>,<nil>,<nil>,134,<nil>
1992707917,<nil>,<nil>,<nil>,<nil>,<nil>,<nil>,<nil>,<nil>,398,<nil>
1202933592,<nil>,<nil>,<nil>,<nil>,<nil>,<nil>,<nil>,<nil>,240,<nil>
3055767372,<nil>,<nil>,<nil>,<nil>,<nil>,<nil>,<nil>,<nil>,611,<nil>
1268076365,<nil>,<nil>,<nil>,<nil>,<nil>,<nil>,<nil>,<nil>,253,<nil>
3268235096,<nil>,<nil>,<nil>,<nil>,<nil>,<nil>,<nil>,<nil>,653,<nil>
2032404520,<nil>,<nil>,<nil>,<nil>,<nil>,<nil>,<nil>,<nil>,406,<nil>
3933490725,<nil>,<nil>,<nil>,<nil>,<nil>,<nil>,<nil>,<nil>,786,<nil>
3419885389,<nil>,<nil>,<nil>,<nil>,<nil>,<nil>,<nil>,<nil>,683,<nil>
1175932749,<nil>,<nil>,<nil>,<nil>,<nil>,<nil>,<nil>,<nil>,235,<nil>
4127852680,<nil>,<nil>,<nil>,<nil>,<nil>,<nil>,<nil>,<nil>,825,<nil>
2409713485,<nil>,<nil>,<nil>,<nil>,<nil>,<nil>,<nil>,<nil>,481,<nil>
736186200,<nil>,<nil>,<nil>,<nil>,<nil>,<nil>,<nil>,<nil>,147,<nil>
3078246232,<nil>,<nil>,<nil>,<nil>,<nil>,<nil>,<nil>,<nil>,615,<nil>
3555131498,<nil>,<nil>,<nil>,<nil>,<nil>,<nil>,<nil>,<nil>,711,<nil>
2484883288,<nil>,<nil>,<nil>,<nil>,<nil>,<nil>,<nil>,<nil>,496,<nil>
801591117,<nil>,<nil>,<nil>,<nil>,<nil>,<nil>,<nil>,<nil>,160,<nil>
3950708752,<nil>,<nil>,<nil>,<nil>,<nil>,<nil>,<nil>,<nil>,790,<nil>
271845376,<nil>,<nil>,<nil>,<nil>,<nil>,<nil>,<nil>,<nil>,54,<nil>
1807372108,<nil>,<nil>,<nil>,<nil>,<nil>,<nil>,<nil>,<nil>,361,<nil>
3783675749,<nil>,<nil>,<nil>,<nil>,<nil>,<nil>,<nil>,<nil>,756,<nil>
3702804300,<nil>,<nil>,<nil>,<nil>,<nil>,<nil>,<nil>,<nil>,740,<nil>
1035095885,<nil>,<nil>,<nil>,<nil>,<nil>,<nil>,<nil>,<nil>,207,<nil>
596248576,<nil>,<nil>,<nil>,<nil>,<nil>,<nil>,<nil>,<nil>,119,<nil>
2977040400,<nil>,<nil>,<nil>,<nil>,<nil>,<nil>,<nil>,<nil>,595,<nil>
1122717528,<nil>,<nil>,<nil>,<nil>,<nil>,<nil>,<nil>,<nil>,224,<nil>
3105883417,<nil>,<nil>,<nil>,<nil>,<nil>,<nil>,<nil>,<nil>,621,<nil>
902844249,<nil>,<nil>,<nil>,<nil>,<nil>,<nil>,<nil>,<nil>,180,<nil>
4093529932,<nil>,<nil>,<nil>,<nil>,<nil>,<nil>,<nil>,<nil>,818,<nil>
1837649764,<nil>,<nil>,<nil>,<nil>,<nil>,<nil>,<nil>,<nil>,367,<nil>
4119154521,<nil>,<nil>,<nil>,<nil>,<nil>,<nil>,<nil>,<nil>,823,<nil>
2589085528,<nil>,<nil>,<nil>,<nil>,<nil>,<nil>,<nil>,<nil>,517,<nil>
2868793165,<nil>,<nil>,<nil>,<nil>,<nil>,<nil>,<nil>,<nil>,573,<nil>
3395440460,<nil>,<nil>,<nil>,<nil>,<nil>,<nil>,<nil>,<nil>,679,<nil>
854740812,<nil>,<nil>,<nil>,<nil>,<nil>,<nil>,<nil>,<nil>,170,<nil>
3057209176,<nil>,<nil>,<nil>,<nil>,<nil>,<nil>,<nil>,<nil>,611,<nil>
1827950412,<nil>,<nil>,<nil>,<nil>,<nil>,<nil>,<nil>,<nil>,365,<nil>
1395281752,<nil>,<nil>,<nil>,<nil>,<nil>,<nil>,<nil>,<nil>,279,<nil>
2571128653,<nil>,<nil>,<nil>,<nil>,<nil>,<nil>,<nil>,<nil>,514,<nil>
750079832,<nil>,<nil>,<nil>,<nil>,<nil>,<nil>,<nil>,<nil>,150,<nil>
2231586649,<nil>,<nil>,<nil>,<nil>,<nil>,<nil>,<nil>,<nil>,446,<nil>
1124683596,<nil>,<nil>,<nil>,<nil>,<nil>,<nil>,<nil>,<nil>,224,<nil>
3584315224,<nil>,<nil>,<nil>,<nil>,<nil>,<nil>,<nil>,<nil>,716,<nil>
2520731469,<nil>,<nil>,<nil>,<nil>,<nil>,<nil>,<nil>,<nil>,504,<nil>
476270452,<nil>,<nil>,<nil>,<nil>,<nil>,<nil>,<nil>,<nil>,95,<nil>
4039903248,<nil>,<nil>,<nil>,<nil>,<nil>,<nil>,<nil>,<nil>,807,<nil>
2801160013,<nil>,<nil>,<nil>,<nil>,<nil>,<nil>,<nil>,<nil>,560,<nil>
400819887,<nil>,<nil>,<nil>,<nil>,<nil>,<nil>,<nil>,<nil>,80,<nil>
3197914969,<nil>,<nil>,<nil>,<nil>,<nil>,<nil>,<nil>,<nil>,639,<nil>
535449432,<nil>,<nil>,<nil>,<nil>,<nil>,<nil>,<nil>,<nil>,107,<nil>
2515469593,<nil>,<nil>,<nil>,<nil>,<nil>,<nil>,<nil>,<nil>,503,<nil>
643106068,<nil>,<nil>,<nil>,<nil>,<nil>,<nil>,<nil>,<nil>,128,<nil>
3675213645,<nil>,<nil>,<nil>,<nil>,<nil>,<nil>,<nil>,<nil>,735,<nil>
1427066701,<nil>,<nil>,<nil>,<nil>,<nil>,<nil>,<nil>,<nil>,285,<nil>
3473231693,<nil>,<nil>,<nil>,<nil>,<nil>,<nil>,<nil>,<nil>,694,<nil>
2550091597,<nil>,<nil>,<nil>,<nil>,<nil>,<nil>,<nil>,<nil>,510,<nil>
2830782297,<nil>,<nil>,<nil>,<nil>,<nil>,<nil>,<nil>,<nil>,566,<nil>
586567513,<nil>,<nil>,<nil>,<nil>,<nil>,<nil>,<nil>,<nil>,117,<nil>
4184035149,<nil>,<nil>,<nil>,<nil>,<nil>,<nil>,<nil>,<nil>,836,<nil>
2907833627,<nil>,<nil>,<nil>,<nil>,<nil>,<nil>,<nil>,<nil>,581,<nil>
1909280588,<nil>,<nil>,<nil>,<nil>,<nil>,<nil>,<nil>,<nil>,381,<nil>
3830337357,<nil>,<nil>,<nil>,<nil>,<nil>,<nil>,<nil>,<nil>,766,<nil>
2142371941,<nil>,<nil>,<nil>,<nil>,<nil>,<nil>,<nil>,<nil>,428,<nil>
2748862297,<nil>,<nil>,<nil>,<nil>,<nil>,<nil>,<nil>,<nil>,549,<nil>
357781337,<nil>,<nil>,<nil>,<nil>,<nil>,<nil>,<nil>,<nil>,71,<nil>
2365411148,<nil>,<nil>,<nil>,<nil>,<nil>,<nil>,<nil>,<nil>,473,<nil>
138694477,<nil>,<nil>,<nil>,<nil>,<nil>,<nil>,<nil>,<nil>,27,<nil>
4137766744,<nil>,<nil>,<nil>,<nil>,<nil>,<nil>,<nil>,<nil>,827,<nil>
1015828301,<nil>,<nil>,<nil>,<nil>,<nil>,<nil>,<nil>,<nil>,203,<nil>
3733661556,<nil>,<nil>,<nil>,<nil>,<nil>,<nil>,<nil>,<nil>,746,<nil>
2281918285,<nil>,<nil>,<nil>,<nil>,<nil>,<nil>,<nil>,<nil>,456,<nil>
474500941,<nil>,<nil>,<nil>,<nil>,<nil>,<nil>,<nil>,<nil>,94,<nil>
725569356,<nil>,<nil>,<nil>,<nil>,<nil>,<nil>,<nil>,<nil>,145,<nil>
2646232909,<nil>,<nil>,<nil>,<nil>,<nil>,<nil>,<nil>,<nil>,529,<nil>
1134776141,<nil>,<nil>,<nil>,<nil>,<nil>,<nil>,<nil>,<nil>,226,<nil>
218845004,<nil>,<nil>,<nil>,<nil>,<nil>,<nil>,<nil>,<nil>,43,<nil>
2005225305,<nil>,<nil>,<nil>,<nil>,<nil>,<nil>,<nil>,<nil>,401,<nil>
1213157197,<nil>,<nil>,<nil>,<nil>,<nil>,<nil>,<nil>,<nil>,242,<nil>
2236043135,<nil>,<nil>,<nil>,<nil>,<nil>,<nil>,<nil>,<nil>,447,<nil>
4070704409,<nil>,<nil>,<nil>,<nil>,<nil>,<nil>,<nil>,<nil>,814,<nil>
1779322700,<nil>,<nil>,<nil>,<nil>,<nil>,<nil>,<nil>,<nil>,355,<nil>
3690352472,<nil>,<nil>,<nil>,<nil>,<nil>,<nil>,<nil>,<nil>,738,<nil>
2685077504,<nil>,<nil>,<nil>,<nil>,<nil>,<nil>,<nil>,<nil>,537,<nil>
3662303082,<nil>,<nil>,<nil>,<nil>,<nil>,<nil>,<nil>,<nil>,732,<nil>
2972977193,<nil>,<nil>,<nil>,<nil>,<nil>,<nil>,<nil>,<nil>,594,<nil>
1672236901,<nil>,<nil>,<nil>,<nil>,<nil>,<nil>,<nil>,<nil>,334,<nil>
1459769164,<nil>,<nil>,<nil>,<nil>,<nil>,<nil>,<nil>,<nil>,291,<nil>
2790805325,<nil>,<nil>,<nil>,<nil>,<nil>,<nil>,<nil>,<nil>,558,<nil>
961957708,<nil>,<nil>,<nil>,<nil>,<nil>,<nil>,<nil>,<nil>,192,<nil>
4063121229,<nil>,<nil>,<nil>,<nil>,<nil>,<nil>,<nil>,<nil>,812,<nil>
2418411182,<nil>,<nil>,<nil>,<nil>,<nil>,<nil>,<nil>,<nil>,483,<nil>
1677133083,<nil>,<nil>,<nil>,<nil>,<nil>,<nil>,<nil>,<nil>,335,<nil>
281497444,<nil>,<nil>,<nil>,<nil>,<nil>,<nil>,<nil>,<nil>,56,<nil>
157962060,<nil>,<nil>,<nil>,<nil>,<nil>,<nil>,<nil>,<nil>,31,<nil>
2975747929,<nil>,<nil>,<nil>,<nil>,<nil>,<nil>,<nil>,<nil>,595,<nil>
1299186969,<nil>,<nil>,<nil>,<nil>,<nil>,<nil>,<nil>,<nil>,259,<nil>
4142223181,<nil>,<nil>,<nil>,<nil>,<nil>,<nil>,<nil>,<nil>,828,<nil>
1732183137,<nil>,<nil>,<nil>,<nil>,<nil>,<nil>,<nil>,<nil>,346,<nil>
1556743449,<nil>,<nil>,<nil>,<nil>,<nil>,<nil>,<nil>,<nil>,311,<nil>
364447001,<nil>,<nil>,<nil>,<nil>,<nil>,<nil>,<nil>,<nil>,72,<nil>
1465286656,<nil>,<nil>,<nil>,<nil>,<nil>,<nil>,<nil>,<nil>,293,<nil>
3706277708,<nil>,<nil>,<nil>,<nil>,<nil>,<nil>,<nil>,<nil>,741,<nil>
2791526232,<nil>,<nil>,<nil>,<nil>,<nil>,<nil>,<nil>,<nil>,558,<nil>
1816153944,<nil>,<nil>,<nil>,<nil>,<nil>,<nil>,<nil>,<nil>,363,<nil>
22564685,<nil>,<nil>,<nil>,<nil>,<nil>,<nil>,<nil>,<nil>,4,<nil>
1902137176,<nil>,<nil>,<nil>,<nil>,<nil>,<nil>,<nil>,<nil>,380,<nil>
4030071784,<nil>,<nil>,<nil>,<nil>,<nil>,<nil>,<nil>,<nil>,806,<nil>
1270828877,<nil>,<nil>,<nil>,<nil>,<nil>,<nil>,<nil>,<nil>,254,<nil>
553996109,<nil>,<nil>,<nil>,<nil>,<nil>,<nil>,<nil>,<nil>,110,<nil>
2612416345,<nil>,<nil>,<nil>,<nil>,<nil>,<nil>,<nil>,<nil>,522,<nil>
2015692800,<nil>,<nil>,<nil>,<nil>,<nil>,<nil>,<nil>,<nil>,403,<nil>
2031112012,<nil>,<nil>,<nil>,<nil>,<nil>,<nil>,<nil>,<nil>,406,<nil>
3963703129,<nil>,<nil>,<nil>,<nil>,<nil>,<nil>,<nil>,<nil>,792,<nil>
2720091992,<nil>,<nil>,<nil>,<nil>,<nil>,<nil>,<nil>,<nil>,544,<nil>
808191652,<nil>,<nil>,<nil>,<nil>,<nil>,<nil>,<nil>,<nil>,161,<nil>
2238861145,<nil>,<nil>,<nil>,<nil>,<nil>,<nil>,<nil>,<nil>,447,<nil>
4263006040,<nil>,<nil>,<nil>,<nil>,<nil>,<nil>,<nil>,<nil>,852,<nil>
1583435597,<nil>,<nil>,<nil>,<nil>,<nil>,<nil>,<nil>,<nil>,316,<nil>
3854829777,<nil>,<nil>,<nil>,<nil>,<nil>,<nil>,<nil>,<nil>,770,<nil>
1625772352,<nil>,<nil>,<nil>,<nil>,<nil>,<nil>,<nil>,<nil>,325,<nil>
4216082276,<nil>,<nil>,<nil>,<nil>,<nil>,<nil>,<nil>,<nil>,843,<nil>
3026079269,<nil>,<nil>,<nil>,<nil>,<nil>,<nil>,<nil>,<nil>,605,<nil>
273960793,<nil>,<nil>,<nil>,<nil>,<nil>,<nil>,<nil>,<nil>,54,<nil>
2651523072,<nil>,<nil>,<nil>,<nil>,<nil>,<nil>,<nil>,<nil>,530,<nil>
3050131301,<nil>,<nil>,<nil>,<nil>,<nil>,<nil>,<nil>,<nil>,610,<nil>
703876645,<nil>,<nil>,<nil>,<nil>,<nil>,<nil>,<nil>,<nil>,140,<nil>
2322353997,<nil>,<nil>,<nil>,<nil>,<nil>,<nil>,<nil>,<nil>,464,<nil>
208228184,<nil>,<nil>,<nil>,<nil>,<nil>,<nil>,<nil>,<nil>,41,<nil>
1970097997,<nil>,<nil>,<nil>,<nil>,<nil>,<nil>,<nil>,<nil>,394,<nil>
1021988684,<nil>,<nil>,<nil>,<nil>,<nil>,<nil>,<nil>,<nil>,204,<nil>
4090122060,<nil>,<nil>,<nil>,<nil>,<nil>,<nil>,<nil>,<nil>,818,<nil>
991579993,<nil>,<nil>,<nil>,<nil>,<nil>,<nil>,<nil>,<nil>,198,<nil>
3296415564,<nil>,<nil>,<nil>,<nil>,<nil>,<nil>,<nil>,<nil>,659,<nil>
922439501,<nil>,<nil>,<nil>,<nil>,<nil>,<nil>,<nil>,<nil>,184,<nil>
3051161263,<nil>,<nil>,<nil>,<nil>,<nil>,<nil>,<nil>,<nil>,610,<nil>
879710041,<nil>,<nil>,<nil>,<nil>,<nil>,<nil>,<nil>,<nil>,175,<nil>
3002945369,<nil>,<nil>,<nil>,<nil>,<nil>,<nil>,<nil>,<nil>,600,<nil>
1602965324,<nil>,<nil>,<nil>,<nil>,<nil>,<nil>,<nil>,<nil>,320,<nil>
3834400601,<nil>,<nil>,<nil>,<nil>,<nil>,<nil>,<nil>,<nil>,766,<nil>
2544389965,<nil>,<nil>,<nil>,<nil>,<nil>,<nil>,<nil>,<nil>,508,<nil>
363331629,<nil>,<nil>,<nil>,<nil>,<nil>,<nil>,<nil>,<nil>,72,<nil>
3423733760,<nil>,<nil>,<nil>,<nil>,<nil>,<nil>,<nil>,<nil>,684,<nil>
3920908109,<nil>,<nil>,<nil>,<nil>,<nil>,<nil>,<nil>,<nil>,784,<nil>
2347388773,<nil>,<nil>,<nil>,<nil>,<nil>,<nil>,<nil>,<nil>,469,<nil>
2638303052,<nil>,<nil>,<nil>,<nil>,<nil>,<nil>,<nil>,<nil>,527,<nil>
4119482189,<nil>,<nil>,<nil>,<nil>,<nil>,<nil>,<nil>,<nil>,823,<nil>
2300792664,<nil>,<nil>,<nil>,<nil>,<nil>,<nil>,<nil>,<nil>,460,<nil>
630935372,<nil>,<nil>,<nil>,<nil>,<nil>,<nil>,<nil>,<nil>,126,<nil>
373444429,<nil>,<nil>,<nil>,<nil>,<nil>,<nil>,<nil>,<nil>,74,<nil>
3064791085,<nil>,<nil>,<nil>,<nil>,<nil>,<nil>,<nil>,<nil>,612,<nil>
607407949,<nil>,<nil>,<nil>,<nil>,<nil>,<nil>,<nil>,<nil>,121,<nil>
2643611480,<nil>,<nil>,<nil>,<nil>,<nil>,<nil>,<nil>,<nil>,528,<nil>
910118745,<nil>,<nil>,<nil>,<nil>,<nil>,<nil>,<nil>,<nil>,182,<nil>
2973042688,<nil>,<nil>,<nil>,<nil>,<nil>,<nil>,<nil>,<nil>,594,<nil>
403590989,<nil>,<nil>,<nil>,<nil>,<nil>,<nil>,<nil>,<nil>,80,<nil>
2720320992,<nil>,<nil>,<nil>,<nil>,<nil>,<nil>,<nil>,<nil>,544,<nil>
1006718846,<nil>,<nil>,<nil>,<nil>,<nil>,<nil>,<nil>,<nil>,201,<nil>
129126232,<nil>,<nil>,<nil>,<nil>,<nil>,<nil>,<nil>,<nil>,25,<nil>
2092257124,<nil>,<nil>,<nil>,<nil>,<nil>,<nil>,<nil>,<nil>,418,<nil>
313610073,<nil>,<nil>,<nil>,<nil>,<nil>,<nil>,<nil>,<nil>,62,<nil>
4249833293,<nil>,<nil>,<nil>,<nil>,<nil>,<nil>,<nil>,<nil>,849,<nil>
1857245005,<nil>,<nil>,<nil>,<nil>,<nil>,<nil>,<nil>,<nil>,371,<nil>
3620818777,<nil>,<nil>,<nil>,<nil>,<nil>,<nil>,<nil>,<nil>,724,<nil>
2069450572,<nil>,<nil>,<nil>,<nil>,<nil>,<nil>,<nil>,<nil>,413,<nil>
3558756185,<nil>,<nil>,<nil>,<nil>,<nil>,<nil>,<nil>,<nil>,711,<nil>
2596687717,<nil>,<nil>,<nil>,<nil>,<nil>,<nil>,<nil>,<nil>,519,<nil>
434570916,<nil>,<nil>,<nil>,<nil>,<nil>,<nil>,<nil>,<nil>,86,<nil>
1748193101,<nil>,<nil>,<nil>,<nil>,<nil>,<nil>,<nil>,<nil>,349,<nil>
314265444,<nil>,<nil>,<nil>,<nil>,<nil>,<nil>,<nil>,<nil>,62,<nil>
957566796,<nil>,<nil>,<nil>,<nil>,<nil>,<nil>,<nil>,<nil>,191,<nil>
2934198117,<nil>,<nil>,<nil>,<nil>,<nil>,<nil>,<nil>,<nil>,586,<nil>
1501974360,<nil>,<nil>,<nil>,<nil>,<nil>,<nil>,<nil>,<nil>,300,<nil>
2946826256,<nil>,<nil>,<nil>,<nil>,<nil>,<nil>,<nil>,<nil>,589,<nil>
397299533,<nil>,<nil>,<nil>,<nil>,<nil>,<nil>,<nil>,<nil>,79,<nil>
2206682981,<nil>,<nil>,<nil>,<nil>,<nil>,<nil>,<nil>,<nil>,441,<nil>
4198321997,<nil>,<nil>,<nil>,<nil>,<nil>,<nil>,<nil>,<nil>,839,<nil>
2219396940,<nil>,<nil>,<nil>,<nil>,<nil>,<nil>,<nil>,<nil>,443,<nil>
1133104608,<nil>,<nil>,<nil>,<nil>,<nil>,<nil>,<nil>,<nil>,226,<nil>
3767226189,<nil>,<nil>,<nil>,<nil>,<nil>,<nil>,<nil>,<nil>,753,<nil>
2264944473,<nil>,<nil>,<nil>,<nil>,<nil>,<nil>,<nil>,<nil>,452,<nil>
955797324,<nil>,<nil>,<nil>,<nil>,<nil>,<nil>,<nil>,<nil>,191,<nil>
3083273499,<nil>,<nil>,<nil>,<nil>,<nil>,<nil>,<nil>,<nil>,616,<nil>
457592652,<nil>,<nil>,<nil>,<nil>,<nil>,<nil>,<nil>,<nil>,91,<nil>
2581548901,<nil>,<nil>,<nil>,<nil>,<nil>,<nil>,<nil>,<nil>,516,<nil>
4253830988,<nil>,<nil>,<nil>,<nil>,<nil>,<nil>,<nil>,<nil>,850,<nil>
3021146152,<nil>,<nil>,<nil>,<nil>,<nil>,<nil>,<nil>,<nil>,604,<nil>
327550638,<nil>,<nil>,<nil>,<nil>,<nil>,<nil>,<nil>,<nil>,65,<nil>
1420644185,<nil>,<nil>,<nil>,<nil>,<nil>,<nil>,<nil>,<nil>,284,<nil>
3841871733,<nil>,<nil>,<nil>,<nil>,<nil>,<nil>,<nil>,<nil>,768,<nil>
3172290381,<nil>,<nil>,<nil>,<nil>,<nil>,<nil>,<nil>,<nil>,634,<nil>
1218465613,<nil>,<nil>,<nil>,<nil>,<nil>,<nil>,<nil>,<nil>,243,<nil>
1622626125,<nil>,<nil>,<nil>,<nil>,<nil>,<nil>,<nil>,<nil>,324,<nil>
270618457,<nil>,<nil>,<nil>,<nil>,<nil>,<nil>,<nil>,<nil>,54,<nil>
4018008,<nil>,<nil>,<nil>,<nil>,<nil>,<nil>,<nil>,<nil>,0,<nil>
2672316248,<nil>,<nil>,<nil>,<nil>,<nil>,<nil>,<nil>,<nil>,534,<nil>
4128657253,<nil>,<nil>,<nil>,<nil>,<nil>,<nil>,<nil>,<nil>,825,<nil>
2295268633,<nil>,<nil>,<nil>,<nil>,<nil>,<nil>,<nil>,<nil>,459,<nil>
4064956248,<nil>,<nil>,<nil>,<nil>,<nil>,<nil>,<nil>,<nil>,812,<nil>
2870759257,<nil>,<nil>,<nil>,<nil>,<nil>,<nil>,<nil>,<nil>,574,<nil>
1873891160,<nil>,<nil>,<nil>,<nil>,<nil>,<nil>,<nil>,<nil>,374,<nil>
4123658240,<nil>,<nil>,<nil>,<nil>,<nil>,<nil>,<nil>,<nil>,824,<nil>
2555334488,<nil>,<nil>,<nil>,<nil>,<nil>,<nil>,<nil>,<nil>,511,<nil>
403459946,<nil>,<nil>,<nil>,<nil>,<nil>,<nil>,<nil>,<nil>,80,<nil>
3789555712,<nil>,<nil>,<nil>,<nil>,<nil>,<nil>,<nil>,<nil>,757,<nil>
2386317145,<nil>,<nil>,<nil>,<nil>,<nil>,<nil>,<nil>,<nil>,477,<nil>
140332889,<nil>,<nil>,<nil>,<nil>,<nil>,<nil>,<nil>,<nil>,28,<nil>
2964672357,<nil>,<nil>,<nil>,<nil>,<nil>,<nil>,<nil>,<nil>,592,<nil>
3111800653,<nil>,<nil>,<nil>,<nil>,<nil>,<nil>,<nil>,<nil>,622,<nil>
1655394148,<nil>,<nil>,<nil>,<nil>,<nil>,<nil>,<nil>,<nil>,331,<nil>
422072330,<nil>,<nil>,<nil>,<nil>,<nil>,<nil>,<nil>,<nil>,84,<nil>
3083489100,<nil>,<nil>,<nil>,<nil>,<nil>,<nil>,<nil>,<nil>,616,<nil>
2982432612,<nil>,<nil>,<nil>,<nil>,<nil>,<nil>,<nil>,<nil>,596,<nil>
525225805,<nil>,<nil>,<nil>,<nil>,<nil>,<nil>,<nil>,<nil>,105,<nil>
2730381145,<nil>,<nil>,<nil>,<nil>,<nil>,<nil>,<nil>,<nil>,546,<nil>
1339182936,<nil>,<nil>,<nil>,<nil>,<nil>,<nil>,<nil>,<nil>,267,<nil>
3256897369,<nil>,<nil>,<nil>,<nil>,<nil>,<nil>,<nil>,<nil>,651,<nil>
974868300,<nil>,<nil>,<nil>,<nil>,<nil>,<nil>,<nil>,<nil>,194,<nil>
3927901363,<nil>,<nil>,<nil>,<nil>,<nil>,<nil>,<nil>,<nil>,785,<nil>
3174500004,<nil>,<nil>,<nil>,<nil>,<nil>,<nil>,<nil>,<nil>,634,<nil>
307253069,<nil>,<nil>,<nil>,<nil>,<nil>,<nil>,<nil>,<nil>,61,<nil>
2222804825,<nil>,<nil>,<nil>,<nil>,<nil>,<nil>,<nil>,<nil>,444,<nil>
4229582668,<nil>,<nil>,<nil>,<nil>,<nil>,<nil>,<nil>,<nil>,845,<nil>
2002669389,<nil>,<nil>,<nil>,<nil>,<nil>,<nil>,<nil>,<nil>,400,<nil>
1124814668,<nil>,<nil>,<nil>,<nil>,<nil>,<nil>,<nil>,<nil>,224,<nil>
2899464013,<nil>,<nil>,<nil>,<nil>,<nil>,<nil>,<nil>,<nil>,579,<nil>
151080820,<nil>,<nil>,<nil>,<nil>,<nil>,<nil>,<nil>,<nil>,30,<nil>
2737197066,<nil>,<nil>,<nil>,<nil>,<nil>,<nil>,<nil>,<nil>,547,<nil>
1269892377,<nil>,<nil>,<nil>,<nil>,<nil>,<nil>,<nil>,<nil>,253,<nil>
2543603533,<nil>,<nil>,<nil>,<nil>,<nil>,<nil>,<nil>,<nil>,508,<nil>
269897548,<nil>,<nil>,<nil>,<nil>,<nil>,<nil>,<nil>,<nil>,53,<nil>
2918141784,<nil>,<nil>,<nil>,<nil>,<nil>,<nil>,<nil>,<nil>,583,<nil>
2496941913,<nil>,<nil>,<nil>,<nil>,<nil>,<nil>,<nil>,<nil>,499,<nil>
329516315,<nil>,<nil>,<nil>,<nil>,<nil>,<nil>,<nil>,<nil>,65,<nil>
3029552985,<nil>,<nil>,<nil>,<nil>,<nil>,<nil>,<nil>,<nil>,605,<nil>
753796193,<nil>,<nil>,<nil>,<nil>,<nil>,<nil>,<nil>,<nil>,150,<nil>
74712751,<nil>,<nil>,<nil>,<nil>,<nil>,<nil>,<nil>,<nil>,14,<nil>
1504530253,<nil>,<nil>,<nil>,<nil>,<nil>,<nil>,<nil>,<nil>,300,<nil>
3686551384,<nil>,<nil>,<nil>,<nil>,<nil>,<nil>,<nil>,<nil>,737,<nil>
2389921637,<nil>,<nil>,<nil>,<nil>,<nil>,<nil>,<nil>,<nil>,477,<nil>
3552792408,<nil>,<nil>,<nil>,<nil>,<nil>,<nil>,<nil>,<nil>,710,<nil>
1375162212,<nil>,<nil>,<nil>,<nil>,<nil>,<nil>,<nil>,<nil>,275,<nil>
322635035,<nil>,<nil>,<nil>,<nil>,<nil>,<nil>,<nil>,<nil>,64,<nil>
3149811532,<nil>,<nil>,<nil>,<nil>,<nil>,<nil>,<nil>,<nil>,629,<nil>
788090713,<nil>,<nil>,<nil>,<nil>,<nil>,<nil>,<nil>,<nil>,157,<nil>
1670383632,<nil>,<nil>,<nil>,<nil>,<nil>,<nil>,<nil>,<nil>,334,<nil>
3717596441,<nil>,<nil>,<nil>,<nil>,<nil>,<nil>,<nil>,<nil>,743,<nil>
2090684236,<nil>,<nil>,<nil>,<nil>,<nil>,<nil>,<nil>,<nil>,418,<nil>
812254489,<nil>,<nil>,<nil>,<nil>,<nil>,<nil>,<nil>,<nil>,162,<nil>
2475511641,<nil>,<nil>,<nil>,<nil>,<nil>,<nil>,<nil>,<nil>,495,<nil>
945835853,<nil>,<nil>,<nil>,<nil>,<nil>,<nil>,<nil>,<nil>,189,<nil>
935219071,<nil>,<nil>,<nil>,<nil>,<nil>,<nil>,<nil>,<nil>,187,<nil>
3405055259,<nil>,<nil>,<nil>,<nil>,<nil>,<nil>,<nil>,<nil>,681,<nil>
2461599003,<nil>,<nil>,<nil>,<nil>,<nil>,<nil>,<nil>,<nil>,492,<nil>
4136652621,<nil>,<nil>,<nil>,<nil>,<nil>,<nil>,<nil>,<nil>,827,<nil>
3143434285,<nil>,<nil>,<nil>,<nil>,<nil>,<nil>,<nil>,<nil>,628,<nil>
3994373976,<nil>,<nil>,<nil>,<nil>,<nil>,<nil>,<nil>,<nil>,798,<nil>
1325551449,<nil>,<nil>,<nil>,<nil>,<nil>,<nil>,<nil>,<nil>,265,<nil>
3022719016,<nil>,<nil>,<nil>,<nil>,<nil>,<nil>,<nil>,<nil>,604,<nil>
1246318424,<nil>,<nil>,<nil>,<nil>,<nil>,<nil>,<nil>,<nil>,249,<nil>
2899005273,<nil>,<nil>,<nil>,<nil>,<nil>,<nil>,<nil>,<nil>,579,<nil>
1245859673,<nil>,<nil>,<nil>,<nil>,<nil>,<nil>,<nil>,<nil>,249,<nil>
2478591833,<nil>,<nil>,<nil>,<nil>,<nil>,<nil>,<nil>,<nil>,495,<nil>
1075466060,<nil>,<nil>,<nil>,<nil>,<nil>,<nil>,<nil>,<nil>,215,<nil>
2127515481,<nil>,<nil>,<nil>,<nil>,<nil>,<nil>,<nil>,<nil>,425,<nil>
444813144,<nil>,<nil>,<nil>,<nil>,<nil>,<nil>,<nil>,<nil>,88,<nil>
1924222809,<nil>,<nil>,<nil>,<nil>,<nil>,<nil>,<nil>,<nil>,384,<nil>
683495256,<nil>,<nil>,<nil>,<nil>,<nil>,<nil>,<nil>,<nil>,136,<nil>
613502797,<nil>,<nil>,<nil>,<nil>,<nil>,<nil>,<nil>,<nil>,122,<nil>
83039112,<nil>,<nil>,<nil>,<nil>,<nil>,<nil>,<nil>,<nil>,16,<nil>
2707836748,<nil>,<nil>,<nil>,<nil>,<nil>,<nil>,<nil>,<nil>,541,<nil>
969476096,<nil>,<nil>,<nil>,<nil>,<nil>,<nil>,<nil>,<nil>,193,<nil>
3396685656,<nil>,<nil>,<nil>,<nil>,<nil>,<nil>,<nil>,<nil>,679,<nil>
2748731224,<nil>,<nil>,<nil>,<nil>,<nil>,<nil>,<nil>,<nil>,549,<nil>
646205272,<nil>,<nil>,<nil>,<nil>,<nil>,<nil>,<nil>,<nil>,129,<nil>
2866237273,<nil>,<nil>,<nil>,<nil>,<nil>,<nil>,<nil>,<nil>,573,<nil>
1972916057,<nil>,<nil>,<nil>,<nil>,<nil>,<nil>,<nil>,<nil>,394,<nil>
4282666828,<nil>,<nil>,<nil>,<nil>,<nil>,<nil>,<nil>,<nil>,856,<nil>
2772717388,<nil>,<nil>,<nil>,<nil>,<nil>,<nil>,<nil>,<nil>,554,<nil>
1454395224,<nil>,<nil>,<nil>,<nil>,<nil>,<nil>,<nil>,<nil>,290,<nil>
3348713304,<nil>,<nil>,<nil>,<nil>,<nil>,<nil>,<nil>,<nil>,669,<nil>
2132103000,<nil>,<nil>,<nil>,<nil>,<nil>,<nil>,<nil>,<nil>,426,<nil>
4222766924,<nil>,<nil>,<nil>,<nil>,<nil>,<nil>,<nil>,<nil>,844,<nil>
1855672153,<nil>,<nil>,<nil>,<nil>,<nil>,<nil>,<nil>,<nil>,371,<nil>
336875341,<nil>,<nil>,<nil>,<nil>,<nil>,<nil>,<nil>,<nil>,67,<nil>
864684128,<nil>,<nil>,<nil>,<nil>,<nil>,<nil>,<nil>,<nil>,172,<nil>
2622312292,<nil>,<nil>,<nil>,<nil>,<nil>,<nil>,<nil>,<nil>,524,<nil>
91620635,<nil>,<nil>,<nil>,<nil>,<nil>,<nil>,<nil>,<nil>,18,<nil>
1781616473,<nil>,<nil>,<nil>,<nil>,<nil>,<nil>,<nil>,<nil>,356,<nil>
3535753061,<nil>,<nil>,<nil>,<nil>,<nil>,<nil>,<nil>,<nil>,707,<nil>
1055674188,<nil>,<nil>,<nil>,<nil>,<nil>,<nil>,<nil>,<nil>,211,<nil>
144723800,<nil>,<nil>,<nil>,<nil>,<nil>,<nil>,<nil>,<nil>,28,<nil>
2279998745,<nil>,<nil>,<nil>,<nil>,<nil>,<nil>,<nil>,<nil>,455,<nil>
4206973348,<nil>,<nil>,<nil>,<nil>,<nil>,<nil>,<nil>,<nil>,841,<nil>
1478643533,<nil>,<nil>,<nil>,<nil>,<nil>,<nil>,<nil>,<nil>,295,<nil>
3661057880,<nil>,<nil>,<nil>,<nil>,<nil>,<nil>,<nil>,<nil>,732,<nil>
1126190925,<nil>,<nil>,<nil>,<nil>,<nil>,<nil>,<nil>,<nil>,225,<nil>
54480717,<nil>,<nil>,<nil>,<nil>,<nil>,<nil>,<nil>,<nil>,10,<nil>
4090777421,<nil>,<nil>,<nil>,<nil>,<nil>,<nil>,<nil>,<nil>,818,<nil>
1704939353,<nil>,<nil>,<nil>,<nil>,<nil>,<nil>,<nil>,<nil>,340,<nil>
3864350540,<nil>,<nil>,<nil>,<nil>,<nil>,<nil>,<nil>,<nil>,772,<nil>
1798393706,<nil>,<nil>,<nil>,<nil>,<nil>,<nil>,<nil>,<nil>,359,<nil>
4101525324,<nil>,<nil>,<nil>,<nil>,<nil>,<nil>,<nil>,<nil>,820,<nil>
2343587660,<nil>,<nil>,<nil>,<nil>,<nil>,<nil>,<nil>,<nil>,468,<nil>
2415873868,<nil>,<nil>,<nil>,<nil>,<nil>,<nil>,<nil>,<nil>,483,<nil>
397954917,<nil>,<nil>,<nil>,<nil>,<nil>,<nil>,<nil>,<nil>,79,<nil>
2225819480,<nil>,<nil>,<nil>,<nil>,<nil>,<nil>,<nil>,<nil>,445,<nil>
1293832036,<nil>,<nil>,<nil>,<nil>,<nil>,<nil>,<nil>,<nil>,258,<nil>
3082487067,<nil>,<nil>,<nil>,<nil>,<nil>,<nil>,<nil>,<nil>,616,<nil>
299257677,<nil>,<nil>,<nil>,<nil>,<nil>,<nil>,<nil>,<nil>,59,<nil>
2711291161,<nil>,<nil>,<nil>,<nil>,<nil>,<nil>,<nil>,<nil>,542,<nil>
1098469696,<nil>,<nil>,<nil>,<nil>,<nil>,<nil>,<nil>,<nil>,219,<nil>
2827420952,<nil>,<nil>,<nil>,<nil>,<nil>,<nil>,<nil>,<nil>,565,<nil>
281020080,<nil>,<nil>,<nil>,<nil>,<nil>,<nil>,<nil>,<nil>,56,<nil>
1756057433,<nil>,<nil>,<nil>,<nil>,<nil>,<nil>,<nil>,<nil>,351,<nil>
4272687104,<nil>,<nil>,<nil>,<nil>,<nil>,<nil>,<nil>,<nil>,854,<nil>
1820675928,<nil>,<nil>,<nil>,<nil>,<nil>,<nil>,<nil>,<nil>,364,<nil>
603803480,<nil>,<nil>,<nil>,<nil>,<nil>,<nil>,<nil>,<nil>,120,<nil>
3353890636,<nil>,<nil>,<nil>,<nil>,<nil>,<nil>,<nil>,<nil>,670,<nil>
2168082265,<nil>,<nil>,<nil>,<nil>,<nil>,<nil>,<nil>,<nil>,433,<nil>
3940306764,<nil>,<nil>,<nil>,<nil>,<nil>,<nil>,<nil>,<nil>,788,<nil>
1285181273,<nil>,<nil>,<nil>,<nil>,<nil>,<nil>,<nil>,<nil>,257,<nil>
2957117649,<nil>,<nil>,<nil>,<nil>,<nil>,<nil>,<nil>,<nil>,591,<nil>
900288332,<nil>,<nil>,<nil>,<nil>,<nil>,<nil>,<nil>,<nil>,180,<nil>
2539016025,<nil>,<nil>,<nil>,<nil>,<nil>,<nil>,<nil>,<nil>,507,<nil>
1727352652,<nil>,<nil>,<nil>,<nil>,<nil>,<nil>,<nil>,<nil>,345,<nil>
1947993368,<nil>,<nil>,<nil>,<nil>,<nil>,<nil>,<nil>,<nil>,389,<nil>
3486732108,<nil>,<nil>,<nil>,<nil>,<nil>,<nil>,<nil>,<nil>,697,<nil>
1275285337,<nil>,<nil>,<nil>,<nil>,<nil>,<nil>,<nil>,<nil>,255,<nil>
2062831449,<nil>,<nil>,<nil>,<nil>,<nil>,<nil>,<nil>,<nil>,412,<nil>
970739544,<nil>,<nil>,<nil>,<nil>,<nil>,<nil>,<nil>,<nil>,194,<nil>
2775582372,<nil>,<nil>,<nil>,<nil>,<nil>,<nil>,<nil>,<nil>,555,<nil>
106581849,<nil>,<nil>,<nil>,<nil>,<nil>,<nil>,<nil>,<nil>,21,<nil>
2434617165,<nil>,<nil>,<nil>,<nil>,<nil>,<nil>,<nil>,<nil>,486,<nil>
1859342346,<nil>,<nil>,<nil>,<nil>,<nil>,<nil>,<nil>,<nil>,371,<nil>
450823449,<nil>,<nil>,<nil>,<nil>,<nil>,<nil>,<nil>,<nil>,90,<nil>
404836173,<nil>,<nil>,<nil>,<nil>,<nil>,<nil>,<nil>,<nil>,80,<nil>
3190378341,<nil>,<nil>,<nil>,<nil>,<nil>,<nil>,<nil>,<nil>,638,<nil>
563564364,<nil>,<nil>,<nil>,<nil>,<nil>,<nil>,<nil>,<nil>,112,<nil>
2834780005,<nil>,<nil>,<nil>,<nil>,<nil>,<nil>,<nil>,<nil>,566,<nil>
3054522189,<nil>,<nil>,<nil>,<nil>,<nil>,<nil>,<nil>,<nil>,610,<nil>
1036276032,<nil>,<nil>,<nil>,<nil>,<nil>,<nil>,<nil>,<nil>,207,<nil>
2691125080,<nil>,<nil>,<nil>,<nil>,<nil>,<nil>,<nil>,<nil>,538,<nil>
3216985933,<nil>,<nil>,<nil>,<nil>,<nil>,<nil>,<nil>,<nil>,643,<nil>
1103497257,<nil>,<nil>,<nil>,<nil>,<nil>,<nil>,<nil>,<nil>,220,<nil>
3130347840,<nil>,<nil>,<nil>,<nil>,<nil>,<nil>,<nil>,<nil>,626,<nil>
172379981,<nil>,<nil>,<nil>,<nil>,<nil>,<nil>,<nil>,<nil>,34,<nil>
2425160987,<nil>,<nil>,<nil>,<nil>,<nil>,<nil>,<nil>,<nil>,485,<nil>
1054887781,<nil>,<nil>,<nil>,<nil>,<nil>,<nil>,<nil>,<nil>,210,<nil>
704709913,<nil>,<nil>,<nil>,<nil>,<nil>,<nil>,<nil>,<nil>,140,<nil>
2704166745,<nil>,<nil>,<nil>,<nil>,<nil>,<nil>,<nil>,<nil>,540,<nil>
1484279641,<nil>,<nil>,<nil>,<nil>,<nil>,<nil>,<nil>,<nil>,296,<nil>
2271760204,<nil>,<nil>,<nil>,<nil>,<nil>,<nil>,<nil>,<nil>,454,<nil>
38031192,<nil>,<nil>,<nil>,<nil>,<nil>,<nil>,<nil>,<nil>,7,<nil>
2674020184,<nil>,<nil>,<nil>,<nil>,<nil>,<nil>,<nil>,<nil>,534,<nil>
372133708,<nil>,<nil>,<nil>,<nil>,<nil>,<nil>,<nil>,<nil>,74,<nil>
1705070413,<nil>,<nil>,<nil>,<nil>,<nil>,<nil>,<nil>,<nil>,341,<nil>
4179119960,<nil>,<nil>,<nil>,<nil>,<nil>,<nil>,<nil>,<nil>,835,<nil>
1848463204,<nil>,<nil>,<nil>,<nil>,<nil>,<nil>,<nil>,<nil>,369,<nil>
3682422616,<nil>,<nil>,<nil>,<nil>,<nil>,<nil>,<nil>,<nil>,736,<nil>
2305445708,<nil>,<nil>,<nil>,<nil>,<nil>,<nil>,<nil>,<nil>,461,<nil>
1602160656,<nil>,<nil>,<nil>,<nil>,<nil>,<nil>,<nil>,<nil>,320,<nil>
3296284493,<nil>,<nil>,<nil>,<nil>,<nil>,<nil>,<nil>,<nil>,659,<nil>
1056833552,<nil>,<nil>,<nil>,<nil>,<nil>,<nil>,<nil>,<nil>,211,<nil>
117788522,<nil>,<nil>,<nil>,<nil>,<nil>,<nil>,<nil>,<nil>,23,<nil>
2605928281,<nil>,<nil>,<nil>,<nil>,<nil>,<nil>,<nil>,<nil>,521,<nil>
399920997,<nil>,<nil>,<nil>,<nil>,<nil>,<nil>,<nil>,<nil>,79,<nil>
4259532620,<nil>,<nil>,<nil>,<nil>,<nil>,<nil>,<nil>,<nil>,851,<nil>
2678673252,<nil>,<nil>,<nil>,<nil>,<nil>,<nil>,<nil>,<nil>,535,<nil>
296243020,<nil>,<nil>,<nil>,<nil>,<nil>,<nil>,<nil>,<nil>,59,<nil>
2567655244,<nil>,<nil>,<nil>,<nil>,<nil>,<nil>,<nil>,<nil>,513,<nil>
4258877273,<nil>,<nil>,<nil>,<nil>,<nil>,<nil>,<nil>,<nil>,851,<nil>
2227261284,<nil>,<nil>,<nil>,<nil>,<nil>,<nil>,<nil>,<nil>,445,<nil>
3870445388,<nil>,<nil>,<nil>,<nil>,<nil>,<nil>,<nil>,<nil>,774,<nil>
2393132889,<nil>,<nil>,<nil>,<nil>,<nil>,<nil>,<nil>,<nil>,478,<nil>
548556670,<nil>,<nil>,<nil>,<nil>,<nil>,<nil>,<nil>,<nil>,109,<nil>
3094368076,<nil>,<nil>,<nil>,<nil>,<nil>,<nil>,<nil>,<nil>,618,<nil>
2047168356,<nil>,<nil>,<nil>,<nil>,<nil>,<nil>,<nil>,<nil>,409,<nil>
3890368333,<nil>,<nil>,<nil>,<nil>,<nil>,<nil>,<nil>,<nil>,778,<nil>
1357205337,<nil>,<nil>,<nil>,<nil>,<nil>,<nil>,<nil>,<nil>,271,<nil>
3379973976,<nil>,<nil>,<nil>,<nil>,<nil>,<nil>,<nil>,<nil>,675,<nil>
1878937421,<nil>,<nil>,<nil>,<nil>,<nil>,<nil>,<nil>,<nil>,375,<nil>
3938125083,<nil>,<nil>,<nil>,<nil>,<nil>,<nil>,<nil>,<nil>,787,<nil>
1740656473,<nil>,<nil>,<nil>,<nil>,<nil>,<nil>,<nil>,<nil>,348,<nil>
788876837,<nil>,<nil>,<nil>,<nil>,<nil>,<nil>,<nil>,<nil>,157,<nil>
2782004504,<nil>,<nil>,<nil>,<nil>,<nil>,<nil>,<nil>,<nil>,556,<nil>
213452463,<nil>,<nil>,<nil>,<nil>,<nil>,<nil>,<nil>,<nil>,42,<nil>
1701072729,<nil>,<nil>,<nil>,<nil>,<nil>,<nil>,<nil>,<nil>,340,<nil>
3859107660,<nil>,<nil>,<nil>,<nil>,<nil>,<nil>,<nil>,<nil>,771,<nil>
2948878168,<nil>,<nil>,<nil>,<nil>,<nil>,<nil>,<nil>,<nil>,589,<nil>
794775385,<nil>,<nil>,<nil>,<nil>,<nil>,<nil>,<nil>,<nil>,158,<nil>
3098824524,<nil>,<nil>,<nil>,<nil>,<nil>,<nil>,<nil>,<nil>,619,<nil>
2030587724,<nil>,<nil>,<nil>,<nil>,<nil>,<nil>,<nil>,<nil>,406,<nil>
3632222041,<nil>,<nil>,<nil>,<nil>,<nil>,<nil>,<nil>,<nil>,726,<nil>
2347238681,<nil>,<nil>,<nil>,<nil>,<nil>,<nil>,<nil>,<nil>,469,<nil>
12603225,<nil>,<nil>,<nil>,<nil>,<nil>,<nil>,<nil>,<nil>,2,<nil>
1087262540,<nil>,<nil>,<nil>,<nil>,<nil>,<nil>,<nil>,<nil>,217,<nil>
30101336,<nil>,<nil>,<nil>,<nil>,<nil>,<nil>,<nil>,<nil>,6,<nil>
3820113741,<nil>,<nil>,<nil>,<nil>,<nil>,<nil>,<nil>,<nil>,764,<nil>
1927088264,<nil>,<nil>,<nil>,<nil>,<nil>,<nil>,<nil>,<nil>,385,<nil>
411783012,<nil>,<nil>,<nil>,<nil>,<nil>,<nil>,<nil>,<nil>,82,<nil>
4285532160,<nil>,<nil>,<nil>,<nil>,<nil>,<nil>,<nil>,<nil>,857,<nil>
1284067161,<nil>,<nil>,<nil>,<nil>,<nil>,<nil>,<nil>,<nil>,256,<nil>
327700300,<nil>,<nil>,<nil>,<nil>,<nil>,<nil>,<nil>,<nil>,65,<nil>
2668449636,<nil>,<nil>,<nil>,<nil>,<nil>,<nil>,<nil>,<nil>,533,<nil>
608522060,<nil>,<nil>,<nil>,<nil>,<nil>,<nil>,<nil>,<nil>,121,<nil>
2969587533,<nil>,<nil>,<nil>,<nil>,<nil>,<nil>,<nil>,<nil>,593,<nil>
2179354445,<nil>,<nil>,<nil>,<nil>,<nil>,<nil>,<nil>,<nil>,435,<nil>
1095257944,<nil>,<nil>,<nil>,<nil>,<nil>,<nil>,<nil>,<nil>,219,<nil>
2377731917,<nil>,<nil>,<nil>,<nil>,<nil>,<nil>,<nil>,<nil>,475,<nil>
971704360,<nil>,<nil>,<nil>,<nil>,<nil>,<nil>,<nil>,<nil>,194,<nil>
3187429197,<nil>,<nil>,<nil>,<nil>,<nil>,<nil>,<nil>,<nil>,637,<nil>
659181401,<nil>,<nil>,<nil>,<nil>,<nil>,<nil>,<nil>,<nil>,131,<nil>
2972667736,<nil>,<nil>,<nil>,<nil>,<nil>,<nil>,<nil>,<nil>,594,<nil>
747196249,<nil>,<nil>,<nil>,<nil>,<nil>,<nil>,<nil>,<nil>,149,<nil>
1156271949,<nil>,<nil>,<nil>,<nil>,<nil>,<nil>,<nil>,<nil>,231,<nil>
3063172953,<nil>,<nil>,<nil>,<nil>,<nil>,<nil>,<nil>,<nil>,612,<nil>
779636556,<nil>,<nil>,<nil>,<nil>,<nil>,<nil>,<nil>,<nil>,155,<nil>
3452456793,<nil>,<nil>,<nil>,<nil>,<nil>,<nil>,<nil>,<nil>,690,<nil>
1276465472,<nil>,<nil>,<nil>,<nil>,<nil>,<nil>,<nil>,<nil>,255,<nil>
1844072281,<nil>,<nil>,<nil>,<nil>,<nil>,<nil>,<nil>,<nil>,368,<nil>
374474414,<nil>,<nil>,<nil>,<nil>,<nil>,<nil>,<nil>,<nil>,74,<nil>
2513194829,<nil>,<nil>,<nil>,<nil>,<nil>,<nil>,<nil>,<nil>,502,<nil>
2093024537,<nil>,<nil>,<nil>,<nil>,<nil>,<nil>,<nil>,<nil>,418,<nil>
1231572812,<nil>,<nil>,<nil>,<nil>,<nil>,<nil>,<nil>,<nil>,246,<nil>
927616856,<nil>,<nil>,<nil>,<nil>,<nil>,<nil>,<nil>,<nil>,185,<nil>
2778222437,<nil>,<nil>,<nil>,<nil>,<nil>,<nil>,<nil>,<nil>,555,<nil>
122048332,<nil>,<nil>,<nil>,<nil>,<nil>,<nil>,<nil>,<nil>,24,<nil>
2611105612,<nil>,<nil>,<nil>,<nil>,<nil>,<nil>,<nil>,<nil>,522,<nil>
225464152,<nil>,<nil>,<nil>,<nil>,<nil>,<nil>,<nil>,<nil>,45,<nil>
1140655387,<nil>,<nil>,<nil>,<nil>,<nil>,<nil>,<nil>,<nil>,228,<nil>
252643488,<nil>,<nil>,<nil>,<nil>,<nil>,<nil>,<nil>,<nil>,50,<nil>
3200929624,<nil>,<nil>,<nil>,<nil>,<nil>,<nil>,<nil>,<nil>,640,<nil>
1260932953,<nil>,<nil>,<nil>,<nil>,<nil>,<nil>,<nil>,<nil>,252,<nil>
2338672461,<nil>,<nil>,<nil>,<nil>,<nil>,<nil>,<nil>,<nil>,467,<nil>
4020195199,<nil>,<nil>,<nil>,<nil>,<nil>,<nil>,<nil>,<nil>,804,<nil>
1963609932,<nil>,<nil>,<nil>,<nil>,<nil>,<nil>,<nil>,<nil>,392,<nil>
3647688548,<nil>,<nil>,<nil>,<nil>,<nil>,<nil>,<nil>,<nil>,729,<nil>
2657111896,<nil>,<nil>,<nil>,<nil>,<nil>,<nil>,<nil>,<nil>,531,<nil>
3314175832,<nil>,<nil>,<nil>,<nil>,<nil>,<nil>,<nil>,<nil>,662,<nil>
498487129,<nil>,<nil>,<nil>,<nil>,<nil>,<nil>,<nil>,<nil>,99,<nil>
2667663192,<nil>,<nil>,<nil>,<nil>,<nil>,<nil>,<nil>,<nil>,533,<nil>
553930572,<nil>,<nil>,<nil>,<nil>,<nil>,<nil>,<nil>,<nil>,110,<nil>
2754170712,<nil>,<nil>,<nil>,<nil>,<nil>,<nil>,<nil>,<nil>,550,<nil>
1548242765,<nil>,<nil>,<nil>,<nil>,<nil>,<nil>,<nil>,<nil>,309,<nil>
3565440844,<nil>,<nil>,<nil>,<nil>,<nil>,<nil>,<nil>,<nil>,713,<nil>
970805119,<nil>,<nil>,<nil>,<nil>,<nil>,<nil>,<nil>,<nil>,194,<nil>
2794456347,<nil>,<nil>,<nil>,<nil>,<nil>,<nil>,<nil>,<nil>,558,<nil>
399396685,<nil>,<nil>,<nil>,<nil>,<nil>,<nil>,<nil>,<nil>,79,<nil>
3449835340,<nil>,<nil>,<nil>,<nil>,<nil>,<nil>,<nil>,<nil>,689,<nil>
3982839641,<nil>,<nil>,<nil>,<nil>,<nil>,<nil>,<nil>,<nil>,796,<nil>
3024899916,<nil>,<nil>,<nil>,<nil>,<nil>,<nil>,<nil>,<nil>,604,<nil>
2223571050,<nil>,<nil>,<nil>,<nil>,<nil>,<nil>,<nil>,<nil>,444,<nil>
4119088984,<nil>,<nil>,<nil>,<nil>,<nil>,<nil>,<nil>,<nil>,823,<nil>
2400669567,<nil>,<nil>,<nil>,<nil>,<nil>,<nil>,<nil>,<nil>,480,<nil>
739266392,<nil>,<nil>,<nil>,<nil>,<nil>,<nil>,<nil>,<nil>,147,<nil>
1283215181,<nil>,<nil>,<nil>,<nil>,<nil>,<nil>,<nil>,<nil>,256,<nil>
3596767052,<nil>,<nil>,<nil>,<nil>,<nil>,<nil>,<nil>,<nil>,719,<nil>
939413337,<nil>,<nil>,<nil>,<nil>,<nil>,<nil>,<nil>,<nil>,187,<nil>
3632877401,<nil>,<nil>,<nil>,<nil>,<nil>,<nil>,<nil>,<nil>,726,<nil>
1790857036,<nil>,<nil>,<nil>,<nil>,<nil>,<nil>,<nil>,<nil>,358,<nil>
3809871129,<nil>,<nil>,<nil>,<nil>,<nil>,<nil>,<nil>,<nil>,761,<nil>
3503837004,<nil>,<nil>,<nil>,<nil>,<nil>,<nil>,<nil>,<nil>,700,<nil>
4256452131,<nil>,<nil>,<nil>,<nil>,<nil>,<nil>,<nil>,<nil>,851,<nil>
1757415643,<nil>,<nil>,<nil>,<nil>,<nil>,<nil>,<nil>,<nil>,351,<nil>
3854716749,<nil>,<nil>,<nil>,<nil>,<nil>,<nil>,<nil>,<nil>,770,<nil>
3116434409,<nil>,<nil>,<nil>,<nil>,<nil>,<nil>,<nil>,<nil>,623,<nil>
59395928,<nil>,<nil>,<nil>,<nil>,<nil>,<nil>,<nil>,<nil>,11,<nil>
2117095245,<nil>,<nil>,<nil>,<nil>,<nil>,<nil>,<nil>,<nil>,423,<nil>
1567817773,<nil>,<nil>,<nil>,<nil>,<nil>,<nil>,<nil>,<nil>,313,<nil>
2563854169,<nil>,<nil>,<nil>,<nil>,<nil>,<nil>,<nil>,<nil>,512,<nil>
99288345,<nil>,<nil>,<nil>,<nil>,<nil>,<nil>,<nil>,<nil>,19,<nil>
588599128,<nil>,<nil>,<nil>,<nil>,<nil>,<nil>,<nil>,<nil>,117,<nil>
2551336804,<nil>,<nil>,<nil>,<nil>,<nil>,<nil>,<nil>,<nil>,510,<nil>
78925644,<nil>,<nil>,<nil>,<nil>,<nil>,<nil>,<nil>,<nil>,15,<nil>
1463242573,<nil>,<nil>,<nil>,<nil>,<nil>,<nil>,<nil>,<nil>,292,<nil>
3928510284,<nil>,<nil>,<nil>,<nil>,<nil>,<nil>,<nil>,<nil>,785,<nil>
4134358861,<nil>,<nil>,<nil>,<nil>,<nil>,<nil>,<nil>,<nil>,826,<nil>
2327400269,<nil>,<nil>,<nil>,<nil>,<nil>,<nil>,<nil>,<nil>,465,<nil>
1779781464,<nil>,<nil>,<nil>,<nil>,<nil>,<nil>,<nil>,<nil>,355,<nil>
4037037924,<nil>,<nil>,<nil>,<nil>,<nil>,<nil>,<nil>,<nil>,807,<nil>
3169584411,<nil>,<nil>,<nil>,<nil>,<nil>,<nil>,<nil>,<nil>,633,<nil>
1406881612,<nil>,<nil>,<nil>,<nil>,<nil>,<nil>,<nil>,<nil>,281,<nil>
2381467481,<nil>,<nil>,<nil>,<nil>,<nil>,<nil>,<nil>,<nil>,476,<nil>
96358220,<nil>,<nil>,<nil>,<nil>,<nil>,<nil>,<nil>,<nil>,19,<nil>
2081574782,<nil>,<nil>,<nil>,<nil>,<nil>,<nil>,<nil>,<nil>,416,<nil>
3239333732,<nil>,<nil>,<nil>,<nil>,<nil>,<nil>,<nil>,<nil>,647,<nil>
1119028900,<nil>,<nil>,<nil>,<nil>,<nil>,<nil>,<nil>,<nil>,223,<nil>
3643756388,<nil>,<nil>,<nil>,<nil>,<nil>,<nil>,<nil>,<nil>,728,<nil>
2281197388,<nil>,<nil>,<nil>,<nil>,<nil>,<nil>,<nil>,<nil>,456,<nil>
1181549851,<nil>,<nil>,<nil>,<nil>,<nil>,<nil>,<nil>,<nil>,236,<nil>
2143047500,<nil>,<nil>,<nil>,<nil>,<nil>,<nil>,<nil>,<nil>,428,<nil>
3342421849,<nil>,<nil>,<nil>,<nil>,<nil>,<nil>,<nil>,<nil>,668,<nil>
1654280024,<nil>,<nil>,<nil>,<nil>,<nil>,<nil>,<nil>,<nil>,330,<nil>
3641902363,<nil>,<nil>,<nil>,<nil>,<nil>,<nil>,<nil>,<nil>,728,<nil>
2209042265,<nil>,<nil>,<nil>,<nil>,<nil>,<nil>,<nil>,<nil>,441,<nil>
672354136,<nil>,<nil>,<nil>,<nil>,<nil>,<nil>,<nil>,<nil>,134,<nil>
2444906329,<nil>,<nil>,<nil>,<nil>,<nil>,<nil>,<nil>,<nil>,488,<nil>
1070681933,<nil>,<nil>,<nil>,<nil>,<nil>,<nil>,<nil>,<nil>,214,<nil>
2003652429,<nil>,<nil>,<nil>,<nil>,<nil>,<nil>,<nil>,<nil>,400,<nil>
3917893465,<nil>,<nil>,<nil>,<nil>,<nil>,<nil>,<nil>,<nil>,783,<nil>
1801539405,<nil>,<nil>,<nil>,<nil>,<nil>,<nil>,<nil>,<nil>,360,<nil>
2561606939,<nil>,<nil>,<nil>,<nil>,<nil>,<nil>,<nil>,<nil>,512,<nil>
963858265,<nil>,<nil>,<nil>,<nil>,<nil>,<nil>,<nil>,<nil>,192,<nil>
2331594572,<nil>,<nil>,<nil>,<nil>,<nil>,<nil>,<nil>,<nil>,466,<nil>
836980746,<nil>,<nil>,<nil>,<nil>,<nil>,<nil>,<nil>,<nil>,167,<nil>
2275495756,<nil>,<nil>,<nil>,<nil>,<nil>,<nil>,<nil>,<nil>,455,<nil>
781715456,<nil>,<nil>,<nil>,<nil>,<nil>,<nil>,<nil>,<nil>,156,<nil>
3248181081,<nil>,<nil>,<nil>,<nil>,<nil>,<nil>,<nil>,<nil>,649,<nil>
2560773976,<nil>,<nil>,<nil>,<nil>,<nil>,<nil>,<nil>,<nil>,512,<nil>
186928985,<nil>,<nil>,<nil>,<nil>,<nil>,<nil>,<nil>,<nil>,37,<nil>
3536539480,<nil>,<nil>,<nil>,<nil>,<nil>,<nil>,<nil>,<nil>,707,<nil>
2422558541,<nil>,<nil>,<nil>,<nil>,<nil>,<nil>,<nil>,<nil>,484,<nil>
444092236,<nil>,<nil>,<nil>,<nil>,<nil>,<nil>,<nil>,<nil>,88,<nil>
3739551406,<nil>,<nil>,<nil>,<nil>,<nil>,<nil>,<nil>,<nil>,747,<nil>
3145486168,<nil>,<nil>,<nil>,<nil>,<nil>,<nil>,<nil>,<nil>,629,<nil>
1940082509,<nil>,<nil>,<nil>,<nil>,<nil>,<nil>,<nil>,<nil>,388,<nil>
4232007512,<nil>,<nil>,<nil>,<nil>,<nil>,<nil>,<nil>,<nil>,846,<nil>
1707691865,<nil>,<nil>,<nil>,<nil>,<nil>,<nil>,<nil>,<nil>,341,<nil>
490229593,<nil>,<nil>,<nil>,<nil>,<nil>,<nil>,<nil>,<nil>,98,<nil>
3742501024,<nil>,<nil>,<nil>,<nil>,<nil>,<nil>,<nil>,<nil>,748,<nil>
1843875661,<nil>,<nil>,<nil>,<nil>,<nil>,<nil>,<nil>,<nil>,368,<nil>
102434480,<nil>,<nil>,<nil>,<nil>,<nil>,<nil>,<nil>,<nil>,20,<nil>
1326272333,<nil>,<nil>,<nil>,<nil>,<nil>,<nil>,<nil>,<nil>,265,<nil>
4168437604,<nil>,<nil>,<nil>,<nil>,<nil>,<nil>,<nil>,<nil>,833,<nil>
2341537049,<nil>,<nil>,<nil>,<nil>,<nil>,<nil>,<nil>,<nil>,468,<nil>
265506649,<nil>,<nil>,<nil>,<nil>,<nil>,<nil>,<nil>,<nil>,53,<nil>
3158200153,<nil>,<nil>,<nil>,<nil>,<nil>,<nil>,<nil>,<nil>,631,<nil>
1041629290,<nil>,<nil>,<nil>,<nil>,<nil>,<nil>,<nil>,<nil>,208,<nil>
3804057420,<nil>,<nil>,<nil>,<nil>,<nil>,<nil>,<nil>,<nil>,760,<nil>
1215582079,<nil>,<nil>,<nil>,<nil>,<nil>,<nil>,<nil>,<nil>,243,<nil>
3212070732,<nil>,<nil>,<nil>,<nil>,<nil>,<nil>,<nil>,<nil>,642,<nil>
665538380,<nil>,<nil>,<nil>,<nil>,<nil>,<nil>,<nil>,<nil>,133,<nil>
2792031210,<nil>,<nil>,<nil>,<nil>,<nil>,<nil>,<nil>,<nil>,558,<nil>
906579788,<nil>,<nil>,<nil>,<nil>,<nil>,<nil>,<nil>,<nil>,181,<nil>
4018556761,<nil>,<nil>,<nil>,<nil>,<nil>,<nil>,<nil>,<nil>,803,<nil>
3818213208,<nil>,<nil>,<nil>,<nil>,<nil>,<nil>,<nil>,<nil>,763,<nil>
2880786252,<nil>,<nil>,<nil>,<nil>,<nil>,<nil>,<nil>,<nil>,576,<nil>
3178254157,<nil>,<nil>,<nil>,<nil>,<nil>,<nil>,<nil>,<nil>,635,<nil>
1774913200,<nil>,<nil>,<nil>,<nil>,<nil>,<nil>,<nil>,<nil>,354,<nil>
3893579301,<nil>,<nil>,<nil>,<nil>,<nil>,<nil>,<nil>,<nil>,778,<nil>
1888159784,<nil>,<nil>,<nil>,<nil>,<nil>,<nil>,<nil>,<nil>,377,<nil>
3492958040,<nil>,<nil>,<nil>,<nil>,<nil>,<nil>,<nil>,<nil>,698,<nil>
2715504472,<nil>,<nil>,<nil>,<nil>,<nil>,<nil>,<nil>,<nil>,543,<nil>
2334478156,<nil>,<nil>,<nil>,<nil>,<nil>,<nil>,<nil>,<nil>,466,<nil>
268193625,<nil>,<nil>,<nil>,<nil>,<nil>,<nil>,<nil>,<nil>,53,<nil>
2881376088,<nil>,<nil>,<nil>,<nil>,<nil>,<nil>,<nil>,<nil>,576,<nil>
1316376396,<nil>,<nil>,<nil>,<nil>,<nil>,<nil>,<nil>,<nil>,263,<nil>
3545976665,<nil>,<nil>,<nil>,<nil>,<nil>,<nil>,<nil>,<nil>,709,<nil>
1353910272,<nil>,<nil>,<nil>,<nil>,<nil>,<nil>,<nil>,<nil>,270,<nil>
3159052108,<nil>,<nil>,<nil>,<nil>,<nil>,<nil>,<nil>,<nil>,631,<nil>
1364152152,<nil>,<nil>,<nil>,<nil>,<nil>,<nil>,<nil>,<nil>,272,<nil>
1025837096,<nil>,<nil>,<nil>,<nil>,<nil>,<nil>,<nil>,<nil>,205,<nil>
2626375512,<nil>,<nil>,<nil>,<nil>,<nil>,<nil>,<nil>,<nil>,525,<nil>
401166169,<nil>,<nil>,<nil>,<nil>,<nil>,<nil>,<nil>,<nil>,80,<nil>
3609349965,<nil>,<nil>,<nil>,<nil>,<nil>,<nil>,<nil>,<nil>,721,<nil>
2977648473,<nil>,<nil>,<nil>,<nil>,<nil>,<nil>,<nil>,<nil>,595,<nil>
2815821840,<nil>,<nil>,<nil>,<nil>,<nil>,<nil>,<nil>,<nil>,563,<nil>
2867547980,<nil>,<nil>,<nil>,<nil>,<nil>,<nil>,<nil>,<nil>,573,<nil>
2230519808,<nil>,<nil>,<nil>,<nil>,<nil>,<nil>,<nil>,<nil>,446,<nil>
3842836496,<nil>,<nil>,<nil>,<nil>,<nil>,<nil>,<nil>,<nil>,768,<nil>
1410944845,<nil>,<nil>,<nil>,<nil>,<nil>,<nil>,<nil>,<nil>,282,<nil>
2365542233,<nil>,<nil>,<nil>,<nil>,<nil>,<nil>,<nil>,<nil>,473,<nil>
534073176,<nil>,<nil>,<nil>,<nil>,<nil>,<nil>,<nil>,<nil>,106,<nil>
2896645977,<nil>,<nil>,<nil>,<nil>,<nil>,<nil>,<nil>,<nil>,579,<nil>
908676940,<nil>,<nil>,<nil>,<nil>,<nil>,<nil>,<nil>,<nil>,181,<nil>
2146520920,<nil>,<nil>,<nil>,<nil>,<nil>,<nil>,<nil>,<nil>,429,<nil>
772089706,<nil>,<nil>,<nil>,<nil>,<nil>,<nil>,<nil>,<nil>,154,<nil>
1188777816,<nil>,<nil>,<nil>,<nil>,<nil>,<nil>,<nil>,<nil>,237,<nil>
4107358028,<nil>,<nil>,<nil>,<nil>,<nil>,<nil>,<nil>,<nil>,821,<nil>
1062555481,<nil>,<nil>,<nil>,<nil>,<nil>,<nil>,<nil>,<nil>,212,<nil>
2957772059,<nil>,<nil>,<nil>,<nil>,<nil>,<nil>,<nil>,<nil>,591,<nil>
1206341465,<nil>,<nil>,<nil>,<nil>,<nil>,<nil>,<nil>,<nil>,241,<nil>
3504154473,<nil>,<nil>,<nil>,<nil>,<nil>,<nil>,<nil>,<nil>,700,<nil>
685461336,<nil>,<nil>,<nil>,<nil>,<nil>,<nil>,<nil>,<nil>,137,<nil>
3743482857,<nil>,<nil>,<nil>,<nil>,<nil>,<nil>,<nil>,<nil>,748,<nil>
854413145,<nil>,<nil>,<nil>,<nil>,<nil>,<nil>,<nil>,<nil>,170,<nil>
3424454816,<nil>,<nil>,<nil>,<nil>,<nil>,<nil>,<nil>,<nil>,684,<nil>
1522880333,<nil>,<nil>,<nil>,<nil>,<nil>,<nil>,<nil>,<nil>,304,<nil>
1629441892,<nil>,<nil>,<nil>,<nil>,<nil>,<nil>,<nil>,<nil>,325,<nil>
347230040,<nil>,<nil>,<nil>,<nil>,<nil>,<nil>,<nil>,<nil>,69,<nil>
1102991180,<nil>,<nil>,<nil>,<nil>,<nil>,<nil>,<nil>,<nil>,220,<nil>
597708632,<nil>,<nil>,<nil>,<nil>,<nil>,<nil>,<nil>,<nil>,119,<nil>
2440300753,<nil>,<nil>,<nil>,<nil>,<nil>,<nil>,<nil>,<nil>,488,<nil>
542199640,<nil>,<nil>,<nil>,<nil>,<nil>,<nil>,<nil>,<nil>,108,<nil>
923815757,<nil>,<nil>,<nil>,<nil>,<nil>,<nil>,<nil>,<nil>,184,<nil>
2819903309,<nil>,<nil>,<nil>,<nil>,<nil>,<nil>,<nil>,<nil>,563,<nil>
624775012,<nil>,<nil>,<nil>,<nil>,<nil>,<nil>,<nil>,<nil>,124,<nil>
1288767697,<nil>,<nil>,<nil>,<nil>,<nil>,<nil>,<nil>,<nil>,257,<nil>
3120170264,<nil>,<nil>,<nil>,<nil>,<nil>,<nil>,<nil>,<nil>,624,<nil>
1157648205,<nil>,<nil>,<nil>,<nil>,<nil>,<nil>,<nil>,<nil>,231,<nil>
3930786001,<nil>,<nil>,<nil>,<nil>,<nil>,<nil>,<nil>,<nil>,786,<nil>
1730564516,<nil>,<nil>,<nil>,<nil>,<nil>,<nil>,<nil>,<nil>,346,<nil>
4240199513,<nil>,<nil>,<nil>,<nil>,<nil>,<nil>,<nil>,<nil>,848,<nil>
1949912920,<nil>,<nil>,<nil>,<nil>,<nil>,<nil>,<nil>,<nil>,389,<nil>
4256892185,<nil>,<nil>,<nil>,<nil>,<nil>,<nil>,<nil>,<nil>,851,<nil>
1510690649,<nil>,<nil>,<nil>,<nil>,<nil>,<nil>,<nil>,<nil>,302,<nil>
3964292940,<nil>,<nil>,<nil>,<nil>,<nil>,<nil>,<nil>,<nil>,792,<nil>
3168143456,<nil>,<nil>,<nil>,<nil>,<nil>,<nil>,<nil>,<nil>,633,<nil>
1443319640,<nil>,<nil>,<nil>,<nil>,<nil>,<nil>,<nil>,<nil>,288,<nil>
3344846680,<nil>,<nil>,<nil>,<nil>,<nil>,<nil>,<nil>,<nil>,668,<nil>
664424269,<nil>,<nil>,<nil>,<nil>,<nil>,<nil>,<nil>,<nil>,132,<nil>
3729739608,<nil>,<nil>,<nil>,<nil>,<nil>,<nil>,<nil>,<nil>,745,<nil>
3285798744,<nil>,<nil>,<nil>,<nil>,<nil>,<nil>,<nil>,<nil>,657,<nil>
1019891532,<nil>,<nil>,<nil>,<nil>,<nil>,<nil>,<nil>,<nil>,203,<nil>
2773831500,<nil>,<nil>,<nil>,<nil>,<nil>,<nil>,<nil>,<nil>,554,<nil>
843140941,<nil>,<nil>,<nil>,<nil>,<nil>,<nil>,<nil>,<nil>,168,<nil>
3568568480,<nil>,<nil>,<nil>,<nil>,<nil>,<nil>,<nil>,<nil>,713,<nil>
1846674715,<nil>,<nil>,<nil>,<nil>,<nil>,<nil>,<nil>,<nil>,369,<nil>
191039648,<nil>,<nil>,<nil>,<nil>,<nil>,<nil>,<nil>,<nil>,38,<nil>
766791500,<nil>,<nil>,<nil>,<nil>,<nil>,<nil>,<nil>,<nil>,153,<nil>
2762933531,<nil>,<nil>,<nil>,<nil>,<nil>,<nil>,<nil>,<nil>,552,<nil>
1175015245,<nil>,<nil>,<nil>,<nil>,<nil>,<nil>,<nil>,<nil>,235,<nil>
1072779109,<nil>,<nil>,<nil>,<nil>,<nil>,<nil>,<nil>,<nil>,214,<nil>
3192999768,<nil>,<nil>,<nil>,<nil>,<nil>,<nil>,<nil>,<nil>,638,<nil>
1962823500,<nil>,<nil>,<nil>,<nil>,<nil>,<nil>,<nil>,<nil>,392,<nil>
2539736921,<nil>,<nil>,<nil>,<nil>,<nil>,<nil>,<nil>,<nil>,507,<nil>
4281880397,<nil>,<nil>,<nil>,<nil>,<nil>,<nil>,<nil>,<nil>,856,<nil>
1235242829,<nil>,<nil>,<nil>,<nil>,<nil>,<nil>,<nil>,<nil>,247,<nil>
2996391769,<nil>,<nil>,<nil>,<nil>,<nil>,<nil>,<nil>,<nil>,599,<nil>
1165971288,<nil>,<nil>,<nil>,<nil>,<nil>,<nil>,<nil>,<nil>,233,<nil>
2646101849,<nil>,<nil>,<nil>,<nil>,<nil>,<nil>,<nil>,<nil>,529,<nil>
1110265688,<nil>,<nil>,<nil>,<nil>,<nil>,<nil>,<nil>,<nil>,222,<nil>
485163119,<nil>,<nil>,<nil>,<nil>,<nil>,<nil>,<nil>,<nil>,97,<nil>
1890209613,<nil>,<nil>,<nil>,<nil>,<nil>,<nil>,<nil>,<nil>,378,<nil>
3787018061,<nil>,<nil>,<nil>,<nil>,<nil>,<nil>,<nil>,<nil>,757,<nil>
1514884940,<nil>,<nil>,<nil>,<nil>,<nil>,<nil>,<nil>,<nil>,302,<nil>
3730132813,<nil>,<nil>,<nil>,<nil>,<nil>,<nil>,<nil>,<nil>,746,<nil>
199689904,<nil>,<nil>,<nil>,<nil>,<nil>,<nil>,<nil>,<nil>,39,<nil>
1851412312,<nil>,<nil>,<nil>,<nil>,<nil>,<nil>,<nil>,<nil>,370,<nil>
180703052,<nil>,<nil>,<nil>,<nil>,<nil>,<nil>,<nil>,<nil>,36,<nil>
2279558988,<nil>,<nil>,<nil>,<nil>,<nil>,<nil>,<nil>,<nil>,455,<nil>
4066463577,<nil>,<nil>,<nil>,<nil>,<nil>,<nil>,<nil>,<nil>,813,<nil>
2540654413,<nil>,<nil>,<nil>,<nil>,<nil>,<nil>,<nil>,<nil>,508,<nil>
4142944077,<nil>,<nil>,<nil>,<nil>,<nil>,<nil>,<nil>,<nil>,828,<nil>
2027029786,<nil>,<nil>,<nil>,<nil>,<nil>,<nil>,<nil>,<nil>,405,<nil>
514346840,<nil>,<nil>,<nil>,<nil>,<nil>,<nil>,<nil>,<nil>,102,<nil>
3710453824,<nil>,<nil>,<nil>,<nil>,<nil>,<nil>,<nil>,<nil>,742,<nil>
874729293,<nil>,<nil>,<nil>,<nil>,<nil>,<nil>,<nil>,<nil>,174,<nil>
3645394776,<nil>,<nil>,<nil>,<nil>,<nil>,<nil>,<nil>,<nil>,729,<nil>
4258746218,<nil>,<nil>,<nil>,<nil>,<nil>,<nil>,<nil>,<nil>,851,<nil>
2442331418,<nil>,<nil>,<nil>,<nil>,<nil>,<nil>,<nil>,<nil>,488,<nil>
1499811672,<nil>,<nil>,<nil>,<nil>,<nil>,<nil>,<nil>,<nil>,299,<nil>
57626445,<nil>,<nil>,<nil>,<nil>,<nil>,<nil>,<nil>,<nil>,11,<nil>
1820020569,<nil>,<nil>,<nil>,<nil>,<nil>,<nil>,<nil>,<nil>,364,<nil>
3718008665,<nil>,<nil>,<nil>,<nil>,<nil>,<nil>,<nil>,<nil>,743,<nil>
2451001176,<nil>,<nil>,<nil>,<nil>,<nil>,<nil>,<nil>,<nil>,490,<nil>
412943337,<nil>,<nil>,<nil>,<nil>,<nil>,<nil>,<nil>,<nil>,82,<nil>
2213546203,<nil>,<nil>,<nil>,<nil>,<nil>,<nil>,<nil>,<nil>,442,<nil>
3726659417,<nil>,<nil>,<nil>,<nil>,<nil>,<nil>,<nil>,<nil>,745,<nil>
1442271052,<nil>,<nil>,<nil>,<nil>,<nil>,<nil>,<nil>,<nil>,288,<nil>
3487715148,<nil>,<nil>,<nil>,<nil>,<nil>,<nil>,<nil>,<nil>,697,<nil>
1692421976,<nil>,<nil>,<nil>,<nil>,<nil>,<nil>,<nil>,<nil>,338,<nil>
1630031704,<nil>,<nil>,<nil>,<nil>,<nil>,<nil>,<nil>,<nil>,326,<nil>
3390459725,<nil>,<nil>,<nil>,<nil>,<nil>,<nil>,<nil>,<nil>,678,<nil>
2150780748,<nil>,<nil>,<nil>,<nil>,<nil>,<nil>,<nil>,<nil>,430,<nil>
3351793485,<nil>,<nil>,<nil>,<nil>,<nil>,<nil>,<nil>,<nil>,670,<nil>
2412531557,<nil>,<nil>,<nil>,<nil>,<nil>,<nil>,<nil>,<nil>,482,<nil>
4113911641,<nil>,<nil>,<nil>,<nil>,<nil>,<nil>,<nil>,<nil>,822,<nil>
2710982476,<nil>,<nil>,<nil>,<nil>,<nil>,<nil>,<nil>,<nil>,542,<nil>
52186969,<nil>,<nil>,<nil>,<nil>,<nil>,<nil>,<nil>,<nil>,10,<nil>
3589933056,<nil>,<nil>,<nil>,<nil>,<nil>,<nil>,<nil>,<nil>,717,<nil>
4198631632,<nil>,<nil>,<nil>,<nil>,<nil>,<nil>,<nil>,<nil>,839,<nil>
2004963148,<nil>,<nil>,<nil>,<nil>,<nil>,<nil>,<nil>,<nil>,400,<nil>
3200536409,<nil>,<nil>,<nil>,<nil>,<nil>,<nil>,<nil>,<nil>,640,<nil>
2420592473,<nil>,<nil>,<nil>,<nil>,<nil>,<nil>,<nil>,<nil>,484,<nil>
181292888,<nil>,<nil>,<nil>,<nil>,<nil>,<nil>,<nil>,<nil>,36,<nil>
2222542680,<nil>,<nil>,<nil>,<nil>,<nil>,<nil>,<nil>,<nil>,444,<nil>
186845200,<nil>,<nil>,<nil>,<nil>,<nil>,<nil>,<nil>,<nil>,37,<nil>
1604210521,<nil>,<nil>,<nil>,<nil>,<nil>,<nil>,<nil>,<nil>,320,<nil>
1421346468,<nil>,<nil>,<nil>,<nil>,<nil>,<nil>,<nil>,<nil>,284,<nil>
822609177,<nil>,<nil>,<nil>,<nil>,<nil>,<nil>,<nil>,<nil>,164,<nil>
2954448729,<nil>,<nil>,<nil>,<nil>,<nil>,<nil>,<nil>,<nil>,590,<nil>
1411600204,<nil>,<nil>,<nil>,<nil>,<nil>,<nil>,<nil>,<nil>,282,<nil>
220155749,<nil>,<nil>,<nil>,<nil>,<nil>,<nil>,<nil>,<nil>,44,<nil>
2663468889,<nil>,<nil>,<nil>,<nil>,<nil>,<nil>,<nil>,<nil>,532,<nil>
2171555660,<nil>,<nil>,<nil>,<nil>,<nil>,<nil>,<nil>,<nil>,434,<nil>
842813273,<nil>,<nil>,<nil>,<nil>,<nil>,<nil>,<nil>,<nil>,168,<nil>
2545962829,<nil>,<nil>,<nil>,<nil>,<nil>,<nil>,<nil>,<nil>,509,<nil>
284512088,<nil>,<nil>,<nil>,<nil>,<nil>,<nil>,<nil>,<nil>,56,<nil>
3471377691,<nil>,<nil>,<nil>,<nil>,<nil>,<nil>,<nil>,<nil>,694,<nil>
135286616,<nil>,<nil>,<nil>,<nil>,<nil>,<nil>,<nil>,<nil>,27,<nil>
3068788842,<nil>,<nil>,<nil>,<nil>,<nil>,<nil>,<nil>,<nil>,613,<nil>
2331332441,<nil>,<nil>,<nil>,<nil>,<nil>,<nil>,<nil>,<nil>,466,<nil>
310758878,<nil>,<nil>,<nil>,<nil>,<nil>,<nil>,<nil>,<nil>,62,<nil>
2127122265,<nil>,<nil>,<nil>,<nil>,<nil>,<nil>,<nil>,<nil>,425,<nil>
1502283995,<nil>,<nil>,<nil>,<nil>,<nil>,<nil>,<nil>,<nil>,300,<nil>
3201519460,<nil>,<nil>,<nil>,<nil>,<nil>,<nil>,<nil>,<nil>,640,<nil>
766642312,<nil>,<nil>,<nil>,<nil>,<nil>,<nil>,<nil>,<nil>,153,<nil>
2498973517,<nil>,<nil>,<nil>,<nil>,<nil>,<nil>,<nil>,<nil>,499,<nil>
896421733,<nil>,<nil>,<nil>,<nil>,<nil>,<nil>,<nil>,<nil>,179,<nil>
1847611213,<nil>,<nil>,<nil>,<nil>,<nil>,<nil>,<nil>,<nil>,369,<nil>
143927146,<nil>,<nil>,<nil>,<nil>,<nil>,<nil>,<nil>,<nil>,28,<nil>
2233683789,<nil>,<nil>,<nil>,<nil>,<nil>,<nil>,<nil>,<nil>,446,<nil>
2168147801,<nil>,<nil>,<nil>,<nil>,<nil>,<nil>,<nil>,<nil>,433,<nil>
4201074509,<nil>,<nil>,<nil>,<nil>,<nil>,<nil>,<nil>,<nil>,840,<nil>
2678476632,<nil>,<nil>,<nil>,<nil>,<nil>,<nil>,<nil>,<nil>,535,<nil>
440618829,<nil>,<nil>,<nil>,<nil>,<nil>,<nil>,<nil>,<nil>,88,<nil>
386140160,<nil>,<nil>,<nil>,<nil>,<nil>,<nil>,<nil>,<nil>,77,<nil>
1924222796,<nil>,<nil>,<nil>,<nil>,<nil>,<nil>,<nil>,<nil>,384,<nil>
4081321241,<nil>,<nil>,<nil>,<nil>,<nil>,<nil>,<nil>,<nil>,816,<nil>
1449414477,<nil>,<nil>,<nil>,<nil>,<nil>,<nil>,<nil>,<nil>,289,<nil>
3765784396,<nil>,<nil>,<nil>,<nil>,<nil>,<nil>,<nil>,<nil>,753,<nil>
2822907752,<nil>,<nil>,<nil>,<nil>,<nil>,<nil>,<nil>,<nil>,564,<nil>
880955225,<nil>,<nil>,<nil>,<nil>,<nil>,<nil>,<nil>,<nil>,176,<nil>
4083306328,<nil>,<nil>,<nil>,<nil>,<nil>,<nil>,<nil>,<nil>,816,<nil>
2680377165,<nil>,<nil>,<nil>,<nil>,<nil>,<nil>,<nil>,<nil>,536,<nil>
95692644,<nil>,<nil>,<nil>,<nil>,<nil>,<nil>,<nil>,<nil>,19,<nil>
2475118413,<nil>,<nil>,<nil>,<nil>,<nil>,<nil>,<nil>,<nil>,495,<nil>
3437317965,<nil>,<nil>,<nil>,<nil>,<nil>,<nil>,<nil>,<nil>,687,<nil>
1678115816,<nil>,<nil>,<nil>,<nil>,<nil>,<nil>,<nil>,<nil>,335,<nil>
56315749,<nil>,<nil>,<nil>,<nil>,<nil>,<nil>,<nil>,<nil>,11,<nil>
3759165273,<nil>,<nil>,<nil>,<nil>,<nil>,<nil>,<nil>,<nil>,751,<nil>
1901070496,<nil>,<nil>,<nil>,<nil>,<nil>,<nil>,<nil>,<nil>,380,<nil>
620038144,<nil>,<nil>,<nil>,<nil>,<nil>,<nil>,<nil>,<nil>,124,<nil>
2021412696,<nil>,<nil>,<nil>,<nil>,<nil>,<nil>,<nil>,<nil>,404,<nil>
4132196197,<nil>,<nil>,<nil>,<nil>,<nil>,<nil>,<nil>,<nil>,826,<nil>
2118143821,<nil>,<nil>,<nil>,<nil>,<nil>,<nil>,<nil>,<nil>,423,<nil>
743395160,<nil>,<nil>,<nil>,<nil>,<nil>,<nil>,<nil>,<nil>,148,<nil>
2655323419,<nil>,<nil>,<nil>,<nil>,<nil>,<nil>,<nil>,<nil>,531,<nil>
1295470437,<nil>,<nil>,<nil>,<nil>,<nil>,<nil>,<nil>,<nil>,259,<nil>
3256504140,<nil>,<nil>,<nil>,<nil>,<nil>,<nil>,<nil>,<nil>,651,<nil>
3038793549,<nil>,<nil>,<nil>,<nil>,<nil>,<nil>,<nil>,<nil>,607,<nil>
1661816664,<nil>,<nil>,<nil>,<nil>,<nil>,<nil>,<nil>,<nil>,332,<nil>
3928706904,<nil>,<nil>,<nil>,<nil>,<nil>,<nil>,<nil>,<nil>,785,<nil>
1916994843,<nil>,<nil>,<nil>,<nil>,<nil>,<nil>,<nil>,<nil>,383,<nil>
3826190496,<nil>,<nil>,<nil>,<nil>,<nil>,<nil>,<nil>,<nil>,765,<nil>
1201688409,<nil>,<nil>,<nil>,<nil>,<nil>,<nil>,<nil>,<nil>,240,<nil>
3506196300,<nil>,<nil>,<nil>,<nil>,<nil>,<nil>,<nil>,<nil>,701,<nil>
2483685028,<nil>,<nil>,<nil>,<nil>,<nil>,<nil>,<nil>,<nil>,496,<nil>
4276309849,<nil>,<nil>,<nil>,<nil>,<nil>,<nil>,<nil>,<nil>,855,<nil>
1786905881,<nil>,<nil>,<nil>,<nil>,<nil>,<nil>,<nil>,<nil>,357,<nil>
3334426457,<nil>,<nil>,<nil>,<nil>,<nil>,<nil>,<nil>,<nil>,666,<nil>
1301154001,<nil>,<nil>,<nil>,<nil>,<nil>,<nil>,<nil>,<nil>,260,<nil>
1732923213,<nil>,<nil>,<nil>,<nil>,<nil>,<nil>,<nil>,<nil>,346,<nil>
3948152968,<nil>,<nil>,<nil>,<nil>,<nil>,<nil>,<nil>,<nil>,789,<nil>
1949257548,<nil>,<nil>,<nil>,<nil>,<nil>,<nil>,<nil>,<nil>,389,<nil>
3244445541,<nil>,<nil>,<nil>,<nil>,<nil>,<nil>,<nil>,<nil>,648,<nil>
803557209,<nil>,<nil>,<nil>,<nil>,<nil>,<nil>,<nil>,<nil>,160,<nil>
2699120473,<nil>,<nil>,<nil>,<nil>,<nil>,<nil>,<nil>,<nil>,539,<nil>
279793496,<nil>,<nil>,<nil>,<nil>,<nil>,<nil>,<nil>,<nil>,55,<nil>
2928889677,<nil>,<nil>,<nil>,<nil>,<nil>,<nil>,<nil>,<nil>,585,<nil>
1868255065,<nil>,<nil>,<nil>,<nil>,<nil>,<nil>,<nil>,<nil>,373,<nil>
1039814477,<nil>,<nil>,<nil>,<nil>,<nil>,<nil>,<nil>,<nil>,207,<nil>
3854042788,<nil>,<nil>,<nil>,<nil>,<nil>,<nil>,<nil>,<nil>,770,<nil>
1734037337,<nil>,<nil>,<nil>,<nil>,<nil>,<nil>,<nil>,<nil>,346,<nil>
3041873741,<nil>,<nil>,<nil>,<nil>,<nil>,<nil>,<nil>,<nil>,608,<nil>
1066225484,<nil>,<nil>,<nil>,<nil>,<nil>,<nil>,<nil>,<nil>,213,<nil>
840519500,<nil>,<nil>,<nil>,<nil>,<nil>,<nil>,<nil>,<nil>,168,<nil>
3809562457,<nil>,<nil>,<nil>,<nil>,<nil>,<nil>,<nil>,<nil>,761,<nil>
326127461,<nil>,<nil>,<nil>,<nil>,<nil>,<nil>,<nil>,<nil>,65,<nil>
2182696793,<nil>,<nil>,<nil>,<nil>,<nil>,<nil>,<nil>,<nil>,436,<nil>
715673445,<nil>,<nil>,<nil>,<nil>,<nil>,<nil>,<nil>,<nil>,143,<nil>
4222429033,<nil>,<nil>,<nil>,<nil>,<nil>,<nil>,<nil>,<nil>,844,<nil>
1269321560,<nil>,<nil>,<nil>,<nil>,<nil>,<nil>,<nil>,<nil>,253,<nil>
261687312,<nil>,<nil>,<nil>,<nil>,<nil>,<nil>,<nil>,<nil>,52,<nil>
1420625584,<nil>,<nil>,<nil>,<nil>,<nil>,<nil>,<nil>,<nil>,284,<nil>
3054260044,<nil>,<nil>,<nil>,<nil>,<nil>,<nil>,<nil>,<nil>,610,<nil>
1541623628,<nil>,<nil>,<nil>,<nil>,<nil>,<nil>,<nil>,<nil>,308,<nil>
3819458392,<nil>,<nil>,<nil>,<nil>,<nil>,<nil>,<nil>,<nil>,763,<nil>
1634815845,<nil>,<nil>,<nil>,<nil>,<nil>,<nil>,<nil>,<nil>,326,<nil>
45043532,<nil>,<nil>,<nil>,<nil>,<nil>,<nil>,<nil>,<nil>,9,<nil>
292357403,<nil>,<nil>,<nil>,<nil>,<nil>,<nil>,<nil>,<nil>,58,<nil>
2230538072,<nil>,<nil>,<nil>,<nil>,<nil>,<nil>,<nil>,<nil>,446,<nil>
4115943244,<nil>,<nil>,<nil>,<nil>,<nil>,<nil>,<nil>,<nil>,823,<nil>
2010271564,<nil>,<nil>,<nil>,<nil>,<nil>,<nil>,<nil>,<nil>,402,<nil>
2415808345,<nil>,<nil>,<nil>,<nil>,<nil>,<nil>,<nil>,<nil>,483,<nil>
207572836,<nil>,<nil>,<nil>,<nil>,<nil>,<nil>,<nil>,<nil>,41,<nil>
2195935053,<nil>,<nil>,<nil>,<nil>,<nil>,<nil>,<nil>,<nil>,439,<nil>
220942156,<nil>,<nil>,<nil>,<nil>,<nil>,<nil>,<nil>,<nil>,44,<nil>
3359442960,<nil>,<nil>,<nil>,<nil>,<nil>,<nil>,<nil>,<nil>,671,<nil>
2272546648,<nil>,<nil>,<nil>,<nil>,<nil>,<nil>,<nil>,<nil>,454,<nil>
3608498009,<nil>,<nil>,<nil>,<nil>,<nil>,<nil>,<nil>,<nil>,721,<nil>
1912229708,<nil>,<nil>,<nil>,<nil>,<nil>,<nil>,<nil>,<nil>,382,<nil>
3748548452,<nil>,<nil>,<nil>,<nil>,<nil>,<nil>,<nil>,<nil>,749,<nil>
2525384549,<nil>,<nil>,<nil>,<nil>,<nil>,<nil>,<nil>,<nil>,505,<nil>
3882288816,<nil>,<nil>,<nil>,<nil>,<nil>,<nil>,<nil>,<nil>,776,<nil>
1859669837,<nil>,<nil>,<nil>,<nil>,<nil>,<nil>,<nil>,<nil>,371,<nil>
569462616,<nil>,<nil>,<nil>,<nil>,<nil>,<nil>,<nil>,<nil>,113,<nil>
2899857228,<nil>,<nil>,<nil>,<nil>,<nil>,<nil>,<nil>,<nil>,579,<nil>
983846745,<nil>,<nil>,<nil>,<nil>,<nil>,<nil>,<nil>,<nil>,196,<nil>
1682657113,<nil>,<nil>,<nil>,<nil>,<nil>,<nil>,<nil>,<nil>,336,<nil>
132927308,<nil>,<nil>,<nil>,<nil>,<nil>,<nil>,<nil>,<nil>,26,<nil>
1317621581,<nil>,<nil>,<nil>,<nil>,<nil>,<nil>,<nil>,<nil>,263,<nil>
925238553,<nil>,<nil>,<nil>,<nil>,<nil>,<nil>,<nil>,<nil>,185,<nil>
3515305817,<nil>,<nil>,<nil>,<nil>,<nil>,<nil>,<nil>,<nil>,703,<nil>
2050229225,<nil>,<nil>,<nil>,<nil>,<nil>,<nil>,<nil>,<nil>,410,<nil>
3844540635,<nil>,<nil>,<nil>,<nil>,<nil>,<nil>,<nil>,<nil>,768,<nil>
2229667099,<nil>,<nil>,<nil>,<nil>,<nil>,<nil>,<nil>,<nil>,445,<nil>
3951906636,<nil>,<nil>,<nil>,<nil>,<nil>,<nil>,<nil>,<nil>,790,<nil>
1639665508,<nil>,<nil>,<nil>,<nil>,<nil>,<nil>,<nil>,<nil>,327,<nil>
3771486029,<nil>,<nil>,<nil>,<nil>,<nil>,<nil>,<nil>,<nil>,754,<nil>
2542423896,<nil>,<nil>,<nil>,<nil>,<nil>,<nil>,<nil>,<nil>,508,<nil>
3917631309,<nil>,<nil>,<nil>,<nil>,<nil>,<nil>,<nil>,<nil>,783,<nil>
1951092568,<nil>,<nil>,<nil>,<nil>,<nil>,<nil>,<nil>,<nil>,390,<nil>
3419098957,<nil>,<nil>,<nil>,<nil>,<nil>,<nil>,<nil>,<nil>,683,<nil>
1597263704,<nil>,<nil>,<nil>,<nil>,<nil>,<nil>,<nil>,<nil>,319,<nil>
3185200984,<nil>,<nil>,<nil>,<nil>,<nil>,<nil>,<nil>,<nil>,637,<nil>
1160316187,<nil>,<nil>,<nil>,<nil>,<nil>,<nil>,<nil>,<nil>,232,<nil>
3116060492,<nil>,<nil>,<nil>,<nil>,<nil>,<nil>,<nil>,<nil>,623,<nil>
2753187661,<nil>,<nil>,<nil>,<nil>,<nil>,<nil>,<nil>,<nil>,550,<nil>
1342310440,<nil>,<nil>,<nil>,<nil>,<nil>,<nil>,<nil>,<nil>,268,<nil>
4230565720,<nil>,<nil>,<nil>,<nil>,<nil>,<nil>,<nil>,<nil>,846,<nil>
2581352269,<nil>,<nil>,<nil>,<nil>,<nil>,<nil>,<nil>,<nil>,516,<nil>
2035175256,<nil>,<nil>,<nil>,<nil>,<nil>,<nil>,<nil>,<nil>,407,<nil>
4196673384,<nil>,<nil>,<nil>,<nil>,<nil>,<nil>,<nil>,<nil>,839,<nil>
1988232475,<nil>,<nil>,<nil>,<nil>,<nil>,<nil>,<nil>,<nil>,397,<nil>
2872181736,<nil>,<nil>,<nil>,<nil>,<nil>,<nil>,<nil>,<nil>,574,<nil>
135136233,<nil>,<nil>,<nil>,<nil>,<nil>,<nil>,<nil>,<nil>,27,<nil>
2805336273,<nil>,<nil>,<nil>,<nil>,<nil>,<nil>,<nil>,<nil>,561,<nil>
3069249199,<nil>,<nil>,<nil>,<nil>,<nil>,<nil>,<nil>,<nil>,613,<nil>
1953648460,<nil>,<nil>,<nil>,<nil>,<nil>,<nil>,<nil>,<nil>,390,<nil>
2218872676,<nil>,<nil>,<nil>,<nil>,<nil>,<nil>,<nil>,<nil>,443,<nil>
197283672,<nil>,<nil>,<nil>,<nil>,<nil>,<nil>,<nil>,<nil>,39,<nil>
1370378061,<nil>,<nil>,<nil>,<nil>,<nil>,<nil>,<nil>,<nil>,274,<nil>
3698151256,<nil>,<nil>,<nil>,<nil>,<nil>,<nil>,<nil>,<nil>,739,<nil>
2401895705,<nil>,<nil>,<nil>,<nil>,<nil>,<nil>,<nil>,<nil>,480,<nil>
594366296,<nil>,<nil>,<nil>,<nil>,<nil>,<nil>,<nil>,<nil>,118,<nil>
2755864425,<nil>,<nil>,<nil>,<nil>,<nil>,<nil>,<nil>,<nil>,551,<nil>
1611409257,<nil>,<nil>,<nil>,<nil>,<nil>,<nil>,<nil>,<nil>,322,<nil>
541937485,<nil>,<nil>,<nil>,<nil>,<nil>,<nil>,<nil>,<nil>,108,<nil>
3630649177,<nil>,<nil>,<nil>,<nil>,<nil>,<nil>,<nil>,<nil>,726,<nil>
2322943870,<nil>,<nil>,<nil>,<nil>,<nil>,<nil>,<nil>,<nil>,464,<nil>
3323416397,<nil>,<nil>,<nil>,<nil>,<nil>,<nil>,<nil>,<nil>,664,<nil>
1638813516,<nil>,<nil>,<nil>,<nil>,<nil>,<nil>,<nil>,<nil>,327,<nil>
4003221325,<nil>,<nil>,<nil>,<nil>,<nil>,<nil>,<nil>,<nil>,800,<nil>
1595756376,<nil>,<nil>,<nil>,<nil>,<nil>,<nil>,<nil>,<nil>,319,<nil>
1366445912,<nil>,<nil>,<nil>,<nil>,<nil>,<nil>,<nil>,<nil>,273,<nil>
3334210841,<nil>,<nil>,<nil>,<nil>,<nil>,<nil>,<nil>,<nil>,666,<nil>
1474121549,<nil>,<nil>,<nil>,<nil>,<nil>,<nil>,<nil>,<nil>,294,<nil>
4247736153,<nil>,<nil>,<nil>,<nil>,<nil>,<nil>,<nil>,<nil>,849,<nil>
2109624140,<nil>,<nil>,<nil>,<nil>,<nil>,<nil>,<nil>,<nil>,421,<nil>
827805541,<nil>,<nil>,<nil>,<nil>,<nil>,<nil>,<nil>,<nil>,165,<nil>
4188294989,<nil>,<nil>,<nil>,<nil>,<nil>,<nil>,<nil>,<nil>,837,<nil>
1392463704,<nil>,<nil>,<nil>,<nil>,<nil>,<nil>,<nil>,<nil>,278,<nil>
391466853,<nil>,<nil>,<nil>,<nil>,<nil>,<nil>,<nil>,<nil>,78,<nil>
76500837,<nil>,<nil>,<nil>,<nil>,<nil>,<nil>,<nil>,<nil>,15,<nil>
2187808588,<nil>,<nil>,<nil>,<nil>,<nil>,<nil>,<nil>,<nil>,437,<nil>
3667677005,<nil>,<nil>,<nil>,<nil>,<nil>,<nil>,<nil>,<nil>,733,<nil>
1661489162,<nil>,<nil>,<nil>,<nil>,<nil>,<nil>,<nil>,<nil>,332,<nil>
3587919692,<nil>,<nil>,<nil>,<nil>,<nil>,<nil>,<nil>,<nil>,717,<nil>
564856091,<nil>,<nil>,<nil>,<nil>,<nil>,<nil>,<nil>,<nil>,112,<nil>
2431012697,<nil>,<nil>,<nil>,<nil>,<nil>,<nil>,<nil>,<nil>,486,<nil>
379258139,<nil>,<nil>,<nil>,<nil>,<nil>,<nil>,<nil>,<nil>,75,<nil>
3824832344,<nil>,<nil>,<nil>,<nil>,<nil>,<nil>,<nil>,<nil>,764,<nil>
1101221709,<nil>,<nil>,<nil>,<nil>,<nil>,<nil>,<nil>,<nil>,220,<nil>
3905834828,<nil>,<nil>,<nil>,<nil>,<nil>,<nil>,<nil>,<nil>,781,<nil>
1975603021,<nil>,<nil>,<nil>,<nil>,<nil>,<nil>,<nil>,<nil>,395,<nil>
3862581080,<nil>,<nil>,<nil>,<nil>,<nil>,<nil>,<nil>,<nil>,772,<nil>
1236815693,<nil>,<nil>,<nil>,<nil>,<nil>,<nil>,<nil>,<nil>,247,<nil>
31608665,<nil>,<nil>,<nil>,<nil>,<nil>,<nil>,<nil>,<nil>,6,<nil>
72503117,<nil>,<nil>,<nil>,<nil>,<nil>,<nil>,<nil>,<nil>,14,<nil>
2534035276,<nil>,<nil>,<nil>,<nil>,<nil>,<nil>,<nil>,<nil>,506,<nil>
996017433,<nil>,<nil>,<nil>,<nil>,<nil>,<nil>,<nil>,<nil>,199,<nil>
1125404504,<nil>,<nil>,<nil>,<nil>,<nil>,<nil>,<nil>,<nil>,225,<nil>
3850981220,<nil>,<nil>,<nil>,<nil>,<nil>,<nil>,<nil>,<nil>,770,<nil>
3264499545,<nil>,<nil>,<nil>,<nil>,<nil>,<nil>,<nil>,<nil>,652,<nil>
1664286732,<nil>,<nil>,<nil>,<nil>,<nil>,<nil>,<nil>,<nil>,332,<nil>
4026468512,<nil>,<nil>,<nil>,<nil>,<nil>,<nil>,<nil>,<nil>,805,<nil>
178540376,<nil>,<nil>,<nil>,<nil>,<nil>,<nil>,<nil>,<nil>,35,<nil>
3108065112,<nil>,<nil>,<nil>,<nil>,<nil>,<nil>,<nil>,<nil>,621,<nil>
1850298200,<nil>,<nil>,<nil>,<nil>,<nil>,<nil>,<nil>,<nil>,370,<nil>
776490840,<nil>,<nil>,<nil>,<nil>,<nil>,<nil>,<nil>,<nil>,155,<nil>
3526315864,<nil>,<nil>,<nil>,<nil>,<nil>,<nil>,<nil>,<nil>,705,<nil>
347950964,<nil>,<nil>,<nil>,<nil>,<nil>,<nil>,<nil>,<nil>,69,<nil>
3628879693,<nil>,<nil>,<nil>,<nil>,<nil>,<nil>,<nil>,<nil>,725,<nil>
1335840601,<nil>,<nil>,<nil>,<nil>,<nil>,<nil>,<nil>,<nil>,267,<nil>
3796520792,<nil>,<nil>,<nil>,<nil>,<nil>,<nil>,<nil>,<nil>,759,<nil>
2128432972,<nil>,<nil>,<nil>,<nil>,<nil>,<nil>,<nil>,<nil>,425,<nil>
1964724069,<nil>,<nil>,<nil>,<nil>,<nil>,<nil>,<nil>,<nil>,392,<nil>
4113452889,<nil>,<nil>,<nil>,<nil>,<nil>,<nil>,<nil>,<nil>,822,<nil>
2787510288,<nil>,<nil>,<nil>,<nil>,<nil>,<nil>,<nil>,<nil>,557,<nil>
2151960409,<nil>,<nil>,<nil>,<nil>,<nil>,<nil>,<nil>,<nil>,430,<nil>
778653517,<nil>,<nil>,<nil>,<nil>,<nil>,<nil>,<nil>,<nil>,155,<nil>
481578829,<nil>,<nil>,<nil>,<nil>,<nil>,<nil>,<nil>,<nil>,96,<nil>
2366767210,<nil>,<nil>,<nil>,<nil>,<nil>,<nil>,<nil>,<nil>,473,<nil>
125914957,<nil>,<nil>,<nil>,<nil>,<nil>,<nil>,<nil>,<nil>,25,<nil>
4214050649,<nil>,<nil>,<nil>,<nil>,<nil>,<nil>,<nil>,<nil>,842,<nil>
2236239704,<nil>,<nil>,<nil>,<nil>,<nil>,<nil>,<nil>,<nil>,447,<nil>
4142092109,<nil>,<nil>,<nil>,<nil>,<nil>,<nil>,<nil>,<nil>,828,<nil>
2644332377,<nil>,<nil>,<nil>,<nil>,<nil>,<nil>,<nil>,<nil>,528,<nil>
786648909,<nil>,<nil>,<nil>,<nil>,<nil>,<nil>,<nil>,<nil>,157,<nil>
3468230685,<nil>,<nil>,<nil>,<nil>,<nil>,<nil>,<nil>,<nil>,693,<nil>
1132351332,<nil>,<nil>,<nil>,<nil>,<nil>,<nil>,<nil>,<nil>,226,<nil>
3259518808,<nil>,<nil>,<nil>,<nil>,<nil>,<nil>,<nil>,<nil>,651,<nil>
1272325990,<nil>,<nil>,<nil>,<nil>,<nil>,<nil>,<nil>,<nil>,254,<nil>
496521049,<nil>,<nil>,<nil>,<nil>,<nil>,<nil>,<nil>,<nil>,99,<nil>
3561967437,<nil>,<nil>,<nil>,<nil>,<nil>,<nil>,<nil>,<nil>,712,<nil>
3004190540,<nil>,<nil>,<nil>,<nil>,<nil>,<nil>,<nil>,<nil>,600,<nil>
1152058651,<nil>,<nil>,<nil>,<nil>,<nil>,<nil>,<nil>,<nil>,230,<nil>
3841281880,<nil>,<nil>,<nil>,<nil>,<nil>,<nil>,<nil>,<nil>,768,<nil>
1597722457,<nil>,<nil>,<nil>,<nil>,<nil>,<nil>,<nil>,<nil>,319,<nil>
3644215129,<nil>,<nil>,<nil>,<nil>,<nil>,<nil>,<nil>,<nil>,728,<nil>
1376997197,<nil>,<nil>,<nil>,<nil>,<nil>,<nil>,<nil>,<nil>,275,<nil>
288968524,<nil>,<nil>,<nil>,<nil>,<nil>,<nil>,<nil>,<nil>,57,<nil>
3962709861,<nil>,<nil>,<nil>,<nil>,<nil>,<nil>,<nil>,<nil>,792,<nil>
4118368076,<nil>,<nil>,<nil>,<nil>,<nil>,<nil>,<nil>,<nil>,823,<nil>
1814169808,<nil>,<nil>,<nil>,<nil>,<nil>,<nil>,<nil>,<nil>,362,<nil>
1792541979,<nil>,<nil>,<nil>,<nil>,<nil>,<nil>,<nil>,<nil>,358,<nil>
3881324376,<nil>,<nil>,<nil>,<nil>,<nil>,<nil>,<nil>,<nil>,776,<nil>
2653376332,<nil>,<nil>,<nil>,<nil>,<nil>,<nil>,<nil>,<nil>,530,<nil>
1335709541,<nil>,<nil>,<nil>,<nil>,<nil>,<nil>,<nil>,<nil>,267,<nil>
3175108429,<nil>,<nil>,<nil>,<nil>,<nil>,<nil>,<nil>,<nil>,635,<nil>
777211725,<nil>,<nil>,<nil>,<nil>,<nil>,<nil>,<nil>,<nil>,155,<nil>
1071206261,<nil>,<nil>,<nil>,<nil>,<nil>,<nil>,<nil>,<nil>,214,<nil>
3484615962,<nil>,<nil>,<nil>,<nil>,<nil>,<nil>,<nil>,<nil>,696,<nil>
1193561932,<nil>,<nil>,<nil>,<nil>,<nil>,<nil>,<nil>,<nil>,238,<nil>
2794278745,<nil>,<nil>,<nil>,<nil>,<nil>,<nil>,<nil>,<nil>,558,<nil>
963465048,<nil>,<nil>,<nil>,<nil>,<nil>,<nil>,<nil>,<nil>,192,<nil>
3231647003,<nil>,<nil>,<nil>,<nil>,<nil>,<nil>,<nil>,<nil>,646,<nil>
1642090328,<nil>,<nil>,<nil>,<nil>,<nil>,<nil>,<nil>,<nil>,328,<nil>
3630957851,<nil>,<nil>,<nil>,<nil>,<nil>,<nil>,<nil>,<nil>,726,<nil>
2007846744,<nil>,<nil>,<nil>,<nil>,<nil>,<nil>,<nil>,<nil>,401,<nil>
643190616,<nil>,<nil>,<nil>,<nil>,<nil>,<nil>,<nil>,<nil>,128,<nil>
2382122828,<nil>,<nil>,<nil>,<nil>,<nil>,<nil>,<nil>,<nil>,476,<nil>
4020326233,<nil>,<nil>,<nil>,<nil>,<nil>,<nil>,<nil>,<nil>,804,<nil>
2053918541,<nil>,<nil>,<nil>,<nil>,<nil>,<nil>,<nil>,<nil>,410,<nil>
3834382336,<nil>,<nil>,<nil>,<nil>,<nil>,<nil>,<nil>,<nil>,766,<nil>
1284179631,<nil>,<nil>,<nil>,<nil>,<nil>,<nil>,<nil>,<nil>,256,<nil>
3503640396,<nil>,<nil>,<nil>,<nil>,<nil>,<nil>,<nil>,<nil>,700,<nil>
2650951513,<nil>,<nil>,<nil>,<nil>,<nil>,<nil>,<nil>,<nil>,530,<nil>
1546669900,<nil>,<nil>,<nil>,<nil>,<nil>,<nil>,<nil>,<nil>,309,<nil>
1471565674,<nil>,<nil>,<nil>,<nil>,<nil>,<nil>,<nil>,<nil>,294,<nil>
4090908493,<nil>,<nil>,<nil>,<nil>,<nil>,<nil>,<nil>,<nil>,818,<nil>
2957322090,<nil>,<nil>,<nil>,<nil>,<nil>,<nil>,<nil>,<nil>,591,<nil>
3001044836,<nil>,<nil>,<nil>,<nil>,<nil>,<nil>,<nil>,<nil>,600,<nil>
970608460,<nil>,<nil>,<nil>,<nil>,<nil>,<nil>,<nil>,<nil>,194,<nil>
2167361369,<nil>,<nil>,<nil>,<nil>,<nil>,<nil>,<nil>,<nil>,433,<nil>
1187729228,<nil>,<nil>,<nil>,<nil>,<nil>,<nil>,<nil>,<nil>,237,<nil>
3457175396,<nil>,<nil>,<nil>,<nil>,<nil>,<nil>,<nil>,<nil>,691,<nil>
952239387,<nil>,<nil>,<nil>,<nil>,<nil>,<nil>,<nil>,<nil>,190,<nil>
2881703756,<nil>,<nil>,<nil>,<nil>,<nil>,<nil>,<nil>,<nil>,576,<nil>
225070924,<nil>,<nil>,<nil>,<nil>,<nil>,<nil>,<nil>,<nil>,45,<nil>
1863733081,<nil>,<nil>,<nil>,<nil>,<nil>,<nil>,<nil>,<nil>,372,<nil>
3910291289,<nil>,<nil>,<nil>,<nil>,<nil>,<nil>,<nil>,<nil>,782,<nil>
1496272717,<nil>,<nil>,<nil>,<nil>,<nil>,<nil>,<nil>,<nil>,299,<nil>
3963572044,<nil>,<nil>,<nil>,<nil>,<nil>,<nil>,<nil>,<nil>,792,<nil>
1835271450,<nil>,<nil>,<nil>,<nil>,<nil>,<nil>,<nil>,<nil>,367,<nil>
4031729496,<nil>,<nil>,<nil>,<nil>,<nil>,<nil>,<nil>,<nil>,806,<nil>
1859407705,<nil>,<nil>,<nil>,<nil>,<nil>,<nil>,<nil>,<nil>,371,<nil>
3781560456,<nil>,<nil>,<nil>,<nil>,<nil>,<nil>,<nil>,<nil>,756,<nil>
2966900557,<nil>,<nil>,<nil>,<nil>,<nil>,<nil>,<nil>,<nil>,593,<nil>
3729149784,<nil>,<nil>,<nil>,<nil>,<nil>,<nil>,<nil>,<nil>,745,<nil>
1546716441,<nil>,<nil>,<nil>,<nil>,<nil>,<nil>,<nil>,<nil>,309,<nil>
3992604505,<nil>,<nil>,<nil>,<nil>,<nil>,<nil>,<nil>,<nil>,798,<nil>
1973636952,<nil>,<nil>,<nil>,<nil>,<nil>,<nil>,<nil>,<nil>,394,<nil>
461066072,<nil>,<nil>,<nil>,<nil>,<nil>,<nil>,<nil>,<nil>,92,<nil>
2260010672,<nil>,<nil>,<nil>,<nil>,<nil>,<nil>,<nil>,<nil>,452,<nil>
3561508684,<nil>,<nil>,<nil>,<nil>,<nil>,<nil>,<nil>,<nil>,712,<nil>
2784251724,<nil>,<nil>,<nil>,<nil>,<nil>,<nil>,<nil>,<nil>,556,<nil>
3113635673,<nil>,<nil>,<nil>,<nil>,<nil>,<nil>,<nil>,<nil>,622,<nil>
2309836632,<nil>,<nil>,<nil>,<nil>,<nil>,<nil>,<nil>,<nil>,461,<nil>
2248822645,<nil>,<nil>,<nil>,<nil>,<nil>,<nil>,<nil>,<nil>,449,<nil>
520048650,<nil>,<nil>,<nil>,<nil>,<nil>,<nil>,<nil>,<nil>,104,<nil>
1805602637,<nil>,<nil>,<nil>,<nil>,<nil>,<nil>,<nil>,<nil>,361,<nil>
4123217740,<nil>,<nil>,<nil>,<nil>,<nil>,<nil>,<nil>,<nil>,824,<nil>
1884770136,<nil>,<nil>,<nil>,<nil>,<nil>,<nil>,<nil>,<nil>,376,<nil>
656166732,<nil>,<nil>,<nil>,<nil>,<nil>,<nil>,<nil>,<nil>,131,<nil>
3385806680,<nil>,<nil>,<nil>,<nil>,<nil>,<nil>,<nil>,<nil>,677,<nil>
1303072601,<nil>,<nil>,<nil>,<nil>,<nil>,<nil>,<nil>,<nil>,260,<nil>
318637337,<nil>,<nil>,<nil>,<nil>,<nil>,<nil>,<nil>,<nil>,63,<nil>
1792233305,<nil>,<nil>,<nil>,<nil>,<nil>,<nil>,<nil>,<nil>,358,<nil>
3447738213,<nil>,<nil>,<nil>,<nil>,<nil>,<nil>,<nil>,<nil>,689,<nil>
1151815513,<nil>,<nil>,<nil>,<nil>,<nil>,<nil>,<nil>,<nil>,230,<nil>
3993306393,<nil>,<nil>,<nil>,<nil>,<nil>,<nil>,<nil>,<nil>,798,<nil>
788549464,<nil>,<nil>,<nil>,<nil>,<nil>,<nil>,<nil>,<nil>,157,<nil>
2564575065,<nil>,<nil>,<nil>,<nil>,<nil>,<nil>,<nil>,<nil>,512,<nil>
587485016,<nil>,<nil>,<nil>,<nil>,<nil>,<nil>,<nil>,<nil>,117,<nil>
3091681112,<nil>,<nil>,<nil>,<nil>,<nil>,<nil>,<nil>,<nil>,618,<nil>
1862815564,<nil>,<nil>,<nil>,<nil>,<nil>,<nil>,<nil>,<nil>,372,<nil>
609898317,<nil>,<nil>,<nil>,<nil>,<nil>,<nil>,<nil>,<nil>,121,<nil>
2927316812,<nil>,<nil>,<nil>,<nil>,<nil>,<nil>,<nil>,<nil>,585,<nil>
530141004,<nil>,<nil>,<nil>,<nil>,<nil>,<nil>,<nil>,<nil>,106,<nil>
2673870107,<nil>,<nil>,<nil>,<nil>,<nil>,<nil>,<nil>,<nil>,534,<nil>
917131084,<nil>,<nil>,<nil>,<nil>,<nil>,<nil>,<nil>,<nil>,183,<nil>
3323725824,<nil>,<nil>,<nil>,<nil>,<nil>,<nil>,<nil>,<nil>,664,<nil>
2436255577,<nil>,<nil>,<nil>,<nil>,<nil>,<nil>,<nil>,<nil>,487,<nil>
955910144,<nil>,<nil>,<nil>,<nil>,<nil>,<nil>,<nil>,<nil>,191,<nil>
2677100377,<nil>,<nil>,<nil>,<nil>,<nil>,<nil>,<nil>,<nil>,535,<nil>
3372175192,<nil>,<nil>,<nil>,<nil>,<nil>,<nil>,<nil>,<nil>,674,<nil>
2327990105,<nil>,<nil>,<nil>,<nil>,<nil>,<nil>,<nil>,<nil>,465,<nil>
1623084876,<nil>,<nil>,<nil>,<nil>,<nil>,<nil>,<nil>,<nil>,324,<nil>
3896509721,<nil>,<nil>,<nil>,<nil>,<nil>,<nil>,<nil>,<nil>,779,<nil>
1124093772,<nil>,<nil>,<nil>,<nil>,<nil>,<nil>,<nil>,<nil>,224,<nil>
3337047885,<nil>,<nil>,<nil>,<nil>,<nil>,<nil>,<nil>,<nil>,667,<nil>
3867561509,<nil>,<nil>,<nil>,<nil>,<nil>,<nil>,<nil>,<nil>,773,<nil>
1250250573,<nil>,<nil>,<nil>,<nil>,<nil>,<nil>,<nil>,<nil>,250,<nil>
3062124389,<nil>,<nil>,<nil>,<nil>,<nil>,<nil>,<nil>,<nil>,612,<nil>
605048653,<nil>,<nil>,<nil>,<nil>,<nil>,<nil>,<nil>,<nil>,121,<nil>
1852788580,<nil>,<nil>,<nil>,<nil>,<nil>,<nil>,<nil>,<nil>,370,<nil>
3852029785,<nil>,<nil>,<nil>,<nil>,<nil>,<nil>,<nil>,<nil>,770,<nil>
1500860261,<nil>,<nil>,<nil>,<nil>,<nil>,<nil>,<nil>,<nil>,300,<nil>
498618188,<nil>,<nil>,<nil>,<nil>,<nil>,<nil>,<nil>,<nil>,99,<nil>
4265608475,<nil>,<nil>,<nil>,<nil>,<nil>,<nil>,<nil>,<nil>,853,<nil>
1767526221,<nil>,<nil>,<nil>,<nil>,<nil>,<nil>,<nil>,<nil>,353,<nil>
3938733900,<nil>,<nil>,<nil>,<nil>,<nil>,<nil>,<nil>,<nil>,787,<nil>
2573946700,<nil>,<nil>,<nil>,<nil>,<nil>,<nil>,<nil>,<nil>,514,<nil>
4084598041,<nil>,<nil>,<nil>,<nil>,<nil>,<nil>,<nil>,<nil>,816,<nil>
2183614284,<nil>,<nil>,<nil>,<nil>,<nil>,<nil>,<nil>,<nil>,436,<nil>
1106136908,<nil>,<nil>,<nil>,<nil>,<nil>,<nil>,<nil>,<nil>,221,<nil>
2891272025,<nil>,<nil>,<nil>,<nil>,<nil>,<nil>,<nil>,<nil>,578,<nil>
1833062233,<nil>,<nil>,<nil>,<nil>,<nil>,<nil>,<nil>,<nil>,366,<nil>
2990296921,<nil>,<nil>,<nil>,<nil>,<nil>,<nil>,<nil>,<nil>,598,<nil>
1438273356,<nil>,<nil>,<nil>,<nil>,<nil>,<nil>,<nil>,<nil>,287,<nil>
2490388313,<nil>,<nil>,<nil>,<nil>,<nil>,<nil>,<nil>,<nil>,498,<nil>
1616793621,<nil>,<nil>,<nil>,<nil>,<nil>,<nil>,<nil>,<nil>,323,<nil>
3551678297,<nil>,<nil>,<nil>,<nil>,<nil>,<nil>,<nil>,<nil>,710,<nil>
2153140044,<nil>,<nil>,<nil>,<nil>,<nil>,<nil>,<nil>,<nil>,430,<nil>
4145041278,<nil>,<nil>,<nil>,<nil>,<nil>,<nil>,<nil>,<nil>,829,<nil>
395661132,<nil>,<nil>,<nil>,<nil>,<nil>,<nil>,<nil>,<nil>,79,<nil>
3473952588,<nil>,<nil>,<nil>,<nil>,<nil>,<nil>,<nil>,<nil>,694,<nil>
2956939085,<nil>,<nil>,<nil>,<nil>,<nil>,<nil>,<nil>,<nil>,591,<nil>
1155419981,<nil>,<nil>,<nil>,<nil>,<nil>,<nil>,<nil>,<nil>,231,<nil>
1974292300,<nil>,<nil>,<nil>,<nil>,<nil>,<nil>,<nil>,<nil>,394,<nil>
4202647385,<nil>,<nil>,<nil>,<nil>,<nil>,<nil>,<nil>,<nil>,840,<nil>
2064469836,<nil>,<nil>,<nil>,<nil>,<nil>,<nil>,<nil>,<nil>,412,<nil>
707481920,<nil>,<nil>,<nil>,<nil>,<nil>,<nil>,<nil>,<nil>,141,<nil>
2241613656,<nil>,<nil>,<nil>,<nil>,<nil>,<nil>,<nil>,<nil>,448,<nil>
4205118745,<nil>,<nil>,<nil>,<nil>,<nil>,<nil>,<nil>,<nil>,841,<nil>
1900891981,<nil>,<nil>,<nil>,<nil>,<nil>,<nil>,<nil>,<nil>,380,<nil>
671764312,<nil>,<nil>,<nil>,<nil>,<nil>,<nil>,<nil>,<nil>,134,<nil>
3563081560,<nil>,<nil>,<nil>,<nil>,<nil>,<nil>,<nil>,<nil>,712,<nil>
1041977177,<nil>,<nil>,<nil>,<nil>,<nil>,<nil>,<nil>,<nil>,208,<nil>
3494793036,<nil>,<nil>,<nil>,<nil>,<nil>,<nil>,<nil>,<nil>,698,<nil>
4169551704,<nil>,<nil>,<nil>,<nil>,<nil>,<nil>,<nil>,<nil>,833,<nil>
1500860249,<nil>,<nil>,<nil>,<nil>,<nil>,<nil>,<nil>,<nil>,300,<nil>
137056089,<nil>,<nil>,<nil>,<nil>,<nil>,<nil>,<nil>,<nil>,27,<nil>
3175698253,<nil>,<nil>,<nil>,<nil>,<nil>,<nil>,<nil>,<nil>,635,<nil>
1117998937,<nil>,<nil>,<nil>,<nil>,<nil>,<nil>,<nil>,<nil>,223,<nil>
3013168985,<nil>,<nil>,<nil>,<nil>,<nil>,<nil>,<nil>,<nil>,602,<nil>
474632025,<nil>,<nil>,<nil>,<nil>,<nil>,<nil>,<nil>,<nil>,94,<nil>
2193575757,<nil>,<nil>,<nil>,<nil>,<nil>,<nil>,<nil>,<nil>,438,<nil>
91705165,<nil>,<nil>,<nil>,<nil>,<nil>,<nil>,<nil>,<nil>,18,<nil>
2104119128,<nil>,<nil>,<nil>,<nil>,<nil>,<nil>,<nil>,<nil>,420,<nil>
4259120411,<nil>,<nil>,<nil>,<nil>,<nil>,<nil>,<nil>,<nil>,851,<nil>
2330545996,<nil>,<nil>,<nil>,<nil>,<nil>,<nil>,<nil>,<nil>,466,<nil>
1933528933,<nil>,<nil>,<nil>,<nil>,<nil>,<nil>,<nil>,<nil>,386,<nil>
3906031448,<nil>,<nil>,<nil>,<nil>,<nil>,<nil>,<nil>,<nil>,781,<nil>
1628720973,<nil>,<nil>,<nil>,<nil>,<nil>,<nil>,<nil>,<nil>,325,<nil>
4143450112,<nil>,<nil>,<nil>,<nil>,<nil>,<nil>,<nil>,<nil>,828,<nil>
2514767716,<nil>,<nil>,<nil>,<nil>,<nil>,<nil>,<nil>,<nil>,502,<nil>
1756561453,<nil>,<nil>,<nil>,<nil>,<nil>,<nil>,<nil>,<nil>,351,<nil>
3177008984,<nil>,<nil>,<nil>,<nil>,<nil>,<nil>,<nil>,<nil>,635,<nil>
1094799193,<nil>,<nil>,<nil>,<nil>,<nil>,<nil>,<nil>,<nil>,218,<nil>
1046171492,<nil>,<nil>,<nil>,<nil>,<nil>,<nil>,<nil>,<nil>,209,<nil>
4076752729,<nil>,<nil>,<nil>,<nil>,<nil>,<nil>,<nil>,<nil>,815,<nil>
1067208525,<nil>,<nil>,<nil>,<nil>,<nil>,<nil>,<nil>,<nil>,213,<nil>
574115672,<nil>,<nil>,<nil>,<nil>,<nil>,<nil>,<nil>,<nil>,114,<nil>
4191899468,<nil>,<nil>,<nil>,<nil>,<nil>,<nil>,<nil>,<nil>,838,<nil>
1919223067,<nil>,<nil>,<nil>,<nil>,<nil>,<nil>,<nil>,<nil>,383,<nil>
509038437,<nil>,<nil>,<nil>,<nil>,<nil>,<nil>,<nil>,<nil>,101,<nil>
1638420325,<nil>,<nil>,<nil>,<nil>,<nil>,<nil>,<nil>,<nil>,327,<nil>
3747303244,<nil>,<nil>,<nil>,<nil>,<nil>,<nil>,<nil>,<nil>,749,<nil>
3657912164,<nil>,<nil>,<nil>,<nil>,<nil>,<nil>,<nil>,<nil>,731,<nil>
1325793482,<nil>,<nil>,<nil>,<nil>,<nil>,<nil>,<nil>,<nil>,265,<nil>
3988934477,<nil>,<nil>,<nil>,<nil>,<nil>,<nil>,<nil>,<nil>,797,<nil>
460981529,<nil>,<nil>,<nil>,<nil>,<nil>,<nil>,<nil>,<nil>,92,<nil>
1970491212,<nil>,<nil>,<nil>,<nil>,<nil>,<nil>,<nil>,<nil>,394,<nil>
4184297293,<nil>,<nil>,<nil>,<nil>,<nil>,<nil>,<nil>,<nil>,836,<nil>
2392411993,<nil>,<nil>,<nil>,<nil>,<nil>,<nil>,<nil>,<nil>,478,<nil>
2223787865,<nil>,<nil>,<nil>,<nil>,<nil>,<nil>,<nil>,<nil>,444,<nil>
24465252,<nil>,<nil>,<nil>,<nil>,<nil>,<nil>,<nil>,<nil>,4,<nil>
2464305002,<nil>,<nil>,<nil>,<nil>,<nil>,<nil>,<nil>,<nil>,492,<nil>
2882424665,<nil>,<nil>,<nil>,<nil>,<nil>,<nil>,<nil>,<nil>,576,<nil>
905531224,<nil>,<nil>,<nil>,<nil>,<nil>,<nil>,<nil>,<nil>,181,<nil>
2532396889,<nil>,<nil>,<nil>,<nil>,<nil>,<nil>,<nil>,<nil>,506,<nil>
2900447065,<nil>,<nil>,<nil>,<nil>,<nil>,<nil>,<nil>,<nil>,580,<nil>
649744217,<nil>,<nil>,<nil>,<nil>,<nil>,<nil>,<nil>,<nil>,129,<nil>
3326496612,<nil>,<nil>,<nil>,<nil>,<nil>,<nil>,<nil>,<nil>,665,<nil>
1141722968,<nil>,<nil>,<nil>,<nil>,<nil>,<nil>,<nil>,<nil>,228,<nil>
4072034136,<nil>,<nil>,<nil>,<nil>,<nil>,<nil>,<nil>,<nil>,814,<nil>
2546093913,<nil>,<nil>,<nil>,<nil>,<nil>,<nil>,<nil>,<nil>,509,<nil>
848777036,<nil>,<nil>,<nil>,<nil>,<nil>,<nil>,<nil>,<nil>,169,<nil>
3949023053,<nil>,<nil>,<nil>,<nil>,<nil>,<nil>,<nil>,<nil>,789,<nil>
2623277056,<nil>,<nil>,<nil>,<nil>,<nil>,<nil>,<nil>,<nil>,524,<nil>
180178777,<nil>,<nil>,<nil>,<nil>,<nil>,<nil>,<nil>,<nil>,36,<nil>
2047233868,<nil>,<nil>,<nil>,<nil>,<nil>,<nil>,<nil>,<nil>,409,<nil>
1232293721,<nil>,<nil>,<nil>,<nil>,<nil>,<nil>,<nil>,<nil>,246,<nil>
3633317147,<nil>,<nil>,<nil>,<nil>,<nil>,<nil>,<nil>,<nil>,726,<nil>
1901875021,<nil>,<nil>,<nil>,<nil>,<nil>,<nil>,<nil>,<nil>,380,<nil>
506679129,<nil>,<nil>,<nil>,<nil>,<nil>,<nil>,<nil>,<nil>,101,<nil>
2585854952,<nil>,<nil>,<nil>,<nil>,<nil>,<nil>,<nil>,<nil>,517,<nil>
125652812,<nil>,<nil>,<nil>,<nil>,<nil>,<nil>,<nil>,<nil>,25,<nil>
2489667405,<nil>,<nil>,<nil>,<nil>,<nil>,<nil>,<nil>,<nil>,497,<nil>
4267181732,<nil>,<nil>,<nil>,<nil>,<nil>,<nil>,<nil>,<nil>,853,<nil>
1103187789,<nil>,<nil>,<nil>,<nil>,<nil>,<nil>,<nil>,<nil>,220,<nil>
4176218153,<nil>,<nil>,<nil>,<nil>,<nil>,<nil>,<nil>,<nil>,835,<nil>
467029849,<nil>,<nil>,<nil>,<nil>,<nil>,<nil>,<nil>,<nil>,93,<nil>
3023261726,<nil>,<nil>,<nil>,<nil>,<nil>,<nil>,<nil>,<nil>,604,<nil>
977096536,<nil>,<nil>,<nil>,<nil>,<nil>,<nil>,<nil>,<nil>,195,<nil>
3854126924,<nil>,<nil>,<nil>,<nil>,<nil>,<nil>,<nil>,<nil>,770,<nil>
2648049883,<nil>,<nil>,<nil>,<nil>,<nil>,<nil>,<nil>,<nil>,529,<nil>
3892989772,<nil>,<nil>,<nil>,<nil>,<nil>,<nil>,<nil>,<nil>,778,<nil>
1088900953,<nil>,<nil>,<nil>,<nil>,<nil>,<nil>,<nil>,<nil>,217,<nil>
3770549531,<nil>,<nil>,<nil>,<nil>,<nil>,<nil>,<nil>,<nil>,754,<nil>
1196642137,<nil>,<nil>,<nil>,<nil>,<nil>,<nil>,<nil>,<nil>,239,<nil>
3955117912,<nil>,<nil>,<nil>,<nil>,<nil>,<nil>,<nil>,<nil>,791,<nil>
982273869,<nil>,<nil>,<nil>,<nil>,<nil>,<nil>,<nil>,<nil>,196,<nil>
214060889,<nil>,<nil>,<nil>,<nil>,<nil>,<nil>,<nil>,<nil>,42,<nil>
1187336024,<nil>,<nil>,<nil>,<nil>,<nil>,<nil>,<nil>,<nil>,237,<nil>
3082637144,<nil>,<nil>,<nil>,<nil>,<nil>,<nil>,<nil>,<nil>,616,<nil>
688410456,<nil>,<nil>,<nil>,<nil>,<nil>,<nil>,<nil>,<nil>,137,<nil>
1094471500,<nil>,<nil>,<nil>,<nil>,<nil>,<nil>,<nil>,<nil>,218,<nil>
3363047086,<nil>,<nil>,<nil>,<nil>,<nil>,<nil>,<nil>,<nil>,672,<nil>
1051152216,<nil>,<nil>,<nil>,<nil>,<nil>,<nil>,<nil>,<nil>,210,<nil>
33753088,<nil>,<nil>,<nil>,<nil>,<nil>,<nil>,<nil>,<nil>,6,<nil>
104025933,<nil>,<nil>,<nil>,<nil>,<nil>,<nil>,<nil>,<nil>,20,<nil>
3451342668,<nil>,<nil>,<nil>,<nil>,<nil>,<nil>,<nil>,<nil>,690,<nil>
795037529,<nil>,<nil>,<nil>,<nil>,<nil>,<nil>,<nil>,<nil>,159,<nil>
2617593700,<nil>,<nil>,<nil>,<nil>,<nil>,<nil>,<nil>,<nil>,523,<nil>
1291734860,<nil>,<nil>,<nil>,<nil>,<nil>,<nil>,<nil>,<nil>,258,<nil>
2299154265,<nil>,<nil>,<nil>,<nil>,<nil>,<nil>,<nil>,<nil>,459,<nil>
1200181068,<nil>,<nil>,<nil>,<nil>,<nil>,<nil>,<nil>,<nil>,240,<nil>
2079805273,<nil>,<nil>,<nil>,<nil>,<nil>,<nil>,<nil>,<nil>,415,<nil>
1533214732,<nil>,<nil>,<nil>,<nil>,<nil>,<nil>,<nil>,<nil>,306,<nil>
3199272622,<nil>,<nil>,<nil>,<nil>,<nil>,<nil>,<nil>,<nil>,639,<nil>
2124894029,<nil>,<nil>,<nil>,<nil>,<nil>,<nil>,<nil>,<nil>,424,<nil>
188567384,<nil>,<nil>,<nil>,<nil>,<nil>,<nil>,<nil>,<nil>,37,<nil>
2974895960,<nil>,<nil>,<nil>,<nil>,<nil>,<nil>,<nil>,<nil>,594,<nil>
1717700271,<nil>,<nil>,<nil>,<nil>,<nil>,<nil>,<nil>,<nil>,343,<nil>
3238481753,<nil>,<nil>,<nil>,<nil>,<nil>,<nil>,<nil>,<nil>,647,<nil>
854459369,<nil>,<nil>,<nil>,<nil>,<nil>,<nil>,<nil>,<nil>,170,<nil>
3005173581,<nil>,<nil>,<nil>,<nil>,<nil>,<nil>,<nil>,<nil>,601,<nil>
847579345,<nil>,<nil>,<nil>,<nil>,<nil>,<nil>,<nil>,<nil>,169,<nil>
2650211611,<nil>,<nil>,<nil>,<nil>,<nil>,<nil>,<nil>,<nil>,530,<nil>
1436438349,<nil>,<nil>,<nil>,<nil>,<nil>,<nil>,<nil>,<nil>,287,<nil>
2295353177,<nil>,<nil>,<nil>,<nil>,<nil>,<nil>,<nil>,<nil>,459,<nil>
257296593,<nil>,<nil>,<nil>,<nil>,<nil>,<nil>,<nil>,<nil>,51,<nil>
2088240411,<nil>,<nil>,<nil>,<nil>,<nil>,<nil>,<nil>,<nil>,417,<nil>
1119899469,<nil>,<nil>,<nil>,<nil>,<nil>,<nil>,<nil>,<nil>,223,<nil>
3711903593,<nil>,<nil>,<nil>,<nil>,<nil>,<nil>,<nil>,<nil>,742,<nil>
1725780288,<nil>,<nil>,<nil>,<nil>,<nil>,<nil>,<nil>,<nil>,345,<nil>
2014662476,<nil>,<nil>,<nil>,<nil>,<nil>,<nil>,<nil>,<nil>,402,<nil>
156567568,<nil>,<nil>,<nil>,<nil>,<nil>,<nil>,<nil>,<nil>,31,<nil>
1812221772,<nil>,<nil>,<nil>,<nil>,<nil>,<nil>,<nil>,<nil>,362,<nil>
2677278384,<nil>,<nil>,<nil>,<nil>,<nil>,<nil>,<nil>,<nil>,535,<nil>
127160152,<nil>,<nil>,<nil>,<nil>,<nil>,<nil>,<nil>,<nil>,25,<nil>
3189657420,<nil>,<nil>,<nil>,<nil>,<nil>,<nil>,<nil>,<nil>,637,<nil>
1924681572,<nil>,<nil>,<nil>,<nil>,<nil>,<nil>,<nil>,<nil>,384,<nil>
2851819353,<nil>,<nil>,<nil>,<nil>,<nil>,<nil>,<nil>,<nil>,570,<nil>
477581172,<nil>,<nil>,<nil>,<nil>,<nil>,<nil>,<nil>,<nil>,95,<nil>
3917434713,<nil>,<nil>,<nil>,<nil>,<nil>,<nil>,<nil>,<nil>,783,<nil>
1607075097,<nil>,<nil>,<nil>,<nil>,<nil>,<nil>,<nil>,<nil>,321,<nil>
570052429,<nil>,<nil>,<nil>,<nil>,<nil>,<nil>,<nil>,<nil>,114,<nil>
4207825316,<nil>,<nil>,<nil>,<nil>,<nil>,<nil>,<nil>,<nil>,841,<nil>
1507610445,<nil>,<nil>,<nil>,<nil>,<nil>,<nil>,<nil>,<nil>,301,<nil>
3980873560,<nil>,<nil>,<nil>,<nil>,<nil>,<nil>,<nil>,<nil>,796,<nil>
2534869008,<nil>,<nil>,<nil>,<nil>,<nil>,<nil>,<nil>,<nil>,506,<nil>
3154988889,<nil>,<nil>,<nil>,<nil>,<nil>,<nil>,<nil>,<nil>,630,<nil>
843253017,<nil>,<nil>,<nil>,<nil>,<nil>,<nil>,<nil>,<nil>,168,<nil>
3922199835,<nil>,<nil>,<nil>,<nil>,<nil>,<nil>,<nil>,<nil>,784,<nil>
2314405145,<nil>,<nil>,<nil>,<nil>,<nil>,<nil>,<nil>,<nil>,462,<nil>
4279914316,<nil>,<nil>,<nil>,<nil>,<nil>,<nil>,<nil>,<nil>,855,<nil>
3230814029,<nil>,<nil>,<nil>,<nil>,<nil>,<nil>,<nil>,<nil>,646,<nil>
2562805593,<nil>,<nil>,<nil>,<nil>,<nil>,<nil>,<nil>,<nil>,512,<nil>
732909400,<nil>,<nil>,<nil>,<nil>,<nil>,<nil>,<nil>,<nil>,146,<nil>
2359185241,<nil>,<nil>,<nil>,<nil>,<nil>,<nil>,<nil>,<nil>,471,<nil>
1387810637,<nil>,<nil>,<nil>,<nil>,<nil>,<nil>,<nil>,<nil>,277,<nil>
306532184,<nil>,<nil>,<nil>,<nil>,<nil>,<nil>,<nil>,<nil>,61,<nil>
3080703455,<nil>,<nil>,<nil>,<nil>,<nil>,<nil>,<nil>,<nil>,616,<nil>
495341388,<nil>,<nil>,<nil>,<nil>,<nil>,<nil>,<nil>,<nil>,99,<nil>
2940948324,<nil>,<nil>,<nil>,<nil>,<nil>,<nil>,<nil>,<nil>,588,<nil>
2131316556,<nil>,<nil>,<nil>,<nil>,<nil>,<nil>,<nil>,<nil>,426,<nil>
39538520,<nil>,<nil>,<nil>,<nil>,<nil>,<nil>,<nil>,<nil>,7,<nil>
1227706201,<nil>,<nil>,<nil>,<nil>,<nil>,<nil>,<nil>,<nil>,245,<nil>
2463321932,<nil>,<nil>,<nil>,<nil>,<nil>,<nil>,<nil>,<nil>,492,<nil>
101011289,<nil>,<nil>,<nil>,<nil>,<nil>,<nil>,<nil>,<nil>,20,<nil>
3135973220,<nil>,<nil>,<nil>,<nil>,<nil>,<nil>,<nil>,<nil>,627,<nil>
748048205,<nil>,<nil>,<nil>,<nil>,<nil>,<nil>,<nil>,<nil>,149,<nil>
3228585816,<nil>,<nil>,<nil>,<nil>,<nil>,<nil>,<nil>,<nil>,645,<nil>
1206407038,<nil>,<nil>,<nil>,<nil>,<nil>,<nil>,<nil>,<nil>,241,<nil>
1113018201,<nil>,<nil>,<nil>,<nil>,<nil>,<nil>,<nil>,<nil>,222,<nil>
3158986585,<nil>,<nil>,<nil>,<nil>,<nil>,<nil>,<nil>,<nil>,631,<nil>
69029720,<nil>,<nil>,<nil>,<nil>,<nil>,<nil>,<nil>,<nil>,13,<nil>
1960005452,<nil>,<nil>,<nil>,<nil>,<nil>,<nil>,<nil>,<nil>,392,<nil>
754798424,<nil>,<nil>,<nil>,<nil>,<nil>,<nil>,<nil>,<nil>,150,<nil>
615777561,<nil>,<nil>,<nil>,<nil>,<nil>,<nil>,<nil>,<nil>,123,<nil>
2139836249,<nil>,<nil>,<nil>,<nil>,<nil>,<nil>,<nil>,<nil>,427,<nil>
244581657,<nil>,<nil>,<nil>,<nil>,<nil>,<nil>,<nil>,<nil>,48,<nil>
2071875405,<nil>,<nil>,<nil>,<nil>,<nil>,<nil>,<nil>,<nil>,414,<nil>
1320636248,<nil>,<nil>,<nil>,<nil>,<nil>,<nil>,<nil>,<nil>,264,<nil>
690638680,<nil>,<nil>,<nil>,<nil>,<nil>,<nil>,<nil>,<nil>,138,<nil>
3970977637,<nil>,<nil>,<nil>,<nil>,<nil>,<nil>,<nil>,<nil>,794,<nil>
3112849228,<nil>,<nil>,<nil>,<nil>,<nil>,<nil>,<nil>,<nil>,622,<nil>
3216592729,<nil>,<nil>,<nil>,<nil>,<nil>,<nil>,<nil>,<nil>,643,<nil>
935481164,<nil>,<nil>,<nil>,<nil>,<nil>,<nil>,<nil>,<nil>,187,<nil>
3607711577,<nil>,<nil>,<nil>,<nil>,<nil>,<nil>,<nil>,<nil>,721,<nil>
1149569040,<nil>,<nil>,<nil>,<nil>,<nil>,<nil>,<nil>,<nil>,229,<nil>
3270004569,<nil>,<nil>,<nil>,<nil>,<nil>,<nil>,<nil>,<nil>,654,<nil>
3208906971,<nil>,<nil>,<nil>,<nil>,<nil>,<nil>,<nil>,<nil>,641,<nil>
575688537,<nil>,<nil>,<nil>,<nil>,<nil>,<nil>,<nil>,<nil>,115,<nil>
3188150104,<nil>,<nil>,<nil>,<nil>,<nil>,<nil>,<nil>,<nil>,637,<nil>
4020916057,<nil>,<nil>,<nil>,<nil>,<nil>,<nil>,<nil>,<nil>,804,<nil>
1952385024,<nil>,<nil>,<nil>,<nil>,<nil>,<nil>,<nil>,<nil>,390,<nil>
689852237,<nil>,<nil>,<nil>,<nil>,<nil>,<nil>,<nil>,<nil>,137,<nil>
1924157261,<nil>,<nil>,<nil>,<nil>,<nil>,<nil>,<nil>,<nil>,384,<nil>
240275276,<nil>,<nil>,<nil>,<nil>,<nil>,<nil>,<nil>,<nil>,48,<nil>
2807517028,<nil>,<nil>,<nil>,<nil>,<nil>,<nil>,<nil>,<nil>,561,<nil>
1343424512,<nil>,<nil>,<nil>,<nil>,<nil>,<nil>,<nil>,<nil>,268,<nil>
3228913508,<nil>,<nil>,<nil>,<nil>,<nil>,<nil>,<nil>,<nil>,645,<nil>
2193098009,<nil>,<nil>,<nil>,<nil>,<nil>,<nil>,<nil>,<nil>,438,<nil>
3056226125,<nil>,<nil>,<nil>,<nil>,<nil>,<nil>,<nil>,<nil>,611,<nil>
1537429336,<nil>,<nil>,<nil>,<nil>,<nil>,<nil>,<nil>,<nil>,307,<nil>
2769768281,<nil>,<nil>,<nil>,<nil>,<nil>,<nil>,<nil>,<nil>,553,<nil>
290522393,<nil>,<nil>,<nil>,<nil>,<nil>,<nil>,<nil>,<nil>,58,<nil>
3456716633,<nil>,<nil>,<nil>,<nil>,<nil>,<nil>,<nil>,<nil>,691,<nil>
1717784409,<nil>,<nil>,<nil>,<nil>,<nil>,<nil>,<nil>,<nil>,343,<nil>
3879161676,<nil>,<nil>,<nil>,<nil>,<nil>,<nil>,<nil>,<nil>,775,<nil>
2392327451,<nil>,<nil>,<nil>,<nil>,<nil>,<nil>,<nil>,<nil>,478,<nil>
1295077209,<nil>,<nil>,<nil>,<nil>,<nil>,<nil>,<nil>,<nil>,259,<nil>
1087590232,<nil>,<nil>,<nil>,<nil>,<nil>,<nil>,<nil>,<nil>,217,<nil>
2970242905,<nil>,<nil>,<nil>,<nil>,<nil>,<nil>,<nil>,<nil>,594,<nil>
618745701,<nil>,<nil>,<nil>,<nil>,<nil>,<nil>,<nil>,<nil>,123,<nil>
3322629964,<nil>,<nil>,<nil>,<nil>,<nil>,<nil>,<nil>,<nil>,664,<nil>
3725283161,<nil>,<nil>,<nil>,<nil>,<nil>,<nil>,<nil>,<nil>,745,<nil>
1531072382,<nil>,<nil>,<nil>,<nil>,<nil>,<nil>,<nil>,<nil>,306,<nil>
3343798093,<nil>,<nil>,<nil>,<nil>,<nil>,<nil>,<nil>,<nil>,668,<nil>
2059358052,<nil>,<nil>,<nil>,<nil>,<nil>,<nil>,<nil>,<nil>,411,<nil>
3256700760,<nil>,<nil>,<nil>,<nil>,<nil>,<nil>,<nil>,<nil>,651,<nil>
1256523035,<nil>,<nil>,<nil>,<nil>,<nil>,<nil>,<nil>,<nil>,251,<nil>
3519369066,<nil>,<nil>,<nil>,<nil>,<nil>,<nil>,<nil>,<nil>,703,<nil>
2510507893,<nil>,<nil>,<nil>,<nil>,<nil>,<nil>,<nil>,<nil>,502,<nil>
607716634,<nil>,<nil>,<nil>,<nil>,<nil>,<nil>,<nil>,<nil>,121,<nil>
2633649996,<nil>,<nil>,<nil>,<nil>,<nil>,<nil>,<nil>,<nil>,526,<nil>
554913613,<nil>,<nil>,<nil>,<nil>,<nil>,<nil>,<nil>,<nil>,110,<nil>
136793945,<nil>,<nil>,<nil>,<nil>,<nil>,<nil>,<nil>,<nil>,27,<nil>
2923384665,<nil>,<nil>,<nil>,<nil>,<nil>,<nil>,<nil>,<nil>,584,<nil>
1980190553,<nil>,<nil>,<nil>,<nil>,<nil>,<nil>,<nil>,<nil>,396,<nil>
3857928024,<nil>,<nil>,<nil>,<nil>,<nil>,<nil>,<nil>,<nil>,771,<nil>
1762021197,<nil>,<nil>,<nil>,<nil>,<nil>,<nil>,<nil>,<nil>,352,<nil>
538857304,<nil>,<nil>,<nil>,<nil>,<nil>,<nil>,<nil>,<nil>,107,<nil>
665210712,<nil>,<nil>,<nil>,<nil>,<nil>,<nil>,<nil>,<nil>,133,<nil>
2143899481,<nil>,<nil>,<nil>,<nil>,<nil>,<nil>,<nil>,<nil>,428,<nil>
593121100,<nil>,<nil>,<nil>,<nil>,<nil>,<nil>,<nil>,<nil>,118,<nil>
3210216729,<nil>,<nil>,<nil>,<nil>,<nil>,<nil>,<nil>,<nil>,642,<nil>
439963480,<nil>,<nil>,<nil>,<nil>,<nil>,<nil>,<nil>,<nil>,87,<nil>
3529396045,<nil>,<nil>,<nil>,<nil>,<nil>,<nil>,<nil>,<nil>,705,<nil>
1282821976,<nil>,<nil>,<nil>,<nil>,<nil>,<nil>,<nil>,<nil>,256,<nil>
3250343781,<nil>,<nil>,<nil>,<nil>,<nil>,<nil>,<nil>,<nil>,650,<nil>
3364441944,<nil>,<nil>,<nil>,<nil>,<nil>,<nil>,<nil>,<nil>,672,<nil>
1277710157,<nil>,<nil>,<nil>,<nil>,<nil>,<nil>,<nil>,<nil>,255,<nil>
3378055184,<nil>,<nil>,<nil>,<nil>,<nil>,<nil>,<nil>,<nil>,675,<nil>
1519734617,<nil>,<nil>,<nil>,<nil>,<nil>,<nil>,<nil>,<nil>,303,<nil>
146362189,<nil>,<nil>,<nil>,<nil>,<nil>,<nil>,<nil>,<nil>,29,<nil>
4253026603,<nil>,<nil>,<nil>,<nil>,<nil>,<nil>,<nil>,<nil>,850,<nil>
562889705,<nil>,<nil>,<nil>,<nil>,<nil>,<nil>,<nil>,<nil>,112,<nil>
3123990361,<nil>,<nil>,<nil>,<nil>,<nil>,<nil>,<nil>,<nil>,624,<nil>
713491732,<nil>,<nil>,<nil>,<nil>,<nil>,<nil>,<nil>,<nil>,142,<nil>
1259425625,<nil>,<nil>,<nil>,<nil>,<nil>,<nil>,<nil>,<nil>,251,<nil>
4032909133,<nil>,<nil>,<nil>,<nil>,<nil>,<nil>,<nil>,<nil>,806,<nil>
732188493,<nil>,<nil>,<nil>,<nil>,<nil>,<nil>,<nil>,<nil>,146,<nil>
3809431373,<nil>,<nil>,<nil>,<nil>,<nil>,<nil>,<nil>,<nil>,761,<nil>
726271257,<nil>,<nil>,<nil>,<nil>,<nil>,<nil>,<nil>,<nil>,145,<nil>
3396489036,<nil>,<nil>,<nil>,<nil>,<nil>,<nil>,<nil>,<nil>,679,<nil>
1433554765,<nil>,<nil>,<nil>,<nil>,<nil>,<nil>,<nil>,<nil>,286,<nil>
1108299596,<nil>,<nil>,<nil>,<nil>,<nil>,<nil>,<nil>,<nil>,221,<nil>
2980709659,<nil>,<nil>,<nil>,<nil>,<nil>,<nil>,<nil>,<nil>,596,<nil>
1573408612,<nil>,<nil>,<nil>,<nil>,<nil>,<nil>,<nil>,<nil>,314,<nil>
3616886307,<nil>,<nil>,<nil>,<nil>,<nil>,<nil>,<nil>,<nil>,723,<nil>
1407864693,<nil>,<nil>,<nil>,<nil>,<nil>,<nil>,<nil>,<nil>,281,<nil>
3795780888,<nil>,<nil>,<nil>,<nil>,<nil>,<nil>,<nil>,<nil>,759,<nil>
3024179021,<nil>,<nil>,<nil>,<nil>,<nil>,<nil>,<nil>,<nil>,604,<nil>
498749290,<nil>,<nil>,<nil>,<nil>,<nil>,<nil>,<nil>,<nil>,99,<nil>
3130609497,<nil>,<nil>,<nil>,<nil>,<nil>,<nil>,<nil>,<nil>,626,<nil>
1140674393,<nil>,<nil>,<nil>,<nil>,<nil>,<nil>,<nil>,<nil>,228,<nil>
4206645069,<nil>,<nil>,<nil>,<nil>,<nil>,<nil>,<nil>,<nil>,841,<nil>
415125336,<nil>,<nil>,<nil>,<nil>,<nil>,<nil>,<nil>,<nil>,83,<nil>
2865562907,<nil>,<nil>,<nil>,<nil>,<nil>,<nil>,<nil>,<nil>,573,<nil>
1376276300,<nil>,<nil>,<nil>,<nil>,<nil>,<nil>,<nil>,<nil>,275,<nil>
2403225433,<nil>,<nil>,<nil>,<nil>,<nil>,<nil>,<nil>,<nil>,480,<nil>
124669772,<nil>,<nil>,<nil>,<nil>,<nil>,<nil>,<nil>,<nil>,24,<nil>
3202371404,<nil>,<nil>,<nil>,<nil>,<nil>,<nil>,<nil>,<nil>,640,<nil>
4015064347,<nil>,<nil>,<nil>,<nil>,<nil>,<nil>,<nil>,<nil>,803,<nil>
1878347621,<nil>,<nil>,<nil>,<nil>,<nil>,<nil>,<nil>,<nil>,375,<nil>
3948760920,<nil>,<nil>,<nil>,<nil>,<nil>,<nil>,<nil>,<nil>,789,<nil>
2095645977,<nil>,<nil>,<nil>,<nil>,<nil>,<nil>,<nil>,<nil>,419,<nil>
199905101,<nil>,<nil>,<nil>,<nil>,<nil>,<nil>,<nil>,<nil>,39,<nil>
3898298189,<nil>,<nil>,<nil>,<nil>,<nil>,<nil>,<nil>,<nil>,779,<nil>
1190809432,<nil>,<nil>,<nil>,<nil>,<nil>,<nil>,<nil>,<nil>,238,<nil>
3667283788,<nil>,<nil>,<nil>,<nil>,<nil>,<nil>,<nil>,<nil>,733,<nil>
1521307480,<nil>,<nil>,<nil>,<nil>,<nil>,<nil>,<nil>,<nil>,304,<nil>
3136311117,<nil>,<nil>,<nil>,<nil>,<nil>,<nil>,<nil>,<nil>,627,<nil>
1010454348,<nil>,<nil>,<nil>,<nil>,<nil>,<nil>,<nil>,<nil>,202,<nil>
4021899108,<nil>,<nil>,<nil>,<nil>,<nil>,<nil>,<nil>,<nil>,804,<nil>
2628472665,<nil>,<nil>,<nil>,<nil>,<nil>,<nil>,<nil>,<nil>,525,<nil>
793595736,<nil>,<nil>,<nil>,<nil>,<nil>,<nil>,<nil>,<nil>,158,<nil>
2614841189,<nil>,<nil>,<nil>,<nil>,<nil>,<nil>,<nil>,<nil>,522,<nil>
3217575769,<nil>,<nil>,<nil>,<nil>,<nil>,<nil>,<nil>,<nil>,643,<nil>
647647064,<nil>,<nil>,<nil>,<nil>,<nil>,<nil>,<nil>,<nil>,129,<nil>
3898363737,<nil>,<nil>,<nil>,<nil>,<nil>,<nil>,<nil>,<nil>,779,<nil>
3359526745,<nil>,<nil>,<nil>,<nil>,<nil>,<nil>,<nil>,<nil>,671,<nil>
1826377560,<nil>,<nil>,<nil>,<nil>,<nil>,<nil>,<nil>,<nil>,365,<nil>
3723382616,<nil>,<nil>,<nil>,<nil>,<nil>,<nil>,<nil>,<nil>,744,<nil>
2051428172,<nil>,<nil>,<nil>,<nil>,<nil>,<nil>,<nil>,<nil>,410,<nil>
846155608,<nil>,<nil>,<nil>,<nil>,<nil>,<nil>,<nil>,<nil>,169,<nil>
1569476441,<nil>,<nil>,<nil>,<nil>,<nil>,<nil>,<nil>,<nil>,313,<nil>
3563521305,<nil>,<nil>,<nil>,<nil>,<nil>,<nil>,<nil>,<nil>,712,<nil>
1201557325,<nil>,<nil>,<nil>,<nil>,<nil>,<nil>,<nil>,<nil>,240,<nil>
343868699,<nil>,<nil>,<nil>,<nil>,<nil>,<nil>,<nil>,<nil>,68,<nil>
2531151693,<nil>,<nil>,<nil>,<nil>,<nil>,<nil>,<nil>,<nil>,506,<nil>
701386572,<nil>,<nil>,<nil>,<nil>,<nil>,<nil>,<nil>,<nil>,140,<nil>
3791015768,<nil>,<nil>,<nil>,<nil>,<nil>,<nil>,<nil>,<nil>,758,<nil>
2657177421,<nil>,<nil>,<nil>,<nil>,<nil>,<nil>,<nil>,<nil>,531,<nil>
2397982541,<nil>,<nil>,<nil>,<nil>,<nil>,<nil>,<nil>,<nil>,479,<nil>
1827144987,<nil>,<nil>,<nil>,<nil>,<nil>,<nil>,<nil>,<nil>,365,<nil>
1363365709,<nil>,<nil>,<nil>,<nil>,<nil>,<nil>,<nil>,<nil>,272,<nil>
3549758640,<nil>,<nil>,<nil>,<nil>,<nil>,<nil>,<nil>,<nil>,709,<nil>
2096648036,<nil>,<nil>,<nil>,<nil>,<nil>,<nil>,<nil>,<nil>,419,<nil>
782847833,<nil>,<nil>,<nil>,<nil>,<nil>,<nil>,<nil>,<nil>,156,<nil>
3773302041,<nil>,<nil>,<nil>,<nil>,<nil>,<nil>,<nil>,<nil>,754,<nil>
1561218893,<nil>,<nil>,<nil>,<nil>,<nil>,<nil>,<nil>,<nil>,312,<nil>
4034023256,<nil>,<nil>,<nil>,<nil>,<nil>,<nil>,<nil>,<nil>,806,<nil>
2366394188,<nil>,<nil>,<nil>,<nil>,<nil>,<nil>,<nil>,<nil>,473,<nil>
1856130916,<nil>,<nil>,<nil>,<nil>,<nil>,<nil>,<nil>,<nil>,371,<nil>
3819327308,<nil>,<nil>,<nil>,<nil>,<nil>,<nil>,<nil>,<nil>,763,<nil>
1649935641,<nil>,<nil>,<nil>,<nil>,<nil>,<nil>,<nil>,<nil>,329,<nil>
69947224,<nil>,<nil>,<nil>,<nil>,<nil>,<nil>,<nil>,<nil>,13,<nil>
3671328976,<nil>,<nil>,<nil>,<nil>,<nil>,<nil>,<nil>,<nil>,734,<nil>
2064535372,<nil>,<nil>,<nil>,<nil>,<nil>,<nil>,<nil>,<nil>,412,<nil>
3808317272,<nil>,<nil>,<nil>,<nil>,<nil>,<nil>,<nil>,<nil>,761,<nil>
1842040652,<nil>,<nil>,<nil>,<nil>,<nil>,<nil>,<nil>,<nil>,368,<nil>
2706394969,<nil>,<nil>,<nil>,<nil>,<nil>,<nil>,<nil>,<nil>,541,<nil>
1166036824,<nil>,<nil>,<nil>,<nil>,<nil>,<nil>,<nil>,<nil>,233,<nil>
3907781915,<nil>,<nil>,<nil>,<nil>,<nil>,<nil>,<nil>,<nil>,781,<nil>
3313585996,<nil>,<nil>,<nil>,<nil>,<nil>,<nil>,<nil>,<nil>,662,<nil>
645091149,<nil>,<nil>,<nil>,<nil>,<nil>,<nil>,<nil>,<nil>,129,<nil>
4287188812,<nil>,<nil>,<nil>,<nil>,<nil>,<nil>,<nil>,<nil>,857,<nil>
3058454349,<nil>,<nil>,<nil>,<nil>,<nil>,<nil>,<nil>,<nil>,611,<nil>
1818382156,<nil>,<nil>,<nil>,<nil>,<nil>,<nil>,<nil>,<nil>,363,<nil>
2959953740,<nil>,<nil>,<nil>,<nil>,<nil>,<nil>,<nil>,<nil>,591,<nil>
646382875,<nil>,<nil>,<nil>,<nil>,<nil>,<nil>,<nil>,<nil>,129,<nil>
3231141721,<nil>,<nil>,<nil>,<nil>,<nil>,<nil>,<nil>,<nil>,646,<nil>
1244811084,<nil>,<nil>,<nil>,<nil>,<nil>,<nil>,<nil>,<nil>,248,<nil>
3226029925,<nil>,<nil>,<nil>,<nil>,<nil>,<nil>,<nil>,<nil>,645,<nil>
2769440588,<nil>,<nil>,<nil>,<nil>,<nil>,<nil>,<nil>,<nil>,553,<nil>
412962666,<nil>,<nil>,<nil>,<nil>,<nil>,<nil>,<nil>,<nil>,82,<nil>
2486306816,<nil>,<nil>,<nil>,<nil>,<nil>,<nil>,<nil>,<nil>,497,<nil>
4041690969,<nil>,<nil>,<nil>,<nil>,<nil>,<nil>,<nil>,<nil>,808,<nil>
3354461467,<nil>,<nil>,<nil>,<nil>,<nil>,<nil>,<nil>,<nil>,670,<nil>
3894038348,<nil>,<nil>,<nil>,<nil>,<nil>,<nil>,<nil>,<nil>,778,<nil>
1721913188,<nil>,<nil>,<nil>,<nil>,<nil>,<nil>,<nil>,<nil>,344,<nil>
9391949,<nil>,<nil>,<nil>,<nil>,<nil>,<nil>,<nil>,<nil>,1,<nil>
62148429,<nil>,<nil>,<nil>,<nil>,<nil>,<nil>,<nil>,<nil>,12,<nil>
3441905497,<nil>,<nil>,<nil>,<nil>,<nil>,<nil>,<nil>,<nil>,688,<nil>
680415065,<nil>,<nil>,<nil>,<nil>,<nil>,<nil>,<nil>,<nil>,136,<nil>
3150577770,<nil>,<nil>,<nil>,<nil>,<nil>,<nil>,<nil>,<nil>,630,<nil>
1657622361,<nil>,<nil>,<nil>,<nil>,<nil>,<nil>,<nil>,<nil>,331,<nil>
3538879666,<nil>,<nil>,<nil>,<nil>,<nil>,<nil>,<nil>,<nil>,707,<nil>
3596177229,<nil>,<nil>,<nil>,<nil>,<nil>,<nil>,<nil>,<nil>,719,<nil>
1777422168,<nil>,<nil>,<nil>,<nil>,<nil>,<nil>,<nil>,<nil>,355,<nil>
84496204,<nil>,<nil>,<nil>,<nil>,<nil>,<nil>,<nil>,<nil>,16,<nil>
1951663385,<nil>,<nil>,<nil>,<nil>,<nil>,<nil>,<nil>,<nil>,390,<nil>
496848717,<nil>,<nil>,<nil>,<nil>,<nil>,<nil>,<nil>,<nil>,99,<nil>
2397045937,<nil>,<nil>,<nil>,<nil>,<nil>,<nil>,<nil>,<nil>,479,<nil>
2793557849,<nil>,<nil>,<nil>,<nil>,<nil>,<nil>,<nil>,<nil>,558,<nil>
1021642752,<nil>,<nil>,<nil>,<nil>,<nil>,<nil>,<nil>,<nil>,204,<nil>
1334660953,<nil>,<nil>,<nil>,<nil>,<nil>,<nil>,<nil>,<nil>,266,<nil>
94392152,<nil>,<nil>,<nil>,<nil>,<nil>,<nil>,<nil>,<nil>,18,<nil>
2997112842,<nil>,<nil>,<nil>,<nil>,<nil>,<nil>,<nil>,<nil>,599,<nil>
23613273,<nil>,<nil>,<nil>,<nil>,<nil>,<nil>,<nil>,<nil>,4,<nil>
3734982501,<nil>,<nil>,<nil>,<nil>,<nil>,<nil>,<nil>,<nil>,746,<nil>
3882700621,<nil>,<nil>,<nil>,<nil>,<nil>,<nil>,<nil>,<nil>,776,<nil>
1841104155,<nil>,<nil>,<nil>,<nil>,<nil>,<nil>,<nil>,<nil>,368,<nil>
1126518604,<nil>,<nil>,<nil>,<nil>,<nil>,<nil>,<nil>,<nil>,225,<nil>
3109685384,<nil>,<nil>,<nil>,<nil>,<nil>,<nil>,<nil>,<nil>,621,<nil>
639502496,<nil>,<nil>,<nil>,<nil>,<nil>,<nil>,<nil>,<nil>,127,<nil>
2291093325,<nil>,<nil>,<nil>,<nil>,<nil>,<nil>,<nil>,<nil>,458,<nil>
484527949,<nil>,<nil>,<nil>,<nil>,<nil>,<nil>,<nil>,<nil>,96,<nil>
1322929996,<nil>,<nil>,<nil>,<nil>,<nil>,<nil>,<nil>,<nil>,264,<nil>
3086110552,<nil>,<nil>,<nil>,<nil>,<nil>,<nil>,<nil>,<nil>,617,<nil>
1710772044,<nil>,<nil>,<nil>,<nil>,<nil>,<nil>,<nil>,<nil>,342,<nil>
3243265869,<nil>,<nil>,<nil>,<nil>,<nil>,<nil>,<nil>,<nil>,648,<nil>
1084622105,<nil>,<nil>,<nil>,<nil>,<nil>,<nil>,<nil>,<nil>,216,<nil>
2880130904,<nil>,<nil>,<nil>,<nil>,<nil>,<nil>,<nil>,<nil>,576,<nil>
1033767072,<nil>,<nil>,<nil>,<nil>,<nil>,<nil>,<nil>,<nil>,206,<nil>
152194892,<nil>,<nil>,<nil>,<nil>,<nil>,<nil>,<nil>,<nil>,30,<nil>
1839157093,<nil>,<nil>,<nil>,<nil>,<nil>,<nil>,<nil>,<nil>,367,<nil>
4109979480,<nil>,<nil>,<nil>,<nil>,<nil>,<nil>,<nil>,<nil>,821,<nil>
4196355917,<nil>,<nil>,<nil>,<nil>,<nil>,<nil>,<nil>,<nil>,839,<nil>
2218741580,<nil>,<nil>,<nil>,<nil>,<nil>,<nil>,<nil>,<nil>,443,<nil>
47468388,<nil>,<nil>,<nil>,<nil>,<nil>,<nil>,<nil>,<nil>,9,<nil>
2183548749,<nil>,<nil>,<nil>,<nil>,<nil>,<nil>,<nil>,<nil>,436,<nil>
82464589,<nil>,<nil>,<nil>,<nil>,<nil>,<nil>,<nil>,<nil>,16,<nil>
2117816152,<nil>,<nil>,<nil>,<nil>,<nil>,<nil>,<nil>,<nil>,423,<nil>
3879554893,<nil>,<nil>,<nil>,<nil>,<nil>,<nil>,<nil>,<nil>,775,<nil>
1736575016,<nil>,<nil>,<nil>,<nil>,<nil>,<nil>,<nil>,<nil>,347,<nil>
3505672012,<nil>,<nil>,<nil>,<nil>,<nil>,<nil>,<nil>,<nil>,701,<nil>
4051698971,<nil>,<nil>,<nil>,<nil>,<nil>,<nil>,<nil>,<nil>,810,<nil>
2815053656,<nil>,<nil>,<nil>,<nil>,<nil>,<nil>,<nil>,<nil>,563,<nil>
413486936,<nil>,<nil>,<nil>,<nil>,<nil>,<nil>,<nil>,<nil>,82,<nil>
2315800408,<nil>,<nil>,<nil>,<nil>,<nil>,<nil>,<nil>,<nil>,463,<nil>
4225781581,<nil>,<nil>,<nil>,<nil>,<nil>,<nil>,<nil>,<nil>,845,<nil>
4200877913,<nil>,<nil>,<nil>,<nil>,<nil>,<nil>,<nil>,<nil>,840,<nil>
566886412,<nil>,<nil>,<nil>,<nil>,<nil>,<nil>,<nil>,<nil>,113,<nil>
842924138,<nil>,<nil>,<nil>,<nil>,<nil>,<nil>,<nil>,<nil>,168,<nil>
2586136408,<nil>,<nil>,<nil>,<nil>,<nil>,<nil>,<nil>,<nil>,517,<nil>
656297817,<nil>,<nil>,<nil>,<nil>,<nil>,<nil>,<nil>,<nil>,131,<nil>
2462797644,<nil>,<nil>,<nil>,<nil>,<nil>,<nil>,<nil>,<nil>,492,<nil>
1475348496,<nil>,<nil>,<nil>,<nil>,<nil>,<nil>,<nil>,<nil>,295,<nil>
2861322072,<nil>,<nil>,<nil>,<nil>,<nil>,<nil>,<nil>,<nil>,572,<nil>
861865241,<nil>,<nil>,<nil>,<nil>,<nil>,<nil>,<nil>,<nil>,172,<nil>
3937142041,<nil>,<nil>,<nil>,<nil>,<nil>,<nil>,<nil>,<nil>,787,<nil>
978145112,<nil>,<nil>,<nil>,<nil>,<nil>,<nil>,<nil>,<nil>,195,<nil>
3181268813,<nil>,<nil>,<nil>,<nil>,<nil>,<nil>,<nil>,<nil>,636,<nil>
2065846104,<nil>,<nil>,<nil>,<nil>,<nil>,<nil>,<nil>,<nil>,413,<nil>
340789248,<nil>,<nil>,<nil>,<nil>,<nil>,<nil>,<nil>,<nil>,68,<nil>
2439597900,<nil>,<nil>,<nil>,<nil>,<nil>,<nil>,<nil>,<nil>,487,<nil>
2546880345,<nil>,<nil>,<nil>,<nil>,<nil>,<nil>,<nil>,<nil>,509,<nil>
711937880,<nil>,<nil>,<nil>,<nil>,<nil>,<nil>,<nil>,<nil>,142,<nil>
3583837160,<nil>,<nil>,<nil>,<nil>,<nil>,<nil>,<nil>,<nil>,716,<nil>
384782169,<nil>,<nil>,<nil>,<nil>,<nil>,<nil>,<nil>,<nil>,76,<nil>
2544914252,<nil>,<nil>,<nil>,<nil>,<nil>,<nil>,<nil>,<nil>,508,<nil>
560137499,<nil>,<nil>,<nil>,<nil>,<nil>,<nil>,<nil>,<nil>,112,<nil>
2782809932,<nil>,<nil>,<nil>,<nil>,<nil>,<nil>,<nil>,<nil>,556,<nil>
2164412248,<nil>,<nil>,<nil>,<nil>,<nil>,<nil>,<nil>,<nil>,432,<nil>
3779088205,<nil>,<nil>,<nil>,<nil>,<nil>,<nil>,<nil>,<nil>,755,<nil>
1822379853,<nil>,<nil>,<nil>,<nil>,<nil>,<nil>,<nil>,<nil>,364,<nil>
2895531853,<nil>,<nil>,<nil>,<nil>,<nil>,<nil>,<nil>,<nil>,579,<nil>
135155582,<nil>,<nil>,<nil>,<nil>,<nil>,<nil>,<nil>,<nil>,27,<nil>
2945863501,<nil>,<nil>,<nil>,<nil>,<nil>,<nil>,<nil>,<nil>,589,<nil>
1116098380,<nil>,<nil>,<nil>,<nil>,<nil>,<nil>,<nil>,<nil>,223,<nil>
3639758681,<nil>,<nil>,<nil>,<nil>,<nil>,<nil>,<nil>,<nil>,727,<nil>
1384450048,<nil>,<nil>,<nil>,<nil>,<nil>,<nil>,<nil>,<nil>,276,<nil>
2642300761,<nil>,<nil>,<nil>,<nil>,<nil>,<nil>,<nil>,<nil>,528,<nil>
675106637,<nil>,<nil>,<nil>,<nil>,<nil>,<nil>,<nil>,<nil>,135,<nil>
3183038309,<nil>,<nil>,<nil>,<nil>,<nil>,<nil>,<nil>,<nil>,636,<nil>
1330663257,<nil>,<nil>,<nil>,<nil>,<nil>,<nil>,<nil>,<nil>,266,<nil>
3065710592,<nil>,<nil>,<nil>,<nil>,<nil>,<nil>,<nil>,<nil>,613,<nil>
593514317,<nil>,<nil>,<nil>,<nil>,<nil>,<nil>,<nil>,<nil>,118,<nil>
2791067469,<nil>,<nil>,<nil>,<nil>,<nil>,<nil>,<nil>,<nil>,558,<nil>
2696040269,<nil>,<nil>,<nil>,<nil>,<nil>,<nil>,<nil>,<nil>,539,<nil>
213667684,<nil>,<nil>,<nil>,<nil>,<nil>,<nil>,<nil>,<nil>,42,<nil>
3660730200,<nil>,<nil>,<nil>,<nil>,<nil>,<nil>,<nil>,<nil>,732,<nil>
1292043547,<nil>,<nil>,<nil>,<nil>,<nil>,<nil>,<nil>,<nil>,258,<nil>
4120661848,<nil>,<nil>,<nil>,<nil>,<nil>,<nil>,<nil>,<nil>,824,<nil>
1452625753,<nil>,<nil>,<nil>,<nil>,<nil>,<nil>,<nil>,<nil>,290,<nil>
2256949080,<nil>,<nil>,<nil>,<nil>,<nil>,<nil>,<nil>,<nil>,451,<nil>
1027231564,<nil>,<nil>,<nil>,<nil>,<nil>,<nil>,<nil>,<nil>,205,<nil>
1663324004,<nil>,<nil>,<nil>,<nil>,<nil>,<nil>,<nil>,<nil>,332,<nil>
3650244429,<nil>,<nil>,<nil>,<nil>,<nil>,<nil>,<nil>,<nil>,730,<nil>
2445168473,<nil>,<nil>,<nil>,<nil>,<nil>,<nil>,<nil>,<nil>,489,<nil>
4141895500,<nil>,<nil>,<nil>,<nil>,<nil>,<nil>,<nil>,<nil>,828,<nil>
2640662360,<nil>,<nil>,<nil>,<nil>,<nil>,<nil>,<nil>,<nil>,528,<nil>
547180365,<nil>,<nil>,<nil>,<nil>,<nil>,<nil>,<nil>,<nil>,109,<nil>
3682488165,<nil>,<nil>,<nil>,<nil>,<nil>,<nil>,<nil>,<nil>,736,<nil>
1651134284,<nil>,<nil>,<nil>,<nil>,<nil>,<nil>,<nil>,<nil>,330,<nil>
3335606116,<nil>,<nil>,<nil>,<nil>,<nil>,<nil>,<nil>,<nil>,667,<nil>
2036748108,<nil>,<nil>,<nil>,<nil>,<nil>,<nil>,<nil>,<nil>,407,<nil>
3382333261,<nil>,<nil>,<nil>,<nil>,<nil>,<nil>,<nil>,<nil>,676,<nil>
2864186344,<nil>,<nil>,<nil>,<nil>,<nil>,<nil>,<nil>,<nil>,572,<nil>
626984217,<nil>,<nil>,<nil>,<nil>,<nil>,<nil>,<nil>,<nil>,125,<nil>
3117417755,<nil>,<nil>,<nil>,<nil>,<nil>,<nil>,<nil>,<nil>,623,<nil>
1460733968,<nil>,<nil>,<nil>,<nil>,<nil>,<nil>,<nil>,<nil>,292,<nil>
3117305677,<nil>,<nil>,<nil>,<nil>,<nil>,<nil>,<nil>,<nil>,623,<nil>
658329445,<nil>,<nil>,<nil>,<nil>,<nil>,<nil>,<nil>,<nil>,131,<nil>
2890420044,<nil>,<nil>,<nil>,<nil>,<nil>,<nil>,<nil>,<nil>,578,<nil>
529223513,<nil>,<nil>,<nil>,<nil>,<nil>,<nil>,<nil>,<nil>,105,<nil>
770133866,<nil>,<nil>,<nil>,<nil>,<nil>,<nil>,<nil>,<nil>,154,<nil>
3244576589,<nil>,<nil>,<nil>,<nil>,<nil>,<nil>,<nil>,<nil>,648,<nil>
2150518604,<nil>,<nil>,<nil>,<nil>,<nil>,<nil>,<nil>,<nil>,430,<nil>
465456984,<nil>,<nil>,<nil>,<nil>,<nil>,<nil>,<nil>,<nil>,93,<nil>
2433503076,<nil>,<nil>,<nil>,<nil>,<nil>,<nil>,<nil>,<nil>,486,<nil>
2083064017,<nil>,<nil>,<nil>,<nil>,<nil>,<nil>,<nil>,<nil>,416,<nil>
4138160448,<nil>,<nil>,<nil>,<nil>,<nil>,<nil>,<nil>,<nil>,827,<nil>
2068533068,<nil>,<nil>,<nil>,<nil>,<nil>,<nil>,<nil>,<nil>,413,<nil>
4253765464,<nil>,<nil>,<nil>,<nil>,<nil>,<nil>,<nil>,<nil>,850,<nil>
2955104100,<nil>,<nil>,<nil>,<nil>,<nil>,<nil>,<nil>,<nil>,591,<nil>
160049001,<nil>,<nil>,<nil>,<nil>,<nil>,<nil>,<nil>,<nil>,32,<nil>
1636912984,<nil>,<nil>,<nil>,<nil>,<nil>,<nil>,<nil>,<nil>,327,<nil>
1726762840,<nil>,<nil>,<nil>,<nil>,<nil>,<nil>,<nil>,<nil>,345,<nil>
3939061593,<nil>,<nil>,<nil>,<nil>,<nil>,<nil>,<nil>,<nil>,787,<nil>
2588168024,<nil>,<nil>,<nil>,<nil>,<nil>,<nil>,<nil>,<nil>,517,<nil>
802246489,<nil>,<nil>,<nil>,<nil>,<nil>,<nil>,<nil>,<nil>,160,<nil>
2124220416,<nil>,<nil>,<nil>,<nil>,<nil>,<nil>,<nil>,<nil>,424,<nil>
3879863983,<nil>,<nil>,<nil>,<nil>,<nil>,<nil>,<nil>,<nil>,775,<nil>
1841712973,<nil>,<nil>,<nil>,<nil>,<nil>,<nil>,<nil>,<nil>,368,<nil>
3984478040,<nil>,<nil>,<nil>,<nil>,<nil>,<nil>,<nil>,<nil>,796,<nil>
1587760984,<nil>,<nil>,<nil>,<nil>,<nil>,<nil>,<nil>,<nil>,317,<nil>
3986490344,<nil>,<nil>,<nil>,<nil>,<nil>,<nil>,<nil>,<nil>,797,<nil>
1850822489,<nil>,<nil>,<nil>,<nil>,<nil>,<nil>,<nil>,<nil>,370,<nil>
3834793816,<nil>,<nil>,<nil>,<nil>,<nil>,<nil>,<nil>,<nil>,766,<nil>
1691419931,<nil>,<nil>,<nil>,<nil>,<nil>,<nil>,<nil>,<nil>,338,<nil>
4096741209,<nil>,<nil>,<nil>,<nil>,<nil>,<nil>,<nil>,<nil>,819,<nil>
1128025932,<nil>,<nil>,<nil>,<nil>,<nil>,<nil>,<nil>,<nil>,225,<nil>
2755743565,<nil>,<nil>,<nil>,<nil>,<nil>,<nil>,<nil>,<nil>,551,<nil>
2183679844,<nil>,<nil>,<nil>,<nil>,<nil>,<nil>,<nil>,<nil>,436,<nil>
924452121,<nil>,<nil>,<nil>,<nil>,<nil>,<nil>,<nil>,<nil>,184,<nil>
3462680408,<nil>,<nil>,<nil>,<nil>,<nil>,<nil>,<nil>,<nil>,692,<nil>
1369591629,<nil>,<nil>,<nil>,<nil>,<nil>,<nil>,<nil>,<nil>,273,<nil>
1558269784,<nil>,<nil>,<nil>,<nil>,<nil>,<nil>,<nil>,<nil>,311,<nil>
3593293644,<nil>,<nil>,<nil>,<nil>,<nil>,<nil>,<nil>,<nil>,718,<nil>
4248194904,<nil>,<nil>,<nil>,<nil>,<nil>,<nil>,<nil>,<nil>,849,<nil>
1847742296,<nil>,<nil>,<nil>,<nil>,<nil>,<nil>,<nil>,<nil>,369,<nil>
179654476,<nil>,<nil>,<nil>,<nil>,<nil>,<nil>,<nil>,<nil>,35,<nil>
3954724684,<nil>,<nil>,<nil>,<nil>,<nil>,<nil>,<nil>,<nil>,790,<nil>
2014400344,<nil>,<nil>,<nil>,<nil>,<nil>,<nil>,<nil>,<nil>,402,<nil>
1771655000,<nil>,<nil>,<nil>,<nil>,<nil>,<nil>,<nil>,<nil>,354,<nil>
775507789,<nil>,<nil>,<nil>,<nil>,<nil>,<nil>,<nil>,<nil>,155,<nil>
3457025001,<nil>,<nil>,<nil>,<nil>,<nil>,<nil>,<nil>,<nil>,691,<nil>
2100383565,<nil>,<nil>,<nil>,<nil>,<nil>,<nil>,<nil>,<nil>,420,<nil>
122244940,<nil>,<nil>,<nil>,<nil>,<nil>,<nil>,<nil>,<nil>,24,<nil>
2818058084,<nil>,<nil>,<nil>,<nil>,<nil>,<nil>,<nil>,<nil>,563,<nil>
1673613133,<nil>,<nil>,<nil>,<nil>,<nil>,<nil>,<nil>,<nil>,334,<nil>
497027291,<nil>,<nil>,<nil>,<nil>,<nil>,<nil>,<nil>,<nil>,99,<nil>
4076818264,<nil>,<nil>,<nil>,<nil>,<nil>,<nil>,<nil>,<nil>,815,<nil>
1837649741,<nil>,<nil>,<nil>,<nil>,<nil>,<nil>,<nil>,<nil>,367,<nil>
344130841,<nil>,<nil>,<nil>,<nil>,<nil>,<nil>,<nil>,<nil>,68,<nil>
3048361804,<nil>,<nil>,<nil>,<nil>,<nil>,<nil>,<nil>,<nil>,609,<nil>
730615653,<nil>,<nil>,<nil>,<nil>,<nil>,<nil>,<nil>,<nil>,146,<nil>
3322433369,<nil>,<nil>,<nil>,<nil>,<nil>,<nil>,<nil>,<nil>,664,<nil>
561794932,<nil>,<nil>,<nil>,<nil>,<nil>,<nil>,<nil>,<nil>,112,<nil>
3537588056,<nil>,<nil>,<nil>,<nil>,<nil>,<nil>,<nil>,<nil>,707,<nil>
3915253412,<nil>,<nil>,<nil>,<nil>,<nil>,<nil>,<nil>,<nil>,783,<nil>
1205358413,<nil>,<nil>,<nil>,<nil>,<nil>,<nil>,<nil>,<nil>,241,<nil>
3228585804,<nil>,<nil>,<nil>,<nil>,<nil>,<nil>,<nil>,<nil>,645,<nil>
1085886297,<nil>,<nil>,<nil>,<nil>,<nil>,<nil>,<nil>,<nil>,217,<nil>
2623098741,<nil>,<nil>,<nil>,<nil>,<nil>,<nil>,<nil>,<nil>,524,<nil>
700993356,<nil>,<nil>,<nil>,<nil>,<nil>,<nil>,<nil>,<nil>,140,<nil>
4069871436,<nil>,<nil>,<nil>,<nil>,<nil>,<nil>,<nil>,<nil>,813,<nil>
2202619736,<nil>,<nil>,<nil>,<nil>,<nil>,<nil>,<nil>,<nil>,440,<nil>
4101525336,<nil>,<nil>,<nil>,<nil>,<nil>,<nil>,<nil>,<nil>,820,<nil>
1954874649,<nil>,<nil>,<nil>,<nil>,<nil>,<nil>,<nil>,<nil>,390,<nil>
1364414474,<nil>,<nil>,<nil>,<nil>,<nil>,<nil>,<nil>,<nil>,272,<nil>
2783858509,<nil>,<nil>,<nil>,<nil>,<nil>,<nil>,<nil>,<nil>,556,<nil>
1100959564,<nil>,<nil>,<nil>,<nil>,<nil>,<nil>,<nil>,<nil>,220,<nil>
2591706969,<nil>,<nil>,<nil>,<nil>,<nil>,<nil>,<nil>,<nil>,518,<nil>
478826317,<nil>,<nil>,<nil>,<nil>,<nil>,<nil>,<nil>,<nil>,95,<nil>
2954317656,<nil>,<nil>,<nil>,<nil>,<nil>,<nil>,<nil>,<nil>,590,<nil>
810943771,<nil>,<nil>,<nil>,<nil>,<nil>,<nil>,<nil>,<nil>,162,<nil>
2892975960,<nil>,<nil>,<nil>,<nil>,<nil>,<nil>,<nil>,<nil>,578,<nil>
418841881,<nil>,<nil>,<nil>,<nil>,<nil>,<nil>,<nil>,<nil>,83,<nil>
2554154829,<nil>,<nil>,<nil>,<nil>,<nil>,<nil>,<nil>,<nil>,510,<nil>
106890523,<nil>,<nil>,<nil>,<nil>,<nil>,<nil>,<nil>,<nil>,21,<nil>
1616727885,<nil>,<nil>,<nil>,<nil>,<nil>,<nil>,<nil>,<nil>,323,<nil>
4040754459,<nil>,<nil>,<nil>,<nil>,<nil>,<nil>,<nil>,<nil>,808,<nil>
1278365529,<nil>,<nil>,<nil>,<nil>,<nil>,<nil>,<nil>,<nil>,255,<nil>
3539732689,<nil>,<nil>,<nil>,<nil>,<nil>,<nil>,<nil>,<nil>,707,<nil>
1065944347,<nil>,<nil>,<nil>,<nil>,<nil>,<nil>,<nil>,<nil>,213,<nil>
2949074776,<nil>,<nil>,<nil>,<nil>,<nil>,<nil>,<nil>,<nil>,589,<nil>
428035929,<nil>,<nil>,<nil>,<nil>,<nil>,<nil>,<nil>,<nil>,85,<nil>
2742832984,<nil>,<nil>,<nil>,<nil>,<nil>,<nil>,<nil>,<nil>,548,<nil>
4212215629,<nil>,<nil>,<nil>,<nil>,<nil>,<nil>,<nil>,<nil>,842,<nil>
2378190668,<nil>,<nil>,<nil>,<nil>,<nil>,<nil>,<nil>,<nil>,475,<nil>
228140901,<nil>,<nil>,<nil>,<nil>,<nil>,<nil>,<nil>,<nil>,45,<nil>
1612730189,<nil>,<nil>,<nil>,<nil>,<nil>,<nil>,<nil>,<nil>,322,<nil>
3806547789,<nil>,<nil>,<nil>,<nil>,<nil>,<nil>,<nil>,<nil>,761,<nil>
1272598361,<nil>,<nil>,<nil>,<nil>,<nil>,<nil>,<nil>,<nil>,254,<nil>
3884207960,<nil>,<nil>,<nil>,<nil>,<nil>,<nil>,<nil>,<nil>,776,<nil>
1546407769,<nil>,<nil>,<nil>,<nil>,<nil>,<nil>,<nil>,<nil>,309,<nil>
3790032741,<nil>,<nil>,<nil>,<nil>,<nil>,<nil>,<nil>,<nil>,758,<nil>
1778995033,<nil>,<nil>,<nil>,<nil>,<nil>,<nil>,<nil>,<nil>,355,<nil>
550719309,<nil>,<nil>,<nil>,<nil>,<nil>,<nil>,<nil>,<nil>,110,<nil>
3610922828,<nil>,<nil>,<nil>,<nil>,<nil>,<nil>,<nil>,<nil>,722,<nil>
1001213796,<nil>,<nil>,<nil>,<nil>,<nil>,<nil>,<nil>,<nil>,200,<nil>
225708048,<nil>,<nil>,<nil>,<nil>,<nil>,<nil>,<nil>,<nil>,45,<nil>
3842115624,<nil>,<nil>,<nil>,<nil>,<nil>,<nil>,<nil>,<nil>,768,<nil>
2938982233,<nil>,<nil>,<nil>,<nil>,<nil>,<nil>,<nil>,<nil>,587,<nil>
1697337176,<nil>,<nil>,<nil>,<nil>,<nil>,<nil>,<nil>,<nil>,339,<nil>
2446984475,<nil>,<nil>,<nil>,<nil>,<nil>,<nil>,<nil>,<nil>,489,<nil>
80039756,<nil>,<nil>,<nil>,<nil>,<nil>,<nil>,<nil>,<nil>,16,<nil>
2396006246,<nil>,<nil>,<nil>,<nil>,<nil>,<nil>,<nil>,<nil>,479,<nil>
403525952,<nil>,<nil>,<nil>,<nil>,<nil>,<nil>,<nil>,<nil>,80,<nil>
4158082917,<nil>,<nil>,<nil>,<nil>,<nil>,<nil>,<nil>,<nil>,831,<nil>
2442219341,<nil>,<nil>,<nil>,<nil>,<nil>,<nil>,<nil>,<nil>,488,<nil>
3300872012,<nil>,<nil>,<nil>,<nil>,<nil>,<nil>,<nil>,<nil>,660,<nil>
632835917,<nil>,<nil>,<nil>,<nil>,<nil>,<nil>,<nil>,<nil>,126,<nil>
3521138213,<nil>,<nil>,<nil>,<nil>,<nil>,<nil>,<nil>,<nil>,704,<nil>
1180370200,<nil>,<nil>,<nil>,<nil>,<nil>,<nil>,<nil>,<nil>,236,<nil>
2791919461,<nil>,<nil>,<nil>,<nil>,<nil>,<nil>,<nil>,<nil>,558,<nil>
925060941,<nil>,<nil>,<nil>,<nil>,<nil>,<nil>,<nil>,<nil>,185,<nil>
3254407000,<nil>,<nil>,<nil>,<nil>,<nil>,<nil>,<nil>,<nil>,650,<nil>
3976220492,<nil>,<nil>,<nil>,<nil>,<nil>,<nil>,<nil>,<nil>,795,<nil>
3116846949,<nil>,<nil>,<nil>,<nil>,<nil>,<nil>,<nil>,<nil>,623,<nil>
1671057228,<nil>,<nil>,<nil>,<nil>,<nil>,<nil>,<nil>,<nil>,334,<nil>
3512094590,<nil>,<nil>,<nil>,<nil>,<nil>,<nil>,<nil>,<nil>,702,<nil>
895617065,<nil>,<nil>,<nil>,<nil>,<nil>,<nil>,<nil>,<nil>,179,<nil>
110841688,<nil>,<nil>,<nil>,<nil>,<nil>,<nil>,<nil>,<nil>,22,<nil>
1724731213,<nil>,<nil>,<nil>,<nil>,<nil>,<nil>,<nil>,<nil>,344,<nil>
3639496537,<nil>,<nil>,<nil>,<nil>,<nil>,<nil>,<nil>,<nil>,727,<nil>
2317373284,<nil>,<nil>,<nil>,<nil>,<nil>,<nil>,<nil>,<nil>,463,<nil>
154095449,<nil>,<nil>,<nil>,<nil>,<nil>,<nil>,<nil>,<nil>,30,<nil>
2325368664,<nil>,<nil>,<nil>,<nil>,<nil>,<nil>,<nil>,<nil>,465,<nil>
1415972516,<nil>,<nil>,<nil>,<nil>,<nil>,<nil>,<nil>,<nil>,283,<nil>
2152203545,<nil>,<nil>,<nil>,<nil>,<nil>,<nil>,<nil>,<nil>,430,<nil>
300568409,<nil>,<nil>,<nil>,<nil>,<nil>,<nil>,<nil>,<nil>,60,<nil>
2899136332,<nil>,<nil>,<nil>,<nil>,<nil>,<nil>,<nil>,<nil>,579,<nil>
1546669912,<nil>,<nil>,<nil>,<nil>,<nil>,<nil>,<nil>,<nil>,309,<nil>
3940484072,<nil>,<nil>,<nil>,<nil>,<nil>,<nil>,<nil>,<nil>,788,<nil>
888688460,<nil>,<nil>,<nil>,<nil>,<nil>,<nil>,<nil>,<nil>,177,<nil>
3925346513,<nil>,<nil>,<nil>,<nil>,<nil>,<nil>,<nil>,<nil>,785,<nil>
1192298148,<nil>,<nil>,<nil>,<nil>,<nil>,<nil>,<nil>,<nil>,238,<nil>
1844203341,<nil>,<nil>,<nil>,<nil>,<nil>,<nil>,<nil>,<nil>,368,<nil>
3663070489,<nil>,<nil>,<nil>,<nil>,<nil>,<nil>,<nil>,<nil>,732,<nil>
1466322764,<nil>,<nil>,<nil>,<nil>,<nil>,<nil>,<nil>,<nil>,293,<nil>
3682815821,<nil>,<nil>,<nil>,<nil>,<nil>,<nil>,<nil>,<nil>,736,<nil>
1704480588,<nil>,<nil>,<nil>,<nil>,<nil>,<nil>,<nil>,<nil>,340,<nil>
85610341,<nil>,<nil>,<nil>,<nil>,<nil>,<nil>,<nil>,<nil>,17,<nil>
2373013337,<nil>,<nil>,<nil>,<nil>,<nil>,<nil>,<nil>,<nil>,474,<nil>
4130623321,<nil>,<nil>,<nil>,<nil>,<nil>,<nil>,<nil>,<nil>,826,<nil>
2513896438,<nil>,<nil>,<nil>,<nil>,<nil>,<nil>,<nil>,<nil>,502,<nil>
221073241,<nil>,<nil>,<nil>,<nil>,<nil>,<nil>,<nil>,<nil>,44,<nil>
2550925353,<nil>,<nil>,<nil>,<nil>,<nil>,<nil>,<nil>,<nil>,510,<nil>
2493140813,<nil>,<nil>,<nil>,<nil>,<nil>,<nil>,<nil>,<nil>,498,<nil>
393498445,<nil>,<nil>,<nil>,<nil>,<nil>,<nil>,<nil>,<nil>,78,<nil>
3884470092,<nil>,<nil>,<nil>,<nil>,<nil>,<nil>,<nil>,<nil>,776,<nil>
1175867225,<nil>,<nil>,<nil>,<nil>,<nil>,<nil>,<nil>,<nil>,235,<nil>
3333443404,<nil>,<nil>,<nil>,<nil>,<nil>,<nil>,<nil>,<nil>,666,<nil>
1868694811,<nil>,<nil>,<nil>,<nil>,<nil>,<nil>,<nil>,<nil>,373,<nil>
4036382565,<nil>,<nil>,<nil>,<nil>,<nil>,<nil>,<nil>,<nil>,807,<nil>
2479902553,<nil>,<nil>,<nil>,<nil>,<nil>,<nil>,<nil>,<nil>,495,<nil>
3088863076,<nil>,<nil>,<nil>,<nil>,<nil>,<nil>,<nil>,<nil>,617,<nil>
477777741,<nil>,<nil>,<nil>,<nil>,<nil>,<nil>,<nil>,<nil>,95,<nil>
3544272728,<nil>,<nil>,<nil>,<nil>,<nil>,<nil>,<nil>,<nil>,708,<nil>
1393119082,<nil>,<nil>,<nil>,<nil>,<nil>,<nil>,<nil>,<nil>,278,<nil>
3730657113,<nil>,<nil>,<nil>,<nil>,<nil>,<nil>,<nil>,<nil>,746,<nil>
2048347992,<nil>,<nil>,<nil>,<nil>,<nil>,<nil>,<nil>,<nil>,409,<nil>
191234060,<nil>,<nil>,<nil>,<nil>,<nil>,<nil>,<nil>,<nil>,38,<nil>
2222064923,<nil>,<nil>,<nil>,<nil>,<nil>,<nil>,<nil>,<nil>,444,<nil>
3901181773,<nil>,<nil>,<nil>,<nil>,<nil>,<nil>,<nil>,<nil>,780,<nil>
1723074768,<nil>,<nil>,<nil>,<nil>,<nil>,<nil>,<nil>,<nil>,344,<nil>
3391770456,<nil>,<nil>,<nil>,<nil>,<nil>,<nil>,<nil>,<nil>,678,<nil>
1289899864,<nil>,<nil>,<nil>,<nil>,<nil>,<nil>,<nil>,<nil>,257,<nil>
2561036121,<nil>,<nil>,<nil>,<nil>,<nil>,<nil>,<nil>,<nil>,512,<nil>
1198083929,<nil>,<nil>,<nil>,<nil>,<nil>,<nil>,<nil>,<nil>,239,<nil>
1777487717,<nil>,<nil>,<nil>,<nil>,<nil>,<nil>,<nil>,<nil>,355,<nil>
3909486244,<nil>,<nil>,<nil>,<nil>,<nil>,<nil>,<nil>,<nil>,781,<nil>
1666862925,<nil>,<nil>,<nil>,<nil>,<nil>,<nil>,<nil>,<nil>,333,<nil>
3852732457,<nil>,<nil>,<nil>,<nil>,<nil>,<nil>,<nil>,<nil>,770,<nil>
2800766796,<nil>,<nil>,<nil>,<nil>,<nil>,<nil>,<nil>,<nil>,560,<nil>
627724132,<nil>,<nil>,<nil>,<nil>,<nil>,<nil>,<nil>,<nil>,125,<nil>
3452962976,<nil>,<nil>,<nil>,<nil>,<nil>,<nil>,<nil>,<nil>,690,<nil>
3695398744,<nil>,<nil>,<nil>,<nil>,<nil>,<nil>,<nil>,<nil>,739,<nil>
2653114189,<nil>,<nil>,<nil>,<nil>,<nil>,<nil>,<nil>,<nil>,530,<nil>
3487977305,<nil>,<nil>,<nil>,<nil>,<nil>,<nil>,<nil>,<nil>,697,<nil>
1504005964,<nil>,<nil>,<nil>,<nil>,<nil>,<nil>,<nil>,<nil>,300,<nil>
4151660376,<nil>,<nil>,<nil>,<nil>,<nil>,<nil>,<nil>,<nil>,830,<nil>
1025855332,<nil>,<nil>,<nil>,<nil>,<nil>,<nil>,<nil>,<nil>,205,<nil>
2711703384,<nil>,<nil>,<nil>,<nil>,<nil>,<nil>,<nil>,<nil>,542,<nil>
1651901721,<nil>,<nil>,<nil>,<nil>,<nil>,<nil>,<nil>,<nil>,330,<nil>
2605713070,<nil>,<nil>,<nil>,<nil>,<nil>,<nil>,<nil>,<nil>,521,<nil>
36589400,<nil>,<nil>,<nil>,<nil>,<nil>,<nil>,<nil>,<nil>,7,<nil>
2671857496,<nil>,<nil>,<nil>,<nil>,<nil>,<nil>,<nil>,<nil>,534,<nil>
616779597,<nil>,<nil>,<nil>,<nil>,<nil>,<nil>,<nil>,<nil>,123,<nil>
2657636173,<nil>,<nil>,<nil>,<nil>,<nil>,<nil>,<nil>,<nil>,531,<nil>
684085068,<nil>,<nil>,<nil>,<nil>,<nil>,<nil>,<nil>,<nil>,136,<nil>
3719170064,<nil>,<nil>,<nil>,<nil>,<nil>,<nil>,<nil>,<nil>,743,<nil>
3726574875,<nil>,<nil>,<nil>,<nil>,<nil>,<nil>,<nil>,<nil>,745,<nil>
1092636493,<nil>,<nil>,<nil>,<nil>,<nil>,<nil>,<nil>,<nil>,218,<nil>
4163699993,<nil>,<nil>,<nil>,<nil>,<nil>,<nil>,<nil>,<nil>,832,<nil>
178474841,<nil>,<nil>,<nil>,<nil>,<nil>,<nil>,<nil>,<nil>,35,<nil>
1714179957,<nil>,<nil>,<nil>,<nil>,<nil>,<nil>,<nil>,<nil>,342,<nil>
2833974553,<nil>,<nil>,<nil>,<nil>,<nil>,<nil>,<nil>,<nil>,566,<nil>
1130778457,<nil>,<nil>,<nil>,<nil>,<nil>,<nil>,<nil>,<nil>,226,<nil>
1975799628,<nil>,<nil>,<nil>,<nil>,<nil>,<nil>,<nil>,<nil>,395,<nil>
474894168,<nil>,<nil>,<nil>,<nil>,<nil>,<nil>,<nil>,<nil>,94,<nil>
2373144408,<nil>,<nil>,<nil>,<nil>,<nil>,<nil>,<nil>,<nil>,474,<nil>
436338799,<nil>,<nil>,<nil>,<nil>,<nil>,<nil>,<nil>,<nil>,87,<nil>
3306049357,<nil>,<nil>,<nil>,<nil>,<nil>,<nil>,<nil>,<nil>,661,<nil>
1940672333,<nil>,<nil>,<nil>,<nil>,<nil>,<nil>,<nil>,<nil>,388,<nil>
4254945100,<nil>,<nil>,<nil>,<nil>,<nil>,<nil>,<nil>,<nil>,850,<nil>
1938771813,<nil>,<nil>,<nil>,<nil>,<nil>,<nil>,<nil>,<nil>,387,<nil>
890635545,<nil>,<nil>,<nil>,<nil>,<nil>,<nil>,<nil>,<nil>,178,<nil>
3526643544,<nil>,<nil>,<nil>,<nil>,<nil>,<nil>,<nil>,<nil>,705,<nil>
3576909656,<nil>,<nil>,<nil>,<nil>,<nil>,<nil>,<nil>,<nil>,715,<nil>
1694912356,<nil>,<nil>,<nil>,<nil>,<nil>,<nil>,<nil>,<nil>,338,<nil>
3661516620,<nil>,<nil>,<nil>,<nil>,<nil>,<nil>,<nil>,<nil>,732,<nil>
1917780983,<nil>,<nil>,<nil>,<nil>,<nil>,<nil>,<nil>,<nil>,383,<nil>
3831039257,<nil>,<nil>,<nil>,<nil>,<nil>,<nil>,<nil>,<nil>,766,<nil>
2404142925,<nil>,<nil>,<nil>,<nil>,<nil>,<nil>,<nil>,<nil>,480,<nil>
25644889,<nil>,<nil>,<nil>,<nil>,<nil>,<nil>,<nil>,<nil>,5,<nil>
1920356185,<nil>,<nil>,<nil>,<nil>,<nil>,<nil>,<nil>,<nil>,384,<nil>
76959564,<nil>,<nil>,<nil>,<nil>,<nil>,<nil>,<nil>,<nil>,15,<nil>
3544403788,<nil>,<nil>,<nil>,<nil>,<nil>,<nil>,<nil>,<nil>,708,<nil>
2042646360,<nil>,<nil>,<nil>,<nil>,<nil>,<nil>,<nil>,<nil>,408,<nil>
3322302284,<nil>,<nil>,<nil>,<nil>,<nil>,<nil>,<nil>,<nil>,664,<nil>
735989605,<nil>,<nil>,<nil>,<nil>,<nil>,<nil>,<nil>,<nil>,147,<nil>
3729215309,<nil>,<nil>,<nil>,<nil>,<nil>,<nil>,<nil>,<nil>,745,<nil>
1625182029,<nil>,<nil>,<nil>,<nil>,<nil>,<nil>,<nil>,<nil>,325,<nil>
386486092,<nil>,<nil>,<nil>,<nil>,<nil>,<nil>,<nil>,<nil>,77,<nil>
1494765388,<nil>,<nil>,<nil>,<nil>,<nil>,<nil>,<nil>,<nil>,298,<nil>
3650094363,<nil>,<nil>,<nil>,<nil>,<nil>,<nil>,<nil>,<nil>,730,<nil>
1289834316,<nil>,<nil>,<nil>,<nil>,<nil>,<nil>,<nil>,<nil>,257,<nil>
3723513677,<nil>,<nil>,<nil>,<nil>,<nil>,<nil>,<nil>,<nil>,744,<nil>
1304317772,<nil>,<nil>,<nil>,<nil>,<nil>,<nil>,<nil>,<nil>,260,<nil>
31084364,<nil>,<nil>,<nil>,<nil>,<nil>,<nil>,<nil>,<nil>,6,<nil>
2813546316,<nil>,<nil>,<nil>,<nil>,<nil>,<nil>,<nil>,<nil>,562,<nil>
4013753523,<nil>,<nil>,<nil>,<nil>,<nil>,<nil>,<nil>,<nil>,802,<nil>
1264602956,<nil>,<nil>,<nil>,<nil>,<nil>,<nil>,<nil>,<nil>,252,<nil>
4217589581,<nil>,<nil>,<nil>,<nil>,<nil>,<nil>,<nil>,<nil>,843,<nil>
917917517,<nil>,<nil>,<nil>,<nil>,<nil>,<nil>,<nil>,<nil>,183,<nil>
3701755725,<nil>,<nil>,<nil>,<nil>,<nil>,<nil>,<nil>,<nil>,740,<nil>
1868320588,<nil>,<nil>,<nil>,<nil>,<nil>,<nil>,<nil>,<nil>,373,<nil>
3724608793,<nil>,<nil>,<nil>,<nil>,<nil>,<nil>,<nil>,<nil>,744,<nil>
1100828493,<nil>,<nil>,<nil>,<nil>,<nil>,<nil>,<nil>,<nil>,220,<nil>
3565440844,<nil>,<nil>,<nil>,<nil>,<nil>,<nil>,<nil>,<nil>,713,<nil>
1631670093,<nil>,<nil>,<nil>,<nil>,<nil>,<nil>,<nil>,<nil>,326,<nil>
1461145433,<nil>,<nil>,<nil>,<nil>,<nil>,<nil>,<nil>,<nil>,292,<nil>
4061155148,<nil>,<nil>,<nil>,<nil>,<nil>,<nil>,<nil>,<nil>,812,<nil>
2068972827,<nil>,<nil>,<nil>,<nil>,<nil>,<nil>,<nil>,<nil>,413,<nil>
3722334040,<nil>,<nil>,<nil>,<nil>,<nil>,<nil>,<nil>,<nil>,744,<nil>
1540640613,<nil>,<nil>,<nil>,<nil>,<nil>,<nil>,<nil>,<nil>,308,<nil>
4119613261,<nil>,<nil>,<nil>,<nil>,<nil>,<nil>,<nil>,<nil>,823,<nil>
1994346316,<nil>,<nil>,<nil>,<nil>,<nil>,<nil>,<nil>,<nil>,398,<nil>
147588379,<nil>,<nil>,<nil>,<nil>,<nil>,<nil>,<nil>,<nil>,29,<nil>
3344911909,<nil>,<nil>,<nil>,<nil>,<nil>,<nil>,<nil>,<nil>,668,<nil>
2013613901,<nil>,<nil>,<nil>,<nil>,<nil>,<nil>,<nil>,<nil>,402,<nil>
264064869,<nil>,<nil>,<nil>,<nil>,<nil>,<nil>,<nil>,<nil>,52,<nil>
3703328601,<nil>,<nil>,<nil>,<nil>,<nil>,<nil>,<nil>,<nil>,740,<nil>
2006536012,<nil>,<nil>,<nil>,<nil>,<nil>,<nil>,<nil>,<nil>,401,<nil>
605291803,<nil>,<nil>,<nil>,<nil>,<nil>,<nil>,<nil>,<nil>,121,<nil>
1034552600,<nil>,<nil>,<nil>,<nil>,<nil>,<nil>,<nil>,<nil>,206,<nil>
3820441432,<nil>,<nil>,<nil>,<nil>,<nil>,<nil>,<nil>,<nil>,764,<nil>
3938471769,<nil>,<nil>,<nil>,<nil>,<nil>,<nil>,<nil>,<nil>,787,<nil>
1766524187,<nil>,<nil>,<nil>,<nil>,<nil>,<nil>,<nil>,<nil>,353,<nil>
543032601,<nil>,<nil>,<nil>,<nil>,<nil>,<nil>,<nil>,<nil>,108,<nil>
2075283289,<nil>,<nil>,<nil>,<nil>,<nil>,<nil>,<nil>,<nil>,415,<nil>
687689560,<nil>,<nil>,<nil>,<nil>,<nil>,<nil>,<nil>,<nil>,137,<nil>
2408319016,<nil>,<nil>,<nil>,<nil>,<nil>,<nil>,<nil>,<nil>,481,<nil>
779308888,<nil>,<nil>,<nil>,<nil>,<nil>,<nil>,<nil>,<nil>,155,<nil>
741560152,<nil>,<nil>,<nil>,<nil>,<nil>,<nil>,<nil>,<nil>,148,<nil>
2627882828,<nil>,<nil>,<nil>,<nil>,<nil>,<nil>,<nil>,<nil>,525,<nil>
970215244,<nil>,<nil>,<nil>,<nil>,<nil>,<nil>,<nil>,<nil>,194,<nil>
418336589,<nil>,<nil>,<nil>,<nil>,<nil>,<nil>,<nil>,<nil>,83,<nil>
2865694760,<nil>,<nil>,<nil>,<nil>,<nil>,<nil>,<nil>,<nil>,573,<nil>
3292024653,<nil>,<nil>,<nil>,<nil>,<nil>,<nil>,<nil>,<nil>,658,<nil>
1473597272,<nil>,<nil>,<nil>,<nil>,<nil>,<nil>,<nil>,<nil>,294,<nil>
3089256269,<nil>,<nil>,<nil>,<nil>,<nil>,<nil>,<nil>,<nil>,617,<nil>
2502446949,<nil>,<nil>,<nil>,<nil>,<nil>,<nil>,<nil>,<nil>,500,<nil>
34754392,<nil>,<nil>,<nil>,<nil>,<nil>,<nil>,<nil>,<nil>,6,<nil>
3373911519,<nil>,<nil>,<nil>,<nil>,<nil>,<nil>,<nil>,<nil>,674,<nil>
3566405295,<nil>,<nil>,<nil>,<nil>,<nil>,<nil>,<nil>,<nil>,713,<nil>
1532317516,<nil>,<nil>,<nil>,<nil>,<nil>,<nil>,<nil>,<nil>,306,<nil>
2391953241,<nil>,<nil>,<nil>,<nil>,<nil>,<nil>,<nil>,<nil>,478,<nil>
4282404685,<nil>,<nil>,<nil>,<nil>,<nil>,<nil>,<nil>,<nil>,856,<nil>
3042135884,<nil>,<nil>,<nil>,<nil>,<nil>,<nil>,<nil>,<nil>,608,<nil>
2642019611,<nil>,<nil>,<nil>,<nil>,<nil>,<nil>,<nil>,<nil>,528,<nil>
845237797,<nil>,<nil>,<nil>,<nil>,<nil>,<nil>,<nil>,<nil>,169,<nil>
2094813004,<nil>,<nil>,<nil>,<nil>,<nil>,<nil>,<nil>,<nil>,418,<nil>
4141502284,<nil>,<nil>,<nil>,<nil>,<nil>,<nil>,<nil>,<nil>,828,<nil>
2223001433,<nil>,<nil>,<nil>,<nil>,<nil>,<nil>,<nil>,<nil>,444,<nil>
4134995968,<nil>,<nil>,<nil>,<nil>,<nil>,<nil>,<nil>,<nil>,826,<nil>
1103449933,<nil>,<nil>,<nil>,<nil>,<nil>,<nil>,<nil>,<nil>,220,<nil>
3568389964,<nil>,<nil>,<nil>,<nil>,<nil>,<nil>,<nil>,<nil>,713,<nil>
2910474072,<nil>,<nil>,<nil>,<nil>,<nil>,<nil>,<nil>,<nil>,582,<nil>
835407705,<nil>,<nil>,<nil>,<nil>,<nil>,<nil>,<nil>,<nil>,167,<nil>
2881769305,<nil>,<nil>,<nil>,<nil>,<nil>,<nil>,<nil>,<nil>,576,<nil>
482430809,<nil>,<nil>,<nil>,<nil>,<nil>,<nil>,<nil>,<nil>,96,<nil>
3728985567,<nil>,<nil>,<nil>,<nil>,<nil>,<nil>,<nil>,<nil>,745,<nil>
724520793,<nil>,<nil>,<nil>,<nil>,<nil>,<nil>,<nil>,<nil>,144,<nil>
3340241056,<nil>,<nil>,<nil>,<nil>,<nil>,<nil>,<nil>,<nil>,668,<nil>
1245728589,<nil>,<nil>,<nil>,<nil>,<nil>,<nil>,<nil>,<nil>,249,<nil>
882790232,<nil>,<nil>,<nil>,<nil>,<nil>,<nil>,<nil>,<nil>,176,<nil>
2509655897,<nil>,<nil>,<nil>,<nil>,<nil>,<nil>,<nil>,<nil>,501,<nil>
2149863256,<nil>,<nil>,<nil>,<nil>,<nil>,<nil>,<nil>,<nil>,429,<nil>
1871259492,<nil>,<nil>,<nil>,<nil>,<nil>,<nil>,<nil>,<nil>,374,<nil>
701189964,<nil>,<nil>,<nil>,<nil>,<nil>,<nil>,<nil>,<nil>,140,<nil>
2988113932,<nil>,<nil>,<nil>,<nil>,<nil>,<nil>,<nil>,<nil>,597,<nil>
915230552,<nil>,<nil>,<nil>,<nil>,<nil>,<nil>,<nil>,<nil>,183,<nil>
3117240141,<nil>,<nil>,<nil>,<nil>,<nil>,<nil>,<nil>,<nil>,623,<nil>
2026262348,<nil>,<nil>,<nil>,<nil>,<nil>,<nil>,<nil>,<nil>,405,<nil>
4072165196,<nil>,<nil>,<nil>,<nil>,<nil>,<nil>,<nil>,<nil>,814,<nil>
1610370916,<nil>,<nil>,<nil>,<nil>,<nil>,<nil>,<nil>,<nil>,322,<nil>
2989117285,<nil>,<nil>,<nil>,<nil>,<nil>,<nil>,<nil>,<nil>,597,<nil>
3038924621,<nil>,<nil>,<nil>,<nil>,<nil>,<nil>,<nil>,<nil>,607,<nil>
1504923468,<nil>,<nil>,<nil>,<nil>,<nil>,<nil>,<nil>,<nil>,300,<nil>
2213564248,<nil>,<nil>,<nil>,<nil>,<nil>,<nil>,<nil>,<nil>,442,<nil>
1304907597,<nil>,<nil>,<nil>,<nil>,<nil>,<nil>,<nil>,<nil>,260,<nil>
168503146,<nil>,<nil>,<nil>,<nil>,<nil>,<nil>,<nil>,<nil>,33,<nil>
3006418776,<nil>,<nil>,<nil>,<nil>,<nil>,<nil>,<nil>,<nil>,601,<nil>
3831254872,<nil>,<nil>,<nil>,<nil>,<nil>,<nil>,<nil>,<nil>,766,<nil>
2035568461,<nil>,<nil>,<nil>,<nil>,<nil>,<nil>,<nil>,<nil>,407,<nil>
516706136,<nil>,<nil>,<nil>,<nil>,<nil>,<nil>,<nil>,<nil>,103,<nil>
3742256984,<nil>,<nil>,<nil>,<nil>,<nil>,<nil>,<nil>,<nil>,748,<nil>
1227837272,<nil>,<nil>,<nil>,<nil>,<nil>,<nil>,<nil>,<nil>,245,<nil>
3435482957,<nil>,<nil>,<nil>,<nil>,<nil>,<nil>,<nil>,<nil>,687,<nil>
2863222645,<nil>,<nil>,<nil>,<nil>,<nil>,<nil>,<nil>,<nil>,572,<nil>
1133596504,<nil>,<nil>,<nil>,<nil>,<nil>,<nil>,<nil>,<nil>,226,<nil>
3716174244,<nil>,<nil>,<nil>,<nil>,<nil>,<nil>,<nil>,<nil>,743,<nil>
2850115416,<nil>,<nil>,<nil>,<nil>,<nil>,<nil>,<nil>,<nil>,570,<nil>
2185645901,<nil>,<nil>,<nil>,<nil>,<nil>,<nil>,<nil>,<nil>,437,<nil>
863850328,<nil>,<nil>,<nil>,<nil>,<nil>,<nil>,<nil>,<nil>,172,<nil>
304303973,<nil>,<nil>,<nil>,<nil>,<nil>,<nil>,<nil>,<nil>,60,<nil>
4260187980,<nil>,<nil>,<nil>,<nil>,<nil>,<nil>,<nil>,<nil>,852,<nil>
4234301272,<nil>,<nil>,<nil>,<nil>,<nil>,<nil>,<nil>,<nil>,846,<nil>
788221785,<nil>,<nil>,<nil>,<nil>,<nil>,<nil>,<nil>,<nil>,157,<nil>
3564588877,<nil>,<nil>,<nil>,<nil>,<nil>,<nil>,<nil>,<nil>,712,<nil>
2105888613,<nil>,<nil>,<nil>,<nil>,<nil>,<nil>,<nil>,<nil>,421,<nil>
932597593,<nil>,<nil>,<nil>,<nil>,<nil>,<nil>,<nil>,<nil>,186,<nil>
90066789,<nil>,<nil>,<nil>,<nil>,<nil>,<nil>,<nil>,<nil>,18,<nil>
1268797260,<nil>,<nil>,<nil>,<nil>,<nil>,<nil>,<nil>,<nil>,253,<nil>
3632811853,<nil>,<nil>,<nil>,<nil>,<nil>,<nil>,<nil>,<nil>,726,<nil>
1677807437,<nil>,<nil>,<nil>,<nil>,<nil>,<nil>,<nil>,<nil>,335,<nil>
958812005,<nil>,<nil>,<nil>,<nil>,<nil>,<nil>,<nil>,<nil>,191,<nil>
2665172812,<nil>,<nil>,<nil>,<nil>,<nil>,<nil>,<nil>,<nil>,533,<nil>
893865817,<nil>,<nil>,<nil>,<nil>,<nil>,<nil>,<nil>,<nil>,178,<nil>
119230297,<nil>,<nil>,<nil>,<nil>,<nil>,<nil>,<nil>,<nil>,23,<nil>
387403609,<nil>,<nil>,<nil>,<nil>,<nil>,<nil>,<nil>,<nil>,77,<nil>
2730053465,<nil>,<nil>,<nil>,<nil>,<nil>,<nil>,<nil>,<nil>,546,<nil>
1516654425,<nil>,<nil>,<nil>,<nil>,<nil>,<nil>,<nil>,<nil>,303,<nil>
1307660120,<nil>,<nil>,<nil>,<nil>,<nil>,<nil>,<nil>,<nil>,261,<nil>
2129350477,<nil>,<nil>,<nil>,<nil>,<nil>,<nil>,<nil>,<nil>,425,<nil>
1932480344,<nil>,<nil>,<nil>,<nil>,<nil>,<nil>,<nil>,<nil>,386,<nil>
2386186085,<nil>,<nil>,<nil>,<nil>,<nil>,<nil>,<nil>,<nil>,477,<nil>
1085820748,<nil>,<nil>,<nil>,<nil>,<nil>,<nil>,<nil>,<nil>,217,<nil>
4185608013,<nil>,<nil>,<nil>,<nil>,<nil>,<nil>,<nil>,<nil>,837,<nil>
1180127077,<nil>,<nil>,<nil>,<nil>,<nil>,<nil>,<nil>,<nil>,236,<nil>
2472759128,<nil>,<nil>,<nil>,<nil>,<nil>,<nil>,<nil>,<nil>,494,<nil>
951275340,<nil>,<nil>,<nil>,<nil>,<nil>,<nil>,<nil>,<nil>,190,<nil>
3315093325,<nil>,<nil>,<nil>,<nil>,<nil>,<nil>,<nil>,<nil>,663,<nil>
733302605,<nil>,<nil>,<nil>,<nil>,<nil>,<nil>,<nil>,<nil>,146,<nil>
3380891481,<nil>,<nil>,<nil>,<nil>,<nil>,<nil>,<nil>,<nil>,676,<nil>
2163035993,<nil>,<nil>,<nil>,<nil>,<nil>,<nil>,<nil>,<nil>,432,<nil>
4174906345,<nil>,<nil>,<nil>,<nil>,<nil>,<nil>,<nil>,<nil>,834,<nil>
2495893324,<nil>,<nil>,<nil>,<nil>,<nil>,<nil>,<nil>,<nil>,499,<nil>
2038124365,<nil>,<nil>,<nil>,<nil>,<nil>,<nil>,<nil>,<nil>,407,<nil>
522800973,<nil>,<nil>,<nil>,<nil>,<nil>,<nil>,<nil>,<nil>,104,<nil>
3900329805,<nil>,<nil>,<nil>,<nil>,<nil>,<nil>,<nil>,<nil>,780,<nil>
287442596,<nil>,<nil>,<nil>,<nil>,<nil>,<nil>,<nil>,<nil>,57,<nil>
3026407244,<nil>,<nil>,<nil>,<nil>,<nil>,<nil>,<nil>,<nil>,605,<nil>
2570997581,<nil>,<nil>,<nil>,<nil>,<nil>,<nil>,<nil>,<nil>,514,<nil>
2200567853,<nil>,<nil>,<nil>,<nil>,<nil>,<nil>,<nil>,<nil>,440,<nil>
638603096,<nil>,<nil>,<nil>,<nil>,<nil>,<nil>,<nil>,<nil>,127,<nil>
716394316,<nil>,<nil>,<nil>,<nil>,<nil>,<nil>,<nil>,<nil>,143,<nil>
249057112,<nil>,<nil>,<nil>,<nil>,<nil>,<nil>,<nil>,<nil>,49,<nil>
2965655372,<nil>,<nil>,<nil>,<nil>,<nil>,<nil>,<nil>,<nil>,593,<nil>
716197708,<nil>,<nil>,<nil>,<nil>,<nil>,<nil>,<nil>,<nil>,143,<nil>
3239137113,<nil>,<nil>,<nil>,<nil>,<nil>,<nil>,<nil>,<nil>,647,<nil>
1810452011,<nil>,<nil>,<nil>,<nil>,<nil>,<nil>,<nil>,<nil>,362,<nil>
1224101720,<nil>,<nil>,<nil>,<nil>,<nil>,<nil>,<nil>,<nil>,244,<nil>
1063735129,<nil>,<nil>,<nil>,<nil>,<nil>,<nil>,<nil>,<nil>,212,<nil>
4102115148,<nil>,<nil>,<nil>,<nil>,<nil>,<nil>,<nil>,<nil>,820,<nil>
282986160,<nil>,<nil>,<nil>,<nil>,<nil>,<nil>,<nil>,<nil>,56,<nil>
1359302477,<nil>,<nil>,<nil>,<nil>,<nil>,<nil>,<nil>,<nil>,271,<nil>
1476397072,<nil>,<nil>,<nil>,<nil>,<nil>,<nil>,<nil>,<nil>,295,<nil>
2624376288,<nil>,<nil>,<nil>,<nil>,<nil>,<nil>,<nil>,<nil>,524,<nil>
1925533516,<nil>,<nil>,<nil>,<nil>,<nil>,<nil>,<nil>,<nil>,385,<nil>
141643597,<nil>,<nil>,<nil>,<nil>,<nil>,<nil>,<nil>,<nil>,28,<nil>
2741307392,<nil>,<nil>,<nil>,<nil>,<nil>,<nil>,<nil>,<nil>,548,<nil>
1984384845,<nil>,<nil>,<nil>,<nil>,<nil>,<nil>,<nil>,<nil>,396,<nil>
83906404,<nil>,<nil>,<nil>,<nil>,<nil>,<nil>,<nil>,<nil>,16,<nil>
2499301197,<nil>,<nil>,<nil>,<nil>,<nil>,<nil>,<nil>,<nil>,499,<nil>
1737117529,<nil>,<nil>,<nil>,<nil>,<nil>,<nil>,<nil>,<nil>,347,<nil>
8605517,<nil>,<nil>,<nil>,<nil>,<nil>,<nil>,<nil>,<nil>,1,<nil>
107171672,<nil>,<nil>,<nil>,<nil>,<nil>,<nil>,<nil>,<nil>,21,<nil>
3036172121,<nil>,<nil>,<nil>,<nil>,<nil>,<nil>,<nil>,<nil>,607,<nil>
1134317413,<nil>,<nil>,<nil>,<nil>,<nil>,<nil>,<nil>,<nil>,226,<nil>
3964489548,<nil>,<nil>,<nil>,<nil>,<nil>,<nil>,<nil>,<nil>,792,<nil>
2157203276,<nil>,<nil>,<nil>,<nil>,<nil>,<nil>,<nil>,<nil>,431,<nil>
55332684,<nil>,<nil>,<nil>,<nil>,<nil>,<nil>,<nil>,<nil>,11,<nil>
4161490764,<nil>,<nil>,<nil>,<nil>,<nil>,<nil>,<nil>,<nil>,832,<nil>
3633467213,<nil>,<nil>,<nil>,<nil>,<nil>,<nil>,<nil>,<nil>,726,<nil>
2245676876,<nil>,<nil>,<nil>,<nil>,<nil>,<nil>,<nil>,<nil>,449,<nil>
2094550873,<nil>,<nil>,<nil>,<nil>,<nil>,<nil>,<nil>,<nil>,418,<nil>
3331477325,<nil>,<nil>,<nil>,<nil>,<nil>,<nil>,<nil>,<nil>,666,<nil>
3318417424,<nil>,<nil>,<nil>,<nil>,<nil>,<nil>,<nil>,<nil>,663,<nil>
4081995596,<nil>,<nil>,<nil>,<nil>,<nil>,<nil>,<nil>,<nil>,816,<nil>
1992970072,<nil>,<nil>,<nil>,<nil>,<nil>,<nil>,<nil>,<nil>,398,<nil>
173887308,<nil>,<nil>,<nil>,<nil>,<nil>,<nil>,<nil>,<nil>,34,<nil>
3431532544,<nil>,<nil>,<nil>,<nil>,<nil>,<nil>,<nil>,<nil>,686,<nil>
1691111256,<nil>,<nil>,<nil>,<nil>,<nil>,<nil>,<nil>,<nil>,338,<nil>
242634612,<nil>,<nil>,<nil>,<nil>,<nil>,<nil>,<nil>,<nil>,48,<nil>
594038617,<nil>,<nil>,<nil>,<nil>,<nil>,<nil>,<nil>,<nil>,118,<nil>
4260319065,<nil>,<nil>,<nil>,<nil>,<nil>,<nil>,<nil>,<nil>,852,<nil>
32310249,<nil>,<nil>,<nil>,<nil>,<nil>,<nil>,<nil>,<nil>,6,<nil>
2121486180,<nil>,<nil>,<nil>,<nil>,<nil>,<nil>,<nil>,<nil>,424,<nil>
369054116,<nil>,<nil>,<nil>,<nil>,<nil>,<nil>,<nil>,<nil>,73,<nil>
4178005848,<nil>,<nil>,<nil>,<nil>,<nil>,<nil>,<nil>,<nil>,835,<nil>
2841530189,<nil>,<nil>,<nil>,<nil>,<nil>,<nil>,<nil>,<nil>,568,<nil>
1783582553,<nil>,<nil>,<nil>,<nil>,<nil>,<nil>,<nil>,<nil>,356,<nil>
461721444,<nil>,<nil>,<nil>,<nil>,<nil>,<nil>,<nil>,<nil>,92,<nil>
2555596633,<nil>,<nil>,<nil>,<nil>,<nil>,<nil>,<nil>,<nil>,511,<nil>
1992755409,<nil>,<nil>,<nil>,<nil>,<nil>,<nil>,<nil>,<nil>,398,<nil>
3334360909,<nil>,<nil>,<nil>,<nil>,<nil>,<nil>,<nil>,<nil>,666,<nil>
1879002981,<nil>,<nil>,<nil>,<nil>,<nil>,<nil>,<nil>,<nil>,375,<nil>
912805721,<nil>,<nil>,<nil>,<nil>,<nil>,<nil>,<nil>,<nil>,182,<nil>
118312780,<nil>,<nil>,<nil>,<nil>,<nil>,<nil>,<nil>,<nil>,23,<nil>
2343587673,<nil>,<nil>,<nil>,<nil>,<nil>,<nil>,<nil>,<nil>,468,<nil>
1708216141,<nil>,<nil>,<nil>,<nil>,<nil>,<nil>,<nil>,<nil>,341,<nil>
443090984,<nil>,<nil>,<nil>,<nil>,<nil>,<nil>,<nil>,<nil>,88,<nil>
3266006860,<nil>,<nil>,<nil>,<nil>,<nil>,<nil>,<nil>,<nil>,653,<nil>
1184124749,<nil>,<nil>,<nil>,<nil>,<nil>,<nil>,<nil>,<nil>,236,<nil>
228478821,<nil>,<nil>,<nil>,<nil>,<nil>,<nil>,<nil>,<nil>,45,<nil>
3078311756,<nil>,<nil>,<nil>,<nil>,<nil>,<nil>,<nil>,<nil>,615,<nil>
2376204300,<nil>,<nil>,<nil>,<nil>,<nil>,<nil>,<nil>,<nil>,475,<nil>
3644280652,<nil>,<nil>,<nil>,<nil>,<nil>,<nil>,<nil>,<nil>,728,<nil>
3350024013,<nil>,<nil>,<nil>,<nil>,<nil>,<nil>,<nil>,<nil>,670,<nil>
2633893888,<nil>,<nil>,<nil>,<nil>,<nil>,<nil>,<nil>,<nil>,526,<nil>
2367967065,<nil>,<nil>,<nil>,<nil>,<nil>,<nil>,<nil>,<nil>,473,<nil>
257511245,<nil>,<nil>,<nil>,<nil>,<nil>,<nil>,<nil>,<nil>,51,<nil>
3470217048,<nil>,<nil>,<nil>,<nil>,<nil>,<nil>,<nil>,<nil>,694,<nil>
3934801740,<nil>,<nil>,<nil>,<nil>,<nil>,<nil>,<nil>,<nil>,786,<nil>
2435534680,<nil>,<nil>,<nil>,<nil>,<nil>,<nil>,<nil>,<nil>,487,<nil>
1660440408,<nil>,<nil>,<nil>,<nil>,<nil>,<nil>,<nil>,<nil>,332,<nil>
1910591309,<nil>,<nil>,<nil>,<nil>,<nil>,<nil>,<nil>,<nil>,382,<nil>
669994828,<nil>,<nil>,<nil>,<nil>,<nil>,<nil>,<nil>,<nil>,133,<nil>
3895807820,<nil>,<nil>,<nil>,<nil>,<nil>,<nil>,<nil>,<nil>,779,<nil>
85151576,<nil>,<nil>,<nil>,<nil>,<nil>,<nil>,<nil>,<nil>,17,<nil>
2259308376,<nil>,<nil>,<nil>,<nil>,<nil>,<nil>,<nil>,<nil>,451,<nil>
1415970916,<nil>,<nil>,<nil>,<nil>,<nil>,<nil>,<nil>,<nil>,283,<nil>
3288616792,<nil>,<nil>,<nil>,<nil>,<nil>,<nil>,<nil>,<nil>,657,<nil>
891113304,<nil>,<nil>,<nil>,<nil>,<nil>,<nil>,<nil>,<nil>,178,<nil>
4044425425,<nil>,<nil>,<nil>,<nil>,<nil>,<nil>,<nil>,<nil>,808,<nil>
2339066276,<nil>,<nil>,<nil>,<nil>,<nil>,<nil>,<nil>,<nil>,467,<nil>
1652313932,<nil>,<nil>,<nil>,<nil>,<nil>,<nil>,<nil>,<nil>,330,<nil>
1785745229,<nil>,<nil>,<nil>,<nil>,<nil>,<nil>,<nil>,<nil>,357,<nil>
274026317,<nil>,<nil>,<nil>,<nil>,<nil>,<nil>,<nil>,<nil>,54,<nil>
3181793100,<nil>,<nil>,<nil>,<nil>,<nil>,<nil>,<nil>,<nil>,636,<nil>
860225581,<nil>,<nil>,<nil>,<nil>,<nil>,<nil>,<nil>,<nil>,172,<nil>
4261891941,<nil>,<nil>,<nil>,<nil>,<nil>,<nil>,<nil>,<nil>,852,<nil>
4081274712,<nil>,<nil>,<nil>,<nil>,<nil>,<nil>,<nil>,<nil>,816,<nil>
3130656928,<nil>,<nil>,<nil>,<nil>,<nil>,<nil>,<nil>,<nil>,626,<nil>
1430212133,<nil>,<nil>,<nil>,<nil>,<nil>,<nil>,<nil>,<nil>,286,<nil>
3176157029,<nil>,<nil>,<nil>,<nil>,<nil>,<nil>,<nil>,<nil>,635,<nil>
2465222477,<nil>,<nil>,<nil>,<nil>,<nil>,<nil>,<nil>,<nil>,493,<nil>
3100266328,<nil>,<nil>,<nil>,<nil>,<nil>,<nil>,<nil>,<nil>,620,<nil>
1155419981,<nil>,<nil>,<nil>,<nil>,<nil>,<nil>,<nil>,<nil>,231,<nil>
1108823896,<nil>,<nil>,<nil>,<nil>,<nil>,<nil>,<nil>,<nil>,221,<nil>
2636599128,<nil>,<nil>,<nil>,<nil>,<nil>,<nil>,<nil>,<nil>,527,<nil>
983453517,<nil>,<nil>,<nil>,<nil>,<nil>,<nil>,<nil>,<nil>,196,<nil>
3821358964,<nil>,<nil>,<nil>,<nil>,<nil>,<nil>,<nil>,<nil>,764,<nil>
2123976537,<nil>,<nil>,<nil>,<nil>,<nil>,<nil>,<nil>,<nil>,424,<nil>
691490637,<nil>,<nil>,<nil>,<nil>,<nil>,<nil>,<nil>,<nil>,138,<nil>
739051183,<nil>,<nil>,<nil>,<nil>,<nil>,<nil>,<nil>,<nil>,147,<nil>
604458840,<nil>,<nil>,<nil>,<nil>,<nil>,<nil>,<nil>,<nil>,120,<nil>
260656972,<nil>,<nil>,<nil>,<nil>,<nil>,<nil>,<nil>,<nil>,52,<nil>
2420526925,<nil>,<nil>,<nil>,<nil>,<nil>,<nil>,<nil>,<nil>,484,<nil>
896946008,<nil>,<nil>,<nil>,<nil>,<nil>,<nil>,<nil>,<nil>,179,<nil>
3112914777,<nil>,<nil>,<nil>,<nil>,<nil>,<nil>,<nil>,<nil>,622,<nil>
3228520269,<nil>,<nil>,<nil>,<nil>,<nil>,<nil>,<nil>,<nil>,645,<nil>
2017742681,<nil>,<nil>,<nil>,<nil>,<nil>,<nil>,<nil>,<nil>,403,<nil>
3400814412,<nil>,<nil>,<nil>,<nil>,<nil>,<nil>,<nil>,<nil>,680,<nil>
1604800344,<nil>,<nil>,<nil>,<nil>,<nil>,<nil>,<nil>,<nil>,320,<nil>
789973088,<nil>,<nil>,<nil>,<nil>,<nil>,<nil>,<nil>,<nil>,157,<nil>
2719371085,<nil>,<nil>,<nil>,<nil>,<nil>,<nil>,<nil>,<nil>,543,<nil>
972509029,<nil>,<nil>,<nil>,<nil>,<nil>,<nil>,<nil>,<nil>,194,<nil>
3338864849,<nil>,<nil>,<nil>,<nil>,<nil>,<nil>,<nil>,<nil>,667,<nil>
3178123085,<nil>,<nil>,<nil>,<nil>,<nil>,<nil>,<nil>,<nil>,635,<nil>
2084982604,<nil>,<nil>,<nil>,<nil>,<nil>,<nil>,<nil>,<nil>,416,<nil>
3403566937,<nil>,<nil>,<nil>,<nil>,<nil>,<nil>,<nil>,<nil>,680,<nil>
2006667084,<nil>,<nil>,<nil>,<nil>,<nil>,<nil>,<nil>,<nil>,401,<nil>
848103088,<nil>,<nil>,<nil>,<nil>,<nil>,<nil>,<nil>,<nil>,169,<nil>
1298812760,<nil>,<nil>,<nil>,<nil>,<nil>,<nil>,<nil>,<nil>,259,<nil>
3358150477,<nil>,<nil>,<nil>,<nil>,<nil>,<nil>,<nil>,<nil>,671,<nil>
1857638233,<nil>,<nil>,<nil>,<nil>,<nil>,<nil>,<nil>,<nil>,371,<nil>
4024455001,<nil>,<nil>,<nil>,<nil>,<nil>,<nil>,<nil>,<nil>,804,<nil>
2575585600,<nil>,<nil>,<nil>,<nil>,<nil>,<nil>,<nil>,<nil>,515,<nil>
719933272,<nil>,<nil>,<nil>,<nil>,<nil>,<nil>,<nil>,<nil>,143,<nil>
238767960,<nil>,<nil>,<nil>,<nil>,<nil>,<nil>,<nil>,<nil>,47,<nil>
1515605849,<nil>,<nil>,<nil>,<nil>,<nil>,<nil>,<nil>,<nil>,303,<nil>
3748548468,<nil>,<nil>,<nil>,<nil>,<nil>,<nil>,<nil>,<nil>,749,<nil>
2039959373,<nil>,<nil>,<nil>,<nil>,<nil>,<nil>,<nil>,<nil>,407,<nil>
356929356,<nil>,<nil>,<nil>,<nil>,<nil>,<nil>,<nil>,<nil>,71,<nil>
3605679949,<nil>,<nil>,<nil>,<nil>,<nil>,<nil>,<nil>,<nil>,721,<nil>
3305590605,<nil>,<nil>,<nil>,<nil>,<nil>,<nil>,<nil>,<nil>,661,<nil>
1932152664,<nil>,<nil>,<nil>,<nil>,<nil>,<nil>,<nil>,<nil>,386,<nil>
4135472973,<nil>,<nil>,<nil>,<nil>,<nil>,<nil>,<nil>,<nil>,827,<nil>
2680508260,<nil>,<nil>,<nil>,<nil>,<nil>,<nil>,<nil>,<nil>,536,<nil>
793661260,<nil>,<nil>,<nil>,<nil>,<nil>,<nil>,<nil>,<nil>,158,<nil>
2905165657,<nil>,<nil>,<nil>,<nil>,<nil>,<nil>,<nil>,<nil>,581,<nil>
1074810712,<nil>,<nil>,<nil>,<nil>,<nil>,<nil>,<nil>,<nil>,214,<nil>
309677901,<nil>,<nil>,<nil>,<nil>,<nil>,<nil>,<nil>,<nil>,61,<nil>
2825736012,<nil>,<nil>,<nil>,<nil>,<nil>,<nil>,<nil>,<nil>,565,<nil>
1917079384,<nil>,<nil>,<nil>,<nil>,<nil>,<nil>,<nil>,<nil>,383,<nil>
1102008152,<nil>,<nil>,<nil>,<nil>,<nil>,<nil>,<nil>,<nil>,220,<nil>
3665821712,<nil>,<nil>,<nil>,<nil>,<nil>,<nil>,<nil>,<nil>,733,<nil>
3029225317,<nil>,<nil>,<nil>,<nil>,<nil>,<nil>,<nil>,<nil>,605,<nil>
