<?xml version="1.0" encoding="UTF-8"?>
<Document>
  <name>D:\Drone_Data\Drone_Data\DATFile\FLY002.DAT</name>
  <description>KML File For FLY002.DAT Generated By Drone_Data.</description>
  <Style id="2015256602"><LineStyle><color>ff0822c8</color><width>8</width></LineStyle></Style>
  <Style id="startcolor"><LineStyle><color>ff000000</color><width>2</width></LineStyle></Style>
  <Style id="endcolor"><LineStyle><color>ff000000</color><width>2</width></LineStyle></Style>
  <Placemark>
    <name>KML File For FLY002.DAT Generated By Drone_Data.</name>
    <description>Flight Takeoff Point For KML File For FLY002.DAT Generated By Drone_Data.</description>
    <styleUrl>#startcolor</styleUrl>
    <LineString><extrude>0</extrude><tessellate>0</tessellate><altitudeMode>clampToGround</altitudeMode>
      <coordinates>-0.0000000,-0.0137755,0.00</coordinates>
    </LineString>
  </Placemark>
  <Placemark>
    <name>KML File For FLY002.DAT Generated By Drone_Data.</name>
    <description>Flight Termination Point For KML File For FLY002.DAT Generated By Drone_Data.</description>
    <styleUrl>#endcolor</styleUrl>
    <LineString><extrude>0</extrude><tessellate>0</tessellate><altitudeMode>clampToGround</altitudeMode>
      <coordinates>0.0457127,0.0000000,-97.12</coordinates>
    </LineString>
  </Placemark>
  <Placemark>
    <name>KML File For FLY002.DAT Generated By Drone_Data.</name>
    <description>Flight Path for KML File For FLY002.DAT Generated By Drone_Data.</description>
    <styleUrl>#2015256602</styleUrl>
    <LineString><extrude>0</extrude><tessellate>0</tessellate><altitudeMode>absolute</altitudeMode>
      <coordinates>-0.0000000,-0.0137755,0.00 0.0001805,0.0000017,0.00 0.1818781,0.0000000,-24.16 -0.0000053,-0.0008839,0.00 0.1818781,0.0000000,-24.16 0.0000027,0.0017639,0.00 0.0029180,0.0000279,0.00 0.0000000,0.0274897,0.00 0.0112448,0.0000000,-390.47 0.0001805,0.0000017,0.00 0.0000007,0.0004353,0.00 0.0112448,0.0000000,-390.47 -0.0000000,-0.0137755,0.00 0.0113669,0.0000000,-390.47 -0.0014551,-0.0000035,3163.67 -0.0058512,-0.0000140,786.93 0.0000000,0.4437312,0.00 -0.0000053,-0.0008839,0.00 0.0000000,0.4437300,0.00 -0.3647365,-0.0000000,12.11 0.0000000,0.4437301,0.00 0.0000107,0.0070254,0.00 0.0000027,0.0017640,0.00 -0.0000000,-0.0137755,0.00 -0.0000000,-0.2223528,0.00 -0.0000000,-0.2223524,0.00 0.0000000,0.1094739,0.00 -0.3647365,-0.0000000,12.11 0.1818781,0.0000000,-24.16 -0.0000000,-0.2223522,0.00 0.1818781,0.0000000,-24.16 0.0000007,0.0004353,0.00 -0.0000000,-0.0548580,0.00 0.0000007,0.0004353,0.00 0.0000000,0.0274902,0.00 0.0000107,0.0070253,0.00 0.1818781,0.0000000,-24.16 0.0000002,0.0001093,0.00 0.1818781,0.0000000,-24.16 0.0001805,0.0000017,0.00 0.7314338,0.0000001,-6.01 -0.0225509,-0.0000000,195.74 -0.0000000,-0.0137758,0.00 -0.0000013,-0.0002181,0.00 0.0007066,0.0000070,0.00 0.0001805,0.0000017,0.00 -0.0000000,-0.2223556,0.00 0.0029180,0.0000279,0.00 0.1848077,0.0000000,-24.16 0.0000007,0.0004353,0.00 -0.0003485,-0.0000009,0.00 -0.0000000,-0.0137757,0.00 0.0000000,0.1094719,0.00 0.0112448,0.0000000,-390.47 -0.0000054,-0.0008839,0.00 -0.0000214,-0.0035203,0.00 -0.0000000,-0.0548575,0.00 0.0000007,0.0004352,0.00 0.0001805,0.0000017,0.00 0.0000000,0.0274907,0.00 -0.0003619,-0.0000009,0.00 -0.0014551,-0.0000035,3163.67 -0.0000000,-0.2223774,0.00 -0.0000000,-0.0548610,0.00 -0.0003562,-0.0000009,0.00 0.0112448,0.0000000,-390.47 -0.0014551,-0.0000035,3163.67 -0.0000013,-0.0002181,0.00 -0.0000053,-0.0008839,0.00 0.0391209,0.0000000,-97.12 0.0000000,1.7673239,0.00 0.0000002,0.0001093,0.00 0.0000007,0.0004352,0.00 -0.0000013,-0.0002181,0.00 0.0452244,0.0000000,-97.12 0.0000000,0.1094779,0.00 0.0001557,0.0000017,0.00 -0.0000215,-0.0035202,0.00 -0.0000214,-0.0035202,0.00 -0.0000205,-0.0035202,0.00 -0.0058512,-0.0000140,786.93 -0.0000000,-0.2223753,0.00 0.0000002,0.0001093,0.00 -0.0000000,-0.0137762,0.00 0.0000107,0.0070250,0.00 -0.0003447,-0.0000009,0.00 -0.0000000,-0.0137762,0.00 0.0000000,0.0274913,0.00 -0.0225509,-0.0000000,195.74 -0.0000000,-0.2223783,0.00 0.0000000,0.4437833,0.00 0.7314338,0.0000001,-6.01 0.0001805,0.0000017,0.00 0.0000000,0.1094759,0.00 -0.0003619,-0.0000009,0.00 0.0112448,0.0000000,-390.47 -0.0058512,-0.0000140,786.93 0.0029180,0.0000279,0.00 -0.0014551,-0.0000035,3163.67 -0.0052409,-0.0000140,786.93 -0.0000013,-0.0002181,0.00 0.0000000,0.4437567,0.00 -0.0000000,-0.0137764,0.00 0.0112448,0.0000000,-390.47 0.0452244,0.0000000,-97.12 -0.0000013,-0.0002181,0.00 0.7314338,0.0000001,-6.01 -0.0225509,-0.0000000,195.74 0.0000000,0.4437582,0.00 -0.3647365,-0.0000000,12.11 0.0028111,0.0000279,0.00 0.0000027,0.0017638,0.00 0.0000000,0.1094813,0.00 0.0000002,0.0001093,0.00 0.0001805,0.0000017,0.00 -0.0000000,-0.0137763,0.00 0.0452244,0.0000000,-97.12 -0.0058207,-0.0000140,786.93 0.1818781,0.0000000,-24.16 -0.0000000,-0.2223675,0.00 0.0035434,0.0000004,0.00 -0.0902056,-0.0000000,48.69 -0.0000000,-0.0548623,0.00 -0.0058512,-0.0000140,786.93 0.0001805,0.0000017,0.00 0.0000000,0.4437655,0.00 -1.4667891,-0.0000001,3.01 0.0116721,0.0000000,-390.47 0.0000000,0.1094782,0.00 0.0112448,0.0000000,-390.47 0.0000000,0.1094788,0.00 -0.0225509,-0.0000000,195.74 -0.3666896,-0.0000000,12.11 -0.0000013,-0.0002181,0.00 -0.0000001,-0.8855719,0.00 0.0000007,0.0004353,0.00 0.0000002,0.0001093,0.00 -0.0226730,-0.0000000,195.74 -0.0225509,-0.0000000,195.74 -0.3647365,-0.0000000,12.11 -0.0000000,-0.2223731,0.00 0.0000107,0.0070249,0.00 -0.0000221,-0.0035200,0.00 -0.0000000,-0.0548612,0.00 -0.0000001,-0.8855616,0.00 -0.0000000,-0.2223702,0.00 -0.0000053,-0.0008838,0.00 -0.0906939,-0.0000000,48.69 0.0000007,0.0004353,0.00 0.0000002,0.0001093,0.00 0.1818781,0.0000000,-24.16 -0.0000000,-0.0548613,0.00 -0.0014551,-0.0000035,3163.67 0.0000002,0.0001093,0.00 0.7314338,0.0000001,-6.01 0.0000000,1.7674371,0.00 0.0000000,0.1094845,0.00 -0.0000000,-0.0137770,0.00 -0.0000215,-0.0035210,0.00 0.0442479,0.0000000,-97.12 -0.3647365,-0.0000000,12.11 -0.0003619,-0.0000009,0.00 0.0000000,0.0274929,0.00 -0.0000001,-0.8856687,0.00 -0.0003657,-0.0000009,0.00 -0.0000001,-0.8856660,0.00 0.1818781,0.0000000,-24.16 0.0102072,0.0000000,-390.47 -0.0234054,-0.0000000,195.74 0.0000000,0.1094856,0.00 0.0000000,1.7674555,0.00 0.1818781,0.0000000,-24.16 0.0001805,0.0000017,0.00 -0.3647365,-0.0000000,12.11 -0.0000000,-0.2223906,0.00 0.0452244,0.0000000,-97.12 -0.0000053,-0.0008840,0.00 0.0452244,0.0000000,-97.12 0.0000000,0.4438078,0.00 -0.0000214,-0.0035209,0.00 -1.4667891,-0.0000001,3.01 0.0116721,0.0000000,-390.47 0.0000000,1.7674017,0.00 0.0007295,0.0000070,0.00 -0.0000013,-0.0002181,0.00 0.0000000,0.1094819,0.00 0.0001776,0.0000017,0.00 -0.0000053,-0.0008841,0.00 0.7314338,0.0000001,-6.01 -0.0225509,-0.0000000,195.74 0.0001805,0.0000017,0.00 -0.0000014,-0.0002181,0.00 0.0000000,0.1094824,0.00 0.7314338,0.0000001,-6.01 0.0427830,0.0000000,-97.12 0.0000000,1.7674059,0.00 -0.0000001,-0.8856624,0.00 -0.0225509,-0.0000000,195.74 0.0001805,0.0000017,0.00 -0.0003619,-0.0000009,0.00 0.0007257,0.0000070,0.00 0.0001633,0.0000017,0.00 -0.0000053,-0.0008840,0.00 0.7314338,0.0000001,-6.01 0.0000107,0.0070265,0.00 -0.0000215,-0.0035209,0.00 0.0029180,0.0000279,0.00 0.0000002,0.0001093,0.00 0.0028874,0.0000279,0.00 -0.0003619,-0.0000009,0.00 -0.0000001,-0.8856467,0.00 0.0000004,0.0070263,0.00 -1.4667891,-0.0000001,3.01 0.7314338,0.0000001,-6.01 0.0449803,0.0000000,-97.12 0.0435154,0.0000000,-97.12 -0.0225509,-0.0000000,195.74 0.0000000,0.4437870,0.00 -0.0000014,-0.0002182,0.00 -0.3647365,-0.0000000,12.11 -0.0000000,-0.0548666,0.00 -0.0906939,-0.0000000,48.69 -1.4667891,-0.0000001,3.01 0.0007257,0.0000070,0.00 0.0000000,0.0274936,0.00 -0.0000013,-0.0002182,0.00 0.0452244,0.0000000,-97.12 0.1818781,0.0000000,-24.16 -1.4667891,-0.0000001,3.01 0.0000000,0.4437906,0.00 -0.0225509,-0.0000000,195.74 -0.0000000,-0.2223817,0.00 0.0000000,0.4437940,0.00 -0.3705959,-0.0000000,12.11 -0.0906939,-0.0000000,48.69 0.0000027,0.0017642,0.00 0.0449803,0.0000000,-97.12 0.0000000,1.7673408,0.00 0.0000000,1.7673415,0.00 -0.0000214,-0.0035208,0.00 0.0000000,0.4437960,0.00 0.0007257,0.0000070,0.00 0.0112448,0.0000000,-390.47 0.0000027,0.0017642,0.00 -1.4667891,-0.0000001,3.01 -0.0000000,-0.0548654,0.00 0.0000007,0.0004353,0.00 0.0000000,0.0274940,0.00 0.0000000,0.1094865,0.00 -0.3647365,-0.0000000,12.11 0.0112448,0.0000000,-390.47 -0.0225509,-0.0000000,195.74 -0.0058512,-0.0000140,786.93 -0.0014551,-0.0000035,3163.67 -0.0000000,-0.0548651,0.00 -0.0225509,-0.0000000,195.74 -1.4667891,-0.0000001,3.01 -0.0225509,-0.0000000,195.74 0.1818781,0.0000000,-24.16 0.0001805,0.0000017,0.00 0.0452244,0.0000000,-97.12 -0.0000000,-0.0548652,0.00 0.0001805,0.0000017,0.00 -0.0906939,-0.0000000,48.69 0.7314338,0.0000001,-6.01 0.0001805,0.0000017,0.00 0.0000000,0.1094916,0.00 -0.3647365,-0.0000000,12.11 0.0000027,0.0017641,0.00 -0.0416858,-0.0000000,12.11 -0.0000000,-0.0548683,0.00 0.0000007,0.0004353,0.00 0.0038943,0.0000004,0.00 -0.0000000,-0.0137779,0.00 -0.0000001,-0.8857411,0.00 0.0000107,0.0070261,0.00 -1.4667891,-0.0000001,3.01 -0.0227951,-0.0000000,195.74 0.0000000,0.1094925,0.00 0.0000000,0.4438370,0.00 0.0000007,0.0004353,0.00 -0.0000000,-0.0548681,0.00 -0.0000013,-0.0002181,0.00 -0.0000214,-0.0035207,0.00 0.0000000,1.7675740,0.00 0.0000007,0.0004353,0.00 0.0029180,0.0000279,0.00 -0.0000000,-0.2224110,0.00 -0.3022365,-0.0000000,12.11 -0.0000000,-0.0548677,0.00 -0.0225509,-0.0000000,195.74 -0.0000000,-0.0548677,0.00 0.0000000,1.7675301,0.00 -0.0000013,-0.0002181,0.00 -0.0000001,-0.8857244,0.00 0.0000026,0.0017642,0.00 0.0000007,0.0004353,0.00 -0.0000001,-0.8857234,0.00 -0.0000001,-0.8857237,0.00 0.0109397,0.0000000,-390.47 -0.0058512,-0.0000140,786.93 -0.0003600,-0.0000009,0.00 0.0007257,0.0000070,0.00 -0.0931353,-0.0000000,48.69 -0.0906939,-0.0000000,48.69 -0.3647365,-0.0000000,12.11 -0.0000000,-0.2224083,0.00 0.0000001,0.0274954,0.00 -0.0000000,-0.0548672,0.00 0.0437596,0.0000000,-97.12 0.0000000,0.4438459,0.00 -0.0003619,-0.0000009,0.00 0.7079963,0.0000001,-6.01 0.0000000,0.1094956,0.00 -0.0000013,-0.0002181,0.00 0.0000107,0.0070259,0.00 -0.0003619,-0.0000009,0.00 0.7314338,0.0000001,-6.01 -0.0906939,-0.0000000,48.69 -0.0000000,-0.0548706,0.00 -0.0000214,-0.0035206,0.00 0.0000007,0.0004353,0.00 -0.0000053,-0.0008840,0.00 -0.0000013,-0.0002181,0.00 0.0000027,0.0017641,0.00 -0.0225509,-0.0000000,195.74 -0.0000013,-0.0002181,0.00 0.0000002,0.0001093,0.00 -1.2636641,-0.0000001,3.01 0.0000000,0.1094964,0.00 -1.4667891,-0.0000000,3.01 -0.0234054,-0.0000000,195.74 -0.3608302,-0.0000000,12.11 0.0000000,0.0097741,0.00 -0.0000000,-0.0002606,0.00 0.0000000,0.0342130,0.00 -1.4746016,-0.0000000,3.01 -0.0000000,-0.0002606,0.00 0.1818781,0.0000000,-24.16 0.0000000,0.0086141,0.00 0.0452244,0.0000000,-97.12 0.0000000,0.0021079,0.00 -0.3647365,-0.0000000,12.11 0.0000000,0.1397709,0.00 -0.0000000,-0.0172895,0.00 0.0000000,0.0005308,0.00 -0.0906939,-0.0000000,48.69 0.0452244,0.0000000,-97.12 0.7314338,0.0000000,-6.01 -0.0000000,-0.2805242,0.00 0.0000000,0.1397717,0.00 -0.3471584,-0.0000000,12.11 -0.0000000,-0.0172892,0.00 0.0001747,0.0000000,0.00 0.7314338,0.0000000,-6.01 -0.0000000,-0.0042311,0.00 0.7314338,0.0000000,-6.01 -0.0000000,-0.0686710,0.00 0.0000000,0.0342139,0.00 -0.0110320,-0.0000000,3.01 0.7314338,0.0000000,-6.01 -0.3647365,-0.0000000,12.11 0.0464451,0.0000000,-97.12 -0.0225509,-0.0000000,195.74 -0.0000000,-0.0002606,0.00 -0.0000000,-0.0173024,0.00 -0.0000000,-0.0002608,0.00 -0.3100490,-0.0000000,12.11 0.0000000,0.0001299,0.00 0.0001805,0.0000000,0.00 0.0000000,0.1398888,0.00 0.0000000,0.1398891,0.00 -0.0058512,-0.0000000,786.93 -0.0000000,-0.0173025,0.00 0.0000000,0.1398902,0.00 -0.0058207,-0.0000000,786.93 0.0000000,0.0342374,0.00 -0.0000000,-0.2807615,0.00 0.0000000,0.0005311,0.00 -0.0014399,-0.0000000,3163.67 0.0000000,0.1398898,0.00 0.0410740,0.0000000,-97.12 0.0000000,0.0001299,0.00 0.0000000,0.1398900,0.00 0.0002167,0.0000000,0.00 -0.0000000,-0.0042336,0.00 0.0007257,0.0000000,0.00 -0.3647365,-0.0000000,12.11 -0.0058512,-0.0000000,786.93 0.0452244,0.0000000,-97.12 -0.3647365,-0.0000000,12.11 -0.0000000,-0.0042337,0.00 0.0000000,0.1398922,0.00 0.0000000,0.0086207,0.00 0.0000000,0.1398917,0.00 -0.0000000,-0.0687184,0.00 -0.0906939,-0.0000000,48.69 0.0000000,0.1398920,0.00 0.0007257,0.0000000,0.00 0.0000000,0.0001299,0.00 -0.0000000,-0.2807520,0.00 0.0001805,0.0000000,0.00 -1.4667891,-0.0000000,3.01 0.0029180,0.0000000,0.00 0.0001805,0.0000000,0.00 -0.0000000,-0.0173020,0.00 0.1818781,0.0000000,-24.16 -0.0000000,-0.0687217,0.00 -0.0014170,-0.0000000,3163.67 -0.0000000,-0.0042338,0.00 -0.0000000,-0.0687213,0.00 -0.0906939,-0.0000000,48.69 0.0452244,0.0000000,-97.12 -0.0003619,-0.0000000,0.00 0.0000000,0.0086204,0.00 0.0000000,0.0001299,0.00 -0.0000000,-0.0002608,0.00 -0.0000000,-0.0042337,0.00 -0.0058512,-0.0000000,786.93 0.0007295,0.0000000,0.00 -0.0000000,-0.0687208,0.00 0.0029180,0.0000000,0.00 0.0000000,0.1398886,0.00 -0.0000000,-0.0042338,0.00 0.0112448,0.0000000,-390.47 -0.0000000,-0.0687205,0.00 -0.0003562,-0.0000000,0.00 0.0000000,0.0005311,0.00 0.1818781,0.0000000,-24.16 0.0000000,0.0005311,0.00 -0.0000000,-0.0002608,0.00 -0.0000000,-0.0042335,0.00 -0.0931353,-0.0000000,48.69 0.1818781,0.0000000,-24.16 -0.0000000,-0.0010660,0.00 0.0000000,0.0021091,0.00 -0.0014551,-0.0000000,3163.67 0.0007257,0.0000000,0.00 0.0464451,0.0000000,-97.12 -0.0000000,-0.0002608,0.00 0.0000000,0.0342394,0.00 0.0452244,0.0000000,-97.12 -0.0906939,-0.0000000,48.69 0.0000000,0.0001299,0.00 0.0001805,0.0000000,0.00 0.0007257,0.0000000,0.00 0.0000000,0.0342394,0.00 0.0000000,0.5556117,0.00 -0.0014551,-0.0000000,3163.67 0.7314338,0.0000000,-6.01 0.0000000,0.0086212,0.00 0.7314338,0.0000000,-6.01 -0.3608302,-0.0000000,12.11 -0.0000000,-1.1151215,0.00 -0.0000000,-0.0173032,0.00 0.0007257,0.0000000,0.00 -0.0000000,-0.0042336,0.00 -0.0003619,-0.0000000,0.00 -0.0000000,-0.0687251,0.00 0.0000000,0.1398778,0.00 -0.0906939,-0.0000000,48.69 0.7353401,0.0000000,-6.01 -0.0058512,-0.0000000,786.93 0.0007257,0.0000000,0.00 -1.4589766,-0.0000000,3.01 -0.0000000,-0.0002608,0.00 0.0113059,0.0000000,-390.47 0.1818781,0.0000000,-24.16 0.0000000,0.0005311,0.00 0.0000000,0.5556333,0.00 -0.0000000,-0.0042335,0.00 -0.0000000,-0.0010660,0.00 -0.0906939,-0.0000000,48.69 -0.0000000,-0.0173004,0.00 0.0001805,0.0000000,0.00 -0.0000000,-1.1150792,0.00 -0.0000000,-0.0042342,0.00 -0.0003619,-0.0000000,0.00 -0.0000000,-0.0687122,0.00 0.0029180,0.0000000,0.00 0.0000000,0.0342334,0.00 -0.0000000,-0.0687118,0.00 0.0001805,0.0000000,0.00 -0.3608302,-0.0000000,12.11 0.0000000,0.0001299,0.00 -0.0000000,-0.0010662,0.00 -0.0000000,-0.2807247,0.00 -0.0014551,-0.0000000,3163.67 0.1818781,0.0000000,-24.16 0.0000000,0.0342336,0.00 -0.0000000,-0.0002608,0.00 0.1818781,0.0000000,-24.16 -0.0000000,-0.0173003,0.00 -0.0000000,-0.0010662,0.00 0.0000000,0.1398769,0.00 0.0000000,0.1398772,0.00 0.0000000,0.0342340,0.00 -0.0000000,-0.0687108,0.00 -0.0000000,-0.0173003,0.00 -0.0000000,-0.0042341,0.00 0.0000000,0.5555905,0.00 0.0000000,0.0086193,0.00 0.0452244,0.0000000,-97.12 -0.0000000,-0.2807213,0.00 0.0000000,0.0342341,0.00 0.0029180,0.0000000,0.00 0.0000000,0.5555953,0.00 0.0000000,0.5555925,0.00 -0.0000000,-0.2807223,0.00 0.0000000,0.0086195,0.00 0.0000000,0.1398724,0.00 -0.0000000,-0.0687123,0.00 0.0000000,0.0086194,0.00 0.0001805,0.0000000,0.00 -0.0092620,-0.0000000,3.01 0.0007257,0.0000000,0.00 0.0452244,0.0000000,-97.12 -0.0000000,-0.0687129,0.00 0.0000000,0.5555445,0.00 -0.0000000,-0.0042339,0.00 -0.0003562,-0.0000000,0.00 0.0452244,0.0000000,-97.12 0.0000000,0.0021093,0.00 0.0000000,0.1398674,0.00 -0.0000000,-0.0002608,0.00 0.0001805,0.0000000,0.00 0.1818781,0.0000000,-24.16 -0.0000000,-0.0173011,0.00 -0.0906939,-0.0000000,48.69 -0.0916705,-0.0000000,48.69 0.0452244,0.0000000,-97.12 -0.3647365,-0.0000000,12.11 0.0000000,0.1398696,0.00 -0.0906939,-0.0000000,48.69 -1.4667891,-0.0000000,3.01 -0.0000000,-1.1150371,0.00 0.0000000,0.0001299,0.00 0.1799249,0.0000000,-24.16 0.0000000,0.0001299,0.00 0.0000000,0.0086199,0.00 0.0000000,0.1398635,0.00 0.0005807,0.0000000,0.00 0.0029180,0.0000000,0.00 0.0006036,0.0000000,0.00 -0.0000000,-0.0173010,0.00 0.0007257,0.0000000,0.00 0.0000000,0.0001299,0.00 -0.0000000,-0.0687164,0.00 0.0002579,0.0000000,0.00 0.0464451,0.0000000,-97.12 0.0000000,0.0005311,0.00 0.0029180,0.0000000,0.00 0.1818781,0.0000000,-24.16 -0.0003619,-0.0000000,0.00 -0.0000000,-0.0010661,0.00 -0.0014551,-0.0000000,3163.67 0.0001805,0.0000000,0.00 0.0000000,0.0005311,0.00 -0.0225509,-0.0000000,195.74 0.0112448,0.0000000,-390.47 0.0007257,0.0000000,0.00 -1.4667891,-0.0000000,3.01 -0.0003619,-0.0000000,0.00 -0.0000000,-0.2806969,0.00 0.0000000,0.0342293,0.00 -0.0000000,-0.0010658,0.00 0.0001805,0.0000000,0.00 0.0000000,0.1398598,0.00 -0.0000000,-0.0042328,0.00 -0.0000000,-0.2806990,0.00 0.0000000,0.0342296,0.00 0.0000000,0.0021087,0.00 -0.0000000,-0.2806989,0.00 -1.2949141,-0.0000000,3.01 0.0000000,0.1398607,0.00 -0.0000000,-0.0002607,0.00 0.0000000,0.0086187,0.00 0.0452244,0.0000000,-97.12 -0.0058512,-0.0000000,786.93 0.0000000,0.1398618,0.00 -0.0000000,-1.1149406,0.00 -0.0000000,-0.0002607,0.00 0.0029180,0.0000000,0.00 -0.0058512,-0.0000000,786.93 0.0000000,0.0005310,0.00 -0.0058512,-0.0000000,786.93 0.0000000,0.5555240,0.00 -0.0000000,-0.0002607,0.00 -0.0000000,-0.0042329,0.00 0.7314338,0.0000000,-6.01 0.0107565,0.0000000,-390.47 0.0000000,0.0086185,0.00 -0.0000000,-0.0002607,0.00 0.0452244,0.0000000,-97.12 0.1818781,0.0000000,-24.16 0.0028874,0.0000000,0.00 0.0000000,0.5555368,0.00 -1.4667891,-0.0000000,3.01 0.0000000,0.1398564,0.00 -0.0196212,-0.0000000,195.74 0.0000000,0.0086185,0.00 0.0007257,0.0000000,0.00 -0.0000000,-1.1149732,0.00 -0.0000000,-0.0042328,0.00 0.0029180,0.0000000,0.00 0.0001805,0.0000000,0.00 -0.3647365,-0.0000000,12.11 0.0000000,0.0021086,0.00 0.0000000,0.1398512,0.00 0.0000000,0.0021086,0.00 0.0000000,0.5554829,0.00 -1.4667891,-0.0000000,3.01 -0.0003619,-0.0000000,0.00 0.0000000,0.0005310,0.00 -0.0000000,-0.0002607,0.00 0.1799249,0.0000000,-24.16 0.7314338,0.0000000,-6.01 0.0001805,0.0000000,0.00 -0.0058512,-0.0000000,786.93 -0.0000000,-0.0687080,0.00 -0.0003619,-0.0000000,0.00 -0.0014551,-0.0000000,3163.67 -0.0000000,-0.0687069,0.00 0.0007257,0.0000000,0.00 0.1799249,0.0000000,-24.16 -0.0058512,-0.0000000,786.93 -1.4667891,-0.0000000,3.01 -0.0000000,-0.0172992,0.00 0.0452244,0.0000000,-97.12 -0.0000000,-0.0687073,0.00 0.0452244,0.0000000,-97.12 0.7314338,0.0000000,-6.01 -0.0058512,-0.0000000,786.93 0.0028111,0.0000000,0.00 0.0452244,0.0000000,-97.12 -0.0014399,-0.0000000,3163.67 -0.0003619,-0.0000000,0.00 0.0000000,0.0342323,0.00 -0.0000000,-0.0002607,0.00 -0.0000000,-0.0172990,0.00 -0.0000000,-0.0002607,0.00 -1.4667891,-0.0000000,3.01 -0.0014551,-0.0000000,3163.67 -0.0225509,-0.0000000,195.74 0.0000000,0.0086189,0.00 0.0000000,0.0001299,0.00 0.0029027,0.0000000,0.00 0.0112448,0.0000000,-390.47 -0.0000000,-0.0042325,0.00 0.0000000,0.5555076,0.00 -0.0000000,-0.0172988,0.00 0.0000000,0.0005310,0.00 -0.0225509,-0.0000000,195.74 0.0000000,0.1398488,0.00 0.0007180,0.0000000,0.00 0.0112448,0.0000000,-390.47 -0.0000000,-1.1149116,0.00 0.0000000,0.0001299,0.00 -0.0014551,-0.0000000,3163.67 -0.0000000,-0.0002607,0.00 0.0000000,0.5555083,0.00 -0.1165747,-0.0000000,12.11 -0.0216964,-0.0000000,195.74 -0.3647365,-0.0000000,12.11 -0.0000000,-1.1149092,0.00 0.0449803,0.0000000,-97.12 -0.0000000,-1.1148272,0.00 -0.0000000,-0.0010660,0.00 -1.8729472,-0.0000000,195.75 -0.0003619,-0.0000000,0.00 0.0000000,0.0021090,0.00 0.1818781,0.0000000,-24.16 -0.0000000,-0.2806687,0.00 0.0000000,0.0342257,0.00 -0.0058512,-0.0000000,786.93 -0.0003562,-0.0000000,0.00 0.0000000,0.0021090,0.00 0.0112448,0.0000000,-390.47 -0.0003619,-0.0000000,0.00 -0.0872760,-0.0000000,48.69 -0.0003619,-0.0000000,0.00 0.0000000,0.0342260,0.00 -0.0000000,-0.0172965,0.00 -0.0000000,-0.2806654,0.00 -0.0000000,-0.0010660,0.00 0.0000000,0.0021090,0.00 0.0007257,0.0000000,0.00 0.0006875,0.0000000,0.00 -0.0000000,-0.0686958,0.00 0.0000000,0.0021090,0.00 0.0007257,0.0000000,0.00 -0.0003619,-0.0000000,0.00 -0.0058512,-0.0000000,786.93 -0.0000000,-0.0042333,0.00 0.0000000,0.0086174,0.00 0.0113669,0.0000000,-390.47 0.1848077,0.0000000,-24.16 -0.0014551,-0.0000000,3163.67 0.0112448,0.0000000,-390.47 -0.0000000,-1.1148648,0.00 0.0112448,0.0000000,-390.47 0.0000000,0.0086175,0.00 -0.0000000,-0.0686988,0.00 -0.0000000,-1.1148663,0.00 0.0000000,0.0021090,0.00 0.0596297,0.0000000,-24.16 0.0007257,0.0000000,0.00 0.7314338,0.0000000,-6.01 0.0000000,0.0086176,0.00 0.0007257,0.0000000,0.00 -0.0000000,-0.0010659,0.00 0.0112448,0.0000000,-390.47 0.0000000,0.0021090,0.00 -0.0003619,-0.0000000,0.00 0.0000000,0.1398425,0.00 0.0000000,0.1398429,0.00 -0.0000000,-0.0002608,0.00 -0.0000000,-0.0042333,0.00 0.0000000,0.0005310,0.00 0.0000000,0.5554235,0.00 0.7314338,0.0000000,-6.01 0.0007295,0.0000000,0.00 0.0001805,0.0000000,0.00 -0.0000000,-0.0686999,0.00 -0.0003619,-0.0000000,0.00 -0.0014551,-0.0000000,3163.67 -0.0000000,-0.0002608,0.00 0.0029180,0.0000000,0.00 -0.0000000,-0.0686999,0.00 0.1848077,0.0000000,-24.16 0.0029180,0.0000000,0.00 -0.0225509,-0.0000000,195.74 0.0000000,0.5554261,0.00 0.0000000,0.1398369,0.00 -0.0000000,-0.0687006,0.00 -0.0000000,-0.0002608,0.00 0.0112448,0.0000000,-390.47 -0.0000000,-1.1147721,0.00 0.0452244,0.0000000,-97.12 0.1818781,0.0000000,-24.16 -0.3647365,-0.0000000,12.11 -0.0000000,-1.1147488,0.00 -0.0000000,-0.0010659,0.00 -0.0000000,-0.2806504,0.00 0.0007257,0.0000000,0.00 -0.0000000,-0.0002608,0.00 0.0000000,0.0021089,0.00 0.0001461,0.0000000,0.00 -0.3647365,-0.0000000,12.11 -0.0000000,-0.0042331,0.00 -0.0906939,-0.0000000,48.69 0.1818781,0.0000000,-24.16 -0.0225509,-0.0000000,195.74 -0.0000000,-0.2806442,0.00 0.0112448,0.0000000,-390.47 -0.0001205,-0.0000000,786.89 0.0000000,0.5554419,0.00 -0.0000000,-1.1148005,0.00 -0.0000000,-1.1148024,0.00 0.1799249,0.0000000,-24.16 -0.0000000,-0.2806408,0.00 -0.3647365,-0.0000000,12.11 -0.0000000,-0.0687009,0.00 -0.3666896,-0.0000000,12.11 -0.0906939,-0.0000000,48.69 0.1818781,0.0000000,-24.16 -0.0014551,-0.0000000,3163.67 0.7314338,0.0000000,-6.01 -0.3705959,-0.0000000,12.11 0.0000000,0.0005310,0.00 -0.0058512,-0.0000000,786.93 -0.0000000,-0.0042330,0.00 0.0000000,0.5554502,0.00 0.0452244,0.0000000,-97.12 -0.0000000,-0.0042330,0.00 -0.0058512,-0.0000000,786.93 0.0000000,0.0342291,0.00 0.0007257,0.0000000,0.00 0.0452244,0.0000000,-97.12 0.0001776,0.0000000,0.00 0.0028874,0.0000000,0.00 0.0000000,0.0005304,0.00 0.0113059,0.0000000,-390.47 -0.0003619,-0.0000000,0.00 -0.0000000,-1.1137377,0.00 0.0007257,0.0000000,0.00 0.0000000,0.0086092,0.00 0.1818781,0.0000000,-24.16 0.0000000,0.0021063,0.00 0.1818781,0.0000000,-24.16 -0.0003619,-0.0000000,0.00 -0.0225509,-0.0000000,195.74 -0.0003619,-0.0000000,0.00 -0.0906939,-0.0000000,48.69 0.0007257,0.0000000,0.00 -0.0000000,-0.0010646,0.00 0.0000000,0.0005304,0.00 -0.0000000,-0.0002604,0.00 0.1818781,0.0000000,-24.16 -0.0000000,-0.0010646,0.00 -0.0058512,-0.0000000,786.93 -1.4667891,-0.0000000,3.01 -0.3647365,-0.0000000,12.11 0.0000000,0.0001297,0.00 -0.0000000,-0.0042281,0.00 0.0000000,0.0086088,0.00 0.0000000,0.5549166,0.00 0.0000000,0.0086088,0.00 -0.0000000,-0.0002604,0.00 -0.3647365,-0.0000000,12.11 -0.5653799,-0.0000000,195.75 -0.3647365,-0.0000000,12.11 -0.0003619,-0.0000000,0.00 0.1818781,0.0000000,-24.16 -0.0289000,-0.0000000,3.01 0.0000000,0.0086089,0.00 -0.0000000,-0.0686284,0.00 -0.0014399,-0.0000000,3163.67 0.0000000,0.0021064,0.00 0.0000000,0.0001297,0.00 0.0112448,0.0000000,-390.47 -0.0003619,-0.0000000,0.00 -0.0000000,-0.0686290,0.00 0.1818781,0.0000000,-24.16 -0.0000000,-0.2803778,0.00 0.0000000,0.0021062,0.00 0.0029180,0.0000000,0.00 -0.0003562,-0.0000000,0.00 0.0112448,0.0000000,-390.47 -0.0000000,-0.0686315,0.00 -0.0000000,-0.0002604,0.00 -0.0000000,-0.0042277,0.00 0.0001805,0.0000000,0.00 -0.0000000,-0.0010646,0.00 0.0000000,0.0001297,0.00 -1.4667891,-0.0000000,3.01 0.0000000,0.1396998,0.00 0.0000000,0.0021062,0.00 0.0000000,0.5548761,0.00 0.0000000,0.0086096,0.00 -0.0058512,-0.0000000,786.93 0.1545343,0.0000000,-24.16 -0.0000000,-0.0042277,0.00 0.0000000,0.0341936,0.00 0.0464451,0.0000000,-97.12 -0.0003619,-0.0000000,0.00 -0.0000000,-0.0042277,0.00 0.0000000,0.5548857,0.00 0.0000000,0.0001297,0.00 -0.0000000,-1.1136624,0.00 -0.3647365,-0.0000000,12.11 -0.0000000,-0.2803754,0.00 0.0000000,0.5548886,0.00 -0.0014551,-0.0000000,3163.67 0.0000000,0.0001297,0.00 -0.3647365,-0.0000000,12.11 -0.0058512,-0.0000000,786.93 0.0000000,0.0086093,0.00 -0.0003562,-0.0000000,0.00 -0.0003619,-0.0000000,0.00 0.0452244,0.0000000,-97.12 0.1818781,0.0000000,-24.16 -1.2871016,-0.0000000,3.01 0.0000000,0.0341944,0.00 0.0000000,0.1396956,0.00 0.0000000,0.5548910,0.00 -0.0000000,-0.0042278,0.00 -0.0000000,-0.0172797,0.00 0.0029180,0.0000000,0.00 -0.0000000,-0.0042278,0.00 0.0007257,0.0000000,0.00 -1.4667891,-0.0000000,3.01 0.6337776,0.0000000,-6.01 -0.0000000,-0.0686329,0.00 0.0112448,0.0000000,-390.47 0.0000000,0.0341947,0.00 -0.0003619,-0.0000000,0.00 -0.0000000,-0.0010645,0.00 0.7314338,0.0000000,-6.01 0.0430272,0.0000000,-97.12 -0.0000000,-1.1136065,0.00 0.0000000,0.1396910,0.00 0.0452244,0.0000000,-97.12 0.0000000,0.0005305,0.00 -0.0000000,-0.0042284,0.00 0.0000000,0.0086081,0.00 0.0023229,0.0000000,0.00 0.0000000,0.0005305,0.00 -0.3666896,-0.0000000,12.11 0.0000000,0.1396914,0.00 -0.3647365,-0.0000000,12.11 0.0007257,0.0000000,0.00 -0.0000000,-0.2803585,0.00 -0.0000000,-1.1135905,0.00 -0.0000000,-1.1135939,0.00 0.0000000,0.5548513,0.00 -0.0000000,-0.0042284,0.00 -0.3647365,-0.0000000,12.11 -0.0000000,-0.0172774,0.00 -0.3647365,-0.0000000,12.11 0.0000000,0.0021066,0.00 -0.0058512,-0.0000000,786.93 0.0000000,0.0341885,0.00 0.0001805,0.0000000,0.00 -0.3647365,-0.0000000,12.11 -0.0906939,-0.0000000,48.69 0.0001805,0.0000000,0.00 -0.0000000,-0.0010647,0.00 0.0000000,0.0021066,0.00 -1.4667891,-0.0000000,3.01 0.0000000,0.1396869,0.00 0.0000000,0.0005305,0.00 -0.0000000,-0.2803566,0.00 -0.0056376,-0.0000000,786.93 -0.3647365,-0.0000000,12.11 0.0000000,0.0086080,0.00 0.0112448,0.0000000,-390.47 -0.0058512,-0.0000000,786.93 0.0000000,0.0021066,0.00 -0.0000000,-0.0010647,0.00 0.1848077,0.0000000,-24.16 -0.0014170,-0.0000000,3163.67 -0.0227951,-0.0000000,195.74 -0.0000000,-0.0172768,0.00 0.0000000,0.0341889,0.00 -0.0000000,-0.0010647,0.00 0.0000000,0.0005305,0.00 -0.0000000,-0.0172770,0.00 -0.0906939,-0.0000000,48.69 -0.0000000,-0.0172769,0.00 -0.0000000,-1.1136258,0.00 -0.0000000,-0.0686213,0.00 0.0000000,0.0005304,0.00 0.0000000,0.0341894,0.00 0.0000000,0.0021064,0.00 -0.0003619,-0.0000000,0.00 0.0000000,0.0005304,0.00 -0.0000000,-0.0686237,0.00 0.0000000,0.0005304,0.00 0.9227941,0.0000000,-390.50 -0.0058512,-0.0000000,786.93 0.0452244,0.0000000,-97.12 0.0000000,0.0086087,0.00 0.1535577,0.0000000,-24.16 0.0000000,0.1396838,0.00 -0.0000000,-1.1135483,0.00 0.0112448,0.0000000,-390.47 -0.0000000,-0.0686242,0.00 -0.0000000,-0.0002605,0.00 -0.0012568,-0.0000000,3163.67 -0.0000000,-0.0686230,0.00 0.0028111,0.0000000,0.00 0.0112448,0.0000000,-390.47 0.0029180,0.0000000,0.00 0.0000000,0.0021065,0.00 0.0000000,0.0341902,0.00 0.0000000,0.5548242,0.00 -0.0003619,-0.0000000,0.00 -0.0814166,-0.0000000,48.69 0.0000000,0.5548227,0.00 0.0000000,0.0341900,0.00 -0.3647365,-0.0000000,12.11 -0.0000000,-0.0172781,0.00 0.0000000,0.1396797,0.00 -0.0000000,-0.0010647,0.00 0.0000000,0.0005304,0.00 -0.0000000,-0.0042283,0.00 -0.0000000,-0.0172781,0.00 0.0001805,0.0000000,0.00 0.0000000,0.0341904,0.00 0.0452244,0.0000000,-97.12 -0.0916705,-0.0000000,48.69 -1.4277266,-0.0000000,3.01 -0.0058512,-0.0000000,786.93 0.7314338,0.0000000,-6.01 -0.0225509,-0.0000000,195.74 -0.0014551,-0.0000000,3163.67 -0.3608302,-0.0000000,12.11 -0.0014551,-0.0000000,3163.67 0.0000000,0.5548366,0.00 -0.0003619,-0.0000000,0.00 0.0001805,0.0000000,0.00 0.0000000,0.0341837,0.00 -0.0014551,-0.0000000,3163.67 0.0007257,0.0000000,0.00 0.0001776,0.0000000,0.00 0.0000000,0.0341839,0.00 -1.4667891,-0.0000000,3.01 -0.0000000,-0.0002604,0.00 0.0000000,0.0341839,0.00 -0.0000000,-0.0002604,0.00 -0.0906939,-0.0000000,48.69 -0.0000000,-0.0002604,0.00 -1.4667891,-0.0000000,3.01 0.0000000,0.0001297,0.00 -0.0000000,-0.0686114,0.00 -0.0000000,-1.1134719,0.00 0.0001805,0.0000000,0.00 0.0000000,0.0005303,0.00 -0.0877642,-0.0000000,48.69 0.0001461,0.0000000,0.00 -0.0000000,-0.0042269,0.00 -0.0000000,-0.0010644,0.00 0.0000000,0.0001297,0.00 0.0007257,0.0000000,0.00 0.0000000,0.0021059,0.00 0.0452244,0.0000000,-97.12 0.0000000,0.5547969,0.00 0.1818781,0.0000000,-24.16 0.0000000,0.1396718,0.00 -1.4667891,-0.0000000,3.01 0.0000000,0.1396721,0.00 0.0000000,0.5547949,0.00 -1.4667891,-0.0000000,3.01 0.0000000,0.0005303,0.00 -0.0058512,-0.0000000,786.93 0.0000000,0.0005303,0.00 0.7236213,0.0000000,-6.01 0.0449803,0.0000000,-97.12 -0.0225509,-0.0000000,195.74 0.0001805,0.0000000,0.00 0.0001776,0.0000000,0.00 0.0112448,0.0000000,-390.47 0.0001824,0.0000000,0.00 -0.0000000,-0.2803210,0.00 -0.0055155,-0.0000000,786.93 -0.3647365,-0.0000000,12.11 0.0000000,0.0086071,0.00 0.0029180,0.0000000,0.00 -0.0000000,-0.0002604,0.00 0.0112448,0.0000000,-390.47 -0.0000000,-0.0010644,0.00 0.0001805,0.0000000,0.00 0.0112448,0.0000000,-390.47 0.0452244,0.0000000,-97.12 0.0000000,0.0021059,0.00 -0.0000000,-0.0042271,0.00 -0.0000000,-0.2803216,0.00 0.0000000,0.1396684,0.00 0.0112448,0.0000000,-390.47 0.0116721,0.0000000,-390.47 -0.0000000,-0.2803177,0.00 0.0000000,0.0086077,0.00 0.0112448,0.0000000,-390.47 0.1818781,0.0000000,-24.16 0.0007257,0.0000000,0.00 -0.0000000,-1.1134081,0.00 0.7314338,0.0000000,-6.01 -0.0000000,-0.0002604,0.00 0.0000000,0.1396696,0.00 -0.0000000,-0.0042267,0.00 -0.0000000,-0.0010643,0.00 0.0001805,0.0000000,0.00 0.0000000,0.0341863,0.00 -0.0906939,-0.0000000,48.69 0.0000000,0.1396712,0.00 -0.0000000,-0.0042267,0.00 -0.0225509,-0.0000000,195.74 -0.0000000,-0.0172761,0.00 -0.0906939,-0.0000000,48.69 0.0000000,0.0341864,0.00 -0.3647365,-0.0000000,12.11 0.0000000,0.1396640,0.00 0.0000000,0.0341868,0.00 0.0000000,0.0021058,0.00 -0.0000000,-0.0002604,0.00 -0.0000000,-0.0010643,0.00 0.0000000,0.0001297,0.00 -0.0000000,-0.0172759,0.00 0.0000000,0.0341871,0.00 -0.0058512,-0.0000000,786.93 -0.0000000,-1.1134405,0.00 -0.3647365,-0.0000000,12.11 0.0029180,0.0000000,0.00 -0.0000000,-0.0172758,0.00 -0.0906939,-0.0000000,48.69 0.0000000,0.0086075,0.00 0.0000000,0.0021058,0.00 -0.0906939,-0.0000000,48.69 0.1818781,0.0000000,-24.16 0.0452244,0.0000000,-97.12 0.1818781,0.0000000,-24.16 -0.0000000,-0.0002604,0.00 0.0000000,0.0341871,0.00 -0.0000000,-0.0010643,0.00 -0.0058512,-0.0000000,786.93 -0.0000000,-1.1134450,0.00 0.0000000,0.5547200,0.00 -0.0000000,-1.1133648,0.00 -0.0000000,-1.1133641,0.00 -0.0000000,-0.2803017,0.00 -0.0000000,-1.1133593,0.00 -0.3647365,-0.0000000,12.11 -0.0003619,-0.0000000,0.00 -0.0000000,-0.0010645,0.00 0.0000000,0.0086063,0.00 0.0000000,0.5547255,0.00 -0.0227951,-0.0000000,195.74 0.0000000,0.0005304,0.00 -0.0000000,-0.2803024,0.00 0.0001805,0.0000000,0.00 -0.0000000,-0.0010645,0.00 -0.0003619,-0.0000000,0.00 1.8612132,0.0000000,-390.50 -0.0058512,-0.0000000,786.93 -0.0000000,-0.0686038,0.00 0.0111838,0.0000000,-390.47 0.0001805,0.0000000,0.00 -0.0003619,-0.0000000,0.00 -0.0000000,-0.0686036,0.00 -1.4667891,-0.0000000,3.01 0.0000000,0.0001297,0.00 0.0000000,0.5547299,0.00 0.0007257,0.0000000,0.00 -0.0000000,-1.1133500,0.00 -0.3647365,-0.0000000,12.11 0.1525812,0.0000000,-24.16 0.0000000,0.0086064,0.00 0.0113669,0.0000000,-390.47 0.0007257,0.0000000,0.00 -0.0058512,-0.0000000,786.93 -0.0014551,-0.0000000,3163.67 -0.0000000,-0.0002604,0.00 -0.3647365,-0.0000000,12.11 -0.0049052,-0.0000000,786.93 0.0000000,0.0005303,0.00 0.0000000,0.1396576,0.00 -0.0000000,-1.1134002,0.00 -0.0225509,-0.0000000,195.74 -0.0000000,-0.0042276,0.00 0.0000000,0.0021061,0.00 -0.0014551,-0.0000000,3163.67 0.0029180,0.0000000,0.00 0.0007257,0.0000000,0.00 -0.0000000,-0.0172730,0.00 0.0000000,0.0001297,0.00 0.0080107,0.0000000,-6.01 -0.0000000,-0.0042275,0.00 -0.0000000,-1.1133728,0.00 0.0029180,0.0000000,0.00 0.0007257,0.0000000,0.00 -0.0014551,-0.0000000,3163.67 -0.0234054,-0.0000000,195.74 -0.0000000,-0.0042276,0.00 -0.0054545,-0.0000000,786.93 0.0000000,0.0021062,0.00 -0.3666896,-0.0000000,12.11 0.0029180,0.0000000,0.00 0.0000000,0.5546889,0.00 -0.0000000,-0.2802855,0.00 -0.0225509,-0.0000000,195.74 -0.0058512,-0.0000000,786.93 0.0000000,0.5546945,0.00 0.0029180,0.0000000,0.00 0.1848077,0.0000000,-24.16 -0.0000000,-0.0002604,0.00 -0.0003619,-0.0000000,0.00 0.0001805,0.0000000,0.00 0.0000000,0.0341823,0.00 -0.0000000,-0.0002604,0.00 -0.0058512,-0.0000000,786.93 0.0000000,0.0021060,0.00 0.0000000,0.0005303,0.00 -0.0000000,-0.0042272,0.00 0.0000000,0.0001297,0.00 -0.0003600,-0.0000000,0.00 -0.0003619,-0.0000000,0.00 -0.0216964,-0.0000000,195.74 -0.0225509,-0.0000000,195.74 0.0000000,0.0001297,0.00 0.0029180,0.0000000,0.00 0.0028111,0.0000000,0.00 -0.3120021,-0.0000000,12.11 -0.0014551,-0.0000000,3163.67 0.7353401,0.0000000,-6.01 0.0000000,0.0341830,0.00 -0.0000000,-0.0002604,0.00 -0.0058512,-0.0000000,786.93 -1.4667891,-0.0000000,3.01 0.0000000,0.0021060,0.00 -0.0003619,-0.0000000,0.00 0.0000000,0.5547125,0.00 -0.0225509,-0.0000000,195.74 0.0000000,0.0021060,0.00 0.0029180,0.0000000,0.00 0.0000000,0.5547177,0.00 -0.0000000,-0.0172741,0.00 0.0000000,0.0001297,0.00 0.0000000,0.0341833,0.00 -0.0882525,-0.0000000,48.69 -0.0225509,-0.0000000,195.74 0.0000000,0.0001298,0.00 -0.0000000,-0.0686583,0.00 -0.0226730,-0.0000000,195.74 -0.0003619,-0.0000000,0.00 -0.0056376,-0.0000000,786.93 -0.0014551,-0.0000000,3163.67 0.0000000,0.0021073,0.00 0.0000000,0.0001298,0.00 -0.0003619,-0.0000000,0.00 0.0000000,0.0086129,0.00 0.0000000,0.0001298,0.00 0.0000000,0.0021073,0.00 -0.0000000,-0.0042298,0.00 0.0000000,0.5551550,0.00 -0.0000000,-1.1142006,0.00 -0.0000000,-0.0686574,0.00 0.0029180,0.0000000,0.00 0.0000000,0.5551546,0.00 -1.4667891,-0.0000000,3.01 -0.0000000,-0.0042298,0.00 0.0000000,0.0001298,0.00 -0.0225509,-0.0000000,195.74 0.0452244,0.0000000,-97.12 -0.0906939,-0.0000000,48.69 -0.0216964,-0.0000000,195.74 0.7314338,0.0000000,-6.01 -0.0000000,-1.1142484,0.00 -0.0225509,-0.0000000,195.74 -0.0014551,-0.0000000,3163.67 0.0000000,0.0001298,0.00 0.0000000,0.0086127,0.00 -0.0906939,-0.0000000,48.69 0.0028874,0.0000000,0.00 -0.3705959,-0.0000000,12.11 0.0452244,0.0000000,-97.12 0.0000000,0.0086127,0.00 -0.0000000,-0.0010651,0.00 -0.0000000,-0.0686604,0.00 0.0000000,0.0001298,0.00 0.0000000,0.0342080,0.00 -0.0000000,-0.0010651,0.00 -0.0014551,-0.0000000,3163.67 0.0028111,0.0000000,0.00 0.0000000,0.0086128,0.00 0.0000000,0.0001298,0.00 -0.0056376,-0.0000000,786.93 -0.0000000,-1.1142294,0.00 -0.0000000,-0.0010651,0.00 -0.0000000,-0.0172865,0.00 0.0449803,0.0000000,-97.12 -0.0000000,-0.2805061,0.00 0.0007257,0.0000000,0.00 0.0000000,0.5551734,0.00 0.0000000,0.0086128,0.00 -0.3647365,-0.0000000,12.11 -0.0058512,-0.0000000,786.93 -0.0014551,-0.0000000,3163.67 -1.4667891,-0.0000000,3.01 0.0000000,0.1397595,0.00 -0.0000000,-0.2804992,0.00 -0.0003619,-0.0000000,0.00 -0.0000000,-0.0010651,0.00 0.0000000,0.1397606,0.00 -0.0000000,-0.0686626,0.00 -0.0196212,-0.0000000,195.74 -0.0225509,-0.0000000,195.74 0.0029180,0.0000000,0.00 -1.4746016,-0.0000000,3.01 -0.0000000,-0.0042296,0.00 -0.0906939,-0.0000000,48.69 0.7314338,0.0000000,-6.01 0.0112448,0.0000000,-390.47 0.0029180,0.0000000,0.00 -1.4667891,-0.0000000,3.01 -0.0000000,-0.2804954,0.00 0.7314338,0.0000000,-6.01 0.0000000,0.5551290,0.00 0.1818781,0.0000000,-24.16 0.0000000,0.5551291,0.00 -0.0000000,-0.0686614,0.00 -0.0014551,-0.0000000,3163.67 0.0112448,0.0000000,-390.47 -0.0014551,-0.0000000,3163.67 0.0001805,0.0000000,0.00 0.0000000,0.0086132,0.00 -0.0000000,-0.0002606,0.00 0.0000000,0.0021072,0.00 -0.0056376,-0.0000000,786.93 -0.0003619,-0.0000000,0.00 0.0029180,0.0000000,0.00 0.0000000,0.5551367,0.00 -0.0000000,-0.0002606,0.00 0.0029180,0.0000000,0.00 -0.0000000,-0.0686631,0.00 0.0452244,0.0000000,-97.12 -0.0056376,-0.0000000,786.93 0.0000000,0.1397572,0.00 0.0000000,0.0021072,0.00 0.0112448,0.0000000,-390.47 0.0001805,0.0000000,0.00 -0.0058512,-0.0000000,786.93 -0.0000000,-0.0010650,0.00 -0.0056376,-0.0000000,786.93 0.0464451,0.0000000,-97.12 0.0452244,0.0000000,-97.12 -1.4667891,-0.0000000,3.01 0.1799249,0.0000000,-24.16 -0.0225509,-0.0000000,195.74 -0.0000000,-0.0172853,0.00 -0.0000000,-0.0686508,0.00 0.0449803,0.0000000,-97.12 -0.0000000,-0.0172853,0.00 0.0112448,0.0000000,-390.47 0.0000000,0.0005307,0.00 -0.0003619,-0.0000000,0.00 0.7314338,0.0000000,-6.01 0.0000000,0.0021075,0.00 0.0000000,0.5550941,0.00 0.1584406,0.0000000,-24.16 -0.0014551,-0.0000000,3163.67 -0.0000000,-0.0686495,0.00 -0.0058512,-0.0000000,786.93 -0.0000000,-1.1140872,0.00 0.0000000,0.5550980,0.00 -0.0000000,-0.0002606,0.00 0.0000000,0.0021076,0.00 0.0000000,0.0005307,0.00 -0.0225509,-0.0000000,195.74 -0.0000000,-0.2804814,0.00 0.0028874,0.0000000,0.00 -0.0000000,-0.0172850,0.00 -0.0000000,-0.0002606,0.00 -1.4667891,-0.0000000,3.01 0.0000000,0.5551017,0.00 -0.0000000,-0.0042305,0.00 0.1818781,0.0000000,-24.16 -0.0000000,-0.0010652,0.00 -0.0000000,-0.2804762,0.00 -0.0000000,-0.0002606,0.00 0.0026891,0.0000000,0.00 -0.0058512,-0.0000000,786.93 -1.4667891,-0.0000000,3.01 -0.9403799,-0.0000000,195.75 -1.4667891,-0.0000000,3.01 0.0000000,0.0086118,0.00 -0.0000000,-0.0172845,0.00 0.0029180,0.0000000,0.00 -0.0000000,-0.0042304,0.00 0.7314338,0.0000000,-6.01 0.0000000,0.1397447,0.00 0.0000000,0.0021074,0.00 0.0000000,0.0005307,0.00 -1.4667891,-0.0000000,3.01 -0.0000000,-0.0042301,0.00 -0.0000000,-0.0172862,0.00 0.0452244,0.0000000,-97.12 0.1818781,0.0000000,-24.16 -0.0225509,-0.0000000,195.74 -0.0000000,-0.0042301,0.00 0.0000000,0.0086126,0.00 0.0000000,0.1397476,0.00 0.0452244,0.0000000,-97.12 0.0000000,0.0342054,0.00 -0.0003619,-0.0000000,0.00 -0.0000000,-0.0172859,0.00 -0.3705959,-0.0000000,12.11 -0.0000000,-0.2804669,0.00 0.0000000,0.0005307,0.00 -0.0000000,-0.2804616,0.00 0.0007257,0.0000000,0.00 0.7314338,0.0000000,-6.01 -0.0000000,-0.0686561,0.00 -0.0225509,-0.0000000,195.74 0.0000000,0.5550753,0.00 -0.0000000,-0.2804640,0.00 -0.0000000,-0.0002606,0.00 0.0001805,0.0000000,0.00 -1.4667891,-0.0000000,3.01 -0.0906939,-0.0000000,48.69 0.0000000,0.0001298,0.00 -0.3647365,-0.0000000,12.11 0.6220588,0.0000000,-6.01 -0.0000000,-0.0172854,0.00 0.0000000,0.0342060,0.00 0.0000000,0.0001298,0.00 -0.0000000,-0.0010651,0.00 0.0000000,0.0342061,0.00 -0.0225509,-0.0000000,195.74 -0.0014628,-0.0000000,3163.67 -0.0014551,-0.0000000,3163.67 0.0000000,0.0001298,0.00 -0.0000000,-0.0686558,0.00 -0.0014628,-0.0000000,3163.67 0.1818781,0.0000000,-24.16 -0.0000000,-0.0686557,0.00 -0.0906939,-0.0000000,48.69 -0.0000000,-0.0002606,0.00 0.0000000,0.0001298,0.00 -0.0014551,-0.0000000,3163.67 -0.0000000,-0.2804592,0.00 -0.0003619,-0.0000000,0.00 0.0000000,0.0086124,0.00 -0.3705959,-0.0000000,12.11 0.7236213,0.0000000,-6.01 0.0452244,0.0000000,-97.12 -0.0058512,-0.0000000,786.93 -1.4667891,-0.0000000,3.01 -0.0003619,-0.0000000,0.00 0.0000000,0.5550241,0.00 -0.0000000,-0.0002605,0.00 -0.0225509,-0.0000000,195.74 -0.0003619,-0.0000000,0.00 0.0000000,0.5550306,0.00 0.0000000,0.0005305,0.00 -1.4667891,-0.0000000,3.01 0.0007257,0.0000000,0.00 -0.0000000,-0.2804554,0.00 0.0000000,0.0341994,0.00 -0.0000000,-0.0686420,0.00 -0.0000000,-0.0686421,0.00 0.0000000,0.0001298,0.00 0.0112448,0.0000000,-390.47 -0.0058512,-0.0000000,786.93 -0.0000000,-0.0172830,0.00 0.0000000,0.0341993,0.00 0.7314338,0.0000000,-6.01 -0.0000000,-1.1139646,0.00 0.0001805,0.0000000,0.00 -0.0000000,-1.1139678,0.00 -0.0000000,-0.0686425,0.00 -1.4667891,-0.0000000,3.01 0.0000000,0.0001298,0.00 0.0000000,0.5550352,0.00 0.0112448,0.0000000,-390.47 0.0000000,0.0021068,0.00 -0.0000000,-0.2804464,0.00 0.1818781,0.0000000,-24.16 0.0000000,0.0086108,0.00 0.0452244,0.0000000,-97.12 0.1818781,0.0000000,-24.16 0.0000000,0.5550390,0.00 -0.0906939,-0.0000000,48.69 -1.4667891,-0.0000000,3.01 -0.0000000,-1.1140003,0.00 0.0097800,0.0000000,-390.47 0.0452244,0.0000000,-97.12 -0.0000000,-0.0002605,0.00 -1.4511641,-0.0000000,3.01 0.0000000,0.0086108,0.00 0.0007257,0.0000000,0.00 0.0112448,0.0000000,-390.47 -0.0000000,-0.0686452,0.00 -0.0000000,-0.0686439,0.00 0.0112448,0.0000000,-390.47 -0.0000000,-1.1139870,0.00 0.0000000,0.0001298,0.00 -0.0000000,-0.2804420,0.00 -0.0906939,-0.0000000,48.69 -0.0000000,-0.0010648,0.00 -0.0906939,-0.0000000,48.69 0.0457127,0.0000000,-97.12 0.0029180,0.0000000,0.00 0.6962776,0.0000000,-6.01 0.0452244,0.0000000,-97.12 -0.0014551,-0.0000000,3163.67 -0.0000000,-0.0042287,0.00 0.0000000,0.0342011,0.00 -0.0906939,-0.0000000,48.69 0.0000000,0.5549980,0.00 -0.0225509,-0.0000000,195.74 0.0000000,0.0342010,0.00 -0.0014551,-0.0000000,3163.67 0.0000000,0.0001298,0.00 -0.0000000,-0.0172840,0.00 0.0029180,0.0000000,0.00 -0.3647365,-0.0000000,12.11 0.7275276,0.0000000,-6.01 -0.0906939,-0.0000000,48.69 0.0000000,0.0005305,0.00 0.0000000,0.0086117,0.00 0.0452244,0.0000000,-97.12 0.0000000,0.1397315,0.00 0.0000000,0.0001298,0.00 0.0007257,0.0000000,0.00 -0.0000000,-0.0002605,0.00 -0.3647365,-0.0000000,12.11 0.0116721,0.0000000,-390.47 -0.0014551,-0.0000000,3163.67 -0.0000000,-0.0172837,0.00 -0.0000000,-0.2804299,0.00 -0.0058512,-0.0000000,786.93 0.0112448,0.0000000,-390.47 0.0000000,0.0021067,0.00 0.0029180,0.0000000,0.00 0.0000000,0.0086113,0.00 -0.0058512,-0.0000000,786.93 0.0029180,0.0000000,0.00 -0.0225509,-0.0000000,195.74 0.0001805,0.0000000,0.00 -0.0000000,-0.2804278,0.00 0.0000000,0.0086114,0.00 -0.0014551,-0.0000000,3163.67 -0.0000000,-0.2804264,0.00 0.0000000,0.0005305,0.00 -0.0058512,-0.0000000,786.93 -1.4667891,-0.0000000,3.01 0.0000000,0.0086114,0.00 -0.0000000,-0.0002605,0.00 -0.0000000,-0.2804235,0.00 -0.0902056,-0.0000000,48.69 -0.0000000,-0.0010650,0.00 -0.0000000,-0.0042294,0.00 0.0000000,0.0001298,0.00 0.0000000,0.0005306,0.00 0.0000000,0.5549661,0.00 -0.0003504,-0.0000000,0.00 -0.0000000,-0.0002605,0.00 0.0029180,0.0000000,0.00 0.0000000,0.0086102,0.00 -0.0000000,-0.2804201,0.00 -0.0000000,-0.0686340,0.00 -0.0000000,-0.0042293,0.00 0.0000000,0.1397232,0.00 -0.0000000,-1.1138332,0.00 0.0000000,0.0341955,0.00 -0.0906939,-0.0000000,48.69 0.0000000,0.0021071,0.00 0.0001805,0.0000000,0.00 -0.0000000,-0.0042294,0.00 -0.0000000,-0.0686347,0.00 0.0006379,0.0000000,0.00 -0.0017603,-0.0000000,0.00 -0.0058512,-0.0000000,786.93 0.0000000,0.0021071,0.00 0.0000000,0.5549739,0.00 0.0000000,0.0086102,0.00 -0.0000000,-0.0172812,0.00 0.7314338,0.0000000,-6.01 -0.0000000,-0.0010650,0.00 -0.0000000,-0.2804164,0.00 0.0001776,0.0000000,0.00 0.0000000,0.0021071,0.00 0.0000000,0.0086098,0.00 0.0029180,0.0000000,0.00 0.0464451,0.0000000,-97.12 -0.0000000,-0.0002605,0.00 0.0000000,0.1397189,0.00 -0.0225509,-0.0000000,195.74 0.0112448,0.0000000,-390.47 0.0000000,0.1397182,0.00 0.0112448,0.0000000,-390.47 0.0000000,0.1397198,0.00 0.0007257,0.0000000,0.00 0.0000000,0.5549923,0.00 -0.0000000,-0.0686365,0.00 0.0000000,0.5549895,0.00 -0.0906939,-0.0000000,48.69 -0.0058512,-0.0000000,786.93 0.1818781,0.0000000,-24.16 -0.0000000,-0.2804081,0.00 -0.0003619,-0.0000000,0.00 -0.0234054,-0.0000000,195.74 -0.0000000,-0.0172824,0.00 0.0000000,0.5549323,0.00 0.0000000,0.0005306,0.00 0.0452244,0.0000000,-97.12 -0.0003619,-0.0000000,0.00 -0.0000000,-1.1137867,0.00 -0.0225509,-0.0000000,195.74 0.7314338,0.0000000,-6.01 0.1848077,0.0000000,-24.16 0.0113669,0.0000000,-390.47 -0.0916705,-0.0000000,48.69 0.0000000,0.5549366,0.00 0.0000000,0.1397159,0.00 0.0000000,0.5549417,0.00 0.0000000,0.0086106,0.00 0.0000000,0.0001298,0.00 -0.0012720,-0.0000000,3163.67 0.0000000,0.5549424,0.00 0.0000000,0.0001298,0.00 -1.4667891,-0.0000000,3.01 0.0000000,0.0086106,0.00 -0.0003504,-0.0000000,0.00 0.0000000,0.1397168,0.00 -0.0906939,-0.0000000,48.69 -0.0000000,-0.0002605,0.00 0.7236213,0.0000000,-6.01 -0.0058512,-0.0000000,786.93 0.0007257,0.0000000,0.00 0.0000000,0.0341976,0.00 -0.0196212,-0.0000000,195.74 0.0029180,0.0000000,0.00 -0.0809283,-0.0000000,48.69 0.0000000,0.0086103,0.00 0.7314338,0.0000000,-6.01 -0.0000000,-0.0042293,0.00 0.0001805,0.0000000,0.00 -0.0000000,-0.0002605,0.00 0.0029180,0.0000000,0.00 0.0000000,0.0086103,0.00 -0.0000000,-0.0172820,0.00 0.0112448,0.0000000,-390.47 0.0000000,0.0341981,0.00 0.1818781,0.0000000,-24.16 -0.0000000,-0.0042293,0.00 -0.0225509,-0.0000000,195.74 0.0000000,0.0005306,0.00 -0.0000000,-0.2803972,0.00 0.7314338,0.0000000,-6.01 0.0000000,0.0001298,0.00 0.7314338,0.0000000,-6.01 -0.0000000,-0.0172815,0.00 -0.0000000,-0.2803962,0.00 -0.0000000,-1.1138130,0.00 0.0449803,0.0000000,-97.12 0.0000000,0.0005306,0.00 -0.0014551,-0.0000000,3163.67 -0.0053324,-0.0000000,786.93 0.0001805,0.0000000,0.00 0.0452244,0.0000000,-97.12 0.0007257,0.0000000,0.00 0.0000000,0.0341985,0.00 -0.0000000,-0.0002605,0.00 -0.0000000,-0.0688108,0.00 0.0000000,0.0086320,0.00 -0.3647365,-0.0000000,12.11 -0.0000000,-0.0173253,0.00 -0.0003619,-0.0000000,0.00 -0.0000000,-0.0002611,0.00 -0.1491613,-0.0000000,48.69 -0.0000000,-0.2811271,0.00 0.0001805,0.0000000,0.00 -0.3471584,-0.0000000,12.11 -1.4667891,-0.0000000,3.01 0.0028111,0.0000000,0.00 -0.0000000,-0.2811264,0.00 -0.0000000,-0.0010675,0.00 0.0001805,0.0000000,0.00 -0.0014551,-0.0000000,3163.67 -0.0000000,-0.0010675,0.00 -0.0058512,-0.0000000,786.93 0.0029180,0.0000000,0.00 0.0007257,0.0000000,0.00 0.0112448,0.0000000,-390.47 -0.0000000,-0.2811208,0.00 -0.0906939,-0.0000000,48.69 0.0000000,0.0001301,0.00 -0.0000000,-0.2811234,0.00 -0.0014170,-0.0000000,3163.67 0.0000000,0.0021121,0.00 -0.0000000,-1.1166489,0.00 0.0415623,0.0000000,-97.12 -0.0001143,-0.0000000,786.89 0.0000000,0.1400690,0.00 0.0452244,0.0000000,-97.12 -0.0000000,-0.0688132,0.00 0.0112448,0.0000000,-390.47 0.0000000,0.0021121,0.00 -0.0000000,-0.0002611,0.00 0.0000000,0.0001301,0.00 0.0000000,0.0086318,0.00 0.0000000,0.1400693,0.00 0.0000000,0.0086319,0.00 0.0000000,0.0005318,0.00 0.1818781,0.0000000,-24.16 -0.0000000,-0.2811137,0.00 -1.4667891,-0.0000000,3.01 0.7314338,0.0000000,-6.01 -0.0000000,-1.1166747,0.00 0.0000000,0.0005318,0.00 0.0000000,0.1400701,0.00 -0.0003485,-0.0000000,0.00 0.0029180,0.0000000,0.00 0.0000000,0.1400704,0.00 0.0000000,0.0001301,0.00 -0.0000000,-0.0173246,0.00 0.0000000,0.0086319,0.00 0.0001805,0.0000000,0.00 -0.0000000,-0.0002611,0.00 0.0007257,0.0000000,0.00 -0.0003619,-0.0000000,0.00 -0.0000000,-0.0173262,0.00 -0.3705959,-0.0000000,12.11 0.0029180,0.0000000,0.00 0.1818781,0.0000000,-24.16 -0.0000000,-0.0042391,0.00 -0.0000000,-0.0002611,0.00 0.0007257,0.0000000,0.00 -0.0906939,-0.0000000,48.69 0.0007257,0.0000000,0.00 0.1818781,0.0000000,-24.16 0.0000000,0.5563430,0.00 0.0116721,0.0000000,-390.47 0.0112448,0.0000000,-390.47 0.0000000,0.0021119,0.00 0.0000000,0.0001301,0.00 0.0000000,0.0086325,0.00 0.0000000,0.5563405,0.00 0.0112448,0.0000000,-390.47 0.0000000,0.0001301,0.00 0.0112448,0.0000000,-390.47 -0.0000000,-0.0173260,0.00 -0.0000000,-0.0010674,0.00 0.0007257,0.0000000,0.00 0.0000000,0.5563505,0.00 0.7314338,0.0000000,-6.01 -0.0234054,-0.0000000,195.74 -0.0906939,-0.0000000,48.69 0.0029180,0.0000000,0.00 0.0025365,0.0000000,0.00 -0.0011881,-0.0000000,3163.66 0.0000000,0.0005318,0.00 -0.0000000,-0.0042393,0.00 0.0452244,0.0000000,-97.12 -0.3647365,-0.0000000,12.11 -0.0000000,-0.0688163,0.00 -0.0000000,-0.0042393,0.00 0.0000000,0.0086323,0.00 -0.0000000,-1.1166344,0.00 0.0000000,0.0086322,0.00 -0.0058512,-0.0000000,786.93 -0.0000000,-0.0002612,0.00 -0.3647365,-0.0000000,12.11 -0.0906939,-0.0000000,48.69 0.0000000,0.5563617,0.00 -0.0227951,-0.0000000,195.74 0.0000000,0.0005318,0.00 -0.0000000,-0.0002612,0.00 0.0000000,0.0086323,0.00 0.0000000,0.0021120,0.00 0.0000000,0.0086324,0.00 -0.0000000,-0.0002612,0.00 -0.0000000,-0.0173256,0.00 -0.3647365,-0.0000000,12.11 -0.0058512,-0.0000000,786.93 0.0000000,0.0342863,0.00 -0.0000000,-0.0688031,0.00 -0.0000000,-0.0010676,0.00 0.0000000,0.0005319,0.00 -1.4667891,-0.0000000,3.01 0.0001805,0.0000000,0.00 0.0000000,0.1400581,0.00 -0.0000000,-0.0042399,0.00 -0.0000000,-0.2810970,0.00 -0.0012720,-0.0000000,3163.67 -0.0906939,-0.0000000,48.69 -0.3666896,-0.0000000,12.11 -0.3100490,-0.0000000,12.11 0.0000000,0.5563161,0.00 0.0025517,0.0000000,0.00 -0.0000000,-0.0173230,0.00 -1.4667891,-0.0000000,3.01 -1.4746016,-0.0000000,3.01 0.0000000,0.0005319,0.00 -1.4667891,-0.0000000,3.01 -0.0931353,-0.0000000,48.69 0.1818781,0.0000000,-24.16 0.0116721,0.0000000,-390.47 0.0029180,0.0000000,0.00 0.0000000,0.0342800,0.00 0.0000000,0.0001301,0.00 0.0000000,0.5563207,0.00 0.0000000,0.0005319,0.00 0.0007066,0.0000000,0.00 0.0000000,0.0021123,0.00 0.1721124,0.0000000,-24.16 0.0452244,0.0000000,-97.12 -1.4667891,-0.0000000,3.01 0.0000000,0.0001301,0.00 0.1818781,0.0000000,-24.16 -0.0057902,-0.0000000,786.93 -0.0014551,-0.0000000,3163.67 -0.0058512,-0.0000000,786.93 -0.0014551,-0.0000000,3163.67 -0.0000000,-0.2810879,0.00 0.0000000,0.5563253,0.00 0.0000000,0.0342805,0.00 -0.3647365,-0.0000000,12.11 -0.0000000,-1.1165524,0.00 0.0000000,0.0001301,0.00 -0.0000000,-0.0173226,0.00 -1.4667891,-0.0000000,3.01 -0.0000000,-0.0010676,0.00 0.0006913,0.0000000,0.00 -0.0000000,-0.0173227,0.00 0.0000000,0.0342806,0.00 -0.0906939,-0.0000000,48.69 0.0000000,0.0021122,0.00 -0.0906939,-0.0000000,48.69 -0.3647365,-0.0000000,12.11 0.0001805,0.0000000,0.00 -0.0014551,-0.0000000,3163.67 0.0000000,0.1400508,0.00 -0.0000000,-0.0002612,0.00 0.0000000,0.0005319,0.00 -0.0014628,-0.0000000,3163.67 -0.0000000,-0.0173240,0.00 0.0452244,0.0000000,-97.12 -0.0014551,-0.0000000,3163.67 0.0452244,0.0000000,-97.12 0.0000000,0.0001301,0.00 0.0000000,0.0005319,0.00 -0.0000000,-0.0173242,0.00 -0.0000000,-0.0042396,0.00 -0.0000000,-0.0173242,0.00 0.0112448,0.0000000,-390.47 0.0452244,0.0000000,-97.12 -0.0003619,-0.0000000,0.00 0.0000000,0.0001301,0.00 -0.0000000,-1.1164652,0.00 -0.0000000,-0.2810769,0.00 -0.0000000,-0.2810723,0.00 -0.0000000,-0.2810712,0.00 0.0000000,0.5562901,0.00 -0.0014551,-0.0000000,3163.67 0.0000000,0.0086312,0.00 -0.3647365,-0.0000000,12.11 0.0029180,0.0000000,0.00 -0.0906939,-0.0000000,48.69 -0.0000000,-0.0173239,0.00 -1.4667891,-0.0000000,3.01 0.0000000,0.0342822,0.00 -1.4746016,-0.0000000,3.01 0.6415901,0.0000000,-6.01 -0.0058512,-0.0000000,786.93 -0.3647365,-0.0000000,12.11 -0.0000000,-0.0002612,0.00 0.0000000,0.0005319,0.00 0.0112448,0.0000000,-390.47 -1.4667891,-0.0000000,3.01 -0.0000000,-0.0010675,0.00 0.0007257,0.0000000,0.00 -0.0000000,-0.0688081,0.00 -0.0003619,-0.0000000,0.00 0.1818781,0.0000000,-24.16 -0.0000000,-0.0010675,0.00 -0.0000000,-0.0042384,0.00 -1.4667891,-0.0000000,3.01 -0.0003619,-0.0000000,0.00 -1.4667891,-0.0000000,3.01 -0.0000000,-0.0010673,0.00 0.1818781,0.0000000,-24.16 0.0452244,0.0000000,-97.12 -0.0000000,-1.1164234,0.00 0.0000000,0.0342755,0.00 -0.0000000,-0.2810653,0.00 -0.0000000,-0.0173215,0.00 0.0000000,0.0005317,0.00 0.0000000,0.0342757,0.00 -0.0000000,-0.0173212,0.00 0.0000000,0.1400433,0.00 -0.0000000,-0.0002611,0.00 0.0452244,0.0000000,-97.12 -0.0014399,-0.0000000,3163.67 0.0000000,0.0086302,0.00 -0.0000000,-0.0173213,0.00 0.0112448,0.0000000,-390.47 -0.0000000,-0.0687974,0.00 0.0001805,0.0000000,0.00 -0.3647365,-0.0000000,12.11 0.0116721,0.0000000,-390.47 -0.0000000,-0.0042386,0.00 -0.0234054,-0.0000000,195.74 0.1818781,0.0000000,-24.16 0.0000000,0.0001301,0.00 0.1818781,0.0000000,-24.16 -0.0000000,-0.0002611,0.00 -0.0000000,-0.0042386,0.00 -0.0000000,-0.0687978,0.00 0.0000000,0.5562640,0.00 0.0576765,0.0000000,-24.15 -1.4589766,-0.0000000,3.01 -0.0014551,-0.0000000,3163.67 0.0000000,0.0005317,0.00 -0.0014551,-0.0000000,3163.67 -1.4667891,-0.0000000,3.01 0.0000000,0.1400409,0.00 0.0112448,0.0000000,-390.47 0.0000000,0.5562743,0.00 0.0452244,0.0000000,-97.12 0.0000000,0.0086300,0.00 -0.0000000,-0.0687967,0.00 0.0106955,0.0000000,-390.47 -0.0000000,-0.0687993,0.00 -0.0058512,-0.0000000,786.93 0.0000000,0.1400346,0.00 -0.0000000,-0.0687992,0.00 -0.0000000,-1.1163613,0.00 -0.3647365,-0.0000000,12.11 0.0000000,0.0086306,0.00 -0.0000000,-0.0010672,0.00 0.0449803,0.0000000,-97.12 -0.0000000,-0.0687996,0.00 -0.0000000,-0.0010672,0.00 -0.0000000,-0.0042382,0.00 -0.0058512,-0.0000000,786.93 0.0007257,0.0000000,0.00 -0.0000000,-0.0002611,0.00 0.0000000,0.0021115,0.00 -0.0000000,-0.0002611,0.00 -0.0000000,-0.0010672,0.00 -0.0014551,-0.0000000,3163.67 0.0007257,0.0000000,0.00 0.0000000,0.1400367,0.00 0.0007257,0.0000000,0.00 0.0112448,0.0000000,-390.47 0.0452244,0.0000000,-97.12 0.0000000,0.0001301,0.00 -0.3666896,-0.0000000,12.11 0.0000000,0.0001301,0.00 0.0000000,0.1400300,0.00 -0.0000000,-0.0002611,0.00 -0.0000000,-0.0042383,0.00 -0.3295802,-0.0000000,12.11 0.0000000,0.5562300,0.00 -0.0058512,-0.0000000,786.93 0.0001795,0.0000000,0.00 0.0000000,0.0086303,0.00 0.0452244,0.0000000,-97.12 0.0000000,0.0005317,0.00 0.0000000,0.5562337,0.00 0.0000000,0.0001301,0.00 -0.0225509,-0.0000000,195.74 -1.4667891,-0.0000000,3.01 -0.0225509,-0.0000000,195.74 0.0113059,0.0000000,-390.47 0.0000000,0.0342785,0.00 -0.0000000,-0.0010672,0.00 0.0000000,0.0086305,0.00 0.0007257,0.0000000,0.00 0.0452244,0.0000000,-97.12 0.0007257,0.0000000,0.00 -0.0000000,-0.0173218,0.00 0.0000000,0.0021115,0.00 0.0000000,0.0342714,0.00 0.0000000,0.1400269,0.00 -0.0014551,-0.0000000,3163.67 0.0000000,0.1400265,0.00 0.0007180,0.0000000,0.00 0.0000000,0.0001301,0.00 0.0000000,0.0005318,0.00 -0.0000000,-0.0002611,0.00 0.0029027,0.0000000,0.00 -0.0003619,-0.0000000,0.00 -0.0225509,-0.0000000,195.74 -0.0227951,-0.0000000,195.74 -0.0000000,-0.2810305,0.00 -0.0000000,-0.0010674,0.00 0.0007180,0.0000000,0.00 0.0000000,0.0021118,0.00 -0.3647365,-0.0000000,12.11 -0.0000000,-0.2810320,0.00 0.1818781,0.0000000,-24.16 0.0029180,0.0000000,0.00 0.7314338,0.0000000,-6.01 0.6923713,0.0000000,-6.01 -0.0052409,-0.0000000,786.93 0.0000000,0.0001301,0.00 0.0000000,0.0005318,0.00 0.0007257,0.0000000,0.00 -0.0000000,-0.0042391,0.00 0.0000000,0.5562085,0.00 -1.4667891,-0.0000000,3.01 -0.0000000,-0.0687888,0.00 -0.0000000,-0.0042390,0.00 0.0000000,0.0021119,0.00 0.0112448,0.0000000,-390.47 -0.0000000,-0.0687886,0.00 0.0452244,0.0000000,-97.12 0.0007257,0.0000000,0.00 -0.0000000,-0.2810244,0.00 0.0000000,0.1400257,0.00 0.7314338,0.0000000,-6.01 -0.0000000,-0.0042390,0.00 0.0001805,0.0000000,0.00 0.1818781,0.0000000,-24.16 -0.0000000,-0.0173188,0.00 0.0000000,0.0086290,0.00 -0.3647365,-0.0000000,12.11 0.0029180,0.0000000,0.00 0.0001805,0.0000000,0.00 0.0000000,0.0021117,0.00 -0.0227951,-0.0000000,195.74 0.0000000,0.0021117,0.00 0.0000000,0.0086296,0.00 -0.0014628,-0.0000000,3163.67 -0.0000000,-0.0687915,0.00 0.0029180,0.0000000,0.00 -0.0000000,-0.0173206,0.00 -0.0000000,-0.0010673,0.00 -0.0014551,-0.0000000,3163.67 -0.0000000,-0.0002611,0.00 0.0029180,0.0000000,0.00 -0.0000000,-0.0002611,0.00 -0.0225509,-0.0000000,195.74 0.7314338,0.0000000,-6.01 0.0001805,0.0000000,0.00 -0.0906939,-0.0000000,48.69 0.0000000,0.0086297,0.00 -0.0000000,-0.0002611,0.00 0.0007257,0.0000000,0.00 -0.0225509,-0.0000000,195.74 -0.0000000,-0.0173202,0.00 -0.0014551,-0.0000000,3163.67 0.0000000,0.0021117,0.00 0.0001805,0.0000000,0.00 -0.0225509,-0.0000000,195.74 0.0000000,0.0086298,0.00 -0.0000000,-0.0173203,0.00 0.0000000,0.0005318,0.00 -0.0000000,-0.0002611,0.00 -0.0000000,-0.0687911,0.00 -0.0906939,-0.0000000,48.69 -0.0000000,-0.0687936,0.00 0.0000000,0.0005317,0.00 0.1818781,0.0000000,-24.16 0.0000000,0.0005317,0.00 -0.0014551,-0.0000000,3163.67 0.0000000,0.0005317,0.00 0.0452244,0.0000000,-97.12 0.0000000,0.0021117,0.00 0.0000000,0.0001301,0.00 0.7314338,0.0000000,-6.01 0.0007257,0.0000000,0.00 -0.3647365,-0.0000000,12.11 0.0000000,0.0086294,0.00 0.7236213,0.0000000,-6.01 -0.0003619,-0.0000000,0.00 0.0000000,0.0001301,0.00 -0.0000000,-0.0042387,0.00 0.0000000,0.5561775,0.00 0.1701593,0.0000000,-24.16 0.0001776,0.0000000,0.00 -0.0014551,-0.0000000,3163.67 0.0000000,0.0342750,0.00 -0.3647365,-0.0000000,12.11 0.0000000,0.1400181,0.00 0.0000000,0.0021118,0.00 0.0452244,0.0000000,-97.12 0.0000000,0.5561821,0.00 0.0000000,0.0021118,0.00 -0.0000000,-1.1162504,0.00 -0.0058512,-0.0000000,786.93 0.0000000,0.0021118,0.00 -0.0000000,-0.0687930,0.00 -0.0049357,-0.0000000,786.93 0.0000000,0.0005321,0.00 -0.0000000,-0.0010680,0.00 0.0000000,0.1401338,0.00 0.0000000,0.5566108,0.00 0.0000000,0.0005321,0.00 -0.0906939,-0.0000000,48.69 -0.0017908,-0.0000000,0.00 -0.0000000,-0.0042413,0.00 0.0001805,0.0000000,0.00 -0.0225509,-0.0000000,195.74 0.0452244,0.0000000,-97.12 0.0000000,0.0001301,0.00 0.0452244,0.0000000,-97.12 0.0000000,0.0005321,0.00 0.0000000,0.0001301,0.00 0.7353401,0.0000000,-6.01 0.0000000,0.0021130,0.00 0.0000000,0.1401350,0.00 0.0029180,0.0000000,0.00 0.0000000,0.5566183,0.00 -1.4511641,-0.0000000,3.01 0.0000000,0.5566194,0.00 0.0000000,0.0005321,0.00 0.0029180,0.0000000,0.00 -0.0014551,-0.0000000,3163.67 -0.0000000,-0.0002613,0.00 0.0000000,0.0005321,0.00 0.0000000,0.5566224,0.00 0.0000000,0.0001301,0.00 -0.0000000,-0.0688407,0.00 0.0000000,0.0086360,0.00 0.0001595,0.0000000,0.00 0.0001776,0.0000000,0.00 -0.0000000,-0.0010680,0.00 0.0000000,0.0086356,0.00 -0.3080959,-0.0000000,12.11 -0.0000000,-0.0002613,0.00 0.0000000,0.0005321,0.00 -0.0000000,-0.0688430,0.00 0.0000000,0.0021131,0.00 0.1730890,0.0000000,-24.16 0.1584406,0.0000000,-24.16 -0.3647365,-0.0000000,12.11 -0.0225509,-0.0000000,195.74 0.0000000,0.0342993,0.00 -0.0000000,-1.1171856,0.00 -0.0000000,-0.0173325,0.00 0.0000000,0.1401301,0.00 -0.0225509,-0.0000000,195.74 0.1818781,0.0000000,-24.16 -0.0225509,-0.0000000,195.74 -0.3647365,-0.0000000,12.11 -0.0225509,-0.0000000,195.74 -0.0000000,-0.0042414,0.00 -0.0000000,-1.1171583,0.00 0.0000000,0.0001302,0.00 0.0007180,0.0000000,0.00 -0.0000000,-0.2812383,0.00 0.7314338,0.0000000,-6.01 -0.0000000,-1.1170861,0.00 0.0000000,0.0343000,0.00 -0.0000000,-1.1170869,0.00 -1.4667891,-0.0000000,3.01 -0.0000000,-1.1170815,0.00 0.0000000,0.0005320,0.00 0.0000000,0.0021129,0.00 -0.0000000,-0.0688456,0.00 0.0000000,0.0001302,0.00 0.0029180,0.0000000,0.00 -0.0225509,-0.0000000,195.74 -0.0000000,-0.0688453,0.00 -0.0000000,-0.0010679,0.00 0.0000000,0.0343002,0.00 -0.0225509,-0.0000000,195.74 0.0001776,0.0000000,0.00 -0.0906939,-0.0000000,48.69 0.4614047,0.0000000,-97.12 -0.0000000,-0.0010679,0.00 -0.0000000,-0.0173337,0.00 -0.0003619,-0.0000000,0.00 -0.0003600,-0.0000000,0.00 0.1818781,0.0000000,-24.16 -0.0000000,-0.2812245,0.00 0.7314338,0.0000000,-6.01 -0.0003619,-0.0000000,0.00 -0.0012873,-0.0000000,3163.67 -0.0000000,-0.2812271,0.00 -0.0003619,-0.0000000,0.00 -0.0227951,-0.0000000,195.74 -1.4667891,-0.0000000,3.01 0.0000000,0.5566000,0.00 0.0452244,0.0000000,-97.12 0.0000000,0.0005320,0.00 0.0000000,0.0021130,0.00 0.0007257,0.0000000,0.00 -0.0000000,-0.0042411,0.00 0.0000000,0.0021130,0.00 -0.0000000,-0.2812195,0.00 0.7314338,0.0000000,-6.01 0.0000000,0.1401238,0.00 0.0029180,0.0000000,0.00 -0.0003619,-0.0000000,0.00 -0.0000000,-0.2812226,0.00 0.0000000,0.0086362,0.00 -1.4667891,-0.0000000,3.01 -0.0058512,-0.0000000,786.93 0.0001747,0.0000000,0.00 0.1818781,0.0000000,-24.16 -0.0014551,-0.0000000,3163.67 0.0000000,0.0001302,0.00 0.0000000,0.0005321,0.00 -0.0000000,-0.0688338,0.00 0.0116721,0.0000000,-390.47 -1.4667891,-0.0000000,3.01 0.0452244,0.0000000,-97.12 -0.3647365,-0.0000000,12.11 0.7314338,0.0000000,-6.01 -0.0000000,-0.0688334,0.00 -0.3647365,-0.0000000,12.11 -0.0225509,-0.0000000,195.74 -0.0000000,-0.0688342,0.00 -0.0000000,-0.0173311,0.00 0.0000000,0.0001302,0.00 -0.0000000,-0.0173310,0.00 0.0112448,0.0000000,-390.47 -0.0003619,-0.0000000,0.00 -0.0058512,-0.0000000,786.93 0.0437596,0.0000000,-97.12 -0.0003619,-0.0000000,0.00 0.0000000,0.0005321,0.00 -0.0000000,-0.2812135,0.00 0.1818781,0.0000000,-24.16 0.0000000,0.1401198,0.00 0.0000000,0.0001302,0.00 0.0029180,0.0000000,0.00 -0.0225509,-0.0000000,195.74 0.0007257,0.0000000,0.00 0.0029180,0.0000000,0.00 -0.0000000,-0.0010681,0.00 -0.0000000,-1.1170187,0.00 0.0000000,0.0001302,0.00 0.0007257,0.0000000,0.00 -0.0014551,-0.0000000,3163.67 -0.0058512,-0.0000000,786.93 0.0000000,0.0021133,0.00 0.0000000,0.1401140,0.00 0.7314338,0.0000000,-6.01 0.0452244,0.0000000,-97.12 0.0000000,0.5565717,0.00 0.7314338,0.0000000,-6.01 0.0000000,0.0021133,0.00 -0.0014628,-0.0000000,3163.67 0.0000000,0.0342954,0.00 0.0112448,0.0000000,-390.47 -1.4667891,-0.0000000,3.01 -0.3647365,-0.0000000,12.11 -0.0000000,-0.0010681,0.00 -0.0000000,-0.0173302,0.00 -0.0000000,-0.2812044,0.00 0.0452244,0.0000000,-97.12 -0.0014170,-0.0000000,3163.67 -0.0225509,-0.0000000,195.74 -0.0000000,-0.0173304,0.00 -0.0017908,-0.0000000,0.00 0.0007257,0.0000000,0.00 -0.0000000,-0.0173303,0.00 0.0000000,0.5565214,0.00 -0.0000000,-0.0002613,0.00 0.0029180,0.0000000,0.00 -0.0000000,-0.0173319,0.00 0.0000000,0.0001302,0.00 -0.0000000,-0.0688374,0.00 -0.3647365,-0.0000000,12.11 0.0000000,0.0005321,0.00 0.0029027,0.0000000,0.00 0.0000000,0.1401115,0.00 -1.4667891,-0.0000000,3.01 0.0000000,0.1401118,0.00 0.0000000,0.5565231,0.00 -0.0225509,-0.0000000,195.74 0.0000000,0.5565228,0.00 -0.0000000,-0.0010681,0.00 0.0000000,0.0342963,0.00 -0.0000000,-0.0173317,0.00 0.0000000,0.0005321,0.00 0.0000000,0.0021131,0.00 0.0000000,0.1401124,0.00 0.0000000,0.0086354,0.00 -1.4667891,-0.0000000,3.01 0.0000000,0.1401134,0.00 -0.0000000,-0.0688369,0.00 0.0029180,0.0000000,0.00 -0.0000000,-0.0688371,0.00 -0.0234054,-0.0000000,195.74 -0.0799517,-0.0000000,48.69 0.0001805,0.0000000,0.00 0.1818781,0.0000000,-24.16 0.0000000,0.0005321,0.00 0.0000000,0.0086351,0.00 0.0000000,0.0021132,0.00 -0.0000000,-0.0173314,0.00 0.0001776,0.0000000,0.00 0.0000000,0.0086351,0.00 -0.0000000,-0.2811966,0.00 0.0001805,0.0000000,0.00 -0.0000000,-0.2811964,0.00 -0.0225509,-0.0000000,195.74 0.0007257,0.0000000,0.00 0.0452244,0.0000000,-97.12 -0.0906939,-0.0000000,48.69 -0.0000000,-1.1169785,0.00 -1.4667891,-0.0000000,3.01 -0.0906939,-0.0000000,48.69 0.0001805,0.0000000,0.00 0.0000000,0.0342977,0.00 -0.0000000,-0.0042416,0.00 0.1818781,0.0000000,-24.16 0.0449803,0.0000000,-97.12 -0.0058512,-0.0000000,786.93 0.7314338,0.0000000,-6.01 0.1818781,0.0000000,-24.16 0.1809015,0.0000000,-24.16 0.0000000,0.0005321,0.00 -0.0058512,-0.0000000,786.93 0.0452244,0.0000000,-97.12 -0.0000000,-0.0002613,0.00 0.0000000,0.1401029,0.00 -0.0225509,-0.0000000,195.74 -0.0014551,-0.0000000,3163.67 0.0000000,0.0086339,0.00 -0.0000000,-0.0688266,0.00 -0.3647365,-0.0000000,12.11 -0.0014551,-0.0000000,3163.67 0.0029180,0.0000000,0.00 -0.0877642,-0.0000000,48.69 -0.0000000,-0.2811879,0.00 -0.0003619,-0.0000000,0.00 0.0000000,0.0086339,0.00 0.0000000,0.0021125,0.00 0.0452244,0.0000000,-97.12 -0.0227951,-0.0000000,195.74 -0.0003619,-0.0000000,0.00 -0.0000000,-0.0010677,0.00 0.0007257,0.0000000,0.00 -0.0000000,-0.0688252,0.00 -0.0000000,-0.0688249,0.00 0.0112448,0.0000000,-390.47 -0.0002932,-0.0000000,0.00 -0.0014551,-0.0000000,3163.67 -0.0000000,-0.0042403,0.00 -0.0000000,-0.0002612,0.00 0.0000000,0.0021126,0.00 -0.0000000,-0.0688255,0.00 -1.4667891,-0.0000000,3.01 0.0000000,0.5565001,0.00 -1.4667891,-0.0000000,3.01 -0.0000000,-0.0173289,0.00 0.0116721,0.0000000,-390.47 0.7314338,0.0000000,-6.01 0.0007257,0.0000000,0.00 -0.0000000,-0.0173285,0.00 -1.4667891,-0.0000000,3.01 -0.0225509,-0.0000000,195.74 -0.3647365,-0.0000000,12.11 0.0000000,0.0342917,0.00 0.0000000,0.0021126,0.00 -0.0000000,-0.2811798,0.00 -0.0902056,-0.0000000,48.69 0.0452244,0.0000000,-97.12 0.1818781,0.0000000,-24.16 -0.0000000,-0.0002612,0.00 -0.0000000,-0.2811754,0.00 -1.4667891,-0.0000000,3.01 -0.0000000,-0.0010677,0.00 -0.0058512,-0.0000000,786.93 -0.0906939,-0.0000000,48.69 0.7314338,0.0000000,-6.01 0.0000000,0.0021126,0.00 -0.0000000,-0.0002612,0.00 -0.3647365,-0.0000000,12.11 0.0029180,0.0000000,0.00 -0.0000000,-0.0002612,0.00 0.0112448,0.0000000,-390.47 0.0000000,0.0001301,0.00 0.7314338,0.0000000,-6.01 -0.0000000,-1.1168401,0.00 0.0116721,0.0000000,-390.47 -0.0000000,-0.0688304,0.00 -0.0000000,-0.2811735,0.00 0.0001805,0.0000000,0.00 -0.0225509,-0.0000000,195.74 0.0029180,0.0000000,0.00 0.0000000,0.0021124,0.00 0.0000000,0.5564677,0.00 0.0000000,0.1400971,0.00 0.0000000,0.1400975,0.00 0.0000000,0.5564659,0.00 0.0028874,0.0000000,0.00 0.0000000,0.5564657,0.00 -0.3647365,-0.0000000,12.11 0.0000000,0.5564653,0.00 -1.3886641,-0.0000000,3.01 -0.0000000,-0.0173297,0.00 -0.3647365,-0.0000000,12.11 0.0000000,0.5564718,0.00 0.0452244,0.0000000,-97.12 -0.0000000,-1.1168360,0.00 0.0007257,0.0000000,0.00 -1.4667891,-0.0000000,3.01 0.0000000,0.0342930,0.00 0.0452244,0.0000000,-97.12 -0.3647365,-0.0000000,12.11 -0.0058512,-0.0000000,786.93 0.0007257,0.0000000,0.00 0.0000000,0.0001301,0.00 0.0007257,0.0000000,0.00 -0.0049967,-0.0000000,786.93 0.0000000,0.0021125,0.00 -0.0212082,-0.0000000,195.74 -0.0014551,-0.0000000,3163.67 0.0000000,0.1400924,0.00 -0.0058512,-0.0000000,786.93 0.0000000,0.0001301,0.00 -0.0000000,-0.2811646,0.00 -0.0906939,-0.0000000,48.69 0.0000000,0.0021125,0.00 -0.0225509,-0.0000000,195.74 0.0001805,0.0000000,0.00 -0.0000000,-0.0173292,0.00 0.0007257,0.0000000,0.00 0.1818781,0.0000000,-24.16 0.0000000,0.0086343,0.00 -0.0000000,-0.0688314,0.00 0.0000000,0.0021125,0.00 0.0112448,0.0000000,-390.47 -0.0819049,-0.0000000,48.69 0.0007257,0.0000000,0.00 -0.3647365,-0.0000000,12.11 -0.0000000,-0.0173294,0.00 0.0000000,0.0021125,0.00 -0.0058512,-0.0000000,786.93 -0.0000000,-0.0002612,0.00 0.0001805,0.0000000,0.00 0.7314338,0.0000000,-6.01 0.0000000,0.0001301,0.00 0.0001776,0.0000000,0.00 -0.0014551,-0.0000000,3163.67 0.0000000,0.0342868,0.00 -0.0003619,-0.0000000,0.00 0.0007257,0.0000000,0.00 0.0027959,0.0000000,0.00 0.0000000,0.5564370,0.00 -0.0058512,-0.0000000,786.93 0.0000000,0.0086331,0.00 -0.0906939,-0.0000000,48.69 -0.0000000,-0.0042408,0.00 0.0000000,0.0342871,0.00 0.0000000,0.0021128,0.00 0.0112448,0.0000000,-390.47 -0.0000000,-0.2811538,0.00 0.0000000,0.0342873,0.00 0.0109397,0.0000000,-390.47 0.0000000,0.0001301,0.00 0.0001795,0.0000000,0.00 -0.0014551,-0.0000000,3163.67 -0.0000000,-0.0688177,0.00 -0.3647365,-0.0000000,12.11 -0.0000000,-0.2811480,0.00 0.0001805,0.0000000,0.00 -0.3705959,-0.0000000,12.11 -0.0000000,-0.2811486,0.00 0.0000000,0.0021128,0.00 0.0000000,0.0086327,0.00 0.0000000,0.0005320,0.00 -0.0000000,-0.2811471,0.00 0.0000000,0.0086327,0.00 0.0000000,0.0342875,0.00 -0.3647365,-0.0000000,12.11 0.0029180,0.0000000,0.00 -0.0000000,-0.0042410,0.00 -0.0225509,-0.0000000,195.74 0.0000000,0.0021128,0.00 0.0007257,0.0000000,0.00 -0.0000000,-0.0002612,0.00 -0.0000000,-0.0042409,0.00 -0.0000000,-0.0688191,0.00 -0.0000000,-0.2811434,0.00 0.0000000,0.1400853,0.00 0.0000000,0.0342879,0.00 0.0000000,0.1400868,0.00 0.0000000,0.0021129,0.00 0.0457127,0.0000000,-97.12 -0.0000000,-0.0002612,0.00 -0.0003619,-0.0000000,0.00 0.0000000,0.0021126,0.00 0.0000000,0.1400796,0.00 -0.0000000,-0.0010678,0.00 -0.0055766,-0.0000000,786.93 0.0112448,0.0000000,-390.47 -0.0014551,-0.0000000,3163.67 0.0464451,0.0000000,-97.12 0.0000000,0.0005320,0.00 -0.0058512,-0.0000000,786.93 -0.0000000,-1.1167045,0.00 0.1818781,0.0000000,-24.16 0.0000000,0.0086335,0.00 -0.0000000,-1.1166992,0.00 -0.0000000,-0.0688211,0.00 0.0112448,0.0000000,-390.47 0.0029180,0.0000000,0.00 -0.0280455,-0.0000000,3.01 -0.0000000,-0.2811329,0.00 -0.0000000,-0.2811336,0.00 -0.0000000,-0.0688243,0.00 -0.0003619,-0.0000000,0.00 0.0112448,0.0000000,-390.47 0.0452244,0.0000000,-97.12 0.0000000,0.0001301,0.00 -0.0014551,-0.0000000,3163.67 0.0007257,0.0000000,0.00 0.0001805,0.0000000,0.00 0.0000000,0.5564177,0.00 -0.0000000,-0.0010678,0.00 0.0000000,0.1400774,0.00 0.0000000,0.0086332,0.00 -0.0000000,-0.0002612,0.00 0.1818781,0.0000000,-24.16 0.0000000,0.0086332,0.00 0.1848077,0.0000000,-24.16 0.0000000,0.1400783,0.00 -0.0000000,-1.1167351,0.00 -0.0000000,-0.0173274,0.00 0.0000000,0.0001301,0.00 -0.0906939,-0.0000000,48.69 0.0000000,0.0001301,0.00 0.0000000,0.0086333,0.00 0.0000000,0.5564195,0.00 0.0001805,0.0000000,0.00 -0.0000000,-0.2811288,0.00 0.0001805,0.0000000,0.00 0.0000000,0.0086333,0.00 0.0000000,0.0005320,0.00 0.0000000,0.0342903,0.00 -1.4667891,-0.0000000,3.01 -0.0000000,-0.0688235,0.00 0.0000000,0.0342523,0.00 0.0000000,0.0001300,0.00 0.0112448,0.0000000,-390.47 0.0000000,0.5558810,0.00 0.0001805,0.0000000,0.00 0.0000000,0.0001300,0.00 0.1818781,0.0000000,-24.16 -0.0000000,-0.0002609,0.00 -0.0000000,-0.0173099,0.00 -0.3647365,-0.0000000,12.11 -0.0000000,-0.0010666,0.00 0.0029180,0.0000000,0.00 -0.0000000,-1.1156863,0.00 -0.0000000,-0.0010666,0.00 0.0000000,0.0005314,0.00 0.0000000,0.1399511,0.00 -0.0000000,-0.0010666,0.00 0.0001805,0.0000000,0.00 -1.4667891,-0.0000000,3.01 -0.0000000,-0.0173097,0.00 -0.0058512,-0.0000000,786.93 -0.0055155,-0.0000000,786.93 -0.0058512,-0.0000000,786.93 0.0000000,0.0005314,0.00 -0.3647365,-0.0000000,12.11 -0.0000000,-0.0687492,0.00 -0.0225509,-0.0000000,195.74 0.0000000,0.0005314,0.00 0.0000000,0.0021102,0.00 0.0452244,0.0000000,-97.12 0.0112448,0.0000000,-390.47 0.0029180,0.0000000,0.00 0.0007257,0.0000000,0.00 -0.0000000,-0.0687516,0.00 0.0000000,0.1399465,0.00 -0.0000000,-0.0042357,0.00 -0.0000000,-0.0002609,0.00 0.0112448,0.0000000,-390.47 0.0000000,0.0086241,0.00 0.0452244,0.0000000,-97.12 -0.0058512,-0.0000000,786.93 -0.0003619,-0.0000000,0.00 0.0029180,0.0000000,0.00 0.0007257,0.0000000,0.00 0.0000000,0.1399471,0.00 -0.0003619,-0.0000000,0.00 -0.0058512,-0.0000000,786.93 0.0000000,0.1399473,0.00 0.0000000,0.0001300,0.00 -0.0014551,-0.0000000,3163.67 0.0000000,0.1399484,0.00 0.0001805,0.0000000,0.00 0.0001824,0.0000000,0.00 -0.0014551,-0.0000000,3163.67 0.0000000,0.0005314,0.00 -0.0906939,-0.0000000,48.69 -0.0014551,-0.0000000,3163.67 -0.0906939,-0.0000000,48.69 0.0028111,0.0000000,0.00 -0.0000000,-0.0010665,0.00 0.0000000,0.0342541,0.00 -0.0057902,-0.0000000,786.93 -0.0003619,-0.0000000,0.00 0.0000000,0.1399491,0.00 -0.3647365,-0.0000000,12.11 0.0000000,0.0342542,0.00 -0.0012720,-0.0000000,3163.67 0.7314338,0.0000000,-6.01 0.1818781,0.0000000,-24.16 0.0000000,0.0005313,0.00 0.0001805,0.0000000,0.00 -0.0000000,-1.1156284,0.00 -1.4667891,-0.0000000,3.01 -1.2792891,-0.0000000,3.01 -0.0058207,-0.0000000,786.93 0.0452244,0.0000000,-97.12 -0.0000000,-0.0173110,0.00 -0.0000000,-1.1156236,0.00 -0.0906939,-0.0000000,48.69 -0.0000000,-0.0173110,0.00 0.0000000,0.0005313,0.00 0.0000000,0.0086249,0.00 0.0001805,0.0000000,0.00 0.0000000,0.0021100,0.00 0.0000000,0.0001300,0.00 0.0452244,0.0000000,-97.12 0.0007257,0.0000000,0.00 -0.0003619,-0.0000000,0.00 -1.4667891,-0.0000000,3.01 0.0007257,0.0000000,0.00 -0.0000000,-0.2808610,0.00 0.0449803,0.0000000,-97.12 0.0000000,0.0005313,0.00 0.0000000,0.0086250,0.00 0.0007257,0.0000000,0.00 -0.0225509,-0.0000000,195.74 0.0000000,0.0021101,0.00 -0.0000000,-0.2808632,0.00 0.7314338,0.0000000,-6.01 0.0000000,0.1399454,0.00 0.0000000,0.0021101,0.00 0.0000000,0.5558630,0.00 -0.0000000,-0.0010665,0.00 0.0000000,0.0342551,0.00 0.0452244,0.0000000,-97.12 -0.0057902,-0.0000000,786.93 -0.0234054,-0.0000000,195.74 0.0000000,0.1399401,0.00 -0.0014017,-0.0000000,3163.67 0.0029180,0.0000000,0.00 0.0000000,0.0342553,0.00 -0.1165747,-0.0000000,12.11 0.0000000,0.0021101,0.00 0.0000000,0.5558733,0.00 0.0000000,0.5558702,0.00 -0.0000000,-1.1156312,0.00 0.0000000,0.0342556,0.00 -0.0000000,-1.1156440,0.00 0.0000000,0.0021101,0.00 0.0452244,0.0000000,-97.12 0.0000000,0.1399413,0.00 0.0000000,0.0342558,0.00 0.0000000,0.5558752,0.00 0.0000000,0.0005313,0.00 0.0029180,0.0000000,0.00 0.0000000,0.0005314,0.00 0.0112448,0.0000000,-390.47 -0.0000000,-0.0042361,0.00 -0.0003619,-0.0000000,0.00 -0.0225509,-0.0000000,195.74 -0.0000000,-0.0173080,0.00 -0.0906939,-0.0000000,48.69 0.0000000,0.1399364,0.00 0.0000000,0.0001300,0.00 0.0029180,0.0000000,0.00 0.0000000,0.0005314,0.00 -0.0014551,-0.0000000,3163.67 0.0007257,0.0000000,0.00 -0.3647365,-0.0000000,12.11 0.0000000,0.0086235,0.00 0.7314338,0.0000000,-6.01 -0.0058512,-0.0000000,786.93 0.0000000,0.0001300,0.00 0.0029180,0.0000000,0.00 -0.0225509,-0.0000000,195.74 -0.0003619,-0.0000000,0.00 -0.0225509,-0.0000000,195.74 0.0000000,0.0001300,0.00 0.0112448,0.0000000,-390.47 0.0000000,0.1399308,0.00 0.7314338,0.0000000,-6.01 -0.0000000,-1.1156003,0.00 -0.0003619,-0.0000000,0.00 0.0452244,0.0000000,-97.12 0.0000000,0.0021105,0.00 0.0000000,0.0001300,0.00 0.0452244,0.0000000,-97.12 -0.0003619,-0.0000000,0.00 0.0000000,0.0086234,0.00 -0.0000000,-0.0002609,0.00 0.0029180,0.0000000,0.00 -0.0000000,-1.1154945,0.00 -0.0192550,-0.0000000,195.74 -0.0000000,-0.2808349,0.00 -0.0906939,-0.0000000,48.69 0.0007257,0.0000000,0.00 0.0000000,0.0342507,0.00 -0.0906939,-0.0000000,48.69 0.0001805,0.0000000,0.00 -0.0000000,-1.1155033,0.00 -0.0014551,-0.0000000,3163.67 0.0452244,0.0000000,-97.12 -0.0000000,-0.0173088,0.00 -0.0000000,-0.0042358,0.00 -0.3647365,-0.0000000,12.11 -0.0000000,-0.0173088,0.00 -0.0000000,-0.0687449,0.00 -0.3647365,-0.0000000,12.11 0.0000000,0.0005314,0.00 -0.0014551,-0.0000000,3163.67 0.0029180,0.0000000,0.00 0.7314338,0.0000000,-6.01 0.1818781,0.0000000,-24.16 0.0007257,0.0000000,0.00 -0.0225509,-0.0000000,195.74 -0.0000000,-0.0687453,0.00 0.0112448,0.0000000,-390.47 0.0000000,0.0342514,0.00 0.1799249,0.0000000,-24.16 0.0000000,0.5558019,0.00 -0.0000000,-0.0687475,0.00 0.0000000,0.0342513,0.00 -0.0058512,-0.0000000,786.93 0.0452244,0.0000000,-97.12 0.1848077,0.0000000,-24.16 -1.4589766,-0.0000000,3.01 -0.3647365,-0.0000000,12.11 0.0000000,0.0005314,0.00 0.1818781,0.0000000,-24.16 -0.0916705,-0.0000000,48.69 0.0000000,0.0342516,0.00 -0.0000000,-0.0687481,0.00 0.0000000,0.0005314,0.00 -0.0000000,-1.1155347,0.00 -0.0014551,-0.0000000,3163.67 0.0000000,0.0001300,0.00 0.0112448,0.0000000,-390.47 -1.4667891,-0.0000000,3.01 -0.0000000,-0.0010666,0.00 0.0000000,0.5558106,0.00 0.0112448,0.0000000,-390.47 -0.0000000,-0.2808258,0.00 -0.0000000,-0.0173084,0.00 0.7314338,0.0000000,-6.01 -0.0058512,-0.0000000,786.93 -0.0000000,-0.0173061,0.00 -0.0000000,-1.1154364,0.00 -0.0000000,-0.0002608,0.00 0.0000000,0.0086225,0.00 -0.0000000,-0.0002608,0.00 -0.0906939,-0.0000000,48.69 -0.0000000,-1.1154470,0.00 -0.0000000,-0.0042346,0.00 0.0000000,0.0001299,0.00 -0.0225509,-0.0000000,195.74 0.0000000,0.0021097,0.00 0.0601180,0.0000000,-24.16 0.0113669,0.0000000,-390.47 0.0000000,0.0001299,0.00 -0.0000000,-0.0002608,0.00 -0.0906939,-0.0000000,48.69 -0.0014017,-0.0000000,3163.67 -1.4667891,-0.0000000,3.01 -0.0906939,-0.0000000,48.69 0.0000000,0.5557696,0.00 0.0000000,0.0021097,0.00 0.0452244,0.0000000,-97.12 -0.0906939,-0.0000000,48.69 -0.0000000,-0.2808178,0.00 -0.0003619,-0.0000000,0.00 0.0029027,0.0000000,0.00 0.0000000,0.5557742,0.00 -0.0000000,-0.0010663,0.00 0.0029180,0.0000000,0.00 -0.0000000,-0.0687370,0.00 -0.0000000,-1.1154741,0.00 -0.0000000,-0.0173058,0.00 -0.0000000,-0.0687355,0.00 0.0112448,0.0000000,-390.47 0.0000000,0.0005312,0.00 0.0000000,0.0021097,0.00 -0.0058512,-0.0000000,786.93 0.0000000,0.0086223,0.00 -0.0003619,-0.0000000,0.00 0.0388768,0.0000000,-97.12 0.0028111,0.0000000,0.00 -0.0000000,-0.0173071,0.00 0.0383885,0.0000000,-97.12 0.0029180,0.0000000,0.00 -0.0000000,-0.0002609,0.00 -0.0000000,-1.1153733,0.00 0.0000000,0.0005312,0.00 -0.0225509,-0.0000000,195.74 -0.0000000,-0.2808044,0.00 0.0000000,0.5557262,0.00 -0.0906939,-0.0000000,48.69 -0.0000000,-0.0173072,0.00 0.1818781,0.0000000,-24.16 0.0000000,0.5557321,0.00 -0.0000000,-0.0173073,0.00 0.7314338,0.0000000,-6.01 -0.0000000,-0.0002609,0.00 0.0000000,0.0005312,0.00 -0.0906939,-0.0000000,48.69 0.0000000,0.0005312,0.00 -0.0000000,-0.0010662,0.00 0.1818781,0.0000000,-24.16 0.0000000,0.1399141,0.00 0.0029180,0.0000000,0.00 -0.0000000,-1.1153637,0.00 -0.0014551,-0.0000000,3163.67 -0.0906939,-0.0000000,48.69 0.0000000,0.0001299,0.00 -0.0055461,-0.0000000,786.93 -0.0058512,-0.0000000,786.93 -1.4667891,-0.0000000,3.01 -0.0058512,-0.0000000,786.93 0.0029180,0.0000000,0.00 -0.0906939,-0.0000000,48.69 -0.0000000,-0.0010662,0.00 -0.0000000,-1.1154095,0.00 0.0000000,0.0001300,0.00 -0.0000000,-0.2807965,0.00 0.0000000,0.1399080,0.00 -0.0058512,-0.0000000,786.93 -0.0000000,-0.0002609,0.00 -0.0003619,-0.0000000,0.00 -0.0000000,-0.0173068,0.00 -0.0003619,-0.0000000,0.00 0.1818781,0.0000000,-24.16 0.0000000,0.0005312,0.00 -0.3452052,-0.0000000,12.11 0.0007257,0.0000000,0.00 0.0000000,0.5557506,0.00 -0.3647365,-0.0000000,12.11 0.0000000,0.5557500,0.00 0.7314338,0.0000000,-6.01 -0.0000000,-0.0042345,0.00 -0.0225509,-0.0000000,195.74 -0.0000000,-0.0173063,0.00 -0.0014551,-0.0000000,3163.67 0.0000000,0.0005312,0.00 -0.0197433,-0.0000000,195.74 -0.0003199,-0.0000000,0.00 -0.0013941,-0.0000000,3163.67 0.0000000,0.0021096,0.00 0.0000000,0.0005312,0.00 -0.0003619,-0.0000000,0.00 -0.0906939,-0.0000000,48.69 -0.0003619,-0.0000000,0.00 0.0000000,0.0021099,0.00 -0.0000000,-0.0687273,0.00 0.0112448,0.0000000,-390.47 0.0000000,0.0005313,0.00 -0.0000000,-1.1153213,0.00 0.0007257,0.0000000,0.00 0.0000000,0.0342410,0.00 -0.0000000,-1.1152995,0.00 0.0000000,0.0005313,0.00 0.0007257,0.0000000,0.00 0.0000000,0.5557032,0.00 0.0000000,0.0342416,0.00 0.0000000,0.0021099,0.00 0.0000000,0.5557093,0.00 -0.0000000,-1.1153046,0.00 -0.0000000,-0.2807874,0.00 -0.0000000,-0.0010664,0.00 0.0029180,0.0000000,0.00 -0.0058512,-0.0000000,786.93 0.0000000,0.0001300,0.00 0.0105124,0.0000000,-390.47 -0.0058512,-0.0000000,786.93 0.0000000,0.0021099,0.00 -0.0000000,-0.0173038,0.00 0.0000000,0.5557168,0.00 0.0000000,0.0086213,0.00 -0.0000000,-0.0010664,0.00 0.0000000,0.5557140,0.00 0.0000000,0.0086213,0.00 0.0112448,0.0000000,-390.47 -0.0056376,-0.0000000,786.93 -0.0225509,-0.0000000,195.74 0.0000000,0.0342423,0.00 -0.0000000,-0.0173035,0.00 0.7314338,0.0000000,-6.01 0.0028111,0.0000000,0.00 0.0000000,0.5557208,0.00 -0.0000000,-0.0042352,0.00 0.0112448,0.0000000,-390.47 0.0000000,0.0001300,0.00 -0.0000000,-0.0002609,0.00 0.2414445,0.0000000,-97.12 -1.4667891,-0.0000000,3.01 0.0000000,0.0001300,0.00 -1.4667891,-0.0000000,3.01 -0.3647365,-0.0000000,12.11 -0.0003504,-0.0000000,0.00 -0.0000000,-0.0173052,0.00 0.0028111,0.0000000,0.00 -0.0906939,-0.0000000,48.69 0.1818781,0.0000000,-24.16 0.7314338,0.0000000,-6.01 -1.3886641,-0.0000000,3.01 -0.0000000,-0.2807732,0.00 0.0112448,0.0000000,-390.47 0.0000000,0.0001300,0.00 0.0112448,0.0000000,-390.47 -0.0000000,-1.1152632,0.00 -0.0000000,-0.0173053,0.00 -0.0000000,-0.0010664,0.00 -0.0000000,-1.1152607,0.00 0.0000000,0.0001300,0.00 -0.0000000,-0.2807707,0.00 -0.0058512,-0.0000000,786.93 0.0028874,0.0000000,0.00 0.0000000,0.0342433,0.00 -0.0000000,-1.1152383,0.00 0.0000000,0.0086221,0.00 -0.0000000,-0.0687298,0.00 -0.0000000,-0.0042348,0.00 -0.0000000,-0.2807698,0.00 -0.0000000,-0.0042348,0.00 -0.3647365,-0.0000000,12.11 0.0000000,0.0001300,0.00 -0.0014628,-0.0000000,3163.67 0.0000000,0.0086222,0.00 0.0029180,0.0000000,0.00 0.0000000,0.0021098,0.00 -0.0225509,-0.0000000,195.74 -0.0014551,-0.0000000,3163.67 -0.0000000,-0.0173051,0.00 0.0001805,0.0000000,0.00 0.0000000,0.0005313,0.00 0.0000000,0.0001300,0.00 -0.0058512,-0.0000000,786.93 -0.0000000,-0.0002609,0.00 -0.0225509,-0.0000000,195.74 -1.4667891,-0.0000000,3.01 0.0001614,0.0000000,0.00 0.0000000,0.0342439,0.00 -0.0000000,-0.0042350,0.00 0.0000000,0.0005313,0.00 -0.0058512,-0.0000000,786.93 0.0000000,0.5556875,0.00 -1.3808516,-0.0000000,3.01 0.0028722,0.0000000,0.00 -0.0000000,-1.1152673,0.00 0.0000000,0.0086219,0.00 -0.0000000,-0.0042350,0.00 -0.0014551,-0.0000000,3163.67 -0.0000000,-1.1152791,0.00 0.0112448,0.0000000,-390.47 -0.0000000,-0.0010663,0.00 -0.0003619,-0.0000000,0.00 0.1818781,0.0000000,-24.16 0.0112448,0.0000000,-390.47 0.0007257,0.0000000,0.00 -0.3647365,-0.0000000,12.11 -0.0014551,-0.0000000,3163.67 0.0029180,0.0000000,0.00 0.0000000,0.0001300,0.00 -0.3705959,-0.0000000,12.11 0.0027501,0.0000000,0.00 0.0000000,0.0001300,0.00 -0.0000000,-0.0002610,0.00 -0.0225509,-0.0000000,195.74 0.0000000,0.1400132,0.00 0.0000000,0.5561327,0.00 -0.0000000,-0.0002610,0.00 0.0029180,0.0000000,0.00 0.0000000,0.0086283,0.00 -0.0000000,-1.1161618,0.00 0.0000000,0.5561354,0.00 0.0000000,0.5561341,0.00 -0.0000000,-1.1162007,0.00 0.7236213,0.0000000,-6.01 -0.0931353,-0.0000000,48.69 -0.0225509,-0.0000000,195.74 -1.4667891,-0.0000000,3.01 0.0000000,0.1400074,0.00 0.0000000,0.0021111,0.00 0.0001805,0.0000000,0.00 0.0000000,0.5561436,0.00 0.0029180,0.0000000,0.00 0.0007257,0.0000000,0.00 0.7314338,0.0000000,-6.01 -0.0003619,-0.0000000,0.00 0.0000000,0.0001300,0.00 0.0112448,0.0000000,-390.47 -0.0000000,-0.2809964,0.00 -0.0000000,-0.0173172,0.00 -0.0058512,-0.0000000,786.93 -0.0000000,-0.2809922,0.00 -0.0000000,-0.0687809,0.00 -0.0906939,-0.0000000,48.69 -1.3886641,-0.0000000,3.01 0.0001805,0.0000000,0.00 -0.0000000,-1.1161923,0.00 0.0029027,0.0000000,0.00 -0.0000000,-0.0687814,0.00 -0.0014399,-0.0000000,3163.67 0.0007257,0.0000000,0.00 0.0001805,0.0000000,0.00 -0.0000000,-0.0042373,0.00 0.0000000,0.0001300,0.00 0.0000000,0.5560916,0.00 -0.0225509,-0.0000000,195.74 0.0000000,0.0001300,0.00 0.0000000,0.0005316,0.00 -0.0000000,-0.0173187,0.00 0.7314338,0.0000000,-6.01 0.0000000,0.5560973,0.00 0.0000000,0.5560958,0.00 0.0028111,0.0000000,0.00 -0.0000000,-0.0042373,0.00 -0.0058512,-0.0000000,786.93 -1.4667891,-0.0000000,3.01 -0.3647365,-0.0000000,12.11 0.0001805,0.0000000,0.00 -0.0225509,-0.0000000,195.74 0.0029180,0.0000000,0.00 0.0000000,0.0005316,0.00 -0.0000000,-0.2809840,0.00 -0.3647365,-0.0000000,12.11 0.0000000,0.0342698,0.00 -0.0000000,-0.0042372,0.00 -0.0000000,-0.2809839,0.00 0.0007257,0.0000000,0.00 -0.0057597,-0.0000000,786.93 -0.3647365,-0.0000000,12.11 0.0000000,0.5561028,0.00 0.0000000,0.0021110,0.00 0.0000000,0.0342701,0.00 -0.0000000,-0.0173181,0.00 0.0029180,0.0000000,0.00 -0.0000000,-0.0173180,0.00 0.0000000,0.0005316,0.00 0.1848077,0.0000000,-24.16 -0.0003619,-0.0000000,0.00 -0.0000000,-0.0173182,0.00 -0.0000000,-0.0002610,0.00 0.0007257,0.0000000,0.00 -0.0906939,-0.0000000,48.69 0.0007257,0.0000000,0.00 0.0000000,0.0001300,0.00 -0.3647365,-0.0000000,12.11 -0.0000000,-0.0687851,0.00 0.0001805,0.0000000,0.00 -0.0000000,-0.0010669,0.00 -0.0225509,-0.0000000,195.74 -0.0906939,-0.0000000,48.69 -0.3647365,-0.0000000,12.11 -0.0000000,-0.0173178,0.00 -1.4746016,-0.0000000,3.01 -0.0000000,-0.0042373,0.00 0.0000000,0.1400027,0.00 0.0464451,0.0000000,-97.12 0.0000000,0.1400025,0.00 0.1818781,0.0000000,-24.16 -0.0000000,-0.0010669,0.00 -0.0014551,-0.0000000,3163.67 0.0000000,0.0005317,0.00 0.0005883,0.0000000,0.00 0.0000000,0.0342638,0.00 0.0000000,0.1399957,0.00 0.0000000,0.0001300,0.00 0.0000000,0.0086272,0.00 -0.0058512,-0.0000000,786.93 -0.0000000,-0.0002610,0.00 0.0000000,0.0086273,0.00 0.0000000,0.5560670,0.00 0.0001805,0.0000000,0.00 0.0000000,0.0021113,0.00 -0.0000000,-0.0002610,0.00 -0.0000000,-1.1160573,0.00 -0.0000000,-0.0173158,0.00 0.0452244,0.0000000,-97.12 0.1818781,0.0000000,-24.16 0.0000000,0.0001300,0.00 0.0000000,0.5560664,0.00 0.0452244,0.0000000,-97.12 -0.0906939,-0.0000000,48.69 -0.0000000,-0.0042379,0.00 0.0028111,0.0000000,0.00 -0.0014628,-0.0000000,3163.67 0.0000000,0.0001300,0.00 0.0000000,0.0086274,0.00 -0.0000000,-0.0010671,0.00 0.0000000,0.0021114,0.00 -0.0003619,-0.0000000,0.00 -0.3705959,-0.0000000,12.11 0.0000000,0.0005317,0.00 -0.0000000,-1.1160791,0.00 -1.4667891,-0.0000000,3.01 0.0000000,0.0005316,0.00 -0.0000000,-0.2809646,0.00 0.0000000,0.0001300,0.00 -0.0906939,-0.0000000,48.69 0.0000000,0.0342650,0.00 -0.0000000,-0.0687748,0.00 -0.0000000,-0.0002611,0.00 -0.0014551,-0.0000000,3163.67 0.0000000,0.0005316,0.00 -0.0000000,-0.0173153,0.00 -0.0000000,-0.0687748,0.00 -0.0906939,-0.0000000,48.69 -0.0000000,-0.2809620,0.00 -0.3647365,-0.0000000,12.11 0.0029180,0.0000000,0.00 0.0112448,0.0000000,-390.47 0.0000000,0.0021114,0.00 -0.0003619,-0.0000000,0.00 -1.4746016,-0.0000000,3.01 -0.0000000,-0.0042380,0.00 0.0000000,0.0342654,0.00 -0.0225509,-0.0000000,195.74 -0.0003619,-0.0000000,0.00 0.0000000,0.1399948,0.00 -0.0000000,-0.0010671,0.00 0.6142463,0.0000000,-6.01 -0.0000000,-0.2809628,0.00 -0.0000000,-0.0010671,0.00 0.0000000,0.1399949,0.00 0.0000000,0.0021114,0.00 -0.0003619,-0.0000000,0.00 0.0036044,0.0000000,0.00 -0.0000000,-1.1159837,0.00 0.0029180,0.0000000,0.00 -1.4667891,-0.0000000,3.01 -0.0906939,-0.0000000,48.69 -0.0014628,-0.0000000,3163.67 -0.0906939,-0.0000000,48.69 -0.0058512,-0.0000000,786.93 -0.0000000,-0.0042378,0.00 -0.0000000,-0.0010671,0.00 -0.3647365,-0.0000000,12.11 0.1848077,0.0000000,-24.16 0.7314338,0.0000000,-6.01 -0.0000000,-0.2809540,0.00 -0.0000000,-1.1159728,0.00 0.0000000,0.0001301,0.00 -0.0000000,-0.0173164,0.00 -0.0058512,-0.0000000,786.93 -0.0014551,-0.0000000,3163.67 0.0454686,0.0000000,-97.12 0.0112448,0.0000000,-390.47 0.0452244,0.0000000,-97.12 -0.0225509,-0.0000000,195.74 0.0000000,0.0086279,0.00 0.0112448,0.0000000,-390.47 0.0001805,0.0000000,0.00 0.7314338,0.0000000,-6.01 0.0452244,0.0000000,-97.12 0.0000000,0.0005316,0.00 0.0007257,0.0000000,0.00 0.0000000,0.1399912,0.00 0.0000000,0.5560427,0.00 0.0001805,0.0000000,0.00 -0.0000000,-0.0002611,0.00 -1.4667891,-0.0000000,3.01 0.0116721,0.0000000,-390.47 0.0007257,0.0000000,0.00 0.0000000,0.5560459,0.00 -0.0000000,-0.0042379,0.00 -0.0000000,-0.0010671,0.00 0.0000000,0.0086275,0.00 0.0000000,0.0001301,0.00 0.0000000,0.5560508,0.00 0.0007257,0.0000000,0.00 -0.0000000,-0.0042378,0.00 0.0000000,0.5560552,0.00 -0.0000000,-1.1160047,0.00 -0.0000000,-0.0010670,0.00 0.0452244,0.0000000,-97.12 0.1799249,0.0000000,-24.16 -1.4667891,-0.0000000,3.01 0.7314338,0.0000000,-6.01 -0.0000000,-0.2809478,0.00 -0.0058512,-0.0000000,786.93 -0.0003638,-0.0000000,0.00 0.0000000,0.5560578,0.00 -0.0000000,-0.0687778,0.00 0.1818781,0.0000000,-24.16 -0.0003619,-0.0000000,0.00 -0.0906939,-0.0000000,48.69 -0.0000000,-0.2809423,0.00 0.0452244,0.0000000,-97.12 0.0000000,0.1399808,0.00 0.0452244,0.0000000,-97.12 0.7314338,0.0000000,-6.01 -0.0906939,-0.0000000,48.69 0.0000000,0.5560001,0.00 0.0029180,0.0000000,0.00 -1.4667891,-0.0000000,3.01 -0.0003619,-0.0000000,0.00 -0.0000000,-0.0173139,0.00 -0.3647365,-0.0000000,12.11 -0.0000000,-0.0010668,0.00 0.0001776,0.0000000,0.00 -0.0225509,-0.0000000,195.74 -0.0000000,-0.0173138,0.00 0.0000000,0.1399817,0.00 0.0112448,0.0000000,-390.47 0.0000000,0.0086263,0.00 -0.0779986,-0.0000000,48.69 -0.0003619,-0.0000000,0.00 0.0000000,0.5560079,0.00 -0.0906939,-0.0000000,48.69 -1.4667891,-0.0000000,3.01 0.0000000,0.1399839,0.00 0.7314338,0.0000000,-6.01 0.0452244,0.0000000,-97.12 0.0007257,0.0000000,0.00 -0.0000000,-0.0173136,0.00 0.0001805,0.0000000,0.00 -0.0906939,-0.0000000,48.69 0.7314338,0.0000000,-6.01 -0.0056376,-0.0000000,786.93 -0.0000000,-0.0042366,0.00 -0.0906939,-0.0000000,48.69 0.7314338,0.0000000,-6.01 0.0027349,0.0000000,0.00 0.0000000,0.1399782,0.00 -0.0000000,-0.0687671,0.00 -0.0000000,-0.0042367,0.00 -0.0000000,-1.1159595,0.00 -0.3647365,-0.0000000,12.11 0.0000000,0.0342611,0.00 -0.0000000,-0.0173131,0.00 -0.0906939,-0.0000000,48.69 -0.0014551,-0.0000000,3163.67 -0.0003218,-0.0000000,0.00 0.0000000,0.0001300,0.00 0.0000000,0.5560230,0.00 -0.0000000,-1.1159400,0.00 -0.0002932,-0.0000000,0.00 0.0112448,0.0000000,-390.47 0.0000000,0.0342616,0.00 -0.0003161,-0.0000000,0.00 -1.4667891,-0.0000000,3.01 -0.0000000,-0.0010668,0.00 -0.0000000,-0.0042366,0.00 0.0000000,0.0021105,0.00 -0.0000000,-0.0010667,0.00 0.0000000,0.0342618,0.00 -0.3647365,-0.0000000,12.11 0.1545343,0.0000000,-24.16 -0.0014551,-0.0000000,3163.67 0.0007257,0.0000000,0.00 0.0000000,0.0021105,0.00 -1.4667891,-0.0000000,3.01 0.0000000,0.0005315,0.00 -0.0000000,-0.0002610,0.00 -1.4667891,-0.0000000,3.01 0.0000000,0.0005315,0.00 0.0000000,0.1399736,0.00 0.7314338,0.0000000,-6.01 0.0000000,0.0342624,0.00 0.0000000,0.5559798,0.00 0.0000000,0.0005315,0.00 0.0000000,0.0342622,0.00 0.7314338,0.0000000,-6.01 0.0000000,0.0086269,0.00 -0.0906939,-0.0000000,48.69 0.0000000,0.0021105,0.00 -0.0000000,-0.2809244,0.00 0.1750421,0.0000000,-24.16 0.7353401,0.0000000,-6.01 -0.0000000,-1.1158923,0.00 -0.0001138,-0.0000000,786.89 -0.0000000,-0.0002610,0.00 0.0112448,0.0000000,-390.47 -0.0014551,-0.0000000,3163.67 0.0007257,0.0000000,0.00 0.0000000,0.1399704,0.00 -0.0003619,-0.0000000,0.00 -0.0058512,-0.0000000,786.93 0.0000000,0.0342633,0.00 0.0000000,0.0086266,0.00 -0.0014399,-0.0000000,3163.67 -0.0000000,-0.2809173,0.00 -1.4667891,-0.0000000,3.01 0.1818781,0.0000000,-24.16 -0.0014551,-0.0000000,3163.67 0.0000000,0.0021106,0.00 0.0000000,0.5559960,0.00 -0.0000000,-0.0687701,0.00 0.0029180,0.0000000,0.00 0.0452244,0.0000000,-97.12 0.0000000,0.1399659,0.00 0.0007257,0.0000000,0.00 -0.0000000,-0.0173118,0.00 -0.0003619,-0.0000000,0.00 0.0000000,0.0005315,0.00 -1.4667891,-0.0000000,3.01 -0.0000000,-0.0010669,0.00 0.0001805,0.0000000,0.00 0.0001824,0.0000000,0.00 0.0000000,0.0342565,0.00 -0.0000000,-0.2809139,0.00 -0.0000000,-0.0687576,0.00 0.0001805,0.0000000,0.00 -1.4511641,-0.0000000,3.01 0.0452244,0.0000000,-97.12 -0.0047221,-0.0000000,786.93 0.0001805,0.0000000,0.00 0.0452244,0.0000000,-97.12 -1.4667891,-0.0000000,3.01 -0.3705959,-0.0000000,12.11 -1.4667891,-0.0000000,3.01 0.0000000,0.0005316,0.00 0.0000000,0.5559509,0.00 -1.4667891,-0.0000000,3.01 -0.0000000,-0.0687593,0.00 0.0000000,0.0021109,0.00 0.0029180,0.0000000,0.00 -0.0000000,-0.0687594,0.00 -0.3647365,-0.0000000,12.11 0.0001805,0.0000000,0.00 0.0000000,0.0021109,0.00 -0.0000000,-0.2809060,0.00 -0.0225509,-0.0000000,195.74 0.0001805,0.0000000,0.00 -0.0906939,-0.0000000,48.69 -0.0000000,-0.2809004,0.00 0.0001805,0.0000000,0.00 0.0000000,0.0342575,0.00 -0.0000000,-0.0002610,0.00 0.0112448,0.0000000,-390.47 -0.3647365,-0.0000000,12.11 0.0000000,0.0342578,0.00 -0.0000000,-0.0042371,0.00 -0.0057902,-0.0000000,786.93 -0.3120021,-0.0000000,12.11 -0.0058512,-0.0000000,786.93 -0.0000000,-0.0173128,0.00 0.0007257,0.0000000,0.00 -0.0000000,-0.0002610,0.00 0.0000000,0.0005315,0.00 0.0000000,0.5559127,0.00 -0.0000000,-0.0173129,0.00 0.7314338,0.0000000,-6.01 -0.0003619,-0.0000000,0.00 0.0000000,0.0005315,0.00 0.0393650,0.0000000,-97.12 -0.0000000,-1.1157289,0.00 0.0000000,0.5559167,0.00 -0.0058512,-0.0000000,786.93 0.0000000,0.1399595,0.00 -0.0000000,-0.0002610,0.00 -0.0225509,-0.0000000,195.74 -0.0000000,-0.0173127,0.00 0.0000000,0.0342587,0.00 0.0452244,0.0000000,-97.12 0.7314338,0.0000000,-6.01 0.0000000,0.0005315,0.00 0.0007257,0.0000000,0.00 0.0000000,0.0005315,0.00 0.0000000,0.5559261,0.00 0.0000000,0.0086255,0.00 -0.0906939,-0.0000000,48.69 0.0000000,0.0086255,0.00 -0.0227951,-0.0000000,195.74 0.1828546,0.0000000,-24.16 -0.0000000,-1.1157833,0.00 -0.0226730,-0.0000000,195.74 0.0000000,0.5559304,0.00 -0.0000000,-0.0042369,0.00 0.0007066,0.0000000,0.00 -0.0003619,-0.0000000,0.00 -0.0000000,-0.0042369,0.00 0.0112448,0.0000000,-390.47 0.0007257,0.0000000,0.00 -0.0000000,-0.2808843,0.00 0.0000000,0.5559377,0.00 -0.0225509,-0.0000000,195.74 0.0028111,0.0000000,0.00 0.0001805,0.0000000,0.00 -0.0225509,-0.0000000,195.74 -0.0003619,-0.0000000,0.00 0.0029180,0.0000000,0.00 0.0000000,0.0001300,0.00 0.0007257,0.0000000,0.00 -0.0000000,-0.0002597,0.00 0.0028874,0.0000000,0.00 -0.0000000,-0.2796595,0.00 -0.0058512,-0.0000000,786.93 0.0000000,0.0021159,0.00 0.0112448,0.0000000,-390.47 0.0000000,0.0021159,0.00 0.0000000,0.5573484,0.00 -0.3647365,-0.0000000,12.11 0.0000000,0.0086473,0.00 -0.0003619,-0.0000000,0.00 -0.0931353,-0.0000000,48.69 -0.0862994,-0.0000000,48.69 0.1818781,0.0000000,-24.16 -1.4667891,-0.0000000,3.01 0.0000000,0.0343444,0.00 0.1848077,0.0000000,-24.16 -0.0000000,-1.1107788,0.00 -0.0003619,-0.0000000,0.00 0.1818781,0.0000000,-24.16 0.0000000,0.1403192,0.00 -0.3647365,-0.0000000,12.11 -1.4667891,-0.0000000,3.01 -0.0000000,-0.0172332,0.00 -0.0906939,-0.0000000,48.69 0.0001623,0.0000000,0.00 -0.0003619,-0.0000000,0.00 -0.0014551,-0.0000000,3163.67 -0.3647365,-0.0000000,12.11 0.0000000,0.0001303,0.00 0.0000000,0.0021159,0.00 0.0000000,0.0001303,0.00 0.0452244,0.0000000,-97.12 0.0000000,0.0086470,0.00 -0.0000000,-0.0010618,0.00 -0.0000000,-1.1108357,0.00 0.0000000,0.0343450,0.00 -0.0000000,-0.0684455,0.00 0.0000000,0.0001303,0.00 -0.0058207,-0.0000000,786.93 0.7314338,0.0000000,-6.01 -0.0906939,-0.0000000,48.69 0.0029180,0.0000000,0.00 0.0001805,0.0000000,0.00 0.0000000,0.0086471,0.00 0.0000000,0.1403155,0.00 0.0000000,0.0005328,0.00 -0.0003619,-0.0000000,0.00 -0.0058512,-0.0000000,786.93 0.0000000,0.5573154,0.00 0.1799249,0.0000000,-24.16 0.0000000,0.5573128,0.00 -0.0000000,-0.0010617,0.00 0.1818781,0.0000000,-24.16 0.1799249,0.0000000,-24.16 -0.0003619,-0.0000000,0.00 -0.0058512,-0.0000000,786.93 0.0027654,0.0000000,0.00 0.0000000,0.0005328,0.00 0.1721124,0.0000000,-24.16 -0.0014170,-0.0000000,3163.67 -0.3647365,-0.0000000,12.11 0.0000000,0.0343462,0.00 -0.0014551,-0.0000000,3163.67 -0.0058512,-0.0000000,786.93 0.0007257,0.0000000,0.00 -0.0000000,-0.0172344,0.00 -0.0000000,-0.0002597,0.00 0.7314338,0.0000000,-6.01 -0.0000000,-0.0042162,0.00 0.0116721,0.0000000,-390.47 0.0000000,0.5573242,0.00 -0.0225509,-0.0000000,195.74 0.0000000,0.0005328,0.00 -0.0014551,-0.0000000,3163.67 0.0000000,0.1403115,0.00 -0.0000000,-1.1107708,0.00 -0.0000000,-0.0002597,0.00 -0.0906939,-0.0000000,48.69 -0.0000000,-0.2796372,0.00 -0.3061427,-0.0000000,12.11 -0.3647365,-0.0000000,12.11 -0.0225509,-0.0000000,195.74 0.0007257,0.0000000,0.00 -0.3705959,-0.0000000,12.11 0.0000000,0.0001303,0.00 -0.0000000,-0.0042164,0.00 0.0000000,0.0021158,0.00 -1.4667891,-0.0000000,3.01 -0.0000000,-0.2796342,0.00 0.0029180,0.0000000,0.00 -0.0003600,-0.0000000,0.00 0.0001547,0.0000000,0.00 -0.0000000,-0.0002597,0.00 0.7314338,0.0000000,-6.01 -0.0000000,-0.2796347,0.00 -0.0014551,-0.0000000,3163.67 -0.0000000,-0.0002597,0.00 0.1818781,0.0000000,-24.16 0.0007257,0.0000000,0.00 0.0000000,0.0001303,0.00 0.0112448,0.0000000,-390.47 0.7314338,0.0000000,-6.01 -0.0000000,-0.0684372,0.00 0.1818781,0.0000000,-24.16 -0.0000000,-1.1106799,0.00 0.0452244,0.0000000,-97.12 -0.0000000,-0.0010619,0.00 0.0007257,0.0000000,0.00 -0.3100490,-0.0000000,12.11 0.0000000,0.1403036,0.00 -0.0000000,-0.0010619,0.00 -0.0000000,-1.1106601,0.00 0.0001805,0.0000000,0.00 0.0007257,0.0000000,0.00 0.0001805,0.0000000,0.00 -0.0000000,-1.1106676,0.00 0.0029180,0.0000000,0.00 0.7314338,0.0000000,-6.01 0.0000000,0.5572940,0.00 -0.0000000,-0.0684388,0.00 0.0000000,0.0343411,0.00 0.0000000,0.0086461,0.00 -0.0000000,-0.0684387,0.00 0.0000000,0.0343410,0.00 0.0388768,0.0000000,-97.12 0.0000000,0.0086460,0.00 -0.0210861,-0.0000000,195.74 -0.0225509,-0.0000000,195.74 0.0000000,0.0343413,0.00 -0.0000000,-0.0172314,0.00 -0.0058512,-0.0000000,786.93 -0.0000000,-0.0010619,0.00 -0.0003619,-0.0000000,0.00 -0.0003562,-0.0000000,0.00 -0.0906939,-0.0000000,48.69 0.0000000,0.1402990,0.00 -1.4667891,-0.0000000,3.01 -0.0000000,-0.0042170,0.00 0.0007257,0.0000000,0.00 0.0000000,0.0005328,0.00 -0.0013789,-0.0000000,3163.67 -0.0000000,-0.0010619,0.00 0.0000000,0.1403006,0.00 -0.0000000,-0.0684381,0.00 -0.0225509,-0.0000000,195.74 -0.0003619,-0.0000000,0.00 0.0112448,0.0000000,-390.47 0.0452244,0.0000000,-97.12 0.0000000,0.0001303,0.00 -0.0000000,-0.2796151,0.00 -0.3647365,-0.0000000,12.11 -0.0000000,-0.0684405,0.00 0.0000000,0.0005328,0.00 0.0001805,0.0000000,0.00 -0.0000000,-0.0002597,0.00 0.0000000,0.1402947,0.00 0.0000000,0.0343422,0.00 -0.0003619,-0.0000000,0.00 0.0000000,0.0005328,0.00 0.0007257,0.0000000,0.00 -0.0003619,-0.0000000,0.00 -0.0000000,-0.0042167,0.00 -0.0014551,-0.0000000,3163.67 -0.0225509,-0.0000000,195.74 0.0001805,0.0000000,0.00 -0.0003619,-0.0000000,0.00 -0.0014170,-0.0000000,3163.67 -0.0000000,-0.0042167,0.00 -0.3647365,-0.0000000,12.11 -0.0000000,-0.0684404,0.00 -0.0000000,-0.0010618,0.00 -0.3647365,-0.0000000,12.11 -0.0003619,-0.0000000,0.00 -0.0000000,-0.0002597,0.00 0.0001805,0.0000000,0.00 0.0109397,0.0000000,-390.47 0.0000000,0.0005328,0.00 0.0000000,0.5572693,0.00 0.0001805,0.0000000,0.00 -0.0225509,-0.0000000,195.74 -0.0000000,-0.0010618,0.00 -0.0014551,-0.0000000,3163.67 -1.4589766,-0.0000000,3.01 -0.0000000,-0.0684432,0.00 -0.0058512,-0.0000000,786.93 0.1564874,0.0000000,-24.16 0.0000000,0.0343431,0.00 -0.0000000,-0.0042169,0.00 0.0007257,0.0000000,0.00 -0.0003619,-0.0000000,0.00 -0.0000000,-0.0042168,0.00 -0.0225509,-0.0000000,195.74 -0.0014551,-0.0000000,3163.67 0.0000000,0.5572799,0.00 0.0000000,0.0343436,0.00 -0.0003619,-0.0000000,0.00 0.7314338,0.0000000,-6.01 0.0029180,0.0000000,0.00 0.0001776,0.0000000,0.00 -0.0001110,-0.0000000,786.89 -0.0014551,-0.0000000,3163.67 -0.0000000,-0.0010615,0.00 0.0452244,0.0000000,-97.12 0.0000000,0.0005327,0.00 -0.0014551,-0.0000000,3163.67 0.0000000,0.1402870,0.00 0.0028874,0.0000000,0.00 -0.0000000,-0.0172300,0.00 -0.0000000,-0.0042156,0.00 -0.0000000,-0.0684295,0.00 -0.0000000,-0.0172300,0.00 -0.0014551,-0.0000000,3163.67 -0.4819163,-0.0000000,48.69 -0.0000000,-0.0684282,0.00 -0.0000000,-0.0042155,0.00 -0.0003619,-0.0000000,0.00 0.0000000,0.5572353,0.00 -0.0000000,-0.2795980,0.00 -0.0003619,-0.0000000,0.00 -0.0000000,-0.0684287,0.00 0.0000000,0.0001303,0.00 0.0000000,0.0005327,0.00 0.0000000,0.0001303,0.00 -0.0000000,-1.1105818,0.00 0.0029180,0.0000000,0.00 -0.3647365,-0.0000000,12.11 0.0000000,0.5572430,0.00 -0.0058512,-0.0000000,786.93 -0.0053935,-0.0000000,786.93 0.0000000,0.0021154,0.00 -0.0000000,-0.0042157,0.00 -0.0000000,-0.0002597,0.00 -1.4667891,-0.0000000,3.01 0.6415901,0.0000000,-6.01 0.0007257,0.0000000,0.00 0.0000000,0.0021155,0.00 -0.0000000,-0.0172291,0.00 -0.0014399,-0.0000000,3163.67 0.0000000,0.0086453,0.00 -0.0000000,-0.0684306,0.00 0.0000000,0.0343381,0.00 -0.3647365,-0.0000000,12.11 0.0006761,0.0000000,0.00 -0.0000000,-0.0042153,0.00 0.0000000,0.0343381,0.00 -1.4511641,-0.0000000,3.01 0.0000000,0.5571962,0.00 -0.0000000,-0.0002597,0.00 0.0000000,0.1402791,0.00 0.0029180,0.0000000,0.00 0.0000000,0.5572008,0.00 -0.0000000,-0.2795807,0.00 -0.0225509,-0.0000000,195.74 -0.0906939,-0.0000000,48.69 -0.0225509,-0.0000000,195.74 0.0001805,0.0000000,0.00 0.7314338,0.0000000,-6.01 -0.3647365,-0.0000000,12.11 0.0000000,0.0021153,0.00 -0.0014551,-0.0000000,3163.67 -0.0000000,-0.0172307,0.00 -0.3647365,-0.0000000,12.11 0.1818781,0.0000000,-24.16 -0.0000000,-0.2795755,0.00 0.0000000,0.0001303,0.00 -0.0000000,-1.1105225,0.00 -0.0014551,-0.0000000,3163.67 0.0029180,0.0000000,0.00 -0.0056376,-0.0000000,786.93 0.0001805,0.0000000,0.00 0.0449803,0.0000000,-97.12 0.0000000,0.0021153,0.00 -0.3705959,-0.0000000,12.11 0.0112448,0.0000000,-390.47 -0.0000000,-0.2795773,0.00 0.0000000,0.5572109,0.00 0.0001805,0.0000000,0.00 0.0000000,0.0086457,0.00 -0.0000000,-0.0172301,0.00 -0.0000000,-0.0042154,0.00 -0.0003619,-0.0000000,0.00 0.0000000,0.1402761,0.00 -0.0014551,-0.0000000,3163.67 -0.0058512,-0.0000000,786.93 0.0000000,0.1402761,0.00 0.0112448,0.0000000,-390.47 0.0000000,0.0343395,0.00 -0.0000000,-0.2795722,0.00 -0.0000000,-0.0002597,0.00 -0.0902056,-0.0000000,48.69 0.0000000,0.1402774,0.00 -0.0225509,-0.0000000,195.74 0.0001805,0.0000000,0.00 -0.3608302,-0.0000000,12.11 0.7314338,0.0000000,-6.01 -0.3705959,-0.0000000,12.11 -0.0000000,-0.0042160,0.00 -0.0000000,-1.1104327,0.00 -0.0000000,-0.0002597,0.00 0.0000000,0.5571615,0.00 -0.3647365,-0.0000000,12.11 0.0112448,0.0000000,-390.47 -1.4667891,-0.0000000,3.01 0.7314338,0.0000000,-6.01 -0.0014551,-0.0000000,3163.67 -0.0000000,-0.0042160,0.00 0.0112448,0.0000000,-390.47 0.0007257,0.0000000,0.00 -0.0000000,-0.0684223,0.00 0.0000000,0.0343327,0.00 -0.0000000,-0.0684223,0.00 -0.0000000,-0.0172281,0.00 0.0001824,0.0000000,0.00 0.0001805,0.0000000,0.00 0.7314338,0.0000000,-6.01 0.0029180,0.0000000,0.00 0.0000000,0.0343326,0.00 0.0112448,0.0000000,-390.47 0.0000000,0.0343329,0.00 0.0000000,0.0086445,0.00 -0.0000000,-0.0172278,0.00 -0.0058512,-0.0000000,786.93 -0.0000000,-0.0684208,0.00 -1.4667891,-0.0000000,3.01 -0.0000000,-0.2795639,0.00 0.7197151,0.0000000,-6.01 0.7236213,0.0000000,-6.01 0.0006188,0.0000000,0.00 0.0000000,0.0343332,0.00 0.0405857,0.0000000,-97.12 0.0000000,0.0001303,0.00 -0.1141333,-0.0000000,12.11 0.0029180,0.0000000,0.00 -0.0003600,-0.0000000,0.00 0.1818781,0.0000000,-24.16 0.0000000,0.0001303,0.00 0.0000000,0.5571758,0.00 0.0000000,0.0343336,0.00 -0.0906939,-0.0000000,48.69 0.0029180,0.0000000,0.00 -0.0000000,-0.0010616,0.00 0.0001805,0.0000000,0.00 -0.0000000,-0.0010616,0.00 -0.0017298,-0.0000000,0.00 -0.0058512,-0.0000000,786.93 -0.0014551,-0.0000000,3163.67 -0.0000000,-0.0002597,0.00 0.0007257,0.0000000,0.00 0.0000000,0.0005327,0.00 -0.0058512,-0.0000000,786.93 0.0000000,0.5571856,0.00 0.0452244,0.0000000,-97.12 0.0000000,0.5571854,0.00 0.0452244,0.0000000,-97.12 -0.0906939,-0.0000000,48.69 -0.0000000,-0.0684224,0.00 0.0000000,0.5571824,0.00 -0.0000000,-0.0172272,0.00 0.0007257,0.0000000,0.00 0.1818781,0.0000000,-24.16 -0.0906939,-0.0000000,48.69 -0.0000000,-0.0002597,0.00 0.0112448,0.0000000,-390.47 0.0001805,0.0000000,0.00 0.1818781,0.0000000,-24.16 -0.0906939,-0.0000000,48.69 0.0000000,0.0021155,0.00 -0.0000000,-0.0002597,0.00 -0.0000000,-0.0684256,0.00 0.0000000,0.0001303,0.00 0.0007257,0.0000000,0.00 0.0000000,0.1402642,0.00 0.1799249,0.0000000,-24.16 0.0000000,0.0343345,0.00 -0.0000000,-0.0010616,0.00 0.0000000,0.0343348,0.00 -0.0058512,-0.0000000,786.93 -0.0000000,-0.0002597,0.00 -0.0003619,-0.0000000,0.00 -0.0225509,-0.0000000,195.74 0.0007257,0.0000000,0.00 -0.3647365,-0.0000000,12.11 0.0000000,0.0005327,0.00 0.0007257,0.0000000,0.00 0.0000000,0.0021155,0.00 0.0457127,0.0000000,-97.12 -1.4667891,-0.0000000,3.01 -0.0000000,-0.0002597,0.00 -0.0906939,-0.0000000,48.69 -1.4667891,-0.0000000,3.01 -0.0000000,-1.1104013,0.00 -0.0000000,-0.0684275,0.00 -0.0225509,-0.0000000,195.74 -0.0000000,-0.0010616,0.00 -0.0003619,-0.0000000,0.00 -0.0000000,-0.0042160,0.00 -1.4667891,-0.0000000,3.01 -0.0000000,-1.1104050,0.00 0.0000000,0.0001303,0.00 -0.0226730,-0.0000000,195.74 0.0000000,0.1402601,0.00 0.0000000,0.0021156,0.00 0.0000000,0.0086447,0.00 0.0000000,0.0001303,0.00 -0.0906939,-0.0000000,48.69 -0.0000000,-0.0684262,0.00 0.0000000,0.0086447,0.00 0.0007257,0.0000000,0.00 0.0457127,0.0000000,-97.12</coordinates>
    </LineString>
  </Placemark>
</Document>
