<?xml version="1.0" encoding="UTF-8"?>
 <kml xmlns="http://www.opengis.net/kml/2.2">
  <Document>
   <name>FLY021</name>
    <description>DatKML</description>
     <Style id="red">
      <LineStyle>
       <color>ff0000ff</color>
       <width>3</width>
      </LineStyle>
      </Style>
     <Style id="green">
      <LineStyle>
       <color>ff00ff00</color>
       <width>3</width>
      </LineStyle>
      </Style>
     <Style id="blue">
      <LineStyle>
       <color>ffff0000</color>
       <width>3</width>
      </LineStyle>
      </Style>
       <Placemark>
         <styleUrl>#red</styleUrl>
          <LineString>
           <altitudeMode>absolute</altitudeMode>
            <coordinates>
              105.80555172160419,21.03938311362485,6.2889175
              105.80555171945834,21.03938312438968,6.603718
              105.80555173323872,21.03938314385366,6.7906113
              105.8055517370339,21.039383161246253,6.917988
              105.8055517370339,21.039383161246253,6.917988
              105.80555174503918,21.03938320194351,6.9853287
              105.8055517487153,21.03938322023908,7.172737
              105.80555174977547,21.039383225574678,6.513401
              105.80555178779771,21.03938326006349,6.62199
              105.805551803274,21.039383281401808,6.324417
              105.80555181885215,21.039383303380102,6.1730156
              105.80555183435585,21.039383325997562,6.5327187
              105.8055518496655,21.039383349369803,6.055546
              105.80555185617692,21.039383359622487,5.6812057
              105.8055519280883,21.03938338952886,6.516014
              105.80555194999312,21.03938340509923,5.513607
              105.80555197197154,21.039383421799737,6.8271523
              105.80555199088275,21.039383436882385,6.4413605
              105.80555199405634,21.039383439470797,6.878315
              105.80555204212816,21.039383430892155,6.2758636
              105.80555205456224,21.039383431116878,6.4444923
              105.80555205456224,21.039383431116878,6.4444923
              105.80555208502078,21.039383433285966,6.2831726
              105.80555209487504,21.03938343439575,6.4283066
              105.80555209958709,21.039383426572705,6.60894
              105.80555209268874,21.039383438685885,6.144821
              105.80555208800465,21.0393834461865,5.5778275
              105.80555208206002,21.039383455330213,6.6924667
              105.80555208028291,21.039383458013887,6.5421143
              105.80555205018807,21.039383451487897,6.757725
              105.80555203647467,21.039383454602298,7.519348
              105.80555201889855,21.039383460388972,6.2356644
              105.80555200422268,21.03938346695893,6.735798
              105.80555199003972,21.039383474856884,6.4283066
              105.80555197812224,21.039383482539883,6.0357094
              105.80555195645607,21.039383485246358,6.6392174
              105.80555194776896,21.03938350358508,6.5447273
              105.80555194068644,21.039383520771676,5.834179
              105.80555193584259,21.039383533712922,6.4136887
              105.80555193584259,21.039383533712922,6.4136887
              105.80555191911208,21.03938358212249,5.838356
              105.80555191294057,21.03938357498828,6.2946587
              105.80555191235827,21.039383576815393,6.5536003
              105.80555189769315,21.03938361988448,5.9678383
              105.80555189142326,21.039383635715396,6.81567
              105.8055518852876,21.039383638633566,6.208519
              105.80555188035999,21.039383653989795,6.7890472
              105.80555187397678,21.039383672519044,6.7786026
              105.80555186682801,21.03938369177621,6.6768036
              105.80555185995274,21.039383708725868,6.354698
              105.80555186241956,21.03938374091125,6.327549
              105.80555186483075,21.039383757339806,6.4512787
              105.8055518656111,21.039383762916415,6.2889175
              105.80555187244936,21.03938380979036,6.337467
              105.80555187446213,21.03938382213478,6.356262
              105.80555189072895,21.039383823307258,6.286827
              105.80555189327853,21.03938382997411,7.066765
              105.80555189980156,21.039383848543256,6.5327187
              105.8055519030962,21.039383859418006,6.9477425
              105.80555190439961,21.0393838642553,7.0129967
              105.80555191916385,21.039383897227218,6.9200745
              105.805551920947,21.03938392587969,6.632431
              105.8055519216093,21.03938394817309,6.137512
              105.80555192166423,21.03938397499193,6.2121735
              105.80555192142873,21.039383986755,5.7527313
              105.80555190779538,21.039384045435977,5.6603203
              105.80555189484424,21.03938408139039,6.710739
              105.8055518789318,21.039384123205576,6.805229
              105.80555186611133,21.03938415473714,6.6261673
              105.80555186170733,21.039384165259328,6.9581833
              105.8055518194208,21.039384228964874,6.535328
              105.80555179785631,21.039384256631323,6.156307
              105.80555179785631,21.039384256631323,6.156307
              105.8055517310352,21.039384340510843,6.314495
              105.80555172105132,21.039384352664737,6.2716866
              105.80555167184303,21.039384417328616,6.5186234
              105.8055516464323,21.039384459238253,6.651226
              105.80555161648147,21.039384507506146,7.075119
              105.80555161648147,21.039384507506146,7.075119
              105.80555154564918,21.039384618905558,6.3416443
              105.80555151414698,21.039384665762405,6.1589203
              105.80555149862707,21.039384690163825,6.7671204
              105.80555149862707,21.039384690163825,6.7671204
              105.80555141494149,21.039384821299162,5.717228
              105.80555139042454,21.03938485984769,6.1411667
              105.80555133886146,21.03938493431562,6.4601517
              105.80555130302632,21.03938498862341,6.362007
              105.80555126695087,21.039385043548386,6.4935646
              105.80555125138608,21.039385067228405,6.702385
              105.80555112160593,21.039385239600016,6.9738464
              105.80555107141933,21.03938529926783,6.8104477
              105.80555107141933,21.03938529926783,6.8104477
              105.80555093520208,21.039385464559782,6.593277
              105.80555089267732,21.03938551963946,6.5186234
              105.8055508424937,21.039385586768805,6.7759933
              105.80555079951785,21.039385693819458,6.3040543
              105.8055507589124,21.039385778130516,5.945385
              105.8055507080804,21.039385880010858,6.335903
              105.80555065195448,21.039385987997864,6.058155
              105.80555059793781,21.03938608756093,6.788002
              105.80555058982378,21.039386102178657,6.7697296
              105.80555047549568,21.039386322174114,6.137512
              105.80555041637774,21.039386421176182,6.206951
              105.80555039564385,21.03938645495581,6.2649
              105.8055501425878,21.039386843796482,6.2220917
              105.80555005803318,21.039386958403927,7.057892
              105.80555005803318,21.039386958403927,7.057892
              105.80554972189644,21.039387388595678,6.9357376
              105.80554965070432,21.039387475649036,6.757725
              105.80554941831845,21.0393877050227,6.7655525
              105.80554927370495,21.03938783830677,6.3327675
              105.80554912340573,21.039387975109094,5.9808884
              105.80554896866252,21.039388114545424,6.514969
              105.80554883309907,21.03938823597076,6.7070847
              105.80554859525358,21.039388479032716,6.0853043
              105.80554846789933,21.039388625424134,7.105919
              105.80554839383393,21.03938871006088,6.708126
              105.8055482044941,21.039388924778144,6.1980743
              105.80554808814875,21.039389055797862,7.035446
              105.80554785222127,21.03938928806853,6.4136887
              105.8055477056358,21.039389420886863,6.8219337
              105.80554755645315,21.03938955650938,6.372444
              105.80554742627538,21.039389674873238,6.8647385
              105.80554727166057,21.03938981555818,5.858719
              105.8055471138581,21.039389959160072,6.9942055
              105.8055470274111,21.03939005410772,6.011692
              105.80554684419374,21.039390248058655,6.935215
              105.80554667740628,21.039390422703168,6.6073723
              105.80554662858151,21.039390473486193,6.4502335
              105.8055463245959,21.03939078624474,6.310322
              105.80554611146944,21.039391002625866,5.528225
              105.80554598356717,21.039391089537958,6.1166306
              105.80554577794675,21.03939126719224,6.015869
              105.80554561846024,21.039391404524622,6.253937
              105.80554542649568,21.03939156878068,6.286827
              105.80554528540078,21.039391688705606,6.404812
              105.80554499183204,21.03939194874389,6.5097504
              105.80554475718884,21.039392164911078,6.086872
              105.80554458544852,21.039392321673443,6.9122467
              105.80554426768367,21.03939260892628,6.285782
              105.80554404988716,21.039392804084912,6.5797043
              105.80554393933328,21.03939290275722,6.7420616
              105.80554308714066,21.03939352098214,6.4110794
              105.80554288568085,21.03939366964483,5.991852
              105.80554222631703,21.039394159367202,6.757725
              105.80554197683675,21.039394361970565,6.568218
              105.80554182437324,21.03939449479328,6.87257
              105.80554124045351,21.039395000461624,6.349476
              105.80554100215254,21.03939520586592,6.5896225
              105.80554088207899,21.039395309169876,6.4006386
              105.80554039086196,21.039395714074487,6.440838
              105.8055401260363,21.03939592671065,6.6465263
              105.80553977314388,21.039396210042195,5.8707275
              105.80553946522338,21.039396457580338,6.945133
              105.80553920224038,21.039396669446504,6.3181496
              105.80553889677293,21.03939691602305,6.1599617
              105.80553857469287,21.039397070334402,7.378933
              105.80553839565763,21.039397181307365,6.777561
              105.80553782894431,21.03939753255785,6.3948936
              105.80553753942174,21.03939771124192,6.366703
              105.80553745928091,21.03939776051945,6.6334763
              105.80553693874883,21.03939806568823,6.4951324
              105.80553671369412,21.03939823133803,6.436138
              105.80553659430095,21.039398320127717,6.206951
              105.8055363250511,21.039398523581845,6.651745
              105.80553616041982,21.039398651417955,6.6580124
              105.80553601356804,21.03939876798116,6.725357
              105.80553597651175,21.0393988115111,6.96706
              105.80553590654343,21.039398888637464,6.5374184
              105.80553584861092,21.03939895697349,6.7885246
              105.80553576305914,21.03939907235241,6.146389
              105.80553573320599,21.039399121605918,6.664276
              105.80553575221545,21.03939909026163,6.8861427
              105.80553573453922,21.03939910836097,5.6885147
              105.80553571837062,21.03939912678722,6.4256973
              105.8055357066423,21.039399142806225,7.1502914
              105.8055356998901,21.039399154967445,5.6352577
              105.80553569626557,21.039399166035977,6.862652
              105.80553569626557,21.039399166035977,6.862652
              105.80553576725275,21.039399143785733,6.336422
              105.80553578730172,21.039399146924968,6.8736153
              105.80553579047532,21.03939914724292,6.8496017
              105.80553585948215,21.03939914738826,6.699253
              105.8055358768027,21.03939915775249,6.5703087
              105.80553588589898,21.039399162871504,5.9506073
              105.80553594913228,21.039399168502662,7.2703514
              105.8055359502131,21.039399168523833,6.2946587
              105.80553595198462,21.03939916938569,6.641308
              105.80553595379287,21.039399170833782,7.3872833
              105.80553595761359,21.03939917354229,7.2646103
              105.80553596106256,21.039399175545682,7.092865
              105.80553588643593,21.039399231325998,7.417038
              105.80553586108041,21.039399270312984,7.3288193
              105.80553583667377,21.039399309477467,7.503689
              105.80553581936242,21.039399337532302,7.7678146
              105.80553581936242,21.039399337532302,7.7678146
              105.80553542315484,21.03939994193051,8.761093
              105.8055353310264,21.039400074752102,9.340927
              105.80553529066687,21.03940013074452,9.360237
              105.80553529066687,21.03940013074452,9.360237
              105.80553507813559,21.039400547006156,8.575806
              105.80553504398901,21.039400633037257,8.878002
              105.8055349996986,21.039400749670488,8.857124
              105.80553496792935,21.03940083880378,8.872261
              105.80553495762376,21.0394008688103,8.760048
              105.8055349361991,21.039401169667773,9.251682
              105.80553493395946,21.039401216394346,9.9374275
              105.80553493110254,21.039401292504966,9.630051
              105.80553506277359,21.039401259337225,10.136772
              105.80553507299771,21.039401259827795,10.16547
              105.8055353508264,21.039401278856978,9.91029
              105.80553541341145,21.039401285078448,10.459259
              105.80553544549966,21.039401296611903,10.064758
              105.80553570722975,21.039401136634787,10.770264
              105.80553576067723,21.03940111691433,10.720169
              105.80553591529893,21.03940098317063,11.317091
              105.80553591529893,21.03940098317063,11.317091
              105.80553604723389,21.039400916234253,11.411009
              105.80553610461567,21.03940088783134,10.805222
              105.80553614317155,21.039400868997166,10.958628
              105.80553624041607,21.039400822228252,11.468927
              105.8055363601695,21.039400732773753,10.712341
              105.805536391567,21.039400720240028,10.8532295
              105.80553652872474,21.039400666373137,11.54093
              105.80553660325268,21.0394006374194,10.891319
              105.80553668899489,21.03940060444341,11.347355
              105.80553685583254,21.039400520957972,10.924713
              105.80553694668512,21.039400492493993,12.071018
              105.80553703801269,21.03940046415459,11.514839
              105.8055371605737,21.03940042672928,11.95154
              105.80553725274804,21.039400398918715,10.759823
              105.80553736030045,21.039400366783816,11.912931
              105.80553760005398,21.039400269171626,10.999327
              105.80553772310951,21.03940023339349,11.466318
              105.80553786654444,21.03940019266244,11.224218
              105.8055380096914,21.03940015319751,11.414661
              105.80553819258634,21.039400103796623,11.192389
              105.80553830393536,21.039400076210374,11.43762
              105.80553844031176,21.03940002992389,11.063509
              105.80553854152612,21.039400006409974,10.919495
              105.80553862629999,21.039399986329222,11.848761
              105.80553872315325,21.039399963408467,11.804934
              105.80553881800435,21.039399941294196,10.879841
              105.80553889780786,21.039399923187123,11.586842
              105.80553891512268,21.039399929713518,11.762152
              105.8055389583793,21.039399931754364,11.103685
              105.80553900031188,21.03939993520626,11.572233
              105.80553902962923,21.039399938597494,11.275349
              105.80553907569228,21.03939994594829,11.971888
              105.80553913174772,21.039399932886948,11.213259
              105.80553919992501,21.039399925855733,11.372398
              105.80553922922975,21.03939992404002,11.300396
              105.80553935670147,21.039399924903908,11.610323
              105.80553941517323,21.03939992973998,12.7153225
              105.8055395682047,21.039399888795604,11.153776
              105.80553964419666,21.039399874860194,12.134666
              105.80553971747281,21.039399862848384,11.979713
              105.80553977790771,21.0393998537979,12.185274
              105.80553984555608,21.039399844309365,11.412577
              105.80553991015934,21.03939983578568,10.817223
              105.80554000104402,21.039399805906992,11.674496
              105.80554005055033,21.039399804432435,12.046495
              105.8055401067446,21.03939980371592,11.907715
              105.80554013814785,21.039399803776988,12.083017
              105.80554027335391,21.03939976682637,12.017799
              105.80554030115216,21.039399758426043,12.548904
              105.80554032315393,21.039399751760413,11.660408
              105.80554032315393,21.039399751760413,11.660408
              105.80554039254055,21.039399731561193,11.695368
              105.8055404122304,21.039399726505284,12.22962
              105.8055404122304,21.039399726505284,12.22962
              105.80554041037053,21.03939964066186,11.85763
              105.80554040837298,21.03939963049304,12.036583
              105.80554040788076,21.0393996291683,12.056931
              105.80554037487924,21.039399610218098,12.594812
              105.80554036353185,21.039399618230856,11.853977
              105.80554035206052,21.039399626182142,12.049105
              105.80554033640938,21.03939963627198,11.426664
              105.80554032620705,21.03939964216247,12.14197
              105.80554027810857,21.039399655051195,11.782497
              105.80554026352334,21.03939966437119,12.453955
              105.80554019866307,21.039399703274714,12.115885
              105.80554016809279,21.03939972156092,12.14197
              105.80554015018824,21.03939973243974,11.157429
              105.80554006335258,21.03939983431235,11.373444
              105.80554004152864,21.039399864757737,11.351007
              105.80554001237651,21.03939990739366,11.851368
              105.80553998697624,21.039399946600888,12.383001
              105.80553998336667,21.03939995235418,12.687674
              105.8055398729734,21.039400148240524,11.710497
              105.80553984047901,21.039400210607894,12.139362
              105.80553982207879,21.03940024722305,11.869629
              105.80553974982033,21.03940044909596,12.358482
              105.80553972721275,21.039400524308494,11.767368
              105.80553971799831,21.039400557176194,12.538467
              105.80553967853025,21.039400715561914,11.649452
              105.80553966830499,21.03940076236136,11.480404
              105.80553967580069,21.039400963541368,11.885281
              105.80553967622293,21.039401066123975,11.44701
              105.80553967686201,21.039401110523094,11.835716
              105.80553968056796,21.039401259970283,11.845629
              105.80553968333999,21.039401335512988,11.5581455
              105.8055397285609,21.039401536833854,11.890497
              105.80553975217012,21.03940166858271,12.810791
              105.80553977696346,21.039401801556966,11.586321
              105.80553980270447,21.03940193567236,11.884237
              105.80553982558054,21.039402051581746,12.463865
              105.80553985309997,21.03940218778073,12.090319
              105.80553991426231,21.03940236109114,11.946846
              105.80553994883455,21.039402496573608,12.76749
              105.80553997896884,21.039402613658734,12.672022
              105.80554001442111,21.03940275139578,12.560904
              105.80554005016369,21.039402890275184,11.928583
              105.80554008579264,21.03940303001685,11.893627
              105.80554011399131,21.03940314564533,12.717411
              105.80554015848021,21.039403409940164,11.627539
              105.80554018020433,21.039403542647765,12.832701
              105.80554019851733,21.039403656550906,12.59116
              105.80554021958403,21.039403789508473,12.13258
              105.80554020936907,21.039403868176976,11.786671
              105.8055402072476,21.039403982819433,12.153448
              105.80554020524892,21.03940406865716,13.0794525
              105.80554020226118,21.03940416874947,11.978149
              105.8055401987365,21.039404268933787,11.97241
              105.80554019654618,21.039404326243616,11.625975
              105.80554019654618,21.039404326243616,11.625975
              105.80554015796162,21.03940448840651,11.992758
              105.80554014912924,21.039404555916914,12.733582
              105.80554014514216,21.03940458467768,12.466475
              105.8055401310434,21.03940467972344,11.44701
              105.80554012338361,21.03940472678954,12.036062
              105.80554009504382,21.039404771624678,12.385611
              105.80554008235515,21.039404838437292,11.671886
              105.80554007062683,21.039404896234025,11.823715
              105.80554005579836,21.039404964346954,13.069542
              105.80554003970548,21.039405032969583,12.126318
              105.8055400001227,21.03940507610055,11.086988
              105.80553998525177,21.03940511763483,12.22962
              105.80553991777437,21.03940529564167,12.076235
              105.80553988804398,21.039405370287916,11.497623
              105.80553987052492,21.039405413399344,12.524904
              105.80553979803815,21.039405731152733,11.709976
              105.80553978088855,21.03940580304121,12.638113
              105.80553977327125,21.03940583406225,12.001627
              105.80553979687129,21.03940600934552,12.1315365
              105.80553980338945,21.039406079241594,12.4268265
              105.80553982100716,21.03940617367832,11.474144
              105.80553982100716,21.03940617367832,11.474144
              105.80554002767542,21.039406407179275,12.340221
              105.80554009743263,21.039406523872756,12.499344
              105.80554010794243,21.039406541411914,12.679848
              105.80554049044076,21.039406982303355,12.026669
              105.80554060827639,21.039407138162545,12.492559
              105.80554071028072,21.0394072730889,12.927647
              105.80554099048616,21.03940764344429,11.460056
              105.80554110376218,21.039407793291264,11.611887
              105.80554155599077,21.039408284784972,12.035017
              105.8055417354683,21.039408517211157,12.22962
              105.8055417354683,21.039408517211157,12.22962
              105.8055422648471,21.039409265815006,12.922428
              105.80554238968047,21.039409532037915,12.253096
              105.80554238968047,21.039409532037915,12.253096
              105.80554272053843,21.03941028006692,12.097624
              105.80554280243814,21.039410477694886,12.009453
              105.80554286239918,21.03941074756714,12.337614
              105.80554292501235,21.039410935792468,12.168058
              105.80554299387863,21.03941111577461,12.650635
              105.8055430473089,21.039411239461447,12.024584
              105.80554322328642,21.039411566143595,12.031887
              105.80554331124993,21.039411647117973,11.765802
              105.80554340683422,21.03941172081809,12.301094
              105.8055434952217,21.039411778225627,12.269791
              105.80554360612437,21.039411838582275,12.611507
              105.80554372456349,21.039411892449575,12.222315
              105.80554379501542,21.039411920615144,12.607855
              105.80554398950102,21.039411901335995,11.295698
              105.80554410527198,21.039411929468994,12.074667
              105.80554425394232,21.039411967623437,12.689238
              105.80554437640178,21.039412001801217,11.7308445
              105.80554444238074,21.039412021647067,12.164406
              105.80554475415177,21.039412068713983,11.712584
              105.80554483223767,21.039412101367542,12.139362
              105.80554489852182,21.039412133291556,12.674631
              105.80554489852182,21.039412133291556,12.674631
              105.80554491319769,21.039412188479524,11.925453
              105.80554490388573,21.039412224256438,12.619854
              105.80554489339083,21.03941224855771,11.655191
              105.80554484739774,21.039412314539003,12.351179
              105.80554480032671,21.039412349228115,12.247879
              105.80554479159014,21.039412376265172,12.063192
              105.80554476625701,21.03941244148761,12.604202
              105.80554474619254,21.0394124852553,12.788879
              105.80554473700619,21.039412503632292,12.340742
              105.80554469106589,21.039412558771406,12.36109
              105.80554468078498,21.03941257790399,11.994844
              105.8055446682862,21.03941259606277,11.718845
              105.80554465365623,21.039412613685794,12.101276
              105.80554464911783,21.039412618740485,11.886845
              105.8055446156763,21.03941265223595,12.057451
              105.80554459913482,21.039412601602738,12.136753
              105.80554459061852,21.03941259712126,11.43762
              105.80554455774552,21.03941258100781,12.198317
              105.80554453042572,21.039412568263604,12.376221
              105.80554449989218,21.039412554195476,11.601452
              105.80554447135215,21.03941254137311,11.644236
              105.80554445630969,21.03941253483002,12.203533
              105.80554439743634,21.039412441924036,11.607714
              105.80554435012724,21.039412414569433,12.525425
              105.80554432013008,21.0394123989494,12.236925
              105.8055442992114,21.03941235787027,11.754326
              105.80554426533962,21.039412354354457,12.780533
              105.80554419374893,21.03941235369494,11.735018
              105.80554415542939,21.039412357005567,11.73241
              105.80554414979757,21.039412357683,11.684933
              105.80554408877464,21.039412366688293,13.212997
              105.80554405193062,21.039412382539567,12.594812
              105.80554405193062,21.039412382539567,12.594812
              105.80554395303791,21.039412427292465,12.115885
              105.80554388837557,21.03941245717604,11.8080635
              105.80554384331931,21.039412478174825,11.207521
              105.80554382305864,21.039412484359655,12.663155
              105.80554380001334,21.039412494687248,11.959888
              105.80554380001334,21.039412494687248,11.959888
              105.805543668091,21.039412558909824,11.107859
              105.80554363677783,21.03941257483275,12.155012
              105.80554359623127,21.039412604726095,11.6322365
              105.80554354498787,21.03941263864658,12.074667
              105.80554349344844,21.03941267428508,12.407522
              105.80554347868308,21.03941268479994,12.0449295
              105.80554338998408,21.039412751264884,12.145622
              105.80554334547283,21.039412786330168,11.622322
              105.80554328215689,21.03941282987639,12.235357
              105.80554328215689,21.03941282987639,12.235357
              105.80554318714056,21.039412898951728,11.277958
              105.80554313575087,21.039412937229933,12.160233
              105.80554310669855,21.03941295878239,11.753801
              105.80554302321262,21.039413019109723,12.028757
              105.80554299356024,21.039413044239872,11.879019
              105.80554296919317,21.039413066170127,11.627539
              105.80554288068925,21.03941315098926,11.596235
              105.80554288979184,21.03941311915481,11.774151
              105.80554288167828,21.03941312100798,12.013626
              105.80554283615676,21.039413133213166,12.28179
              105.80554281708764,21.039413139095107,11.35779
              105.80554280602193,21.039413142539267,12.012062
              105.80554281522603,21.039413091166743,12.341787
              105.8055427996971,21.039413083659618,11.628061
              105.80554278058553,21.039413073784733,11.818499
              105.80554276470433,21.039413064748498,11.597277
              105.8055427483034,21.039413054536524,11.78302
              105.80554276580924,21.039412973081756,11.696932
              105.80554276005178,21.039412960510166,11.987539
              105.8055427408444,21.039412917113765,11.836237
              105.80554272986302,21.03941289008485,12.291183
              105.80554271044568,21.039412836482988,11.831541
              105.80554270327465,21.039412731401125,11.577452
              105.80554268935316,21.039412701198373,11.387009
              105.8055426757082,21.039412671174752,12.001627
              105.80554266421623,21.039412646054373,11.407356
              105.80554264337844,21.039412600676155,11.840931
              105.80554262963365,21.039412570375696,12.150839
              105.80554262963365,21.039412570375696,12.150839
              105.80554258930565,21.039412456850354,10.736866
              105.80554257468715,21.03941243204915,11.861803
              105.80554255167971,21.039412392098534,11.111511
              105.80554253230365,21.039412356889947,11.6943245
              105.80554249518482,21.03941236089103,11.291525
              105.80554246493696,21.039412377843135,11.721455
              105.8055424303022,21.03941239831919,11.397966
              105.80554241566303,21.03941240740102,11.644236
              105.80554232183131,21.039412476701084,11.071335
              105.80554227304326,21.039412501671645,12.445086
              105.80554227304326,21.039412501671645,12.445086
              105.80554218625122,21.03941253891416,11.381792
              105.80554215050005,21.039412557802482,11.620758
              105.80554213538873,21.03941256662865,11.398489
              105.80554207019344,21.03941262990021,11.445446
              105.80554205591626,21.039412648562177,11.563364
              105.80554200698307,21.03941272340058,11.833105
              105.8055419867029,21.03941275975885,11.735542
              105.80554198123055,21.03941277032582,11.787193
              105.80554197620971,21.03941283887354,11.140732
              105.8055419740653,21.039412870237374,11.5764065
              105.805541971295,21.039412904550318,11.695368
              105.805541971295,21.039412904550318,11.695368
              105.80554196195779,21.039412955300776,11.361963
              105.80554195106589,21.03941296097916,12.422131
              105.80554194425056,21.039412964600817,10.529182
              105.8055419224863,21.03941297775539,11.301439
              105.80554191103104,21.03941298556378,11.861803
              105.80554192291197,21.03941297747204,10.868359
              105.805541925762,21.039413000280028,12.082493
              105.80554192785996,21.039413023631912,11.013939
              105.8055419289901,21.039413047231324,10.960716
              105.80554192918918,21.03941306758036,11.228392
              105.80554192898093,21.039413077800475,10.866272
              105.80554196776916,21.039413043438678,11.147516
              105.8055419748891,21.039413034511547,11.751194
              105.80554198493711,21.0394130172533,10.366379
              105.80554198938773,21.039413004172008,11.614496
              105.80554199254813,21.03941298701798,10.984718
              105.80554199404429,21.0394129677486,10.975327
              105.80554201978704,21.039412934380156,11.223173
              105.80554201860352,21.03941292680626,10.881405
              105.80554201681652,21.03941291704211,11.039507
              105.80554201465489,21.039412903885914,11.59206
              105.80554201295564,21.03941288986664,10.712341
              105.80554201198326,21.039412879102624,11.100033
              105.8055420361914,21.03941274308358,11.403706
              105.80554204048771,21.039412672887874,10.16547
              105.80554204614477,21.0394126017607,10.751999
              105.80554205121781,21.039412540202257,10.897057
              105.8055420542153,21.039412498750217,11.0609
              105.80554206051028,21.03941239400707,10.884014
              105.80554213099205,21.039412141857174,10.612152
              105.80554216048667,21.03941200557595,11.190823
              105.80554218800553,21.03941189113705,10.2140045
              105.80554219288067,21.039411872455542,10.501007
              105.80554226371179,21.039411645367398,10.406036
              105.80554230702694,21.039411538284178,10.126854
              105.80554236340075,21.039411423967408,10.982109
              105.80554239034306,21.0394113833589,11.264914
              105.80554243708366,21.039411320520504,10.967499
              105.8055424696968,21.039411278710205,10.812004
              105.80554248624861,21.039411256592675,11.030636
              105.80554255106127,21.0394111798034,10.315762
              105.80554257670707,21.039411163032057,10.55632
              105.80554259311948,21.039411151729027,11.1501255
              105.80554264265619,21.039411112755474,10.48222
              105.80554266629926,21.039411088872715,10.2724495
              105.80554266943213,21.039411085176148,10.30167
              105.80554272056654,21.039410999005405,9.618568
              105.80554272893653,21.03941096751944,10.3428955
              105.8055427349091,21.039410938777404,10.181129
              105.80554274364569,21.039410831744664,9.915508
              105.80554274087079,21.039410795488987,10.898102
              105.80554272766067,21.03941077140267,10.115898
              105.8055426145321,21.039410679320678,10.240093
              105.80554256989348,21.039410658528706,10.335068
              105.80554252856555,21.039410642744198,9.8972435
              105.80554225312109,21.039410573561383,9.996395
              105.80554215533157,21.03941056123569,10.60537
              105.80554209575662,21.03941055554428,10.457176
              105.80554182483505,21.03941055396143,10.624676
              105.80554167622265,21.0394105563813,10.655983
              105.80554163238142,21.039410557552152,11.283699
              105.80554116177787,21.03941058290865,11.04368
              105.80554098817883,21.039410573787737,10.191563
              105.8055408664221,21.039410575676733,10.384121
              105.80554034128453,21.039410603871612,10.2427025
              105.80554014327768,21.039410622002706,9.941601
              105.8055399239506,21.03941066703081,9.781914
              105.8055399239506,21.03941066703081,9.781914
              105.80553925160672,21.039410823871137,10.124245
              105.8055390495233,21.039410874790953,10.904884
              105.80553849829589,21.039411105044792,11.1141205
              105.80553821267318,21.039411227038045,10.169125
              105.80553804630365,21.039411297999123,10.224442
              105.80553761972662,21.039411479290536,10.878796
              105.80553735620322,21.039411590772183,10.839661
              105.80553681678673,21.03941180963017,10.247925
              105.80553660067685,21.039411877715413,10.793743
              105.8055360643066,21.039412047392766,9.4667015
              105.8055357870103,21.03941213582053,10.276623
              105.80553545559415,21.039412241789897,10.5229225
              105.80553516468555,21.039412335161618,9.589344
              105.80553436179616,21.03941272872722,10.39299
              105.80553419306881,21.039412802432224,9.611782
              105.80553356090546,21.039413078282493,10.202522
              105.80553308738072,21.039413284713827,10.240093
              105.80553266320281,21.03941353658689,10.2531395
              105.80553220849937,21.039413759234264,9.512104
              105.805532142883,21.03941379143186,9.479748
              105.805532142883,21.03941379143186,9.479748
              105.80553052094821,21.03941459355126,10.500484
              105.80553003214064,21.039414838171233,9.11599
              105.80552961588982,21.039415090014984,10.480133
              105.8055290046658,21.039415398056335,10.209827
              105.8055290046658,21.039415398056335,10.209827
              105.80552746899761,21.039416188449312,9.825748
              105.80552701832599,21.03941644145903,10.419079
              105.80552701832599,21.03941644145903,10.419079
              105.80552613999652,21.039416890958424,10.088242
              105.80552572828006,21.039417104841515,10.505703
              105.80552545163314,21.03941724959716,10.140423
              105.80552475269344,21.03941761866608,9.428604
              105.80552438446884,21.039417683642622,9.887848
              105.80552356389059,21.03941796037714,10.081455
              105.80552304312215,21.039418138055034,10.438911
              105.80552282074309,21.03941821429064,10.589195
              105.80552179654053,21.039418564253026,9.991177
              105.80552146392768,21.039418531786737,9.977608
              105.80551981087996,21.039418870166003,10.42952
              105.80551944889008,21.039418926233328,10.557884
              105.80551916194908,21.039418940890954,9.408775
              105.80551911972621,21.03941895292841,9.305962
              105.80551752958137,21.039419355543277,10.055363
              105.80551749553918,21.03941935210563,11.105249
              105.80551748289757,21.039419349850235,11.005068
              105.80551748289757,21.039419349850235,11.005068
              105.80551740428962,21.03941919013245,10.088242
              105.80551738584465,21.039419158560175,9.717724
              105.80551737711096,21.03941913978096,10.387772
              105.80551742337252,21.03941885691698,10.784351
              105.80551743643636,21.039418811825367,10.41647
              105.80551746114821,21.03941877092211,10.74939
              105.8055174615452,21.03941876483173,10.819309
              105.8055174615452,21.03941876483173,10.819309
              105.80551737335449,21.039418898751705,10.745216
              105.8055173670991,21.039418917039132,10.377857
              105.80551731448115,21.039419081577115,10.373684
              105.8055172693463,21.03941915554104,10.118507
              105.8055172616062,21.039419164383492,9.882629
              105.8055172616062,21.039419164383492,9.882629
              105.80551714388935,21.039419328408513,10.296974
              105.80551708280618,21.039419374745886,10.058495
              105.8055170599783,21.039419395663252,10.354374
              105.8055170599783,21.039419395663252,10.354374
              105.80551679734754,21.039419516423774,10.062149
              105.80551676495068,21.039419519100935,9.534546
              105.80551676495068,21.039419519100935,9.534546
              105.80551670636646,21.03941952707705,9.759472
              105.80551667527989,21.03941946856706,10.187389
              105.80551637248924,21.039419164030118,10.138336
              105.80551636200695,21.039419150540088,10.449345
              105.80551631717728,21.039419091867252,9.947861
              105.80551629451465,21.03941906160425,9.720333
              105.80551627315539,21.0394190330218,10.086151
              105.8055162469818,21.03941898144898,9.71146
              105.8055162413781,21.039418976216787,10.389336
              105.8055162413781,21.039418976216787,10.389336
              105.80551615500022,21.039418907364546,10.42952
              105.80551616554676,21.03941885541067,10.287582
              105.80551616603783,21.039418847022556,10.739998
              105.80551617152682,21.03941869860454,10.073627
              105.80551616861251,21.039418673573728,9.447914
              105.80551616772217,21.039418666581188,10.3235855
              105.8055161247696,21.039418529852146,9.876369
              105.80551611339925,21.039418519000197,10.58815
              105.80551611339925,21.039418519000197,10.58815
              105.8055160024105,21.03941834023124,10.152428
              105.80551596183984,21.039418287702524,9.639965
              105.80551582134558,21.03941806320198,10.189476
              105.80551574517922,21.03941795690855,9.815834
              105.80551567302633,21.039417857452964,10.006832
              105.80551564750904,21.039417822583093,9.749035
              105.80551487025511,21.039416877375572,10.621025
              105.80551475836454,21.03941674519803,10.418037
              105.80551475836454,21.03941674519803,10.418037
              105.80551404379091,21.039415829395324,10.18478
              105.80551386074563,21.039415592854063,9.918118
              105.80551345860506,21.039415086621307,10.215046
              105.80551326164463,21.03941484596171,9.864368
              105.80551305867431,21.039414595505395,10.166515
              105.80551288006245,21.039414373059945,10.508312
              105.80551288006245,21.039414373059945,10.508312
              105.80551108896893,21.039412181464186,10.2620125
              105.80551083778424,21.03941192664364,10.364288
              105.80551083778424,21.03941192664364,10.364288
              105.80551083778424,21.03941192664364,10.364288
              105.8055094628658,21.03941017219065,9.923336
              105.80550935457333,21.0394100114274,10.469177
              105.80550870959627,21.039409043205083,9.681194
              105.80550849859215,21.03940872300414,10.077801
              105.80550849859215,21.03940872300414,10.077801
              105.80550773260529,21.03940741562009,9.395725
              105.80550764254211,21.03940725890678,9.671799
              105.80550721069407,21.039406586277988,10.631462
              105.80550714464742,21.039406508023927,10.91271
              105.80550709406721,21.039406452753724,10.3235855
              105.8055070712118,21.03940643022013,10.009441
              105.80550743119835,21.039406573608694,10.569889
              105.80550748795596,21.039406604588212,8.773098
              105.80550754865132,21.039406642724742,9.918118
              105.80550760357774,21.039406680730185,10.114334
              105.80550797093954,21.039407104198087,10.480656
              105.80550798206434,21.03940709487606,9.936901
              105.80550803461345,21.039407042335128,9.849232
              105.80550805487124,21.03940702665077,9.492798
              105.80550806700113,21.039407018945788,9.458874
              105.80550803846398,21.039406809689105,10.368462
              105.80550804239255,21.039406790251185,9.661362
              105.80550804239255,21.039406790251185,9.661362
              105.80550814037711,21.03940679501601,9.7005005
              105.80550816625696,21.03940682102226,10.730602
              105.80550818193909,21.039406812635775,10.245312
              105.80550820889287,21.039406844953874,9.988567
              105.80550849967983,21.03940706319875,10.663815
              105.80550851334719,21.03940708335482,10.312107
              105.80550852023593,21.03940709389655,10.802612
              105.80550852023593,21.03940709389655,10.802612
              105.80550837452579,21.039407169363532,12.943819
              105.80550836508989,21.039407217422983,13.298027
              105.80550836365342,21.039407224519742,12.976685
              105.80550834256492,21.039407717203847,13.812359
              105.80550835460762,21.03940779826779,14.037697
              105.8055083617442,21.03940784502123,13.926594
              105.8055083617442,21.03940784502123,13.926594
              105.80550844918223,21.039408161432785,14.200958
              105.80550846530952,21.039408196990674,14.138367
              105.80550846530952,21.039408196990674,14.138367
              105.80550846530952,21.039408196990674,14.138367
              105.80550854418365,21.039408264151774,15.047468
              105.80550855535894,21.039408265460228,15.271212
              105.80550863193375,21.03940827746349,14.919689
              105.80550865297175,21.03940828182935,15.437056
              105.80550865297175,21.03940828182935,15.437056
              105.8055088790889,21.039408112452445,15.467304
              105.80550891337663,21.03940807698168,15.395855
              105.80550891337663,21.03940807698168,15.395855
              105.80550901947532,21.039407983748376,16.127525
              105.80550905955491,21.0394079540252,15.33275
              105.80550912678562,21.039407832681697,15.31554
              105.80550917611293,21.03940779670611,15.780733
              105.80550917611293,21.03940779670611,15.780733
              105.80550949922333,21.03940760492589,16.264153
              105.80550957193843,21.039407608890336,15.755699
              105.80550957193843,21.039407608890336,15.755699
              105.80550969362288,21.039407624508744,16.553566
              105.80550974855389,21.039407635078973,16.349154
              105.80551017556463,21.03940742582229,15.378645
              105.80551023000919,21.03940740927893,15.857914
              105.80551048051463,21.039407303211856,15.75205
              105.80551056874204,21.039407291516373,15.711372
              105.80551056874204,21.039407291516373,15.711372
              105.80551105017896,21.039407213801326,16.157251
              105.80551112713013,21.039407210329482,15.566393
              105.80551133975433,21.039407203879215,15.840706
              105.80551145918993,21.03940720178748,16.193232
              105.80551160592353,21.039407200071913,16.352804
              105.80551171121449,21.0394072050118,16.453968
              105.80551171121449,21.0394072050118,16.453968
              105.80551188027113,21.039407236655723,15.656092
              105.80551196862704,21.03940725329028,15.860523
              105.80551205486724,21.039407269541336,15.897028
              105.80551212700637,21.039407283189323,15.709808
              105.80551223410096,21.03940730893258,15.905891
              105.80551232153208,21.039407333439033,16.191145
              105.80551239482088,21.039407354095033,15.404722
              105.80551247828215,21.039407377702585,16.211483
              105.80551255967818,21.039407400692145,16.07955
              105.80551262791398,21.039407419823917,16.088413
              105.80551264111782,21.03940740642752,16.35854
              105.80551274276246,21.039407417403236,15.61698
              105.80551279518764,21.039407422357776,16.967594
              105.80551284606159,21.039407426700837,16.838799
              105.80551284606159,21.039407426700837,16.838799
              105.80551299836907,21.03940736644841,15.833927
              105.80551304671192,21.039407349129906,16.182802
              105.80551304671192,21.039407349129906,16.182802
              105.80551319792941,21.039407319383933,16.400257
              105.80551321404066,21.039407325250405,16.119703
              105.80551325654119,21.039407339399954,16.500898
              105.80551328214567,21.039407347042243,16.271975
              105.8055132987778,21.039407384714664,15.885553
              105.805513320635,21.039407404585752,16.421635
              105.80551332368928,21.039407407351664,16.317863
              105.80551336860154,21.039407447338107,16.696444
              105.80551338910489,21.039407465209464,16.27823
              105.80551340068402,21.039407475239866,15.728582
              105.8055133839624,21.039407664504957,15.644619
              105.80551338367556,21.039407712245236,15.45583
              105.80551338290225,21.039407752543525,16.471174
              105.80551338191323,21.03940778569539,15.829231
              105.80551333113334,21.03940792446487,16.253723
              105.80551328770576,21.03940810089782,15.80055
              105.80551327142703,21.039408163104383,15.695728
              105.80551322665015,21.03940832320404,16.617704
              105.80551320130266,21.039408408767372,15.745272
              105.80551315139478,21.039408500785857,16.036264
              105.8055130531624,21.03940876323485,16.61614
              105.805513019173,21.039408855522026,15.56587
              105.805513019173,21.039408855522026,15.56587
              105.80551288696269,21.039409096326555,16.45188
              105.80551285280119,21.039409149726488,15.911108
              105.80551281848822,21.03940920328764,15.752571
              105.80551278891616,21.039409249437742,15.619587
              105.80551275920871,21.03940929608452,16.446144
              105.80551273433393,21.03940933534142,15.471476
              105.80551274054116,21.039409318141796,15.902763
              105.80551274037823,21.03940932284637,16.49464
              105.80551274035528,21.03940933431713,16.221392
              105.8055127406582,21.03940934393309,16.499855
              105.80551279347806,21.039409258374643,16.246422
              105.80551281747167,21.039409236245717,15.420366
              105.80551284146297,21.039409214554844,16.61614
              105.80551286556441,21.039409193277596,17.045807
              105.80551288631099,21.039409175473818,15.821411
              105.80551290015273,21.03940916384347,16.062342
              105.80551300632716,21.039409022901644,16.733467
              105.80551302710356,21.039409004428574,16.05556
              105.80551308205982,21.039408960322167,15.716589
              105.80551311199673,21.0394089388951,16.251116
              105.80551314221819,21.039408942480936,15.890768
              105.80551316323555,21.03940896021632,15.476692
              105.80551319426245,21.039408988968127,16.70948
              105.80551321698248,21.03940901151882,16.5301
              105.80551324064793,21.039409036020388,16.031052
              105.8055132736942,21.039409085187998,15.793249
              105.80551329268071,21.03940912067505,16.05191
              105.80551336673365,21.039409263316973,16.410686
              105.80551338639938,21.039409302622726,15.62376
              105.8055134729792,21.039409410669982,15.913195
              105.80551351475687,21.03940946332409,16.033659
              105.80551356218645,21.03940952443471,16.557217
              105.80551359947567,21.039409573174037,15.252436
              105.80551363723988,21.039409622846467,16.123875
              105.80551365408999,21.039409640503685,16.669329
              105.805513714074,21.039409746710803,16.12231
              105.80551373602529,21.039409785401002,16.406515
              105.80551373921725,21.039409790986564,15.893377
              105.80551386779045,21.039409716745805,15.885553
              105.80551390156872,21.039409702342216,15.753614
              105.80551398524341,21.03940960419101,16.587461
              105.80551401278005,21.039409589207697,16.648993
              105.80551409550473,21.039409542941975,16.455011
              105.80551412300464,21.039409527180265,16.175503
              105.80551421445155,21.039409382006113,15.829231
              105.80551426365035,21.03940931613067,16.113445
              105.80551427068369,21.039409306680806,16.127005
              105.80551437532523,21.039409163348424,15.819845
              105.805514423792,21.039409095474877,16.586418
              105.80551448582749,21.03940900704548,15.940313
              105.80551450153484,21.039408960232603,16.282406
              105.80551455722771,21.0394089071323,16.251116
              105.80551458939969,21.039408875144776,16.979586
              105.80551460757158,21.039408856572372,17.007742
              105.80551465253204,21.039408809279102,16.42007
              105.8055146941032,21.039408774322922,16.618748
              105.80551472425353,21.039408757603688,16.049303
              105.8055148197621,21.03940870259322,16.939957
              105.80551486068613,21.039408677619406,16.86122
              105.80551489518037,21.03940865562564,16.383049
              105.80551493808706,21.03940863943728,16.964987
              105.80551493808706,21.03940863943728,16.964987
              105.80551502474258,21.039408597991752,16.642733
              105.80551505873656,21.03940857969537,16.541573
              105.80551507294777,21.039408571668766,16.733988
              105.80551509495413,21.039408586143193,16.40912
              105.80551510425464,21.039408597145773,16.528536
              105.80551510797439,21.03940860178114,16.497248
              105.80551512361978,21.039408623362906,16.331945
              105.80551513046264,21.039408634278367,16.362188
              105.80551513645875,21.039408645195458,16.36636
              105.80551512273172,21.0394087222062,15.980467
              105.80551512460421,21.039408740513167,17.329979
              105.8055151282184,21.039408808479536,16.393476
              105.80551512848228,21.03940884035307,15.840706
              105.80551512831478,21.039408858767516,15.555441
              105.80551507814761,21.03940907274017,15.76248
              105.80551506670153,21.03940911847828,16.507677
              105.80551506152005,21.03940913815965,16.223478
              105.80551502584633,21.039409279220354,16.459703
              105.80551501098573,21.039409352469395,16.806469
              105.8055150043884,21.039409384118205,16.684452
              105.80551497481635,21.039409522601083,16.253723
              105.80551495845498,21.039409597970355,17.163128
              105.80551494900072,21.03940964128534,16.617704
              105.80551491118375,21.03940985461313,16.69123
              105.80551489779405,21.039409933871127,16.773098
              105.80551489198612,21.03940996793166,16.273018
              105.80551487245116,21.039410082193065,16.072248
              105.80551486653306,21.03941011661837,16.737638
              105.80551484628216,21.039410298442284,16.190624
              105.80551484013921,21.03941036132465,16.91545
              105.80551481961062,21.039410576562606,16.715216
              105.80551481154009,21.03941066598535,16.374706
              105.80551480812326,21.03941070448014,16.455011
              105.80551482513172,21.03941087448155,16.481606
              105.80551483674301,21.039411005602233,16.438845
              105.80551483674301,21.039411005602233,16.438845
              105.80551485786361,21.039411231915235,16.745981
              105.8055148617417,21.03941127238044,16.372097
              105.80551488999659,21.03941143239949,16.860176
              105.80551489765635,21.039411493554077,16.208355
              105.8055149095476,21.039411586536602,16.237558
              105.80551491916937,21.039411659676535,16.298048
              105.80551492779063,21.039411722825964,16.891464
              105.80551500989802,21.039411947450272,16.375227
              105.80551503045412,21.039412015431296,16.648993
              105.80551503345563,21.039412025203585,16.757975
              105.80551508369165,21.039412170177442,16.499855
              105.80551510082404,21.03941224212047,16.74181
              105.80551512146504,21.039412325250908,16.868519
              105.80551512146504,21.039412325250908,16.868519
              105.80551512146504,21.039412325250908,16.868519
              105.80551518107269,21.039412596606674,16.455011
              105.8055151906302,21.03941267136528,16.771534
              105.8055151906302,21.03941267136528,16.771534
              105.8055152187589,21.039412898401313,15.843834
              105.80551522946836,21.039412974078363,16.00289
              105.80551523948479,21.039413055282353,16.303785
              105.80551533714352,21.03941350251984,15.546055
              105.80551535523738,21.03941364388832,16.05191
              105.80551541080175,21.039413900376392,17.272625
              105.8055154334621,21.0394140048655,15.63158
              105.80551543983226,21.039414034553662,15.959085
              105.80551550454796,21.03941439619199,16.829412
              105.80551552903951,21.03941453388833,15.850094
              105.80551556031654,21.0394147285167,16.313692
              105.80551556031654,21.0394147285167,16.313692
              105.80551562993149,21.039415444157584,16.500898
              105.80551564519597,21.03941560176328,15.821411
              105.80551565855123,21.03941573740452,15.973167
              105.80551567441235,21.039415896477447,16.579119
              105.80551570445942,21.039416106922893,16.581203
              105.80551577672932,21.039416551141244,16.772055
              105.80551580166377,21.03941670747838,16.654728
              105.80551582628611,21.039416864755133,15.803158
              105.8055158670587,21.039417020493,16.7173
              105.8055158670587,21.039417020493,16.7173
              105.80551620614037,21.03941829811805,16.157772
              105.80551623089352,21.03941838414386,16.816896
              105.80551631816404,21.0394186914915,15.945005
              105.80551633134031,21.039418763045326,16.474825
              105.80551638697352,21.03941907773073,16.840363
              105.80551641604073,21.039419250207377,16.352804
              105.80551641604073,21.039419250207377,16.352804
              105.80551649505715,21.03941977843064,16.188017
              105.80551651514055,21.039419948386456,15.839663
              105.80551652362641,21.039420021606183,15.33536
              105.8055166325981,21.039420853592876,17.16782
              105.80551665456086,21.039420997869758,16.054518
              105.80551666912775,21.039421093967494,16.46909
              105.80551679701021,21.039421651777957,17.60789
              105.80551683810178,21.039421781231113,16.417463
              105.80551685560133,21.039421836567268,16.155165
              105.80551702288413,21.039422291083902,16.958208
              105.80551705056075,21.039422390689307,17.064056
              105.80551705443654,21.039422404801403,16.849226
              105.80551714640434,21.039422748582215,17.062492
              105.80551720203526,21.039422809039827,17.2184
              105.80551720203526,21.039422809039827,17.2184
              105.80551736038474,21.039423212486827,15.812544
              105.80551739664591,21.03942330499873,16.482649
              105.80551743808626,21.03942330100253,16.927963
              105.8055176286605,21.039423668933164,16.234951
              105.80551763811705,21.0394237094228,16.911278
              105.80551765955661,21.03942380244929,16.854963
              105.80551767121379,21.039423854184953,17.446775
              105.80551768390359,21.039423911284715,17.01452
              105.80551768390359,21.039423911284715,17.01452
              105.80551765837023,21.0394241978876,17.368042
              105.80551765925829,21.039424212931166,16.389826
              105.80551765925829,21.039424212931166,16.389826
              105.80551766179627,21.039424347329906,17.386293
              105.80551769577876,21.0394243142269,16.420593
              105.80551770016399,21.03942431687149,16.343937
              105.80551780008759,21.039424306556928,16.791868
              105.80551781096916,21.039424306384312,17.055191
              105.80551792908528,21.039424304687472,16.940477
              105.80551797442897,21.039424298102045,17.073444
              105.80551797442897,21.039424298102045,17.073444
              105.80551797442897,21.039424298102045,17.073444
              105.80551815116145,21.03942441515134,16.657335
              105.80551818368453,21.03942445283028,16.649513
              105.80551821122117,21.03942448611242,17.049456
              105.80551823398251,21.03942451458739,16.40912
              105.80551823398251,21.03942451458739,16.40912
              105.80551841687861,21.03942484680625,17.078657
              105.80551844047292,21.039424904267523,16.080593
              105.80551847097892,21.03942498141343,16.84297
              105.80551847385881,21.039424990233083,16.625526
              105.80551863451447,21.039425565578632,16.797083
              105.80551865202777,21.039425641086325,16.927963
              105.80551865950397,21.03942567356401,17.1016
              105.80551874562023,21.039426060075193,17.23039
              105.8055187581632,21.039426118526563,17.16782
              105.80551885775635,21.039426573054595,17.386293
              105.80551886797244,21.039426620579103,17.158436
              105.80551890212935,21.039426888096624,16.845577
              105.80551890824249,21.03942695746834,17.196499
              105.8055189175774,21.03942707395745,17.5521
              105.8055189175774,21.03942707395745,17.5521
              105.80551895387072,21.0394279273533,17.060406
              105.80551895509609,21.03942797386166,17.539585
              105.80551895509609,21.03942797386166,17.539585
              105.80551897380724,21.0394283375388,17.296612
              105.80551893777555,21.039428420214904,18.125093
              105.80551893777555,21.039428420214904,18.125093
              105.80551890331343,21.039428599604296,17.503086
              105.80551889066952,21.03942866622068,17.896214
              105.80551886817668,21.039428783820394,17.74084
              105.80551887211672,21.039428837516706,17.600067
              105.80551887211672,21.039428837516706,17.600067
              105.80551890150979,21.03942893852583,18.48952
              105.80551891528957,21.039428965492863,18.21581
              105.80551891730435,21.039428969362046,18.32373
              105.80551895354027,21.039429035965405,18.970182
              105.80551896706994,21.039429059659266,18.162111
              105.80551896706994,21.039429059659266,18.162111
              105.80551902669137,21.03942917090153,18.247612
              105.80551904077409,21.03942920311867,18.491083
              105.8055190470249,21.039429216585898,18.439993
              105.80551915118683,21.03942927091079,18.721512
              105.8055191828953,21.0394292914129,18.50568
              105.80551919643413,21.03942929960723,19.053072
              105.80551939462684,21.03942922038343,18.77521
              105.80551943234747,21.039429199653338,19.367935
              105.80551943772168,21.03942919658535,19.464893
              105.80551961896559,21.03942915314172,18.372217
              105.80551963495978,21.039429152842086,18.679287
              105.80551963495978,21.039429152842086,18.679287
              105.8055197517014,21.039429110248506,18.522884
              105.80551977073382,21.039429104428446,18.540089
              105.80551977073382,21.039429104428446,18.540089
              105.80552000158269,21.03942907502526,18.348234
              105.805519989618,21.03942904555694,18.54374
              105.805519989618,21.03942904555694,18.54374
              105.80551999585508,21.039428962219688,18.11884
              105.8055199982232,21.039428952615125,17.71008
              105.80552000042616,21.039428944612954,18.491083
              105.80552023782873,21.039428929484707,16.750153
              105.8055202544884,21.039428952452283,17.174078
              105.80552026564304,21.03942897501926,16.428938
              105.80552033400507,21.039429059353118,17.125065
              105.8055203538062,21.039429091524656,16.137434
              105.8055203538062,21.039429091524656,16.137434
              105.80552058298224,21.039430072245285,14.6297
              105.80552057666944,21.03943012450531,15.256084
              105.80552057666944,21.03943012450531,15.256084
              105.80552048091077,21.039430235998356,14.609882
              105.80552045474178,21.03943024300718,14.739752
              105.8055204306908,21.03943024480172,14.137321
              105.80552036298508,21.039430248924944,14.50765
              105.80551948745057,21.039429697970228,13.781063
              105.8055194699235,21.039429703832628,13.6741295
              105.80551945095075,21.03942970958429,13.916161
              105.80551943324927,21.03942971352838,13.093538
              105.80551942700076,21.039429714707378,13.519203
              105.80551594959981,21.039430213372754,13.372103
              105.8055157213761,21.039430203944065,14.386124
              105.80551302439578,21.039430039969524,14.292236
              105.80551256764315,21.039430005368345,14.475836
              105.80551217528269,21.039429975418003,13.886429
              105.80550975243196,21.039429765387812,14.027266
              105.80550901394504,21.039429697292796,13.836876
              105.80550901394504,21.039429697292796,13.836876
              105.80550610922369,21.039429424225535,13.5155525
              105.80550547840505,21.039429370639958,14.076817
              105.80550494193155,21.039429325317105,13.2375145
              105.80550494193155,21.039429325317105,13.2375145
              105.80550001825094,21.039428947980575,13.443045
              105.80549912783057,21.039428884327958,13.723682
              105.8054982176297,21.039428819066433,13.910944
              105.8054982176297,21.039428819066433,13.910944
              105.80549578131128,21.039428637162725,13.511379
              105.80549480477467,21.03942855955434,14.265635
              105.80549395297444,21.0394284916352,14.050735
              105.80549308799793,21.03942842232211,13.956324
              105.80548429597862,21.039427707080193,14.249989
              105.80548331159405,21.039427627459055,13.734116
              105.80548114116029,21.039427449698106,13.219255
              105.80547995114581,21.039427351418254,13.894255
              105.80547874728958,21.039427251763996,13.434698
              105.8054775733244,21.03942714412385,13.897383
              105.8054775733244,21.03942714412385,13.897383
              105.8054775733244,21.03942714412385,13.897383
              105.80545954326095,21.03942533517335,13.633965
              105.80545821119411,21.039425217104643,13.681431
              105.80545706361359,21.03942511550928,13.872868
              105.805455897042,21.03942504084838,13.729942
              105.805455897042,21.03942504084838,13.729942
              105.80543743687909,21.039423525496563,13.208822
              105.80543606752765,21.039423381213165,13.017895
              105.80543606752765,21.039423381213165,13.017895
              105.80542560865095,21.03942223663362,13.306374
              105.80542466826535,21.0394221478362,13.707514
              105.80542368953955,21.03942204515629,13.8034935
              105.80542336960046,21.039422011046902,13.142052
              105.80541288373786,21.039420750940653,14.353264
              105.80541233753014,21.039420642100342,13.765413
              105.80541211295045,21.039420595492643,13.865044
              105.80541211295045,21.039420595492643,13.865044
              105.80540915389928,21.039420006920874,13.758633
              105.80540888849194,21.039419942576167,13.879126
              105.80540860673698,21.039419868568274,13.866087
              105.80540838951875,21.03941980596763,14.539469
              105.80540838951875,21.03941980596763,14.539469
              105.80540736018979,21.039419467775637,13.367407
              105.80540733302028,21.039419454985836,14.242165
              105.80540733302028,21.039419454985836,14.242165
              105.80540733302028,21.039419454985836,14.242165
              105.80540723705506,21.039419363413547,14.1754
              105.80540723420046,21.039419333129374,13.559893
              105.80540723876237,21.039419306610164,13.957369
              105.80540725189734,21.039419274822937,14.050215
              105.80540725719355,21.03941926554243,13.721598
              105.80540725719355,21.03941926554243,13.721598
              105.80540728612539,21.039418908372554,14.0846405
              105.80540719587863,21.039418923776005,14.375692
              105.8054071957134,21.03941891698865,14.096638
              105.8054071957134,21.03941891698865,14.096638
              105.80540711896876,21.039418832066925,14.534252
              105.80540710918409,21.03941880901956,13.378883
              105.80540710918409,21.03941880901956,13.378883
              105.80540697015157,21.039418687405732,14.082033
              105.80540695432717,21.039418660485925,14.97393
              105.80540689011171,21.03941855519562,15.066765
              105.80540685394692,21.03941849607333,14.531645
              105.80540682261021,21.03941844256592,14.394989
              105.80540675171254,21.03941841602391,15.029215
              105.80540673588814,21.039418374283635,14.488354
              105.80540672096329,21.03941832426272,14.681858
              105.80540671103174,21.039418272841345,14.913952
              105.80540670916842,21.03941825785803,15.173161
              105.80540669210488,21.03941812767859,15.361435
              105.80540670949887,21.039418060360344,15.733797
              105.80540670949887,21.039418060360344,15.733797
              105.80540675441114,21.039417914228665,15.690514
              105.80540677114423,21.03941786515225,15.330143
              105.80540680372008,21.03941767368143,15.972124
              105.80540682965042,21.0394175599737,15.164295
              105.80540687537042,21.039417347194693,16.044088
              105.80540689882247,21.03941723217281,15.064159
              105.80540691189321,21.039417166443922,16.393476
              105.80540706451046,21.039416790810748,16.772055
              105.80540708642962,21.03941673676432,16.631784
              105.80540713913476,21.039416624584067,17.049978
              105.80540716445931,21.039416557650135,16.518106
              105.80540717135266,21.039416538685277,16.838278
              105.8054072156224,21.039416407398495,16.468569
              105.8054072299231,21.039416361158825,16.269888
              105.8054072299231,21.039416361158825,16.269888
              105.80540728104027,21.039416233783566,17.22987
              105.80540728966842,21.03941620372086,17.26011
              105.80540729321149,21.039416190960374,17.349792
              105.80540729321149,21.039416190960374,17.349792
              105.80540728095767,21.039416019548728,17.314337
              105.80540727779096,21.039415968555634,16.9848
              105.80540727637741,21.039415946563498,16.525928
              105.80540710658646,21.039415921902343,18.524448
              105.80540710291491,21.03941590496164,17.092215
              105.80540710098735,21.03941588324471,17.7325
              105.80540709616842,21.03941587254583,17.201714
              105.80540728612539,21.03941554560476,17.67619
              105.80540732354768,21.03941551558928,17.282532
              105.80540737701467,21.039415451011706,17.944702
              105.80540739169169,21.039415428428445,17.743448
              105.80540784491735,21.03941489949192,17.66159
              105.80540793010654,21.039414829670754,17.458767
              105.80540798755716,21.039414782818795,17.270018
              105.80540830892815,21.039414522717205,16.774662
              105.80540845716712,21.039414471654087,17.738754
              105.80540845716712,21.039414471654087,17.738754
              105.80540845716712,21.039414471654087,17.738754
              105.80540931628289,21.039414020628836,17.48849
              105.80540938728154,21.03941398443667,18.341978
              105.80540938728154,21.03941398443667,18.341978
              105.80540968181349,21.039413922451576,18.167324
              105.80540973498677,21.03941390585122,17.037985
              105.80540973498677,21.03941390585122,17.037985
              105.80540993392067,21.039413830472174,17.7325
              105.80540997059029,21.039413808024076,18.216854
              105.80540999092152,21.039413795371065,16.643257
              105.80541013611307,21.03941367750429,17.930101
              105.80541016339271,21.039413648360025,16.08998
              105.80541016645843,21.039413625087935,17.58964
              105.80541017110295,21.039413615261903,17.096907
              105.8054102038532,21.03941342885066,17.015564
              105.80541020187975,21.039413405961252,17.715815
              105.80541020187975,21.039413405961252,17.715815
              105.80541018814814,21.039413293396688,17.310686
              105.80541016257577,21.039413313211597,18.169409
              105.80541016537533,21.039413309757666,17.80028
              105.80541016537533,21.039413309757666,17.80028
              105.8054104113051,21.039413320555877,17.727285
              105.80541048382746,21.03941332344311,17.845638
              105.80541068033813,21.03941333651463,17.704865
              105.80541083319405,21.039413350208214,16.142649
              105.80541085686637,21.039413352533632,16.194798
              105.80541120691221,21.039413431159794,17.224134
              105.80541140361565,21.039413469398916,17.390465
              105.80541140361565,21.039413469398916,17.390465
              105.80541201720551,21.039413589742555,16.895115
              105.80541228248438,21.039413642048178,16.94882
              105.8054129054918,21.03941379102475,17.124542
              105.80541325218734,21.039413862318025,17.68766
              105.8054140795901,21.039414031544297,17.264282
              105.80541457013706,21.03941413137117,17.410278
              105.80541517062868,21.039414252954057,16.903978
              105.80541532754167,21.039414284659863,17.029642
              105.80541532754167,21.039414284659863,17.029642
              105.80541958448669,21.03941543383488,17.328936
              105.80542074111754,21.039415733111944,16.656815
              105.80542074111754,21.039415733111944,16.656815
              105.80542234163914,21.039416141947466,16.544703
              105.80542324547443,21.03941637167043,17.17147
              105.80542404251345,21.03941657362843,16.848705
              105.80542486964083,21.03941689608965,17.185028
              105.80542542194331,21.039417057087395,17.453552
              105.80543325796376,21.039419403331593,16.851833
              105.80543422939233,21.039419685501855,16.493076
              105.80543422939233,21.039419685501855,16.493076
              105.80544024132116,21.03942144274763,16.134306
              105.80544129478142,21.039421729926985,16.1682
              105.8054474151312,21.039423499688983,17.5448
              105.80544930626536,21.03942403228136,16.468569
              105.80544930626536,21.03942403228136,16.468569
              105.80545326352906,21.03942536291552,16.346544
              105.80545463363319,21.039425800882277,16.208876
              105.80545483083229,21.039425863831408,16.298048
              105.805459887212,21.03942752646296,16.75276
              105.80546137393382,21.039427975206756,16.858612
              105.80546201643719,21.039428168320672,16.938393
              105.80546593977573,21.039429336087633,16.690187
              105.8054674104437,21.039429831799012,16.718344
              105.80546762712038,21.039429897050763,16.998878
              105.8054771900143,21.03943280755895,16.471174
              105.80547854405997,21.039433213315082,15.659742
              105.80548009359288,21.039433680619887,16.192188
              105.80548117539291,21.03943400937016,16.535315
              105.80549244923957,21.039437693506493,17.39307
              105.80549326102445,21.039437988997427,15.506418
              105.8054941632259,21.0394383242973,16.21044
              105.8054947778897,21.039438557979015,16.997314
              105.8054986683174,21.039439994002812,17.274712
              105.80549918127002,21.03944018597682,16.532707
              105.80549947851891,21.039440251619396,17.239254
              105.80549970524648,21.03944032252836,16.964987
              105.80549970524648,21.03944032252836,16.964987
              105.80550130774611,21.039440845040673,18.563028
              105.80550146652699,21.03944089070224,16.4086
              105.80550163497784,21.03944093737019,17.419142
              105.80550165764049,21.039440943538736,17.162607
              105.80550250179012,21.03944092986632,17.827913
              105.80550261293261,21.039440924179793,17.712687
              105.80550288968506,21.039440836761663,18.128744
              105.80550304735071,21.03944084662352,17.5448
              105.80550306894402,21.03944084784811,17.59798
              105.80550334867044,21.039440859784605,17.978592
              105.8055035074651,21.039440862295667,16.60832
              105.8055035074651,21.039440862295667,16.60832
              105.80550387926947,21.03944080340136,18.252306
              105.80550400196816,21.03944079754222,17.055714
              105.80550414046832,21.039440789172016,16.954037
              105.80550421770401,21.039440783560398,16.844013
              105.80550604477419,21.03944065736576,16.68706
              105.80550616528373,21.03944064959808,15.573694
              105.8055063731762,21.039440572146027,16.525928
              105.80550646666312,21.039440535401816,16.449272
              105.80550646666312,21.039440535401816,16.449272
              105.80550748492693,21.039439954871302,16.352804
              105.80550758259024,21.03943989728301,15.81724
              105.8055078955901,21.039439724397624,16.138477
              105.80550799365727,21.0394396916659,15.705637
              105.80550808797946,21.039439664838913,16.06547
              105.80550815063452,21.039439647805388,16.666199
              105.80550815063452,21.039439647805388,16.666199
              105.80550905290022,21.039438846288512,12.834267
              105.80550910398529,21.03943870117787,12.9417305
              105.80550911007548,21.039438685990998,12.55673
              105.80550922119501,21.039438496873284,12.990246
              105.8055092628855,21.03943845010437,14.004314
              105.80550936985618,21.039438439571594,13.356974
              105.80550939906797,21.03943847301332,12.554121
              105.80550944174519,21.03943854199421,12.695499
              105.80550947563361,21.039438606223296,12.687674
              105.80550949551049,21.039438645993155,12.272921
              105.80550952506647,21.039438859775284,12.799313
              105.80550954045027,21.039438963018632,12.528034
              105.80550955788557,21.039439066489965,12.647503
              105.80550955788557,21.039439066489965,12.647503
              105.80550959493154,21.039439415882395,12.118492
              105.80550961323424,21.039439521304605,12.318832
              105.80550962624987,21.039439594968897,12.222315
              105.8055096489355,21.039439723749503,12.206142
              105.8055096658751,21.03943982085362,12.221273
              105.80550968330122,21.039439914954883,11.99589
              105.80550969149338,21.039439965742794,11.982323
              105.8055099173168,21.039439988234864,11.474144
              105.80550993429314,21.039439949233632,11.273264
              105.80550998563982,21.03943983988687,11.0447235
              105.80551000319902,21.039439802374037,11.108902
              105.80551000319902,21.039439802374037,11.108902
              105.80551001227235,21.039439580286846,11.54458
              105.80551000115211,21.03943955340775,10.496311
              105.80551000115211,21.03943955340775,10.496311
              105.80550983723566,21.039439372849134,10.086151
              105.80550981252152,21.03943934902174,10.060581
              105.80550979936817,21.03943933006014,10.163906
              105.8055098150044,21.039439310424363,10.412819
              105.80551038286968,21.039439223025774,10.775478
              105.80551050071733,21.039439209157944,10.296452
              105.80551147425247,21.039439203696144,10.902798
              105.80551173552246,21.039439223781372,10.168079
              105.8055118537304,21.03943923393309,10.770782
              105.8055134293451,21.039439525434336,11.288916
              105.80551376391074,21.039439590581868,10.258358
              105.80551417304103,21.039439670785992,10.389336
              105.80551465220849,21.039439741095688,10.009441
              105.80551465220849,21.039439741095688,10.009441
              105.80551465220849,21.039439741095688,10.009441
              105.80552100221388,21.039440865790308,10.0825
              105.80552156908783,21.039440988206955,9.732334
              105.80552176011184,21.039441029491268,9.281956
              105.80552478322699,21.03944174850466,10.012051
              105.80552546653738,21.039441927102626,9.668144
              105.80552546653738,21.039441927102626,9.668144
              105.80552880654882,21.03944285284698,10.371071
              105.80552929662767,21.03944298491705,9.719288
              105.8055305821943,21.03944333394145,10.60537
              105.8055311798921,21.039443497782457,10.098675
              105.80553323398696,21.039444036162326,10.069973
              105.80553383899918,21.039444183090314,8.975079
              105.80553414242547,21.039444257021675,9.996395
              105.80553687409048,21.039444915294105,10.771305
              105.80553754720886,21.03944507730474,10.15086
              105.80553774000553,21.039445123956405,9.784
              105.80554041033841,21.03944575430102,10.024052
              105.80554111071288,21.039445914565963,10.8234825
              105.80554241853086,21.039446212392086,10.724342
              105.80554312576425,21.039446373301896,10.3820305
              105.80554353084666,21.039446465654212,10.34185
              105.80554353084666,21.039446465654212,10.34185
              105.80554776274593,21.03944717221652,10.378902
              105.80554842845036,21.039447249062793,9.634224
              105.80554892426895,21.039447339796435,10.737389
              105.80555039625592,21.03944761220906,10.147728
              105.80555107541709,21.03944774031875,10.129986
              105.8055511720231,21.039447758668057,9.921768
              105.80555265324145,21.039448072404078,9.851318
              105.805553293134,21.039448225884925,9.691631
              105.80555382531695,21.039448354274704,9.878979
              105.80555433744173,21.039448478772506,10.885059
              105.80555560090335,21.039448788668654,11.450142
              105.80555606314665,21.039448901330925,11.028027
              105.80555606314665,21.039448901330925,11.028027
              105.80555708368225,21.039449160497785,10.880882
              105.80555741668003,21.039449248329543,11.245089
              105.80555767464618,21.039449318173506,10.45874
              105.80555776679815,21.039449290222894,10.868359
              105.80555818980405,21.039449350104036,10.488483
              105.8055583273536,21.03944936616375,11.444403
              105.80555839044406,21.039449372697067,11.386486
              105.80555857781144,21.03944938833013,10.175907
              105.80555857885265,21.039449291007802,11.130817
              105.80555857885265,21.039449291007802,11.130817
              105.80555874481888,21.039449225215407,10.780697
              105.80555880704654,21.039449191334004,10.192608
              105.80555889538238,21.03944913016313,10.0840645
              105.80555887574072,21.03944902435661,11.329092
              105.80555894589664,21.039448941605603,9.973431
              105.80555897149365,21.039448903780105,10.876709
              105.80555898981814,21.039448872758246,10.013618
              105.80555931736367,21.039448531521064,10.3235855
              105.80555933515866,21.039448515663278,10.484829
              105.80555940426933,21.039448449199963,11.491882
              105.80555943172337,21.039448419777237,10.352287
              105.80555970929274,21.03944810233162,10.19574
              105.80555974743444,21.039448056328077,10.1138115
              105.80555974743444,21.039448056328077,10.1138115
              105.80556001320896,21.039447725946104,10.517704
              105.80556002990879,21.03944770186793,11.0582905
              105.80556009022551,21.039447607805748,10.011528
              105.80556019568856,21.039447479468077,10.64555
              105.80556023438903,21.039447420274136,10.766609
              105.80556027016142,21.03944736177066,9.665535
              105.80556029775315,21.03944731349055,10.804699
              105.80556029775315,21.03944731349055,10.804699
              105.80556044607815,21.039446967045603,10.475437
              105.80556046141949,21.039446906083175,10.859489
              105.80556048279365,21.039446826032123,10.884014
              105.80556048279365,21.039446826032123,10.884014
              105.80556048279365,21.039446826032123,10.884014
              105.80556059164715,21.039446417139608,10.60276
              105.80556060712621,21.039446350852167,10.30167
              105.80556060939338,21.03944634136485,9.820007
              105.80556063944962,21.0394460055569,10.725388
              105.8055606421815,21.03944595438142,10.782261
              105.80556064401152,21.039445923857865,10.161297
              105.80556066470302,21.039445683652605,10.551624
              105.80556067137607,21.039445632695337,10.661205
              105.80556067577275,21.03944559733856,11.275873
              105.80556067577275,21.03944559733856,11.275873
              105.80556068406703,21.03944535541692,10.50153
              105.80556068312046,21.0394453114815,10.66016
              105.80556067800093,21.0394452377195,10.709732
              105.80556063608098,21.03944521060591,10.2808
              105.80556063608098,21.03944521060591,10.2808
              105.80556053887662,21.03944515331399,10.511967
              105.80556047705112,21.039445134733445,10.774437
              105.80556045293706,21.03944512729797,10.718601
              105.80556015536001,21.03944506561577,10.592323
              105.80556008639446,21.039445054845242,10.467087
              105.80556008639446,21.039445054845242,10.467087
              105.80555960845757,21.03944498678931,10.583454
              105.80555952576904,21.039444977490895,10.644505
              105.80555945501821,21.039444971149734,10.760868
              105.80555941978623,21.03944496858982,11.267523
              105.8055587632346,21.039444858204114,10.322544
              105.80555871673897,21.03944484570092,10.241138
              105.8055586640717,21.039444831859146,10.411255
              105.8055586204502,21.039444820873666,10.163906
              105.8055586204502,21.039444820873666,10.163906
              105.8055580959081,21.03944478781625,10.760868
              105.80555806118495,21.03944484839111,9.889416
              105.80555803228755,21.03944490580679,10.147209
              105.80555801816182,21.039444936401996,10.838097
              105.80555789360325,21.03944543674467,10.592323
              105.80555788855372,21.039445480732198,11.029072
              105.80555782345193,21.0394460345888,10.076237
              105.80555781440384,21.03944615882279,10.5109215
              105.80555781323983,21.039446177194897,10.628853
              105.80555820878253,21.03944645240519,10.024574
              105.80555833249147,21.03944650164608,10.675816
              105.80555835253529,21.03944653756304,10.703472
              105.80555835253529,21.03944653756304,10.703472
              105.80555868817255,21.03944732150575,10.032402
              105.80555871282704,21.0394475200489,10.642418
              105.80555871282704,21.0394475200489,10.642418
              105.80555881087413,21.03944829017915,10.119553
              105.80555884489853,21.03944854901381,10.897057
              105.80555887086732,21.03944876324213,10.075714
              105.80555887643487,21.039448799234,9.919159
              105.80555887643487,21.039448799234,9.919159
              105.80555908012401,21.039450105493607,10.6429405
              105.80555905522284,21.039450442633626,9.966648
              105.80555906080878,21.03945057938384,9.838272
              105.80555906080878,21.03945057938384,9.838272
              105.80555912626222,21.039452014902817,10.027706
              105.80555910382846,21.039452374691237,10.711296
              105.80555910382846,21.039452374691237,10.711296
              105.80555914810796,21.039453449360053,10.509357
              105.80555916168008,21.03945376619663,10.148251
              105.80555917089798,21.039453979718207,10.047535
              105.80555926189454,21.03945516290002,11.000895
              105.80555929738124,21.039455547232343,10.251575
              105.80555930252314,21.039455602501732,10.362202
              105.80555936460165,21.039456273166625,10.61998
              105.80555933083197,21.039456660736295,10.780697
              105.80555933083197,21.039456660736295,10.780697
              105.80555933810106,21.039457516555267,9.826271
              105.80555934030056,21.03945792296278,11.801802
              105.80555934079966,21.039458039930654,11.107859
              105.80555933904132,21.039458746584156,9.922813
              105.80555936015274,21.039459168136194,9.912899
              105.8055593722551,21.039459411334537,10.083023
              105.80555942329084,21.039460402001698,9.8586235
              105.80555944814897,21.039460844098187,10.394554
              105.80555947582445,21.03946121417837,9.467224
              105.80555948532918,21.03946132904881,10.145641
              105.80555948532918,21.03946132904881,10.145641
              105.80555986221405,21.039464260248003,10.461868
              105.80555992157961,21.039464612037506,10.858444
              105.80555992988421,21.039464661548717,10.618416
              105.80556009151972,21.039465256002426,10.734776
              105.80556014217454,21.03946546992786,10.033447
              105.80556017410672,21.039465602274756,10.346027
              105.80556033257092,21.03946621636099,11.448055
              105.80556038773601,21.039466214888876,10.640331
              105.80556040416506,21.039466263195038,10.647118
              105.80556045116782,21.039466371421426,10.202
              105.8055604726441,21.039466403117462,10.7212105
              105.80556049146425,21.039466419232543,10.347069
              105.80556049461835,21.03946639761332,10.577713
              105.80556049120841,21.039466421584017,10.320976
              105.80556049120841,21.039466421584017,10.320976
              105.80556054102217,21.039466325290864,10.191563
              105.80556056022097,21.039466287048487,10.661205
              105.80556058381184,21.039466238488288,10.8532295
              105.80556061384401,21.039466262849807,10.637199
              105.80556061384401,21.039466262849807,10.637199
              105.80556101250347,21.039466442480208,10.914276
              105.80556113146638,21.039466538890608,10.304279
              105.80556125922034,21.039466598068262,10.231224
              105.80556131281239,21.039466620423543,10.220264
              105.80556133446422,21.039466629152002,9.631615
              105.80556144548395,21.039466685763227,10.119553
              105.80556148089264,21.039466685066255,10.953934
              105.80556152924353,21.03946668070854,10.19939
              105.8055615524948,21.03946667588183,10.554234
              105.80556157057259,21.03946666808484,10.052753
              105.80556157252312,21.03946670161776,10.951845
              105.80556157034542,21.039466701656842,11.334833
              105.80556153141434,21.039466699631056,10.886623
              105.80556150171951,21.039466696745453,10.942453
              105.80556150171951,21.039466696745453,10.942453
              105.80556141773044,21.039466705382722,10.881405
              105.80556138713953,21.039466699390047,11.076553
              105.8055612425687,21.039466674129624,10.348637
              105.80556120618935,21.03946666863851,9.750599
              105.80556109228058,21.03946665878968,10.47961
              105.80556099089753,21.039466710522092,10.332977
              105.80556099089753,21.039466710522092,10.332977
              105.80556079351946,21.03946677007103,9.882629
              105.80556068285885,21.039466812052318,10.358551
              105.80556058295247,21.039466854899935,9.447914
              105.80556051160501,21.03946688825047,10.247925
              105.80556045900313,21.039466905446837,9.821575
              105.80556023910124,21.039466996743922,9.876369
              105.80556012316164,21.039467057139653,10.6413765
              105.80555997242145,21.039467147870038,10.046494
              105.80555988043298,21.039467225488192,10.940365
              105.80555986578693,21.039467236939412,10.971674
              105.80555963785868,21.039467431017368,9.56377
              105.80555952634845,21.039467535824024,10.276623
              105.80555941214882,21.039467649938864,9.447914
              105.80555932677261,21.039467739868055,11.1245575
              105.80555932677261,21.039467739868055,11.1245575
              105.80555932677261,21.039467739868055,11.1245575
              105.80555842886572,21.039468784599556,10.58815
              105.80555834629938,21.039468898453848,10.372639
              105.80555834629938,21.039468898453848,10.372639
              105.80555765138978,21.03946998758976,10.187389
              105.80555755958318,21.039470143933414,10.187389
              105.80555752826942,21.039470197424542,9.434345
              105.80555654623866,21.03947162329662,9.934818
              105.80555637278248,21.03947185643769,10.973761
              105.80555634762831,21.03947189033538,10.850098
              105.80555545772712,21.03947293547725,10.42691
              105.8055552357611,21.039473213576404,10.529182
              105.80555520378418,21.039473253864106,10.611111
              105.80555520378418,21.039473253864106,10.611111
              105.80555409886455,21.03947461997229,9.684845
              105.80555391893553,21.039474853178497,10.26149
              105.80555391893553,21.039474853178497,10.26149
              105.80555299058716,21.03947606615432,9.351887
              105.80555283787265,21.03947624702885,10.132595
              105.8055527159662,21.0394763805808,10.693035
              105.80555249110427,21.039476205497017,10.224442
              105.80555107834485,21.039474658989807,10.103893
              105.80555106958657,21.039474425425343,9.123821
              105.80555105009837,21.03947436416328,9.411385
              105.80555105009837,21.03947436416328,9.411385
              105.80555086541919,21.039473703685935,10.276623
              105.8055508221158,21.039473645706817,10.104416
              105.8055508221158,21.039473645706817,10.104416
              105.80555069137759,21.039473463555584,10.647636
              105.8055506479048,21.039473400287278,10.564667
              105.80555061907141,21.039473357498284,10.814613
              105.8055505927129,21.039473437975985,10.289669
              105.80555056168825,21.039473431761845,9.992741
              105.80555054421083,21.039473426707154,9.818443
              105.80555038686128,21.039473451413905,10.621025
              105.80555035775771,21.039473435370475,9.763645
              105.80555030412295,21.03947341721007,9.985958
              105.80555025973632,21.039473350567626,10.802612
              105.8055502163381,21.03947328006903,9.395725
              105.80555017997534,21.039473216709528,10.187389
              105.80555017997534,21.039473216709528,10.187389
              105.80555007537686,21.03947295802143,10.163387
              105.8055500570086,21.03947289221275,10.404991
              105.80554999235557,21.039472638670535,10.04388
              105.8055499640092,21.039472517006228,10.162342
              105.80554994037826,21.03947241110526,9.792351
              105.8055498957365,21.039471987494863,10.243225
              105.80554987472424,21.03947182709313,10.171211
              105.80554985354371,21.03947166566873,10.682598
              105.80554982298342,21.039471329271286,10.162865
              105.8055498156924,21.0394712781642,10.1138115
              105.80554978647055,21.03947109076938,10.410732
              105.80554976894153,21.03947098868548,9.800175
              105.80554976286493,21.039470954696597,9.577862
              105.80554972058204,21.039470734934824,10.528141
              105.80554975627723,21.039470727678477,10.331413
              105.8055497535113,21.039470662169432,9.749035
              105.80554975256233,21.03947064365728,10.024052
              105.80554974568987,21.039470543944397,10.610588
              105.8055497415848,21.03947049997641,10.089283
              105.80554976808973,21.039470466169913,10.284451
              105.80554976724768,21.039470424735782,9.457306
              105.8055497666659,21.039470413219426,10.183739
              105.8055497596614,21.039470347339098,10.7812195
              105.80554975420925,21.03947031643123,10.188957
              105.80554975313869,21.039470283771156,10.493702
              105.80554972949204,21.03947023233838,10.129467
              105.80554970124442,21.039470175883483,10.193649
              105.80554970124442,21.039470175883483,10.193649
              105.80554963307542,21.039470058199093,10.444653
              105.80554962330048,21.039470039530613,10.391945
              105.80554961302231,21.03947002152002,10.844879
              105.80554954113164,21.03946991087051,10.386726
              105.80554952239801,21.0394698858055,10.319935
              105.80554952239801,21.0394698858055,10.319935
              105.80554949354189,21.03946979517282,10.166515
              105.8055494820318,21.0394697669356,10.309498
              105.8055494820318,21.0394697669356,10.309498
              105.80554948628449,21.039469716896775,10.291233
              105.80554948359062,21.0394697081618,9.127995
              105.80554947985767,21.03946969979811,10.22496
              105.80554947226676,21.03946968778671,9.966648
              105.80554947226676,21.03946968778671,9.966648
              105.80554947226676,21.03946968778671,9.966648
              105.8055495364893,21.03946969408553,9.674408
              105.80554954110238,21.039469693785897,10.0751915
              105.80554963794593,21.039469721124213,10.419079
              105.80554964917887,21.039469725814133,10.623634
              105.80554964917887,21.039469725814133,10.623634
              105.80554972266094,21.03946973010671,9.711983
              105.80554972625767,21.039469728113495,10.844879
              105.80554972843758,21.03946972798322,10.021442
              105.80554972889578,21.03946972827634,10.554234
              105.80554972889578,21.03946972827634,10.554234
              105.80554977441298,21.039469794026395,10.004223
              105.80554977637387,21.039469810343405,10.50153
              105.8055498083762,21.0394698040055,10.526577
              105.8055498304915,21.039469796638418,10.06789
              105.80554983708717,21.03946976931964,9.882629
              105.80554984345503,21.039469732282313,10.121117
              105.80554987304461,21.03946970412326,10.021442
              105.80555009937092,21.039468242705507,9.369633
              105.80555013187049,21.039468008574342,9.610218
              105.80555022489965,21.039467421806886,10.185822
              105.80555026891088,21.03946705547864,10.106503
              105.80555032131926,21.03946661546656,9.996395
              105.80555032131926,21.03946661546656,9.996395
              105.80555057002732,21.039464792241116,10.552147
              105.80555060617765,21.03946453455614,10.312107
              105.80555063325275,21.039464337377627,9.732334
              105.80555086578391,21.039462486370933,10.615807
              105.80555102304676,21.03946187440819,9.839317
              105.80555102304676,21.03946187440819,9.839317
              105.80555148144248,21.03945900207399,9.967693
              105.80555164704558,21.03945836544358,10.550056
              105.80555166250882,21.039458274485213,10.907494
              105.80555166250882,21.039458274485213,10.907494
              105.80555204052227,21.039455984866898,10.391945
              105.80555215279837,21.039455279639913,10.814613
              105.80555229686321,21.039454631923057,10.044926
              105.80555232949341,21.039454419795426,10.293842
              105.80555232949341,21.039454419795426,10.293842
              105.80555347103794,21.03944816548268,10.578236
              105.80555359501852,21.03944757312966,10.037098
              105.8055536963092,21.039447090849688,10.145641
              105.80555376338934,21.03944691033667,10.355419
              105.80555446585832,21.039444473093393,10.714428
              105.80555453672588,21.039444355249415,9.634224
              105.8055546068557,21.039444348927795,9.751644
              105.80555463806905,21.039444302188194,10.191563
              105.80555463806905,21.039444302188194,10.191563
              105.80555500966231,21.039443990872044,9.79496
              105.80555505234699,21.03944396087936,10.039707
              105.805555058432,21.039443957036234,9.949429
              105.80555511781708,21.039443981127434,10.037098
              105.80555512670223,21.039443988504285,10.112766
              105.80555512670223,21.039443988504285,10.112766
              105.80555516076794,21.03944404014876,9.539242
              105.80555517392241,21.039444019822522,9.999004
              105.80555517819404,21.039444013702827,10.176952
              105.80555523854518,21.039443947470755,10.715996
              105.80555526077987,21.039443949330437,10.179562
              105.80555528611875,21.039443955241687,9.946819
              105.80555528611875,21.039443955241687,9.946819
              105.8055553545433,21.039443993630627,10.404991
              105.80555535969323,21.039443937198527,10.582413
              105.80555536448287,21.03944393187026,10.484829
              105.8055554113405,21.039443892973246,10.106503
              105.8055554250985,21.0394438866158,9.88002
              105.80555543611487,21.039443883160242,9.397289
              105.80555543611487,21.039443883160242,9.397289
              105.80555548837368,21.039443781568135,9.936382
              105.80555546767243,21.03944380990632,10.194172
              105.80555546611146,21.03944382671186,10.019878
              105.80555545711903,21.039443906150616,10.173298
              105.80555545051769,21.03944395340155,10.047535
              105.80555544262272,21.03944400359345,9.639442
              105.80555544594775,21.03944409015176,9.52985
              105.80555545218824,21.039444157640993,10.239574
              105.80555545848209,21.03944423863654,10.575104
              105.80555546487346,21.03944434626366,10.478046
              105.80555546487346,21.03944434626366,10.478046
              105.80555567788261,21.039445471183004,10.271927
              105.80555570032095,21.039445591254694,10.385685
              105.80555570339645,21.039445608617164,10.246357
              105.8055557853633,21.03944585153541,9.498016
              105.80555581349542,21.039445951499076,9.82262
              105.80555581349542,21.039445951499076,9.82262
              105.80555581349542,21.039445951499076,9.82262
              105.80555597792015,21.039446506886414,10.152946
              105.80555599481103,21.039446592503484,11.024895
              105.80555601024129,21.039446679556843,9.872715
              105.80555601441769,21.039446704647908,9.81218
              105.80555609885077,21.039447337799963,10.124767
              105.80555610283385,21.039447379113586,10.739475
              105.8055561055267,21.039447413851555,10.863663
              105.8055561055267,21.039447413851555,10.863663
              105.8055561055267,21.039447413851555,10.863663
              105.80555610051559,21.03944767772462,10.443085
              105.80555610238466,21.03944771662489,9.931686
              105.80555610391465,21.039447762677284,10.372116
              105.80555610446253,21.039447789260006,10.132595
              105.80555617293756,21.039448386625374,9.823662
              105.80555617787407,21.039448455958006,9.827835
              105.80555622939744,21.039448783418553,10.564148
              105.80555623922572,21.039448958671695,9.981262
              105.80555624909475,21.039449209204548,10.369507
              105.80555625476269,21.039449423947456,11.038986
              105.80555625539776,21.03944945606037,10.216614
              105.8055562607892,21.039450042303468,10.326195
              105.80555624602611,21.03945032162721,10.18478
              105.8055562365799,21.039450489467676,10.35907
              105.80555617020683,21.039451520083826,10.808876
              105.80555620889582,21.039451806488042,10.372639
              105.80555620889582,21.039451806488042,10.372639
              105.80555620287275,21.039452656197092,10.491093
              105.8055561967797,21.03945300054786,9.885239
              105.80555617758093,21.039453731634534,10.327763
              105.80555613891833,21.039454187390415,9.605
              105.80555599567555,21.039455603276874,10.053276
              105.80555596331199,21.03945590537929,10.030315
              105.80555596331199,21.03945590537929,10.030315
              105.80555566700161,21.039458167704883,10.01466
              105.80555558364533,21.039458782051664,9.530373
              105.80555553459797,21.039459141807512,9.956211
              105.80555517319614,21.039460909190353,9.565857
              105.80555505054333,21.039461495332485,8.974556
              105.8055549046909,21.03946219124477,9.266296
              105.80555482014594,21.03946259358117,9.356586
              105.80555358797001,21.03946757085511,9.498016
              105.80555342523475,21.039467996797434,10.230701
              105.80555342523475,21.039467996797434,10.230701
              105.80555342523475,21.039467996797434,10.230701
              105.80555271099814,21.03947034934534,9.635269
              105.80555268951296,21.039470301482112,10.305325
              105.80555268951296,21.039470301482112,10.305325
              105.80555266266875,21.03947012802677,10.250534
              105.80555272875354,21.039469921696405,9.996395
              105.80555278663356,21.039469735350302,10.303234
              105.80555285521557,21.039469508508052,10.682598
              105.80555288488976,21.0394694085737,10.709732
              105.80555288488976,21.0394694085737,10.709732
              105.8055536527646,21.039467812144913,10.551624
              105.80555368830866,21.039467759995624,9.946819
              105.80555368830866,21.039467759995624,9.946819
              105.80555384743721,21.039467618542464,9.952038
              105.8055538612672,21.039467639471226,9.973431
              105.80555392669226,21.0394679026408,10.78957
              105.80555392002896,21.03946794119584,11.1156845
              105.80555392002896,21.03946794119584,11.1156845
              105.80555388395537,21.039468109720257,9.748512
              105.8055538844172,21.03946830698996,10.304279
              105.80555388724659,21.03946845106166,10.23592
              105.80555389057679,21.039468508350318,11.11047
              105.80555389606862,21.039468599360795,11.061941
              105.80555392646306,21.03946883466444,11.586842
              105.80555393942221,21.03946891022424,10.864185
              105.80555394922324,21.039468971017314,10.877232
              105.80555395369623,21.039469000179487,11.836758
              105.8055539737997,21.039469422415475,12.064756
              105.80555396607912,21.039469467751356,12.195707
              105.80555396607912,21.039469467751356,12.195707
              105.80555396881843,21.039469590536033,12.604202
              105.80555396762632,21.03946959541485,13.699167
              105.8055539556717,21.039469598613117,12.989725
              105.80555394674352,21.039469597141004,12.896868
              105.80555394674352,21.039469597141004,12.896868
              105.80555394674352,21.039469597141004,12.896868
              105.80555396135831,21.039469522180468,14.355871
              105.80555396056548,21.039469500079225,14.537903
              105.80555396023131,21.03946949286196,14.2734585
              105.80555391054601,21.039469422246118,15.081369
              105.80555388419546,21.039469392328343,14.266678
              105.8055538532985,21.039469357824874,14.371519
              105.8055538532985,21.039469357824874,14.371519
              105.8055538532985,21.039469357824874,14.371519
              105.80555368525037,21.03946930755155,15.362478
              105.8055536587842,21.03946930931027,15.383339
              105.80555355199881,21.039469342621718,15.567434
              105.80555351226488,21.039469343703008,15.124657
              105.80555347770093,21.039469344979707,15.874601
              105.80555345437166,21.039469346015398,15.363522
              105.80555304574192,21.03946929148858,15.996634
              105.80555303344538,21.039469282082685,15.776562
              105.80555302527932,21.039469275809918,16.188538
              105.80555314562277,21.03946935290697,15.980467
              105.80555317354607,21.03946937393344,16.97385
              105.80555317354607,21.03946937393344,16.97385
              105.80555343201306,21.03946946725631,16.753803
              105.80555349924806,21.039469486471948,16.88625
              105.805553556304,21.03946950300391,16.7173
              105.80555392731898,21.039469626609325,17.073444
              105.805554049876,21.039469677944393,16.900328
              105.80555406739217,21.03946968538964,16.584332
              105.80555477602421,21.039470073037474,17.5448
              105.80555490308717,21.03947017475009,16.692272
              105.80555504779885,21.039470292427964,16.720951
              105.80555504779885,21.039470292427964,16.720951
              105.8055555207631,21.03947062528843,16.81794
              105.80555559806477,21.039470664449254,17.557314
              105.80555611230817,21.0394708660897,16.587461
              105.80555614798591,21.03947087288357,17.144878
              105.80555630117284,21.039470902351894,16.82472
              105.80555637091341,21.03947091593963,16.493076
              105.80555641697879,21.039470924948183,16.27823
              105.80555659109527,21.039470883891852,16.482649
              105.80555667273684,21.03947086950292,16.713129
              105.80555668431141,21.03947086746411,16.76058
              105.80555668431141,21.03947086746411,16.76058
              105.80555699400801,21.039470813562613,16.520714
              105.80555702923141,21.03947083391165,16.58016
              105.80555705853041,21.039470857263534,16.385134
              105.80555705853041,21.039470857263534,16.385134
              105.80555705853041,21.039470857263534,16.385134
              105.80555712168052,21.039471081089907,16.047739
              105.8055571132784,21.03947112877726,15.709286
              105.80555709979981,21.039471181265267,15.881382
              105.80555709308028,21.039471202604396,16.105623
              105.80555709308028,21.039471202604396,16.105623
              105.805556968956,21.0394711728169,16.656292
              105.80555692663445,21.039471112284378,15.376038
              105.80555687319617,21.039471057816186,15.324928
              105.80555686459611,21.039471050703142,15.436533
              105.80555663873712,21.03947084800746,14.470097
              105.80555657583997,21.039470807980308,14.817986
              105.8055565669164,21.03947080330993,14.665169
              105.80555641724152,21.03947076368663,13.87652
              105.80555634487808,21.039470759745797,13.508772
              105.80555634487808,21.039470759745797,13.508772
              105.80555588111623,21.039470670357247,14.376736
              105.80555581745897,21.039470669464862,14.863882
              105.80555580748266,21.03947066973844,14.966108
              105.80555580748266,21.03947066973844,14.966108
              105.80555553531448,21.039470784459063,14.5957985
              105.80555552611783,21.039470830765495,14.4763565
              105.80555552611783,21.039470830765495,14.4763565
              105.80555553462837,21.039471096703426,13.87026
              105.80555554754649,21.039471154565298,13.943285
              105.80555554754649,21.039471154565298,13.943285
              105.80555560743755,21.03947142543416,14.261463
              105.80555564574793,21.039471559220605,14.777824
              105.805555663898,21.039471650120348,14.044477
              105.80555567778624,21.039471727289055,14.758007
              105.80555568615678,21.039471778441737,13.572931
              105.80555576213327,21.039472076153867,14.134193
              105.80555579041513,21.03947217911061,14.527472
              105.80555580869486,21.039472252553434,13.657959
              105.80555583764104,21.039472384744005,13.824356
              105.80555586454032,21.0394725316036,13.962585
              105.80555586454032,21.0394725316036,13.962585
              105.80555595497181,21.03947276752605,14.506086
              105.80555598081209,21.039472864535718,14.0257
              105.80555602330112,21.039473041814645,14.207218
              105.8055560471754,21.03947315407306,14.2734585
              105.80555605355818,21.03947318608827,14.48418
              105.80555619431058,21.03947339364974,14.63596
              105.80555624005811,21.03947346874055,13.644918
              105.80555624646384,21.03947347943617,13.919813
              105.80555634959258,21.039473660936025,14.616659
              105.80555638378966,21.039473724725433,14.012659
              105.80555717760402,21.039473844090377,14.707937
              105.8055572414397,21.03947384123083,14.822157
              105.80555751114964,21.039473736873624,14.3600445
              105.80555757125468,21.03947372451048,14.574413
              105.80555764064532,21.039473710805492,14.849802
              105.80555765051261,21.039473708923012,14.66934
              105.80555765051261,21.039473708923012,14.66934
              105.80555824600921,21.039473784574007,14.83259
              105.80555826921743,21.039473805756806,14.691246
              105.80555826921743,21.039473805756806,14.691246
              105.80555845565773,21.039473987373906,14.459145
              105.80555847844774,21.039474024580596,14.425241
              105.80555847844774,21.039474024580596,14.425241
              105.80555857271601,21.039474237965383,13.520769
              105.8055585756211,21.039474282421907,14.725147
              105.8055585756211,21.039474282421907,14.725147
              105.80555856736129,21.039474423334422,13.316284
              105.80555855968429,21.03947446830553,13.956324
              105.80555855696848,21.03947448158712,14.274502
              105.8055585050097,21.039474670753687,13.570847
              105.80555847942931,21.039474677853704,14.028309
              105.80555847942931,21.039474677853704,14.028309
              105.80555836312541,21.03947479152561,14.809641
              105.8055583258035,21.039474792255152,14.21191
              105.8055583258035,21.039474792255152,14.21191
              105.8055583258035,21.039474792255152,14.21191
              105.80555814901423,21.039474857607868,14.352743
              105.80555813356848,21.039474859438236,14.273981
              105.80555803703072,21.03947487238111,14.308928
              105.80555800232881,21.039474878236994,14.106028
              105.80555799741008,21.039474879083784,14.145147
              105.80555791448003,21.039474879422503,13.971453
              105.80555789733046,21.039474885499853,14.157143
              105.80555785793183,21.039474869892846,14.222343
              105.80555786126834,21.0394748622587,13.598494
              105.80555786486187,21.039474855067493,14.089857
              105.80555786857587,21.03947484852115,14.810162
              105.80555787176955,21.03947484321242,14.598406
              105.80555800562405,21.03947479772021,14.954111
              105.80555802107611,21.03947479603314,14.342831
              105.80555813156461,21.03947479863214,14.007444
              105.80555813882108,21.039474805543254,14.422634
              105.80555814156041,21.03947480853308,14.4763565
              105.80555818870717,21.039474833285425,14.6067505
              105.80555819661706,21.039474842567557,14.063255
              105.80555820408581,21.03947485207767,14.244772
              105.80555826503073,21.039474904637327,13.923985
              105.80555827773543,21.039474920374612,13.90938
              105.80555827773543,21.039474920374612,13.90938
              105.80555834630397,21.03947502378732,14.354828
              105.80555834900255,21.03947504054075,14.540512
              105.8055583501092,21.039475050102975,14.614054
              105.8055583501092,21.039475050102975,14.614054
              105.8055583501092,21.039475050102975,14.614054
              105.80555840972488,21.039475187022546,14.315187
              105.80555844150503,21.03947520027808,15.466261
              105.80555846885638,21.0394752535282,13.246904
              105.80555847190605,21.039475260888764,13.329325
              105.80555851759165,21.03947530207537,14.139931
              105.80555852949897,21.039475318952565,14.5352955
              105.80555853580886,21.039475328566898,14.870142
              105.80555860684079,21.03947540804799,14.180616
              105.80555862119944,21.039475428410057,13.812359
              105.80555862119944,21.039475428410057,13.812359
              105.80555869116718,21.039475505937016,14.571806
              105.80555870380651,21.039475524514305,14.85293
              105.80555870721071,21.039475529888172,13.663696
              105.80555874489633,21.03947560441228,13.277161
              105.80555879439632,21.03947562386893,14.014225
              105.80555879439632,21.03947562386893,14.014225
              105.80555884496852,21.039475698809923,14.103418
              105.80555892091229,21.039475690811006,14.261463
              105.80555895526884,21.039475693501196,14.678728
              105.80555897788905,21.039475694999364,14.349611
              105.8055589872125,21.039475695487898,13.980318
              105.80555902238483,21.039475697298727,14.206175
              105.80555907702441,21.039475680838418,13.75811
              105.80555912598284,21.039475670260046,14.3167515
              105.80555914172119,21.03947566630618,14.011616
              105.80555914677646,21.03947566490572,14.778868
              105.80555929769965,21.039475674389777,14.124805
              105.80555932644675,21.039475690615593,13.659523
              105.80555932644675,21.039475690615593,13.659523
              105.80555934558474,21.03947571713969,14.381428
              105.80555934971122,21.039475723770714,13.999619
              105.80555942856466,21.039475808554023,14.21817
              105.80555943946058,21.039475822962494,13.85722
              105.80555944522665,21.039475845356858,14.024134
              105.80555942573815,21.039475945180474,13.622488
              105.8055594580002,21.03947595752408,13.920336
              105.80555950816911,21.03947599839151,13.729942
              105.80555951480544,21.039476004540514,13.899469
              105.80555954857913,21.039476033780854,13.773239
              105.80555954782818,21.03947604192959,13.280811
              105.8055595417598,21.039476069248366,13.778456
              105.80555953410345,21.039476082432248,13.913553
              105.80555953265434,21.039476084275645,13.298027
              105.80555944924012,21.039476193355338,14.023092
              105.80555942401483,21.0394762148508,12.5901165
              105.8055594128711,21.039476223742103,13.416962
              105.80555914392984,21.039476478502397,13.066931
              105.80555915150244,21.039476506374843,13.241167
              105.80555915150244,21.039476506374843,13.241167
              105.80555910852348,21.039476584123275,13.000681
              105.80555911841027,21.03947659714431,13.021547
              105.80555911604729,21.03947660070735,12.987638
              105.80555911604729,21.03947660070735,12.987638
              105.80555910411704,21.03947665824353,13.180655
              105.80555910919696,21.03947666648346,13.091972
              105.8055591107218,21.039476669225756,12.677761
              105.80555911830356,21.039476688037542,13.891123
              105.8055591190723,21.039476695990864,12.609421
              105.80555911895928,21.039476698153436,13.3710575
              105.80555913076218,21.039476717160635,13.496775
              105.80555911617867,21.039476728755155,13.520769
              105.80555911617867,21.039476728755155,13.520769
              105.80555905519589,21.039476760731283,13.56563
              105.80555906326641,21.039476800015866,13.1316185
              105.80555906326641,21.039476800015866,13.1316185
              105.80555899170326,21.039476898360856,11.946323
              105.80555897412457,21.039476917556954,13.668392
              105.8055589437218,21.03947696114714,12.9829445
              105.80555891964043,21.039476977288277,13.183262
              105.80555890484753,21.039476986896098,13.146225
              105.80555883290575,21.039477030948767,13.186914
              105.80555879515472,21.039477052600557,12.898432
              105.80555877557961,21.039477089598805,13.223431
              105.80555877557961,21.039477089598805,13.223431
              105.80555868960103,21.03947714428847,13.376274
              105.80555865957346,21.039477162168783,13.219255
              105.80555861634554,21.03947721101559,13.212997
              105.80555858879454,21.039477231371137,13.763849
              105.80555858081522,21.03947723714886,12.822788
              105.80555852827358,21.039477274987384,13.217171
              105.80555850372524,21.0394772926788,13.304287
              105.80555848316455,21.03947730741296,13.016851
              105.80555841240682,21.039477357477843,13.138399
              105.80555839578618,21.0394773654963,12.424217
              105.8055583678382,21.039477368570804,13.209345
              105.80555835214518,21.039477369437133,13.013201
              105.80555833589283,21.03947737017319,13.39349
              105.80555833113358,21.03947737032301,13.102926
              105.80555832865929,21.039477356800408,12.95999
              105.80555831158142,21.039477352755355,13.017895
              105.80555831158142,21.039477352755355,13.017895
              105.80555827063327,21.039477341766613,13.641787
              105.8055582544056,21.03947733477733,13.6110115
              105.80555825205005,21.039477333311734,13.703341
              105.8055582636688,21.03947710370113,13.6110115
              105.80555825901682,21.03947704404797,13.494165
              105.80555825901682,21.03947704404797,13.494165
              105.80555822516511,21.039476441979655,13.621445
              105.80555821422732,21.039476354278175,13.559893
              105.80555814559395,21.03947582780223,13.0319805
              105.80555812231286,21.03947565727809,13.182741
              105.80555812231286,21.03947565727809,13.182741
              105.8055579437033,21.03947397585755,12.887999
              105.80555793059874,21.039473860700507,13.109188
              105.80555793059874,21.039473860700507,13.109188
              105.80555778946598,21.039472629655467,12.866089
              105.8055578169223,21.039472346931536,12.831657
              105.80555780872498,21.039472026427703,12.895304
              105.80555780179091,21.03947178988644,12.698107
              105.80555779724394,21.03947164502006,12.703323
              105.80555810191568,21.039465151000357,13.637093
              105.8055581120939,21.03946468205408,13.051804
              105.8055581120939,21.03946468205408,13.051804
              105.80555839738904,21.03946000308503,12.963642
              105.80555844508767,21.039459573709944,12.53273
              105.80555849794024,21.039459167335,12.621939
              105.80555917337685,21.03945684568845,13.218214
              105.80555927837867,21.039456685677543,12.977205
              105.80555933264365,21.039456610782146,12.648546
              105.80555983195129,21.03945620735143,12.656893
              105.8055599521625,21.039456141034677,13.223431
              105.80556078196554,21.039455914563714,13.136835
              105.80556090301663,21.03945588514099,12.532209
              105.805561045684,21.03945585696239,13.259945
              105.80556114830962,21.039455840560706,12.998072
              105.80556194717408,21.03945579796061,13.161352
              105.80556205737689,21.039455796358222,13.52442
              105.80556205737689,21.039455796358222,13.52442
              105.80556229497223,21.03945561967856,13.164484
              105.80556232608176,21.039455597362366,13.264118
              105.80556234906683,21.03945558126031,12.999636
              105.8055625146699,21.039455488992672,13.342367
              105.80556255735401,21.039455486406705,13.058584
              105.80556258624912,21.03945548591817,13.357494
              105.80556204981232,21.039455589741248,13.77063
              105.80556189310128,21.039455616336994,13.01581
              105.80556171588233,21.039455646854034,12.655329
              105.80556171588233,21.039455646854034,12.655329
              105.80555873999596,21.03945599109407,13.146225
              105.80555832186865,21.039456041132894,13.655872
              105.80555813599629,21.039456063077807,12.593769
              105.80555361578718,21.03945634161338,12.289095
              105.8055530884891,21.039456372260698,13.118576
              105.80555263706597,21.039456398784793,12.589596
              105.80554919718772,21.03945652803765,13.09823
              105.80554866735356,21.039456554099267,13.612055
              105.8055457802033,21.039456620337855,13.06641
              105.80554508092284,21.03945664363112,12.136232
              105.80554472603801,21.039456656372064,12.687674
              105.80553966038705,21.039456789396397,12.283356
              105.80553881076453,21.03945681982876,12.170143
              105.80553833816111,21.039456836308613,12.064756
              105.80553833816111,21.039456836308613,12.064756
              105.80553339991936,21.039456814526545,13.216648
              105.80553302445033,21.03945680352478,13.101362
              105.80553302445033,21.03945680352478,13.101362
              105.80553161865181,21.039456746333826,13.29594
              105.80553153688405,21.039456743754368,13.59432
              105.80553147157515,21.03945673797665,13.2589035
              105.80553145552932,21.039456735781506,13.281332
              105.80553193295736,21.039456669106496,12.868696
              105.80553195690048,21.039456674897245,13.015287
              105.80553217728429,21.039456811399933,12.964163
              105.80553219011061,21.039456821782892,13.272987
              105.80553224204016,21.03945691605677,13.462866
              105.80553222821331,21.03945691848641,13.742985
              105.80553222821331,21.03945691848641,13.742985
              105.80553222821331,21.03945691848641,13.742985
              105.8055320531663,21.039456429835962,13.729942
              105.80553201997203,21.039456299254297,13.680389
              105.80553192651494,21.039455988540666,13.861391
              105.80553187646136,21.039455765691365,12.600029
              105.8055318243081,21.03945552234972,12.804529
              105.80553177016073,21.03945525860693,13.311068
              105.80553175436272,21.039455179542717,12.647503
              105.80553147285676,21.039453729224437,12.514471
              105.80553141139495,21.039453363423807,13.196304
              105.80553139356614,21.03945325516485,12.5076885
              105.80553128374999,21.03945257045626,13.866608
              105.80553122142769,21.03945206408183,13.456606
              105.80553122142769,21.03945206408183,13.456606
              105.80553108391769,21.03945095130742,12.964163
              105.8055310296315,21.039450505888905,13.406008
              105.80553092580689,21.03944902642148,12.838963
              105.80553089293501,21.039448527176376,12.858263
              105.80553089293501,21.039448527176376,12.858263
              105.80553089293501,21.039448527176376,12.858263
              105.80553075676745,21.039446566409296,13.455042
              105.80553080114275,21.03944610092835,13.303242
              105.80553080114275,21.03944610092835,13.303242
              105.80553075669631,21.03944408764721,13.324108
              105.8055307357524,21.039443344327665,14.152971
              105.80553071894127,21.03944280130673,13.177525
              105.80553071894127,21.03944280130673,13.177525
              105.80553062697116,21.03943927170322,13.821749
              105.80553059899165,21.03943868373723,14.007444
              105.80553071748184,21.039434645808413,13.570326
              105.80553073315477,21.039433703939203,14.1665325
              105.80553073315477,21.039433703939203,14.1665325
              105.80553089602256,21.039429576090967,13.573454
              105.8055309085288,21.039428567390416,14.44454
              105.8055309085288,21.039428567390416,14.44454
              105.80553101886123,21.03942580372554,14.376213
              105.80553103813688,21.039424855026635,13.149878
              105.80553105695131,21.039424053848474,13.800882
              105.80553108430665,21.039423147169938,14.581194
              105.80553108880774,21.039423020698464,14.675598
              105.80553108880774,21.039423020698464,14.675598
              105.80553127238424,21.03941861332293,13.782627
              105.80553128270245,21.039418441973165,13.121185
              105.8055315095149,21.039417357971736,13.347061
              105.80553160478367,21.03941691861266,13.756025
              105.80553169057637,21.039416569471012,14.03561
              105.80553178028848,21.039416246254188,13.55937
              105.80553204488582,21.039415819422732,12.908867
              105.80553217650638,21.039415587191964,13.380447
              105.80553235129177,21.039415335971906,13.590668
              105.80553247063561,21.039415197230106,13.881212
              105.80553257183738,21.03941509898771,13.075279
              105.80553294856504,21.03941499757473,12.8942585
              105.80553306343188,21.039414932213873,13.893209
              105.80553308270179,21.03941492279007,13.879126
              105.8055336998152,21.039414856924395,12.759146
              105.80553381231617,21.039414849912315,13.830616
              105.80553389273925,21.03941485073468,13.109188
              105.80553420616361,21.039414883415922,13.115446
              105.8055342714863,21.039414857466667,12.961033
              105.8055343179452,21.03941484213812,13.77376
              105.80553449356245,21.03941471973613,12.86348
              105.80553452278342,21.039414679044572,13.246904
              105.80553452278342,21.039414679044572,13.246904
              105.80553459025622,21.03941459545817,13.10762
              105.8055346188691,21.039414564677323,12.573946
              105.80553465670904,21.03941452838419,12.325094
              105.80553456567633,21.039414400611587,12.724712
              105.80553456244192,21.039414357159817,12.802965
              105.80553455897231,21.039414310714967,13.155094
              105.8055345563024,21.03941426892258,12.371004
              105.80553455491754,21.03941423671684,12.908867
              105.80553455473395,21.03941420303248,12.512386
              105.80553455504604,21.039414194233995,12.487343
              105.80553461413739,21.03941411497437,12.655329
              105.80553465299732,21.039414112780854,12.388742
              105.80553465861021,21.039414112951842,12.424217
              105.80553472671521,21.03941412700857,12.225447
              105.80553474076464,21.039414125735128,11.689627
              105.80553478045987,21.039414160000845,11.759541
              105.80553478045987,21.039414160000845,11.759541
              105.80553490376667,21.039414321329165,11.754326
              105.8055349185699,21.039414319319665,11.439184
              105.80553492859782,21.039414329342737,11.762152
              105.8055350825162,21.039414482901748,11.048897
              105.80553510418639,21.03941450492971,11.219521
              105.8055351376308,21.03941441596619,10.682598
              105.80553515107671,21.03941441258065,11.440752
              105.80553522062739,21.03941439778298,10.592323
              105.80553525498854,21.039414392526364,11.545103
              105.80553526121068,21.039414278489687,11.967714
              105.80553526121068,21.039414278489687,11.967714
              105.80553533489875,21.039414184144157,11.232044
              105.80553535634405,21.03941415263051,10.713905
              105.80553536335557,21.03941414190232,11.120382
              105.8055354806571,21.039413787259786,10.839661
              105.80553551108049,21.03941373542804,10.154514
              105.80553551605429,21.039413726684927,10.170689
              105.80553560617945,21.0394127224056,10.031879
              105.80553560324104,21.039412645852448,8.876957
              105.8055355995867,21.039412574494033,9.284565
              105.80553559598401,21.03941251718583,9.477661
              105.8055355922505,21.039412454148763,8.371208
              105.80553559006935,21.039412395791846,10.533882
              105.80553559006935,21.039412395791846,10.533882
              105.80553557712713,21.039412247145847,9.037704
              105.8055355803822,21.03941219284864,8.4917755
              105.8055355851426,21.03941213874196,9.511063
              105.80553559017605,21.039412099685357,9.075283
              105.80553560187454,21.039412036079966,8.618607
              105.80553561654011,21.0394120544195,8.149899
              105.80553563924062,21.03941205368833,8.050728
              105.80553566005946,21.039412054979685,8.757439
              105.80553568590835,21.039412058065587,8.543968
              105.80553571337845,21.03941206273271,7.6347084
              105.80553573740188,21.03941206653675,8.345631
              105.80553578364278,21.039412142795157,8.51004
              105.80553581954483,21.03941217415736,8.048119
              105.80553584827015,21.039412201352373,7.348133
              105.80553587889779,21.039412233815405,8.458893
              105.80553590631281,21.039412267932935,7.8294106
              105.80553590631281,21.039412267932935,7.8294106
              105.80553593840791,21.039412388185383,8.341976
              105.80553594641535,21.039412424113742,7.544407
              105.80553595545194,21.039412464870438,8.351372
              105.80553596568755,21.039412501827975,7.934326
              105.80553597775548,21.03941253319832,8.258465
              105.80553598910402,21.03941255532562,7.3742332
              105.80553599465037,21.039412558605303,7.1210556
              105.80553602117962,21.03941249305392,7.8852615
              105.80553601863593,21.039412458320836,7.48542
              105.8055360859068,21.03941227973264,7.28236
              105.80553610045993,21.03941212498975,8.42601
              105.80553610045993,21.03941212498975,8.42601
              105.80553610317229,21.039411894972034,7.9630356
              105.80553612159545,21.03941181934384,7.9588585
              105.8055361202473,21.039411801997655,7.54023
              105.8055360909506,21.03941150192265,6.888752
              105.80553607469595,21.039411360339216,8.113361
              105.80553604195717,21.039411095176423,7.3126373
              105.8055360510523,21.03941081793383,7.18161
              105.80553603631215,21.039410613003927,6.696644
              105.80553601603029,21.03941035520821,7.770424
              105.80553599942454,21.039410158987224,7.7062225
              105.80553596100518,21.039409738975692,7.707264
              105.80553595713168,21.03940944726275,8.36964
              105.80553595713168,21.03940944726275,8.36964
              105.80553588009103,21.039408698924337,7.5637207
              105.80553584345581,21.039408362944588,7.222851
              105.8055358380793,21.039408314605854,7.481243
              105.80553582580828,21.039407539298782,7.991741
              105.80553582552145,21.03940727114698,7.038574
              105.80553582607102,21.039406927739897,8.066383
              105.80553582796416,21.039406685677395,7.698391
              105.80553583011088,21.039406533455335,7.367447
              105.80553584133436,21.039406127758642,7.7365
              105.80553596692785,21.03940601508497,8.08987
              105.80553596692785,21.03940601508497,8.08987
              105.80553607347974,21.03940572829563,7.7474594
              105.80553612290917,21.03940564254177,8.012623
              105.80553615171135,21.039405602434822,7.5261345
              105.80553625293835,21.03940569219384,8.046551
              105.80553627629173,21.039405724722823,7.715618
              105.80553630842012,21.039405781579944,6.9748917
              105.80553632894295,21.03940582381771,7.6399307
              105.80553636643522,21.039405910647158,7.7370186
              105.80553637481324,21.0394059316435,7.121578
              105.80553646343192,21.039406264380208,7.5015984
              105.80553648629765,21.039406362490702,7.800701
              105.80553648629765,21.039406362490702,7.800701
              105.80553654140766,21.039406616058972,7.956249
              105.80553656888922,21.03940675374391,7.157074
              105.80553657662473,21.039406794573075,7.519348
              105.80553662370781,21.03940706634898,7.752678
              105.8055366309006,21.039407112167694,8.220882
              105.80553662238262,21.039407166357424,8.563282
              105.80553661786315,21.039407194387017,7.8221016
              105.80553660935549,21.03940724818918,8.169735
              105.80553660052999,21.039407304937193,7.749546
              105.80553660052999,21.039407304937193,7.749546
              105.80553660044163,21.039407229275614,8.142071
              105.80553660509763,21.039407199701444,8.147289
              105.80553660707682,21.03940717784854,7.896221
              105.80553660764592,21.03940706050612,7.96669
              105.8055366040145,21.03940697801485,7.322029
              105.80553657273404,21.03940685317426,7.625313
              105.80553655598601,21.039406789603063,7.533966
              105.80553646055893,21.03940639221469,7.76416
              105.80553642839956,21.039406254379934,8.097702
              105.80553642839956,21.039406254379934,8.097702
              105.80553633879762,21.039405884219956,7.0798187
              105.80553631574142,21.03940578896901,8.014187
              105.80553631574142,21.03940578896901,8.014187
              105.80553623462305,21.03940548380756,7.8570747
              105.80553620397819,21.039405382799252,7.9118805
              105.80553620397819,21.039405382799252,7.9118805
              105.80553614319106,21.03940517667244,8.3294525
              105.8055361308707,21.039405148596437,7.981304
              105.80553609547923,21.039405079829688,7.7808647
              105.80553607978794,21.039405063239915,7.411293
              105.8055360245196,21.039405017988713,7.3298607
              105.80553600638098,21.03940500672802,7.576767
              105.80553600381319,21.039405005258352,7.568939
              105.80553602809017,21.03940493742063,7.234333
              105.8055360323423,21.039404922124657,6.7645073
              105.80553603861378,21.039404905016223,7.5652847
              105.8055360423094,21.03940489850082,7.2009277
              105.80553604909949,21.039404891406505,7.604954
              105.80553592624933,21.039405104722082,7.172737
              105.80553588943974,21.039405179971666,7.661331
              105.80553581082262,21.039405362157908,6.722744
              105.80553577294594,21.039405453363802,7.0745964
              105.80553552287421,21.03940579599086,6.74728
              105.80553537187242,21.039405996984,6.577095
              105.8055352104159,21.039406190947155,7.2614784
              105.80553503803651,21.039406379354052,6.201729
              105.8055348831291,21.03940653769499,5.9375534
              105.80553469647424,21.03940672154713,6.632431
              105.80553452801308,21.039406875735537,6.0080376
              105.80553402780534,21.039407276726845,5.420147
              105.80553385617058,21.039407420367002,5.790848
              105.80553365582314,21.039407591236376,5.5517235
              105.80553352615077,21.039407636136648,5.657711
              105.8055334945651,21.039407652742707,5.8263474
              105.8055334945651,21.039407652742707,5.8263474
              105.80553300709877,21.03940794688773,5.4942894
              105.8055330011658,21.039407956383187,6.153698
              105.80553285327335,21.039408158687227,4.854668
              105.80553280241546,21.039408236438913,6.321804
              105.805532766409,21.03940829467777,4.8656354
              105.80553273774909,21.039408342889484,5.5083847
              105.80553282713305,21.039408539851415,5.840969
              105.80553282289125,21.039408648146196,5.4206696
              105.80553282289125,21.039408648146196,5.4206696
              105.80553295563624,21.039408757820272,5.6039314
              105.8055329760604,21.039408820113138,5.9318123
              105.80553298274607,21.03940884123243,5.717228
              105.80553317423934,21.039409117475156,5.4942894
              105.80553319039187,21.03940917852715,5.627426
              105.80553322299411,21.039409323831578,6.0252647
              105.805533228973,21.039409355210065,5.0494313
              105.80553324902657,21.039409481307,5.9041405
              105.8055333224255,21.039409460977506,4.884434
              105.80553332749224,21.039409564137802,5.903618
              105.80553332782382,21.039409594579936,6.0414505
              105.80553332354647,21.039409701992103,5.7219276
              105.80553331820322,21.03940974727424,5.3131104
              105.80553330225375,21.039409821024844,4.764336
              105.80553320905828,21.039409954353697,5.4613953
              105.80553312244176,21.03941006115031,4.798798
              105.80553305870018,21.039410134791805,4.803498
              105.80553295457493,21.03941024928119,4.943436
              105.80553287538527,21.039410332839907,4.648937
              105.80553272002584,21.03941046485949,4.4557343
              105.80553263223212,21.03941053002005,4.045288
              105.80553263223212,21.03941053002005,4.045288
              105.80553249783952,21.039410626555835,4.9157605
              105.80553240665077,21.0394106903485,4.605076
              105.8055323375969,21.039410737791588,5.059876
              105.80553232822183,21.039410694696446,5.877514
              105.8055322672924,21.039410709707443,4.74345
              105.80553219874909,21.039410724135458,4.4583435
              105.80553215710452,21.03941073139669,4.6411057
              105.80553210828549,21.03941073844948,4.9789433
              105.80553211946881,21.03941071589879,4.490719
              105.80553207033999,21.039410735700667,4.4870644
              105.80553203552336,21.03941074800519,4.102211
              105.80553200532023,21.03941075731989,4.093334
              105.80553200024316,21.039410758749664,4.259392
              105.80553198440845,21.03941075057813,5.196156
              105.8055319654334,21.039410757049566,3.927273
              105.80553190833044,21.039410771497124,4.297512
              105.80553188440912,21.039410772615863,4.139286
              105.8055318741104,21.0394107717707,3.6551936
              105.8055318384298,21.039410747786977,3.8390162
              105.805531821629,21.039410742629695,4.2881126
              105.80553175872384,21.039410726426677,4.803498
              105.80553176149814,21.039410737428447,3.88184
              105.80553174510354,21.039410740958914,3.4039996
              105.80553153057471,21.0394107812515,4.3356323
              105.80553146269342,21.03941079289162,4.1246643
              105.80553146269342,21.03941079289162,4.1246643
              105.80553125045475,21.039410710993913,3.9554713
              105.80553113876151,21.039410694167202,3.8813174
              105.80553107038688,21.039410684966494,4.2103043
              105.80553083339275,21.03941065642964,4.9340367
              105.80553065365648,21.039410661365455,4.0760994
              105.80553048520794,21.039410667045466,4.0212708
              105.80553033251954,21.039410672845985,4.155998
              105.80553014454064,21.039410680797676,3.9465907
              105.80552994587062,21.039410690237766,4.246338
              105.80552935239396,21.039410707950353,3.9507716
              105.80552908291348,21.039410721090267,4.099079
              105.80552884346399,21.03941073367814,3.9298823
              105.80552818099886,21.039410758704065,4.3554726
              105.80552786938959,21.039410774403894,3.8813174
              105.8055275521445,21.03941079131203,4.1659164
              105.80552727955006,21.03941080606573,4.324665
              105.80552691994673,21.039410824988252,3.6014025
              105.80552691994673,21.039410824988252,3.6014025
              105.80552638492807,21.03941081837514,4.3586044
              105.8055261313431,21.039410810982005,3.5873034
              105.8055259930862,21.039410805236855,4.7768674
              105.80552548958325,21.039410769769344,4.1627846
              105.80552537534518,21.0394107577156,3.7601588
              105.80552509991219,21.03941072443509,4.790444
              105.80552495759362,21.03941071362711,3.7643397
              105.80552495759362,21.03941071362711,3.7643397
              105.80552451184418,21.039410658572674,4.036934
              105.80552449908782,21.039410617275333,4.0813217
              105.80552442090442,21.03941058054415,3.4755442
              105.80552442090442,21.03941058054415,3.4755442
              105.8055242359706,21.039410443956783,4.5445023
              105.80552423277177,21.039410645383906,4.19516
              105.80552419577627,21.039410730714373,4.4040375
              105.80552417784533,21.03941077901402,3.690182
              105.8055241445627,21.03941088629428,3.4457781
              105.80552412440588,21.039410968376004,3.7303965
              105.80552411072935,21.039411037422028,4.174797
              105.8055241596115,21.03941126794456,3.9993365
              105.80552417772373,21.03941145433463,3.5690272
              105.80552419470234,21.039411550624525,2.7041667
              105.80552420978555,21.039411617374444,3.29015
              105.80552423810929,21.039411720432152,2.837868
              105.80552422889369,21.039411998116048,2.9496348
              105.80552422108705,21.039412127093698,3.492779
              105.80552421495554,21.03941223530869,2.871815
              105.80552420786717,21.039412358876646,2.9188235
              105.8055242005493,21.03941247970068,2.706776
              105.80552419613885,21.03941254755794,2.7109568
              105.80552423082582,21.0394127251365,3.2953722
              105.80552424059447,21.03941277444904,3.2013667
              105.80552424059447,21.03941277444904,3.2013667
              105.80552425866998,21.03941288617007,2.8822634
              105.80552426114369,21.039412937760805,2.6702158
              105.80552423591782,21.039413002794344,3.3763201
              105.80552422391183,21.039413027105386,3.860428
              105.80552421833566,21.03941303745252,3.776871
              105.80552419385789,21.03941302660871,3.0232737
              105.8055241822994,21.03941300804445,2.7579577
              105.80552416750992,21.03941298680791,2.588215
              105.80552415129772,21.039412965903573,4.271923
              105.80552414393166,21.039412957005755,3.244713
              105.80552411219108,21.039412921992582,3.3251421
              105.80552411458447,21.03941287569592,3.4974787
              105.80552407655179,21.039412811899997,2.8101885
              105.805524069764,21.03941280170268,3.2708285
              105.80552403657086,21.03941275908793,2.8410037
              105.80552402783029,21.039412695720287,2.3134844
              105.80552402783029,21.039412695720287,2.3134844
              105.80552399097937,21.0394126537846,3.3643076
              105.80552396467499,21.039412632842808,2.9919398
              105.80552396050089,21.039412629945808,2.9104655
              105.80552386700711,21.03941256590236,3.2201655
              105.8055238263263,21.039412558448973,3.4238436
              105.80552377299928,21.039412551005356,3.7324831
              105.80552377299928,21.039412551005356,3.7324831
              105.80552377299928,21.039412551005356,3.7324831
              105.80552357810868,21.039412560184893,3.559624
              105.80552350121259,21.03941257139673,2.8253329
              105.80552346652561,21.039412576386283,3.0880358
              105.80552322176844,21.03941261082299,2.2419322
              105.8055231541912,21.039412637871443,2.7908633
              105.80552312611759,21.039412643784324,2.525017
              105.80552269485932,21.039412730368692,2.6273882
              105.80552260036272,21.03941274880919,3.206589
              105.80552260036272,21.03941274880919,3.206589
              105.80552241084177,21.03941284591005,2.617985
              105.80552232473929,21.03941287702473,3.1642878
              105.80552225445427,21.039412901835703,2.8477938
              105.80552217462325,21.039412924601347,3.0274546
              105.80552212860952,21.03941288186609,2.8117564
              105.80552206854522,21.039412843228003,3.7350962
              105.805522028601,21.039412812603484,3.2274783
              105.8055219292534,21.03941271979032,2.9177744
              105.80552186036817,21.039412641309088,3.3047717
              105.80552179197403,21.039412551055836,2.6665576
              105.80552182051117,21.039412417611366,3.172642
              105.8055217822995,21.03941223433162,2.960602
              105.80552175923297,21.03941211213807,2.5041277
              105.80552173212314,21.03941195792768,3.7194293
              105.80552172052332,21.039411888054406,3.9533808
              105.8055217266594,21.039411573466708,3.7037623
              105.80552169458151,21.039411368771297,3.152798
              105.80552169458151,21.039411368771297,3.152798
              105.80552164097914,21.039411000931853,3.2776148
              105.80552160687272,21.03941075292472,2.8874857
              105.80552158063718,21.03941055609795,2.6535037
              105.8055215832784,21.039410321067884,2.4806254
              105.80552154734077,21.039410078346677,2.9517252
              105.80552151076982,21.039409822938264,2.412205
              105.805521478786,21.039409594078375,2.7673647
              105.80552144055827,21.039409315609564,3.1914408
              105.80552142392153,21.039409192502458,2.7778056
              105.80552136981433,21.03940863111267,3.0154421
              105.80552132457161,21.039408310730973,3.1491396
              105.80552128466184,21.039408026197837,3.2838824
              105.80552123692705,21.03940768267106,3.3778841
              105.80552118812754,21.039407326706232,2.118664
              105.8055211452897,21.039407011638147,3.9690478
              105.80552110903312,21.039406611700443,2.3181841
              105.80552105511637,21.039406209877,3.4060862
              105.80552100796675,21.03940585580198,2.9835818
              105.80552095202376,21.039405431651755,3.048344
              105.80552090918361,21.039404447167797,2.7469943
              105.80552090368548,21.03940401216318,3.206589
              105.80552090013555,21.03940375946368,2.527634
              105.80552089217974,21.03940318668619,2.6336558
              105.8055208870281,21.039402742613582,3.3909419
              105.80552094920813,21.03940204072165,2.4759257
              105.80552095881153,21.03940169273172,2.5793383
              105.80552096222608,21.039401597362303,2.274834
              105.80552099920092,21.039400953022025,2.9559023
              105.80552102374294,21.03940069947818,2.1484377
              105.80552113128503,21.039400576197643,2.7704966
              105.80552116312425,21.039400500949686,2.2440188
              105.80552126066824,21.039400361282933,2.564194
              105.80552131316684,21.03940032535905,3.0180514
              105.80552134392987,21.03940031290349,3.1266825
              105.80552157513213,21.039400414104364,2.2701342
              105.80552165543588,21.039400423322984,3.2358363
              105.8055216898062,21.039400429251334,3.1449625
              105.80552187250265,21.039400476904085,2.5803835
              105.80552190662286,21.039400488472143,3.2535937
              105.80552205015992,21.03940054848234,2.853535
              105.80552208488133,21.03940055170381,3.3047717
              105.80552216412721,21.039400565664053,2.581425
              105.80552221815869,21.039400580335112,3.9821017
              105.80552230146392,21.039400610726762,3.0274546
              105.80552235358621,21.03940058353134,2.6676066
              105.80552240285614,21.039400564503378,3.2274783
              105.80552245313807,21.03940055041856,2.31662
              105.80552250415887,21.039400540476095,2.7490847
              105.80552253360702,21.03940053631298,3.3355868
              105.80552273085658,21.03940041851541,2.8885272
              105.80552281680535,21.039400371737134,2.5950053
              105.80552291720855,21.03940031975313,2.0570261
              105.80552308915193,21.03940023611706,2.6158984
              105.8055231464144,21.039400209813213,2.340645
              105.80552325333001,21.03940013864451,2.5406878
              105.80552329895824,21.03940013017823,1.9927828
              105.80552335967195,21.039400120646132,3.0284998
              105.80552340486646,21.03940011474791,1.9980052
              105.80552350107722,21.03940010600683,1.4620821
              105.80552353725348,21.039400103673675,2.3563159
              105.8055235893551,21.03940004278127,2.1604502
              105.80552363563044,21.039400024461276,1.9886057
              105.80552368132291,21.03940000654554,1.9029467
              105.80552372029415,21.039399991393278,2.194401
              105.80552378567073,21.039399966682453,1.7342303
              105.80552372101238,21.039399953393534,1.5529711
              105.80552372101238,21.039399953393534,1.5529711
              105.80552371033964,21.03939995048717,1.6130412
              105.80552370463498,21.03939994845243,1.9818118
              105.80552370225764,21.03939994737847,1.8543665
              105.80552369479979,21.03939994288193,1.5534976
              105.80552366136114,21.03939982550206,2.5861285
              105.8055236681535,21.039399766544243,1.4505923
              105.80552367324778,21.039399723355057,1.7640002
              105.80552368182775,21.03939965232233,1.5947611
              105.8055236885834,21.039399597367638,1.9525645
              105.80552365568629,21.039399478671577,1.8031771
              105.805523654119,21.03939943676927,2.753258
              105.80552365250121,21.039399371643725,1.9870341
              105.80552365155121,21.039399311708028,1.4558146
              105.80552365082838,21.03939926576759,1.3241808
              105.80552365055298,21.039399250279864,1.4615595
              105.80552358435033,21.039399073358382,1.8256342
              105.80552357094456,21.039399009758277,0.9689603
              105.80552354653793,21.039398893862735,1.4072344
              105.80552352714524,21.039398802665392,1.6099093
              105.8055235074703,21.03939871067174,1.0112727
              105.80552349612061,21.039398657694385,1.7143786
              105.80552352768218,21.039398458200225,1.5326006
              105.80552354622354,21.039398383569043,1.0870211
              105.80552356141459,21.03939832094886,2.1432154
              105.805523591184,21.039398194132563,1.1575396
              105.80552361166667,21.039398104284995,2.2283518
              105.80552361454883,21.039398091398915,2.2936404
              105.80552370679202,21.039397994587716,1.6595347
              105.80552374440018,21.039397934852115,0.9741826
              105.80552374440018,21.039397934852115,0.9741826
              105.80552380960465,21.039397822022117,0.71664476
              105.80552384027818,21.03939776027905,1.4281275
              105.80552384027818,21.03939776027905,1.4281275
              105.80552398051084,21.03939755337954,1.3502963
              105.80552400928205,21.03939748292817,0.9585118
              105.80552401317848,21.039397472814922,0.9391866
              105.80552404087346,21.039397289715325,0.92142534
              105.80552402862196,21.03939719845956,1.3105967
              105.80552402535656,21.03939717264323,1.6067736
              105.80552400110597,21.03939697033084,1.3241808
              105.80552399218409,21.039396896031253,1.3821642
              105.80552399218409,21.039396896031253,1.3821642
              105.8055240957586,21.039396379821934,0.82791567
              105.80552413740547,21.03939619040754,1.0389597
              105.80552417280383,21.039396028660914,0.54842806
              105.80552421366363,21.03939584060861,1.3915637
              105.80552423103008,21.039395760196804,1.396786
              105.80552432881959,21.039395503218877,1.080231
              105.80552434817095,21.039395451956022,1.1340334
              105.8055244307786,21.03939522995389,0.4643178
              105.80552447410062,21.039395110795805,1.0478404
              105.80552451682371,21.039394992318766,0.84306383
              105.80552451682371,21.039394992318766,0.84306383
              105.80552451106858,21.039395024300642,0.70462847
              105.8055245026607,21.039395032870548,0.7965703
              105.80552448382106,21.039395049741977,-0.034602642
              105.8055244712437,21.03939505964049,0.9574704
              105.80552443196497,21.039395220772313,0.36766863
              105.80552434377427,21.0393954093748,1.0060503
              105.80552431443856,21.03939546764384,0.3781209
              105.80552431443856,21.03939546764384,0.3781209
              105.80552420648573,21.039395795900493,-0.4562335
              105.80552418601452,21.039395845371605,0.66335726
              105.80552418601452,21.039395845371605,0.66335726
              105.80552420605432,21.03939604847429,0.63306093
              105.80552425295154,21.03939605945764,0.19631243
              105.80552428365259,21.039396066087136,0.6764188
              105.80552431892015,21.03939607305128,-0.13544035
              105.80552433388632,21.039396075812203,0.20153856
              105.80552442980334,21.03939620960343,-0.18820906
              105.80552444956088,21.03939625919383,-0.39301252
              105.80552447459858,21.039396324257698,-0.27232313
              105.80552449241021,21.039396372443356,0.5745473
              105.80552451168126,21.03939642846274,-0.050281048
              105.80552452893527,21.039396484453736,0.6226125
              105.80552453123917,21.039396492462732,0.60171556
              105.80552466941576,21.039396462305575,-0.47085905
              105.80552471621657,21.039396441280836,-0.06177473
              105.80552471621657,21.039396441280836,-0.06177473
              105.80552477484208,21.039396410329406,-0.52310896
              105.805524807216,21.039396401874832,-0.50221205
              105.805524811693,21.03939639821857,-0.814136
              105.805524811693,21.03939639821857,-0.814136
              105.80552482875194,21.03939638336441,-0.37472868
              105.80552483008519,21.03939638197209,-0.6375308
              105.80552485710552,21.039396426023128,-1.2086291
              105.80552485539367,21.03939644378538,-0.36166716
              105.80552485289472,21.039396459528568,-1.4186816
              105.80552484884223,21.03939647842351,-1.0189586
              105.80552484390171,21.039396497979794,-0.70754576
              105.8055249256167,21.039396346896734,-1.6339717
              105.80552495605615,21.039396271899456,-1.6099315
              105.80552499053893,21.03939618381061,-1.6177707
              105.80552502398906,21.039396094941637,-1.2248263
              105.80552505272586,21.03939601829892,-0.98237944
              105.8055250861714,21.039395928265712,-0.34181166
              105.80552517574351,21.039395746246893,-0.6093211
              105.80552520766078,21.03939565613318,-1.2075839
              105.80552523504598,21.039395577706195,-1.49863
              105.80552526720878,21.039395485076994,-0.96618605
              105.80552529964925,21.039395391730462,-2.1434627
              105.80552532747501,21.039395311931617,-1.8607554
              105.80552537741501,21.039395172247215,-0.57065535
              105.80552540024976,21.03939508414379,-0.46093702
              105.8055254196769,21.03939500827175,-0.94737196
              105.80552544205271,21.0393949191444,-1.3434405
              105.80552546420134,21.03939482925653,-0.83085585
              105.80552548628803,21.039394738941382,-1.6559176
              105.80552553692333,21.039394615639367,-1.4218211
              105.80552555378951,21.039394555775758,-2.5380206
              105.8055255833914,21.039394446878553,-2.2824702
              105.8055256059967,21.03939436122377,-1.87643
              105.80552561543719,21.039394323956422,-1.8712077
              105.80552566671041,21.039394169864405,-3.4108047
              105.80552568277346,21.039394099462445,-3.4332771
              105.80552569035062,21.039394063867917,-3.4803162
              105.80552572086812,21.039393908371157,-2.8850322
              105.80552572983586,21.03939386068665,-2.6012568
              105.8055257437396,21.039393730006463,-2.5824428
              105.80552573191949,21.039393693008417,-2.8102984
              105.80552572958804,21.039393687804115,-3.2540092
              105.80552569194545,21.039393598646196,-1.8320155
              105.80552568031351,21.039393567728254,-2.3378673
              105.80552568031351,21.039393567728254,-2.3378673
              105.80552565435795,21.039393497281768,-1.817905
              105.80552565152627,21.039393466469367,-1.4087558
              105.80552564934398,21.03939345371712,-1.5357318
              105.80552564119542,21.039393411384907,-1.0570979
              105.80552568018501,21.039393423789274,-1.0853152
              105.80552569756293,21.03939339399984,-1.1119609
              105.80552571219637,21.03939336785884,-0.37158918
              105.80552572604499,21.03939334163132,-0.76815367
              105.8055257375163,21.039393319238794,-0.24515486
              105.80552576431407,21.039393346895878,0.2725873
              105.8055257704639,21.03939334300054,-0.41025496
              105.80552577580602,21.03939333870236,-0.37367964
              105.80552578041612,21.039393333981607,-0.36532164
              105.80552578349564,21.039393330011762,-1.5414805
              105.805525787158,21.03939332487097,-1.3026843
              105.80552579554062,21.039393384413298,-0.92699766
              105.80552579517575,21.03939338615298,-1.1093478
              105.80552579323212,21.039393399392743,-1.1558566
              105.8055257909833,21.03939340723502,-0.3564372
              105.80552578895477,21.039393414823877,-0.5403514
              105.80552578540025,21.03939342240062,-0.8893733
              105.80552580851266,21.039393462537085,-1.5075145
              105.80552581391444,21.039393465639474,-1.2796893
              105.8055258194011,21.039393468966995,-1.2190814
              105.80552582377025,21.039393471328644,-0.98656034
              105.80552582706319,21.03939347348358,-0.8376498
              105.80552582806139,21.039393474201727,-1.2791667
              105.80552586417342,21.039393474094762,-1.1271129
              105.80552587537395,21.039393461358188,-1.3679996
              105.80552588441974,21.03939345025342,-1.3068614
              105.80552589441783,21.03939343721386,-0.4243617
              105.80552590362423,21.039393424180712,-0.8324199
              105.80552591192654,21.039393410822075,-0.66365767
              105.80552595172156,21.03939340603598,-0.62394667
              105.80552596582265,21.039393391211846,-0.7174754
              105.80552597552702,21.039393380516632,-0.74255323
              105.80552599195032,21.039393361065887,-0.44264936
              105.80552600209528,21.039393347844957,-0.9290881
              105.80552601323156,21.03939333216721,-0.5497546
              105.80552605724888,21.03939334363736,-0.5283351
              105.80552607064546,21.039393338456367,-1.4719844
              105.80552608554507,21.03939333230502,-0.53042555
              105.80552609569922,21.039393327805733,-0.25194883
              105.80552611489455,21.039393318515256,-0.69500685
              105.80552612392198,21.03939331374646,-0.35748625
              105.80552617290968,21.03939330921664,-0.7775607
              105.80552618913336,21.039393298623814,0.15608644
              105.80552620450338,21.03939328790855,-0.6505923
              105.80552621713123,21.039393278710996,-0.55916166
              105.80552623117492,21.039393267911564,-1.2091517
              105.80552626989375,21.039393232408024,-0.44003248
              105.80552629645054,21.039393178210556,-0.4034648
              105.8055263124195,21.039393143515337,-0.73575926
              105.80552632325745,21.039393118695205,-0.5157962
              105.80552634983721,21.03939305388985,-0.77076674
              105.80552638386332,21.03939303035395,-0.7488208
              105.80552642152198,21.039392963248826,-0.6923938
              105.80552643231864,21.03939294212465,-0.8334689
              105.80552645100454,21.039392904228926,-0.846004
              105.80552646451358,21.03939287457842,-1.385242
              105.80552646451358,21.03939287457842,-1.385242
              105.80552659901171,21.039392739368513,-1.0205226
              105.80552663508244,21.03939269397238,-0.22843504
              105.8055266703018,21.03939264845961,-0.29217482
              105.80552670484651,21.039392602713768,-0.9771571
              105.8055267318921,21.039392579514548,-0.43115187
              105.80552673933387,21.039392559098133,-0.43742323
              105.80552675337528,21.039392514605176,0.3546071
              105.80552675906847,21.03939249406093,0.09965944
              105.80552676786183,21.03939245569296,-0.7211337
              105.80552679225472,21.039392424507646,-0.22634459
              105.80552679225472,21.039392424507646,-0.22634459
              105.80552682327475,21.039392315493295,0.06727266
              105.80552683014514,21.03939228448263,0.05943346
              105.80552687880926,21.03939224577472,-0.22948408
              105.80552689745846,21.039392216149253,-0.89512205
              105.80552691858136,21.039392181427775,-0.3115077
              105.8055269389952,21.039392146489508,-0.30001402
              105.80552697484103,21.03939208078118,-0.4039836
              105.805527004319,21.039392087640596,-0.26814222
              105.80552703506828,21.03939206247788,-0.436378
              105.8055270510418,21.039392048739714,-0.17201185
              105.80552705633573,21.03939204418903,-0.23627424
              105.80552709357674,21.039392009303484,-0.18768644
              105.80552711536053,21.039392012851252,-0.29478788
              105.80552711536053,21.039392012851252,-0.29478788
              105.80552713124688,21.039391978500245,-0.2832942
              105.80552713637098,21.039391964315477,-0.1584239
              105.80552713886075,21.039391956137433,-0.8402591
              105.80552717158118,21.039391930142987,-0.24985838
              105.80552717845846,21.03939191933134,0.27363253
              105.80552718046404,21.039391915321907,0.02024889
              105.80552724281388,21.039391825880028,-0.15059233
              105.805527264024,21.03939178181067,-0.26605177
              105.80552727009352,21.039391769448542,-0.14745665
              105.80552734196876,21.03939160428544,0.09705019
              105.80552738865026,21.039391583700688,-0.41965818
              105.80552739150029,21.039391580276476,-0.38151884
              105.80552743264005,21.039391529230866,-0.29844618
              105.80552745067655,21.0393915052048,0.0892148
              105.80552746066546,21.039391491298296,-0.98603773
              105.8055276087346,21.039391298834538,-0.7697253
              105.80552764661586,21.03939123750001,-0.5774493
              105.80552764661586,21.03939123750001,-0.5774493
              105.80552773524025,21.03939108731269,-0.13700819
              105.80552779731701,21.039391012483243,-0.5487132
              105.80552781008255,21.03939098891396,-0.61872435
              105.80552785201627,21.039390911128077,-0.27232313
              105.80552788037213,21.03939085619659,0.32274294
              105.80552790792942,21.039390801064805,-0.9849925
              105.80552791573835,21.039390785417492,-0.39040327
              105.80552798944247,21.039390669960813,-0.57587767
              105.80552801221758,21.039390621385955,-0.2838168
              105.80552803118115,21.03939057978084,-0.46250486
              105.80552804961923,21.039390537967286,-0.15163374
              105.80552807896642,21.039390467506955,-0.6458926
              105.80552811311644,21.039390389444236,-0.39353514
              105.8055281237341,21.03939035211989,-0.124465466
              105.80552815223913,21.03939025036372,-0.7174754
              105.80552816927054,21.039390184902306,-1.0732989
              105.805528187844,21.039390109884778,-0.6166339
              105.80552821686763,21.039390046596115,-0.14066648
              105.80552823270578,21.03938999305817,-0.63439894
              105.80552824580636,21.039389947176353,-0.28434324
              105.80552826037552,21.039389893155573,-0.5497546
              105.80552827426318,21.039389838807473,-0.9808116
              105.80552828176003,21.039389807377283,-0.5884204
              105.80552828176003,21.039389807377283,-0.5884204
              105.80552832832909,21.039389727865657,0.063091755
              105.80552833617932,21.039389708288095,-0.53930616
              105.8055283528436,21.039389663470466,-0.89094114
              105.80552836494135,21.039389628365285,-0.14223051
              105.8055283763117,21.03938959297187,-0.6161113
              105.80552837974,21.039389575669244,-0.40241575
              105.80552838740208,21.03938953047911,-0.22896147
              105.80552838892807,21.039389503481136,-0.517364
              105.80552838892807,21.039389503481136,-0.517364
              105.80552838892807,21.039389503481136,-0.517364
              105.80552841467711,21.039389369581514,-1.0576205
              105.8055284223805,21.039389325181176,-0.7038913
              105.8055284223805,21.039389325181176,-0.7038913
              105.8055284300724,21.039389267239915,-0.9781985
              105.80552843518275,21.039389264355535,-0.2347064
              105.80552843443466,21.039389224683788,-0.8324199
              105.80552843311749,21.03938919353532,-0.8648181
              105.8055284304258,21.039389153273262,-0.12394667
              105.80552842750232,21.039389121713203,-1.1563792
              105.80552842701353,21.03938911547708,-0.42174864
              105.80552842345902,21.039389097831258,-0.32822752
              105.80552841858045,21.03938907672744,-0.23679686
              105.80552841288723,21.03938905530078,-0.25142622
              105.80552840645515,21.039389033624563,0.111679554
              105.80552840028236,21.039389014766368,-0.6976199
              105.8055283975149,21.039388993139816,-0.1537242
              105.80552839102774,21.039388956985103,0.43454027
              105.80552839005018,21.03938895172523,0.2647519
              105.80552837599501,21.03938888402063,-0.33815336
              105.80552836737836,21.039388847140856,-0.24985838
              105.80552835659086,21.039388804753678,-0.34599257
              105.8055283572655,21.039388776074336,-0.20022154
              105.80552835019317,21.039388739637495,0.14563799
              105.80552835019317,21.039388739637495,0.14563799
              105.80552833555286,21.03938867181077,0.0071873665
              105.80552833050218,21.039388650511533,0.017639637
              105.8055283156301,21.03938859255114,-0.49907637
              105.8055283390982,21.039388578908444,-0.40085173
              105.8055283424944,21.039388556471337,-1.0675502
              105.8055283458401,21.039388530406463,-0.38151884
              105.8055283484951,21.039388504243068,-0.27284956
              105.80552835039283,21.039388477997434,-0.32822752
              105.80552835134283,21.039388459370883,-0.30157804
              105.80552837348918,21.039388420119685,-0.7697253
              105.80552837309678,21.03938840909227,0.1623578
              105.8055283702697,21.039388374846908,-0.7974124
              105.80552838497655,21.039388366395283,-0.41130018
              105.80552838323028,21.039388330065105,-0.16051435
              105.80552838208521,21.039388315659075,-0.5288577
              105.80552837684866,21.039388271213138,0.04480791
              105.80552837407893,21.039388252965608,-0.64537
              105.80552838202094,21.039388242532983,-0.35852766
              105.8055283807864,21.039388237994917,-0.46511412
              105.80552837526758,21.0393882234122,-0.7733798
              105.80552837237165,21.039388217205385,-0.56281614
              105.80552835867677,21.039388194061125,-0.5622935
              105.80552837295681,21.039388206798815,-0.09782362
              105.8055283723143,21.039388205249757,-0.03199339
              105.80552835919536,21.039388178620218,-0.13961744
              105.80552835161821,21.039388166792424,-0.31830168
              105.8055283451838,21.03938815793328,-0.69971037
              105.805528356701,21.0393881595202,-0.45466566
              105.805528356701,21.0393881595202,-0.45466566
              105.8055283477493,21.039388139548556,-0.35226393
              105.80552834185416,21.039388128665664,0.16444826
              105.80552833626423,21.039388119409587,-0.6777644
              105.80552832908175,21.03938810863336,-0.19708967
              105.80552834451835,21.039388107434824,-0.94737196
              105.80552834326312,21.03938810366335,-1.0884509
              105.80552833600952,21.039388084610554,-0.6244693
              105.80552833037139,21.03938807206095,-0.06961012
              105.80552831866143,21.039388050305753,-0.51892805
              105.80552831585041,21.039388026203966,-0.24201918
              105.80552829917924,21.039387997967562,-0.2179904
              105.80552828360499,21.039387973105296,-0.22843504
              105.80552826714495,21.039387948094838,-0.45884657
       </coordinates>
    </LineString>
  </Placemark>
 </Document>
</kml>
